{
    "schema_name": "pyscf_qa_output",
    "provenance": {
        "creator": "PySCF",
        "version": "1.7.6"
    },
    "molecule": {
        "geometry": [[0.0, 0.0, 0.0], [0.9, 0.0, 0.0]],
        "symbols": [ "O", "H" ]
    },
    "molecular_charge": -1,
    "molecular_multiplicity": 1,
    "name": "o.h.chrg-1.mult1.sep0.90-pyscf-ccsdt.ccpv5z",
    "atomic_numbers": [ 8, 1 ],
    "n_electrons": 10,
    "model": {
        "method": "CCSD(T)",
        "basis": "cc-pV5Z",
        "scf_conv_tol": 1e-09,
        "scf_conv_tol_grad": 1e-06,
        "cc_conv_tol": 1e-05,
        "cc_conv_tol_normt": 1e-07
    },
    "broken_symmetry": false,
    "finite_diff_delta": 0.01,
    "finite_diff_acc": 2,
    "qa_lambdas": [-0.02, -0.01, 0.0, 0.01, 0.02, 0.25, 0.5, 0.75, 1.0, 1.25, 1.5, 1.75, 2.0],
    "electronic_energies": [-75.30465883119125, -75.53161687571482, -75.75895032087023, -75.98665956346497, -76.21474477157287, -81.56482895767708, -87.6077869414588, -93.88936483562465, -100.41046599862118, -107.17149581959536, -114.17247178838466, -121.4130644400733, -128.89257748678745],
    "qats_energies": {
        "0": [-75.75895032112057, -75.75895032112057, -75.75895032112057, -75.75895032112057, -75.75895032112057, -75.75895032112057, -75.75895032112057, -75.75895032112057, -75.75895032112057, -75.75895032112057, -75.75895032112057, -75.75895032112057, -75.75895032112057],
        "1": [-75.30390763337041, -75.5314289772455, -75.75895032112057, -75.98647166499563, -76.21399300887072, -81.44698391799744, -87.13501751487433, -92.82305111175123, -98.5110847086281, -104.19911830550498, -109.88715190238187, -115.57518549925877, -121.26321909613564],
        "2": [-75.30465922724773, -75.53161687571482, -75.75895032112057, -75.98665956346497, -76.21474460274803, -81.5644204613273, -87.60476368819374, -93.87998000171989, -100.39006940190573, -107.13503188875129, -114.11486746225654, -121.3295761224215, -128.77915786924615],
        "3": [-75.30465885066018, -75.53161682864138, -75.75895032112057, -75.98665961053841, -76.21474497933558, -81.56515598387757, -87.61064786859593, -93.89983911057726, -100.43714284512322, -107.22697220753544, -114.27374033311557, -121.58186035716523, -129.1557454149861],
        "4": [-75.30465869917244, -75.5316168191734, -75.75895032112057, -75.98665960107043, -76.21474482784784, -81.5614575527329, -87.55147297028118, -93.60026618785884, -99.4903444720872, -104.91545274211548, -109.48057356962073, -112.70192717880789, -114.0069714464098]
    },
    "qats_poly_coeffs": [ -75.75895032112057, -22.75213438750754, -1.87898469327763, -0.047073443217489803, 0.9467983730360174 ],
    "hf_energies": [-74.95691725734753, -75.18381779677664, -75.41109597786736, -75.63875194278987, -75.8667858319214, -81.2161689867248, -87.25917571594066, -93.5413892399785, -100.0635962696253, -106.82619522994166, -113.82924039519698, -121.07243084560653, -128.55506570223287],
    "triples_corrections": [-0.012011354273139036, -0.011980875492285001, -0.011950121024206855, -0.011919118838534087, -0.011887875959084032, -0.011119109791345626, -0.010239179499189574, -0.009389050197484632, -0.008605311562545823, -0.00789183421942197, -0.007237221602998174, -0.00662784486890074, -0.006054139226264398],
    "scf_converged": [true, true, true, true, true, true, true, true, true, true, true, true, true],
    "cc_converged": [true, true, true, true, true, true, true, true, true, true, true, true, true],
    "t1_diagnostic": [0.009530295356327273, 0.009540987656344849, 0.00955086771033248, 0.009559971332092491, 0.009568290750633458, 0.009538315787741477, 0.009075613827457857, 0.00833435622023509, 0.007508458555297794, 0.006735744676960242, 0.006077602255432403, 0.005533961476434341, 0.005073153524177636]
}