{
    "schema_name": "pyscf_qa_output",
    "provenance": {
        "creator": "PySCF",
        "version": "1.7.6"
    },
    "molecule": {
        "geometry": [[0.0, 0.0, 0.0], [1.7, 0.0, 0.0]],
        "symbols": [ "C", "H" ]
    },
    "molecular_charge": 0,
    "molecular_multiplicity": 4,
    "name": "c.h.chrg0.mult4.sep1.70-pyscf-uccsdt.ccpv5z",
    "atomic_numbers": [ 6, 1 ],
    "n_electrons": 7,
    "model": {
        "method": "UCCSD(T)",
        "basis": "cc-pV5Z",
        "scf_conv_tol": 1e-09,
        "scf_conv_tol_grad": 1e-06,
        "cc_conv_tol": 1e-05,
        "cc_conv_tol_normt": 1e-07
    },
    "broken_symmetry": false,
    "finite_diff_delta": 0.01,
    "finite_diff_acc": 2,
    "qa_lambdas": [-1.0, -0.75, -0.5, -0.25, -0.02, -0.01, 0.0, 0.01, 0.02, 0.25, 0.5, 0.75, 1.0, 1.25, 1.5, 1.75, 2.0],
    "electronic_energies": [-25.191066114603867, -28.197280133347714, -31.391310812702166, -34.776034940245204, -38.060013569108676, -38.206508103778724, -38.35331264910608, -38.50042727807145, -38.64785206429632, -42.12441347223386, -46.09086598710403, -50.25539600003266, -54.62201858507621, -59.19373205378808, -63.96963906065992, -68.94542254096267, -74.11561272228482],
    "qats_energies": {
        "0": [-38.35331264910607, -38.35331264910607, -38.35331264910607, -38.35331264910607, -38.35331264910607, -38.35331264910607, -38.35331264910607, -38.35331264910607, -38.35331264910607, -38.35331264910607, -38.35331264910607, -38.35331264910607, -38.35331264910607, -38.35331264910607, -38.35331264910607, -38.35331264910607, -38.35331264910607],
        "1": [-23.657353934469825, -27.331343613128887, -31.00533329178795, -34.67932297044701, -38.05939347481335, -38.20635306195971, -38.35331264910607, -38.500272236252435, -38.6472318233988, -42.027302327765135, -45.7012920064242, -49.37528168508326, -53.04927136374232, -56.72326104240138, -60.397250721060445, -64.0712403997195, -67.74523007837857],
        "2": [-25.20777212460473, -28.20345384507977, -31.392937839321675, -34.77622410733044, -38.0600136420894, -38.206508103778724, -38.35331264910607, -38.50042727807145, -38.64785199067485, -42.124203464648566, -46.08889655395792, -50.24739191703414, -54.599689553877226, -59.14578946448717, -63.88569164886398, -68.81939610700766, -73.94690283891819],
        "3": [-25.195555274850676, -28.19829986158978, -31.39141073310242, -34.77603321905303, -38.060013544354604, -38.20650809156187, -38.35331264910607, -38.5004272902883, -38.64785208840965, -42.124394352925975, -46.09042366017718, -50.25254590052413, -54.61190640363128, -59.16965049916306, -63.926923516783916, -68.88487078615829, -74.04463763695063],
        "4": [-25.198225020756503, -28.199144585880298, -31.391577592221534, -34.77604364774798, -38.06001354478176, -38.206508091588574, -38.35331264910607, -38.500427290314995, -38.64785208883681, -42.12440478162092, -46.09059051929629, -50.25339062481465, -54.614576149537115, -59.17616843350346, -63.940439105432176, -68.90991008272039, -74.08735357144388]
    },
    "qats_poly_coeffs": [ -38.35331264910607, -14.695958714636248, -1.5504181901349057, -0.012216849754054236, -0.002669745905829283 ],
    "hf_energies": [-25.061137743649013, -28.061148998115893, -31.251076194767318, -34.633593247789655, -37.91626964626233, -38.06271007234607, -38.20946023593682, -38.35652015780734, -38.503889860198356, -41.97897477541677, -45.943066276843695, -50.10470767966745, -54.47003820468845, -59.04343675267668, -63.82197354111454, -68.80016491329533, -73.97254230525887],
    "triples_corrections": [-0.00422313385397736, -0.004525549712788197, -0.004599024931842221, -0.004494542779318587, -0.004301836977193766, -0.004292670226550747, -0.0042834910231906555, -0.004274305066832132, -0.004265117930970048, -0.004064320447333442, -0.003897896468709856, -0.003790663547502972, -0.003639762865469824, -0.003260069938168939, -0.002805685967680718, -0.0024372722200647315, -0.002156179556283603],
    "scf_converged": [true, true, true, true, true, true, true, true, true, true, true, true, true, true, true, true, true],
    "cc_converged": [true, true, true, true, true, true, true, true, true, true, true, true, true, true, true, true, true],
    "scf_spin_squared": [3.7562441043137986, 3.777356821371371, 3.8015227257805595, 3.8061609368514473, 3.7991726008176934, 3.7987648570678596, 3.79835304082498, 3.7979375830701008, 3.797518896475011, 3.787688745344096, 3.777703782958725, 3.767275912895181, 3.7570232104249377, 3.754398274025952, 3.755297384468902, 3.7556765664618212, 3.755503073224232],
    "cc_spin_squared": [3.750609399632235, 3.750706620237443, 3.750745679379084, 3.7507182845783964, 3.750644326872422, 3.7506406083001713, 3.7506368768555607, 3.750633135837055, 3.750629388480416, 3.7505478143403783, 3.7504847900086737, 3.7504412228384263, 3.750351205719552, 3.7502208046503984, 3.750143869825856, 3.7501079709564498, 3.7500868298505505]
}