{
    "schema_name": "pyscf_qa_output",
    "provenance": {
        "creator": "PySCF",
        "version": "1.7.6"
    },
    "molecule": {
        "geometry": [[0.0, 0.0, 0.0], [1.4, 0.0, 0.0]],
        "symbols": [ "B", "H" ]
    },
    "molecular_charge": 0,
    "molecular_multiplicity": 1,
    "name": "b.h.chrg0.mult1.sep1.40-pyscf-ccsdt.ccpv5z",
    "atomic_numbers": [ 5, 1 ],
    "n_electrons": 6,
    "model": {
        "method": "CCSD(T)",
        "basis": "cc-pV5Z",
        "scf_conv_tol": 1e-09,
        "scf_conv_tol_grad": 1e-06,
        "cc_conv_tol": 1e-05,
        "cc_conv_tol_normt": 1e-07
    },
    "broken_symmetry": false,
    "finite_diff_delta": 0.01,
    "finite_diff_acc": 2,
    "qa_lambdas": [-1.0, -0.75, -0.5, -0.25, -0.02, -0.01, 0.0, 0.01, 0.02, 0.25, 0.5, 0.75, 1.0, 1.25, 1.5, 1.75, 2.0],
    "electronic_energies": [-15.241141686947133, -17.493530546008945, -19.912216830827784, -22.499724216533092, -25.030807682532654, -25.144144971303103, -25.25775708106821, -25.371644085742968, -25.485806058903275, -28.187587406523924, -31.290307300685484, -34.566842814849856, -38.017850773256896, -41.64363363710845, -45.444089912059106, -49.41858342986478, -53.565593061836125],
    "qats_energies": {
        "0": [-25.257757081068227, -25.257757081068227, -25.257757081068227, -25.257757081068227, -25.257757081068227, -25.257757081068227, -25.257757081068227, -25.257757081068227, -25.257757081068227, -25.257757081068227, -25.257757081068227, -25.257757081068227, -25.257757081068227, -25.257757081068227, -25.257757081068227, -25.257757081068227, -25.257757081068227],
        "1": [-13.882801359074953, -16.726540289573272, -19.57027922007159, -22.41401815056991, -25.030257966628362, -25.144007523848295, -25.257757081068227, -25.37150663828816, -25.485256195508093, -28.101496011566546, -30.945234942064864, -33.78897387256318, -36.6327128030615, -39.47645173355982, -42.32019066405814, -45.16392959455646, -48.007668525054775],
        "2": [-15.257275907154217, -17.499682222867857, -19.913897857091406, -22.499922809824863, -25.030807756447594, -25.144144971303103, -25.257757081068227, -25.371644085742968, -25.485805985327325, -28.1874006708215, -31.28885357908468, -34.56211580585777, -38.007187351140765, -41.62406821493367, -45.41275839723648, -49.373257898049204, -53.50556671737183],
        "3": [-15.244984999603231, -17.494496996244784, -19.912361493647534, -22.49973076439438, -25.030807658120334, -25.144144959012195, -25.257757081068227, -25.371644098033876, -25.485806083654584, -28.187592716251984, -31.290389942528552, -34.56730103248084, -38.01947825869175, -41.64807389374418, -45.45424021022106, -49.43912948070527, -53.60389397777972],
        "4": [-15.243572588674276, -17.494050100599296, -19.912273217964472, -22.499725247164186, -25.030807657894346, -25.14414495899807, -25.257757081068227, -25.37164409801975, -25.4858060834286, -28.18758719902179, -31.290301666845494, -34.56685413683535, -38.0180658477628, -41.64462562487467, -45.44708987989323, -49.42588261101612, -53.581295402916446]
    },
    "qats_poly_coeffs": [ -25.257757081068227, -11.374955721993274, -1.374474548079263, -0.012290907550986198, 0.0014124109289544624 ],
    "hf_energies": [-15.12061412806337, -17.369675498039168, -19.784690773957905, -22.368277853082372, -24.895585006028107, -25.00875510150745, -25.122199806454326, -25.235919200713077, -25.349913364035483, -28.047798686478814, -31.146329196719126, -34.4190289619104, -37.86697838205207, -41.49085560369605, -45.290655061798624, -49.265407892571346, -53.41294283552919],
    "triples_corrections": [-0.0023409664800220988, -0.0025090562699047786, -0.0026711809139553224, -0.0028179784915011823, -0.002941039083472169, -0.00294616675746137, -0.0029512759643866297, -0.002956366574372493, -0.0029614384342917946, -0.0030722189504439478, -0.003174430770012856, -0.0032458056749730406, -0.003274713717749821, -0.003257246628844269, -0.00320295397169354, -0.0031360211605658867, -0.0030880430475231685],
    "scf_converged": [true, true, true, true, true, true, true, true, true, true, true, true, true, true, true, true, true],
    "cc_converged": [true, true, true, true, true, true, true, true, true, true, true, true, true, true, true, true, true],
    "t1_diagnostic": [0.018568343477036866, 0.01625058920987635, 0.014675352324253486, 0.013578793456869237, 0.012871776008934747, 0.012846113338920356, 0.012820803542477307, 0.01279583766952349, 0.012771206708853042, 0.012276206087027014, 0.011817246234481183, 0.011392777701315856, 0.01104670269365041, 0.010754651841970875, 0.010256273476554934, 0.009234721651143541, 0.007707741826100664]
}