{
    "schema_name": "pyscf_apdft_output",
    "provenance": {
        "creator": "PySCF",
        "version": "1.7.6"
    },
    "molecule": {
        "geometry": [[0.0, 0.0, 0.0], [0.8, 0.0, 0.0]],
        "symbols": [ "F", "H" ]
    },
    "molecular_charge": 2,
    "molecular_multiplicity": 3,
    "name": "f.h.chrg2.mult3.sep0.80-pyscf-uccsdt.ccpv5z",
    "atomic_numbers": [ 9, 1 ],
    "n_electrons": 8,
    "model": {
        "method": "UCCSD(T)",
        "basis": "cc-pV5Z",
        "scf_conv_tol": 1e-09,
        "scf_conv_tol_grad": 1e-06,
        "cc_conv_tol": 1e-05,
        "cc_conv_tol_normt": 1e-07
    },
    "broken_symmetry": false,
    "finite_diff_delta": 0.01,
    "finite_diff_acc": 2,
    "apdft_lambdas": [-3.0, -2.75, -2.5, -2.25, -2.0, -1.75, -1.5, -1.25, -1.0, -0.75, -0.5, -0.25, -0.02, -0.01, 0.0, 0.01, 0.02],
    "electronic_energies": [-38.359529667352696, -42.25415795438156, -46.346312080452954, -50.638709244872736, -55.133725075633265, -59.83336210133252, -64.73930942779182, -69.85304425220944, -75.17592747665768, -80.70926301506773, -86.4543132239758, -92.41227818485537, -98.0825951714114, -98.33325153671593, -98.58425178343683, -98.83559596547187, -99.08728413615883],
    "apdft_energies": {
        "0": [-98.58425178343694, -98.58425178343694, -98.58425178343694, -98.58425178343694, -98.58425178343694, -98.58425178343694, -98.58425178343694, -98.58425178343694, -98.58425178343694, -98.58425178343694, -98.58425178343694, -98.58425178343694, -98.58425178343694, -98.58425178343694, -98.58425178343694, -98.58425178343694, -98.58425178343694],
        "1": [-23.232587470047008, -29.511892829496162, -35.79119818894533, -42.07050354839449, -48.34980890784365, -54.62911426729281, -60.908419626741974, -67.18772498619114, -73.4670303456403, -79.74633570508945, -86.02564106453862, -92.30494642398779, -98.08190735468101, -98.33307956905898, -98.58425178343694, -98.8354239978149, -99.08659621219287],
        "2": [-38.70967659651029, -42.516946887149345, -46.53917674898928, -50.77636618203009, -55.22851518627178, -59.89562376171435, -64.7776919083578, -69.87471962620212, -75.18670691524733, -80.71365377549341, -86.45556020694038, -92.41242620958822, -98.08259522530885, -98.33325153671593, -98.58425178343694, -98.83559596547187, -99.08728408282072],
        "3": [-38.468396576546695, -42.331099834735255, -46.39954710780664, -50.674576173607946, -55.15702480998627, -59.8477307947887, -64.74753190586235, -69.85726592105429, -75.17777061821164, -80.70988377518148, -86.45444316981092, -92.41228657994704, -98.08259515381847, -98.33325152777964, -98.58425178343694, -98.83559597440816, -99.08728415431109],
        "4": [-38.27963876716382, -42.19782422289234, -46.30851807164592, -50.614852022982895, -55.11973931677483, -59.82587472320652, -64.73573454277592, -69.85157660629424, -75.17544027488593, -80.70914643998859, -86.45429752335306, -92.41227747704342, -98.08259515344562, -98.33325152775633, -98.58425178343694, -98.83559597438486, -99.08728415393824]
    },
    "apdft_poly_coeff": [ -98.58425178343694, -25.117221437796644, -1.7196765696070315, -0.008936297035688765, 0.002330343325714542 ],
    "hf_energies": [-38.16161915500455, -42.051509387744396, -46.139833601733315, -50.42922370153352, -54.92189359898629, -59.61967319257233, -64.52411640054515, -69.63662138313306, -74.95852002244243, -80.49111948418187, -86.2356991188503, -92.19347566537765, -97.86387560203389, -98.11454114068893, -98.3655510212365, -98.61690529697047, -98.86860402059625],
    "triples_corrections": [-0.004449222559696978, -0.0044809734930408, -0.004445095626715586, -0.004343987019924977, -0.004193462103103169, -0.0040136722611089195, -0.003821822572614294, -0.0036290018093831076, -0.00344060361656466, -0.0032582842204990684, -0.0030818614225735924, -0.00291060881314572, -0.002757130506752243, -0.002750542935681078, -0.0027439624814944875, -0.0027373891528338235, -0.0027308229596229947],
    "scf_converged": [true, true, true, true, true, true, true, true, true, true, true, true, true, true, true, true, true],
    "cc_converged": [true, true, true, true, true, true, true, true, true, true, true, true, true, true, true, true, true],
    "scf_spin_squared": [2.0179829568090684, 2.016038007203738, 2.0144731168430057, 2.0131726658458278, 2.0120874700536135, 2.0111779961035077, 2.0104046951788135, 2.0097289487485757, 2.0091168438157685, 2.0085413310097384, 2.007983516653242, 2.0074330421256996, 2.006930717006907, 2.006908991363567, 2.0068872778825835, 2.006865576939638, 2.0068438889199625],
    "cc_spin_squared": [2.000401267105184, 2.000348068051018, 2.0003077089125227, 2.0002698362715527, 2.0002346024914255, 2.0002030531139585, 2.0001756740529713, 2.0001522650197474, 2.0001322991006028, 2.0001151661096337, 2.0001003191216444, 2.000087329311902, 2.000076752966602, 2.0000763201075955, 2.0000758893985457, 2.0000754608288, 2.0000750343880123]
}