{
    "schema_name": "pyscf_qa_output",
    "provenance": {
        "creator": "PySCF",
        "version": "1.7.6"
    },
    "molecule": {
        "geometry": [[0.0, 0.0, 0.0], [1.3, 0.0, 0.0]],
        "symbols": [ "F", "H" ]
    },
    "molecular_charge": 0,
    "molecular_multiplicity": 3,
    "name": "f.h.chrg0.mult3.sep1.30-pyscf-uccsdt.ccpv5z",
    "atomic_numbers": [ 9, 1 ],
    "n_electrons": 10,
    "model": {
        "method": "UCCSD(T)",
        "basis": "cc-pV5Z",
        "scf_conv_tol": 1e-09,
        "scf_conv_tol_grad": 1e-06,
        "cc_conv_tol": 1e-05,
        "cc_conv_tol_normt": 1e-07
    },
    "broken_symmetry": false,
    "finite_diff_delta": 0.01,
    "finite_diff_acc": 2,
    "qa_lambdas": [-1.0, -0.75, -0.5, -0.25, -0.02, -0.01, 0.0, 0.01, 0.02, 0.25, 0.5, 0.75, 1.0],
    "electronic_energies": [-75.61818281387464, -81.39082783783897, -87.40195011314246, -93.65317941765865, -99.61667261813012, -99.88056738651993, -100.14484618709864, -100.40950897172864, -100.67455569131114, -106.87647122843805, -113.8471675934203, -121.05586473606012, -128.50139846284554],
    "qats_energies": {
        "0": [-100.14484618709852, -100.14484618709852, -100.14484618709852, -100.14484618709852, -100.14484618709852, -100.14484618709852, -100.14484618709852, -100.14484618709852, -100.14484618709852, -100.14484618709852, -100.14484618709852, -100.14484618709852, -100.14484618709852],
        "1": [-73.69776692666287, -80.30953674177178, -86.9213065568807, -93.53307637198961, -99.61590460188981, -99.88037539449417, -100.14484618709852, -100.40931697970288, -100.67378777230724, -106.75661600220744, -113.36838581731635, -119.98015563242527, -126.59192544753418],
        "2": [-75.6176871842832, -81.38949188668322, -87.40128662128578, -93.65307138809088, -99.61667256999286, -99.88056738651993, -100.14484618709852, -100.40950897172864, -100.67455574041028, -106.87661101830871, -113.84836588172143, -121.0601107773367, -128.5118457051545],
        "3": [-75.62579021837875, -81.39291035419228, -87.40229950054773, -93.65319799799862, -99.61667263481714, -99.88056739462296, -100.14484618709852, -100.40950896362561, -100.674555675586, -106.87648440840097, -113.84735300245949, -121.05669230982764, -128.50374267105894],
        "4": [-75.6217825205015, -81.3916422935358, -87.4020490194304, -93.65318234292879, -99.6166726341759, -99.88056739458288, -100.14484618709852, -100.40950896358552, -100.67455567494478, -106.87646875333112, -113.84710252134217, -121.05542424917115, -128.4997349731817]
    },
    "qats_poly_coeffs": [ -100.14484618709852, -26.447079260435657, -1.9199202576203334, 0.008103034095559753, 0.004007697877265552 ],
    "hf_energies": [-75.31515639062329, -81.08799663052976, -87.10146409434756, -93.35602906192277, -99.32274733932844, -99.58677997166339, -99.85119630428228, -100.11599627796423, -100.38117983320171, -106.58612960881443, -113.55986216298516, -120.77136137183714, -128.21953472603843],
    "triples_corrections": [-0.009027821476419277, -0.008432568707606792, -0.007642505649098074, -0.006791143106551855, -0.006055520769352891, -0.006025431962209941, -0.005995519718662958, -0.0059657853626685345, -0.005936230096945556, -0.005307126286564386, -0.004730059430017883, -0.0042487186258470064, -0.003843986544162329],
    "scf_converged": [true, true, true, true, true, true, true, true, true, true, true, true, true],
    "cc_converged": [true, true, true, true, true, true, true, true, true, true, true, true, true],
    "scf_spin_squared": [2.0175029840646994, 2.011097584959379, 2.008579876316195, 2.0070066173094108, 2.0058368419919193, 2.005791262328512, 2.0057461229160376, 2.0057014233152937, 2.005657162961409, 2.004757199531417, 2.0040095481720464, 2.0034491657789673, 2.0030239758201858],
    "cc_spin_squared": [2.000492778443181, 2.00035106222791, 2.0002550183722954, 2.000190947536747, 2.0001451508810626, 2.000143389302947, 2.0001416466138107, 2.0001399228033008, 2.000138217859039, 2.0001041201038583, 2.000077201980199, 2.000058509833728, 2.0000455464841314]
}