{
    "schema_name": "pyscf_apdft_output",
    "provenance": {
        "creator": "PySCF",
        "version": "1.7.6"
    },
    "molecule": {
        "geometry": [[0.0, 0.0, 0.0], [0.6, 0.0, 0.0]],
        "symbols": [ "Be", "H" ]
    },
    "molecular_charge": 0,
    "molecular_multiplicity": 4,
    "name": "be.h.chrg0.mult4.sep0.60-pyscf-uccsdt.ccpv5z",
    "atomic_numbers": [ 4, 1 ],
    "n_electrons": 5,
    "model": {
        "method": "UCCSD(T)",
        "basis": "cc-pV5Z",
        "scf_conv_tol": 1e-09,
        "scf_conv_tol_grad": 1e-06,
        "cc_conv_tol": 1e-05,
        "cc_conv_tol_normt": 1e-07
    },
    "broken_symmetry": false,
    "finite_diff_delta": 0.01,
    "finite_diff_acc": 2,
    "apdft_lambdas": [-1.0, -0.75, -0.5, -0.25, -0.02, -0.01, 0.0, 0.01, 0.02, 0.25, 0.5, 0.75, 1.0, 1.25, 1.5, 1.75, 2.0],
    "electronic_energies": [-7.4643378487312475, -8.965970696097964, -10.62781812202082, -12.451607608967398, -14.272597066754004, -14.354875302603677, -14.437411938930094, -14.520206934259956, -14.603260246916841, -16.584682793398883, -18.89271288938484, -21.36059955243062, -23.98709670549291, -26.77048144092046, -29.708452974657753, -32.798072130296205, -36.035748246366616],
    "apdft_energies": {
        "0": [-14.437411938930072, -14.437411938930072, -14.437411938930072, -14.437411938930072, -14.437411938930072, -14.437411938930072, -14.437411938930072, -14.437411938930072, -14.437411938930072, -14.437411938930072, -14.437411938930072, -14.437411938930072, -14.437411938930072, -14.437411938930072, -14.437411938930072, -14.437411938930072, -14.437411938930072],
        "1": [-6.170830356116102, -8.237475751819595, -10.304121147523087, -12.37076654322658, -14.272080307273793, -14.354746123101933, -14.437411938930072, -14.520077754758212, -14.602743570586352, -16.504057334633565, -18.570702730337057, -20.63734812604055, -22.703993521744042, -24.770638917447535, -26.837284313151027, -28.90392970885452, -30.970575104558012],
        "2": [-7.462625373560133, -8.964110449131862, -10.627069901884095, -12.451503731816832, -14.27259702528077, -14.354875302603677, -14.437411938930072, -14.520206934259956, -14.60326028859333, -16.584794523223817, -18.893651484698065, -21.363982823352817, -23.995788539188073, -26.789068632203833, -29.743823102400096, -32.86005194977686, -36.13775517433413],
        "3": [-7.469554517041349, -8.967033681538, -10.627936044819247, -12.451611999683726, -14.272597080713918, -14.35487530953282, -14.437411938930072, -14.520206927330813, -14.603260233160182, -16.58468625535692, -18.892785341762913, -21.36105959094668, -23.988859395706857, -26.77553514884208, -29.720437243150993, -32.82291607143222, -36.082322026484405],
        "4": [-7.468707638918165, -8.966765724006837, -10.627883114936548, -12.451608691566058, -14.272597080578418, -14.354875309524353, -14.437411938930072, -14.520206927322345, -14.603260233024681, -16.584682947239255, -18.892732411880214, -21.360791633415516, -23.988012517583673, -26.773467575299154, -29.716149922652374, -32.814973280909705, -36.06877197651346]
    },
    "apdft_poly_coeff": [ -14.437411938930072, -8.26658158281397, -1.2917950174440307, 0.0069291434812157595, 0.0008468781231840694 ],
    "hf_energies": [-7.407729550697541, -8.908832171788267, -10.57065074160994, -12.39495781310788, -14.216766371753966, -14.299086053249868, -14.381664575261862, -14.464501891973782, -14.547597957518914, -16.530115178265074, -18.839554975456796, -21.309058569082914, -23.937361020479596, -26.72271443012064, -29.662783634047234, -32.7545870575149, -35.994487741070444],
    "triples_corrections": [-0.0003393049687112347, -0.00032198111050146225, -0.000293694025397333, -0.0002608973006695569, -0.00023239594827083944, -0.00023122460603825935, -0.00023005932649800706, -0.00022890012890407115, -0.00022774702943645706, -0.00020291290063546657, -0.00017944548591864506, -0.00015924018548322668, -0.0001417659010901035, -0.0001265033140587634, -0.00011301649783573375, -0.00010097122463832466, -9.01236934939202e-05],
    "scf_converged": [true, true, true, true, true, true, true, true, true, true, true, true, true, true, true, true, true],
    "cc_converged": [true, true, true, true, true, true, true, true, true, true, true, true, true, true, true, true, true],
    "scf_spin_squared": [3.7501705503826925, 3.750120263777587, 3.750084487260708, 3.7500607719552708, 3.750046231160298, 3.7500457162404754, 3.7500452097062613, 3.7500447114105606, 3.7500442212089746, 3.7500348848575458, 3.750027935875661, 3.7500231709283574, 3.750019814385083, 3.750017356536575, 3.750015463527217, 3.750013921955499, 3.7500126022523816],
    "cc_spin_squared": [3.750004793422189, 3.750003409665731, 3.7500024330480786, 3.7500017509680736, 3.7500013141243693, 3.750001298360572, 3.750001282831483, 3.7500012675333676, 3.7500012524624418, 3.75000096075722, 3.750000735764716, 3.750000575305634, 3.750000458074412, 3.75000037018549, 3.7500003025381785, 3.750000249179455, 3.7500002062132873]
}