{
    "schema_name": "pyscf_qa_output",
    "provenance": {
        "creator": "PySCF",
        "version": "1.7.6"
    },
    "molecule": {
        "geometry": [[0.0, 0.0, 0.0], [1.8, 0.0, 0.0]],
        "symbols": [ "B", "H" ]
    },
    "molecular_charge": 2,
    "molecular_multiplicity": 1,
    "name": "b.h.chrg2.mult1.sep1.80-pyscf-ccsdt.ccpv5z",
    "atomic_numbers": [ 5, 1 ],
    "n_electrons": 4,
    "model": {
        "method": "CCSD(T)",
        "basis": "cc-pV5Z",
        "scf_conv_tol": 1e-09,
        "scf_conv_tol_grad": 1e-06,
        "cc_conv_tol": 1e-05,
        "cc_conv_tol_normt": 1e-07
    },
    "broken_symmetry": false,
    "finite_diff_delta": 0.01,
    "finite_diff_acc": 2,
    "qa_lambdas": [-2.0, -1.75, -1.5, -1.25, -1.0, -0.75, -0.5, -0.25, -0.02, -0.01, 0.0, 0.01, 0.02],
    "electronic_energies": [-8.059379066325208, -9.55744159017934, -11.192956734352594, -12.969483408318043, -14.890945218471249, -16.961212382227306, -19.184419505979484, -21.56573560467099, -23.90086253219392, -24.005574152792732, -24.110551909152353, -24.215795804077104, -24.321305826870894],
    "qats_energies": {
        "0": [-24.110551909152345, -24.110551909152345, -24.110551909152345, -24.110551909152345, -24.110551909152345, -24.110551909152345, -24.110551909152345, -24.110551909152345, -24.110551909152345, -24.110551909152345, -24.110551909152345, -24.110551909152345, -24.110551909152345],
        "1": [-3.0883867807152363, -5.716157421769875, -8.343928062824514, -10.971698703879152, -13.599469344933791, -16.22723998598843, -18.855010627043068, -21.482781268097707, -23.900330257867974, -24.00544108351016, -24.110551909152345, -24.21566273479453, -24.320773560436717],
        "2": [-8.4111580836155, -9.79140420055289, -11.337986920705912, -13.050906244074568, -14.930162170658857, -16.97575470045878, -19.187683833474335, -21.565949569705523, -23.900862534998264, -24.005574152792732, -24.110551909152345, -24.215795804077104, -24.321305837567007],
        "3": [-8.4164192617753, -9.794928778890412, -11.340206480242077, -13.052190711398737, -14.930819817928832, -16.9760321454008, -19.18776603938308, -21.565959845444116, -23.900862540259443, -24.00557415345038, -24.110551909152345, -24.215795803419457, -24.32130583230583],
        "4": [-7.51638851554754, -9.26734727945368, -11.05543112694345, -12.9148569183342, -14.874567896289596, -16.958233685819636, -19.18425029428063, -21.565740111375213, -23.900862531259136, -24.00557415288786, -24.110551909152345, -24.215795802856938, -24.321305823305522]
    },
    "qats_poly_coeffs": [ -24.110551909152345, -10.511082564218555, -1.330692825725066, 0.0006576472699748591, 0.05625192163923506 ],
    "hf_energies": [-7.982763127028771, -9.48100579975444, -11.115974541531962, -12.891065175691331, -14.81056461597715, -16.879396989454673, -19.10265628847483, -21.484991240037786, -23.82022362046563, -23.924900906467258, -24.029840801803594, -24.135043322410482, -24.240508477517785],
    "triples_corrections": [-0.0001500737021559338, -0.000170998706620919, -0.00021294066259799194, -0.00027934990849085066, -0.00036338557890490267, -0.00044022631388145506, -0.00048294454863373953, -0.0004937515848549739, -0.0005006801155006905, -0.0005011836372427973, -0.000501704616500479, -0.0005022424415765739, -0.0005027964188880922],
    "scf_converged": [true, true, true, true, true, true, true, true, true, true, true, true, true],
    "cc_converged": [true, true, true, true, true, true, true, true, true, true, true, true, true],
    "t1_diagnostic": [0.009495713051705804, 0.012201799639341383, 0.015521103543972665, 0.018825903928445287, 0.02083153217629598, 0.020842328857836125, 0.019413451760509223, 0.01695934800095093, 0.015287990695404081, 0.015260583935849191, 0.015236952365273225, 0.015216942817729624, 0.015200381890630265]
}