{
    "schema_name": "pyscf_qa_output",
    "provenance": {
        "creator": "PySCF",
        "version": "1.7.6"
    },
    "molecule": {
        "geometry": [[0.0, 0.0, 0.0], [1.0, 0.0, 0.0]],
        "symbols": [ "Li", "H" ]
    },
    "molecular_charge": -1,
    "molecular_multiplicity": 2,
    "name": "li.h.chrg-1.mult2.sep1.00-pyscf-uccsdt.ccpv5z",
    "atomic_numbers": [ 3, 1 ],
    "n_electrons": 5,
    "model": {
        "method": "UCCSD(T)",
        "basis": "cc-pV5Z",
        "scf_conv_tol": 1e-09,
        "scf_conv_tol_grad": 1e-06,
        "cc_conv_tol": 1e-05,
        "cc_conv_tol_normt": 1e-07
    },
    "broken_symmetry": false,
    "finite_diff_delta": 0.01,
    "finite_diff_acc": 2,
    "qa_lambdas": [-0.02, -0.01, 0.0, 0.01, 0.02, 0.25, 0.5, 0.75, 1.0, 1.25, 1.5, 1.75, 2.0, 2.25, 2.5, 2.75, 3.0],
    "electronic_energies": [-7.845423455503488, -7.904730983005213, -7.964280566994448, -8.024072509807988, -8.084107111782414, -9.532452051599744, -11.25442735491921, -13.128573291517348, -15.15151920966863, -17.319081381484843, -19.62610720089571, -22.066489224169224, -24.63338668661959, -27.31955750582593, -30.117698894781164, -33.02071760368915, -36.021892770678036],
    "qats_energies": {
        "0": [-7.964280566994466, -7.964280566994466, -7.964280566994466, -7.964280566994466, -7.964280566994466, -7.964280566994466, -7.964280566994466, -7.964280566994466, -7.964280566994466, -7.964280566994466, -7.964280566994466, -7.964280566994466, -7.964280566994466, -7.964280566994466, -7.964280566994466, -7.964280566994466, -7.964280566994466],
        "1": [-7.844939040191691, -7.904609803593079, -7.964280566994466, -8.023951330395853, -8.083622093797242, -9.456049652029154, -10.947818737063844, -12.439587822098533, -13.931356907133221, -15.42312599216791, -16.9148950772026, -18.406664162237288, -19.898433247271974, -21.390202332306664, -22.881971417341354, -24.373740502376045, -25.865509587410735],
        "2": [-7.845423757840227, -7.904730983005212, -7.964280566994466, -8.024072509807988, -8.084106811445778, -9.531786784612953, -11.250767267399034, -13.121222015352709, -15.14315102847398, -17.316554306762846, -19.641431850219305, -22.11778365884336, -24.74560973263501, -27.524910071594256, -30.455684675721095, -33.537933545015534, -36.771656679477566],
        "3": [-7.845423356057976, -7.9047309327824316, -7.964280566994466, -8.024072560030769, -8.084107213228028, -9.532571515571407, -11.257045115066672, -13.14240975123099, -15.193373809815089, -17.4146456765697, -19.810933737245556, -22.38694637759337, -25.147391983363896, -28.096978940307842, -31.240415634175946, -34.58241045071893, -38.12767177568754],
        "4": [-7.845423354724574, -7.904730932699094, -7.964280566994466, -8.024072559947431, -8.084107211894626, -9.53253896180848, -11.256524254859855, -13.139772896433978, -15.185040046506018, -17.394299574740913, -19.768744060493376, -22.30878479280789, -25.01405177041873, -27.88339370174993, -30.914878004915295, -34.105790807718414, -37.45263694765266]
    },
    "qats_poly_coeffs": [ -7.964280566994466, -5.967076340138755, -1.211794121340759, -0.050222781341110086, 0.008333763309072614 ],
    "hf_energies": [-7.768110556795376, -7.827499350314282, -7.88712874601151, -7.946999106008459, -8.007110792665522, -9.457020360198676, -11.180743923404101, -13.05684500385765, -15.081801377942112, -17.251258306041343, -19.55989404283095, -22.00145746912911, -24.569016268888028, -27.25530565956329, -30.053072389795386, -32.955335601856326, -35.95553031103544],
    "triples_corrections": [-0.0005872894725060563, -0.0005874755161861945, -0.0005877600041811984, -0.00058813638263806, -0.000588598049388709, -0.0006085929854764369, -0.0006195056203554291, -0.000621764457635673, -0.0006260623056691265, -0.0006356403323563871, -0.0006509119231626136, -0.0006710590261157442, -0.000694291917288419, -0.0007177076915658074, -0.0007372249899311988, -0.0007479875226359373, -0.0007453299254366574],
    "scf_converged": [true, true, true, true, true, true, true, true, true, true, true, true, true, true, true, true, true],
    "cc_converged": [true, true, true, true, true, true, true, true, true, true, true, true, true, true, true, true, true],
    "scf_spin_squared": [0.7506128131079284, 0.7506104707752219, 0.750608493046669, 0.7506068452637522, 0.7506054952563073, 0.7506066897583854, 0.7505956318790497, 0.750593595410666, 0.7506372694766601, 0.7507381670268622, 0.7509029683234507, 0.7511365605916662, 0.7514372029239207, 0.751788644763479, 0.7521535027600521, 0.752474876998416, 0.7526916075607517],
    "cc_spin_squared": [0.7500150476097223, 0.7500150882145873, 0.7500151318040771, 0.7500151781222609, 0.7500152269173099, 0.7500165246334407, 0.7500172045208803, 0.7500174032410237, 0.7500177127896528, 0.7500182210902107, 0.7500188738992943, 0.7500195807968781, 0.750020228586262, 0.7500206899304536, 0.7500208249050389, 0.7500205039487535, 0.750019652904019]
}