{
    "schema_name": "pyscf_apdft_output",
    "provenance": {
        "creator": "PySCF",
        "version": "1.7.6"
    },
    "molecule": {
        "geometry": [[0.0, 0.0, 0.0], [1.8, 0.0, 0.0]],
        "symbols": [ "C", "H" ]
    },
    "molecular_charge": -1,
    "molecular_multiplicity": 1,
    "name": "c.h.chrg-1.mult1.sep1.80-pyscf-ccsdt.ccpv5z",
    "atomic_numbers": [ 6, 1 ],
    "n_electrons": 8,
    "model": {
        "method": "CCSD(T)",
        "basis": "cc-pV5Z",
        "scf_conv_tol": 1e-09,
        "scf_conv_tol_grad": 1e-06,
        "cc_conv_tol": 1e-05,
        "cc_conv_tol_normt": 1e-07
    },
    "broken_symmetry": false,
    "finite_diff_delta": 0.01,
    "finite_diff_acc": 2,
    "apdft_lambdas": [-0.02, -0.01, 0.0, 0.01, 0.02, 0.25, 0.5, 0.75, 1.0, 1.25, 1.5, 1.75, 2.0, 2.25, 2.5, 2.75, 3.0],
    "electronic_energies": [-38.08908428033105, -38.238392365365854, -38.38802150010747, -38.53797190311804, -38.6882437906503, -42.233687255534115, -46.28293523323043, -50.537455601950505, -54.997778670924944, -59.66377859540935, -64.53560941357519, -69.61509455945877, -74.90623365311465, -80.41085583667451, -86.1239818643124, -92.03698533418431, -98.14149087763415],
    "apdft_energies": {
        "0": [-38.38802150010739, -38.38802150010739, -38.38802150010739, -38.38802150010739, -38.38802150010739, -38.38802150010739, -38.38802150010739, -38.38802150010739, -38.38802150010739, -38.38802150010739, -38.38802150010739, -38.38802150010739, -38.38802150010739, -38.38802150010739, -38.38802150010739, -38.38802150010739, -38.38802150010739],
        "1": [-38.088441962355205, -38.238231731231295, -38.38802150010739, -38.53781126898349, -38.68760103785958, -42.13276572200974, -45.877509943912074, -49.62225416581441, -53.366998387716755, -57.1117426096191, -60.85648683152144, -64.60123105342377, -68.34597527532611, -72.09071949722846, -75.8354637191308, -79.58020794103314, -83.32495216293549],
        "2": [-38.08908449889343, -38.238392365365854, -38.38802150010739, -38.53797190311804, -38.6882435743978, -42.23316205610704, -46.279095280301306, -50.525821172690186, -54.97333973327368, -59.621650962051795, -64.47075485902452, -69.52065142419187, -74.77134065755382, -80.2228225591104, -85.8750971288616, -91.7281643668074, -97.78202427294784],
        "3": [-38.089084209016846, -38.23839232913128, -38.38802150010739, -38.537971939352616, -38.688243864274384, -42.2337282213051, -46.28362460188576, -50.541107633037726, -55.009574305949336, -59.69242161180893, -64.59304654180485, -69.71484608712544, -75.06121723895905, -80.63555698849402, -86.44126232691868, -92.48173024542137, -98.76035773519047],
        "4": [-38.08908420747693, -38.23839232903504, -38.38802150010739, -38.537971939256366, -38.68824386273447, -42.233690625684034, -46.28302307194879, -50.538062387731806, -54.99994982695778, -59.66892434864596, -64.54432261691011, -69.62457900095856, -74.90722557509417, -80.38889211871438, -86.06530611631108, -91.9312927574708, -97.98077493687455]
    },
    "apdft_poly_coeff": [ -38.38802150010739, -14.978976887609363, -1.6063413455569275, -0.03623457267565299, 0.009624478991554497 ],
    "hf_energies": [-37.86192709414097, -38.01084045092897, -38.160073112387195, -38.30962525438012, -38.459497051750596, -41.995164742176286, -46.032569644504754, -50.27499043278752, -54.72528157776118, -59.38622274964366, -64.26008066904967, -69.34803518385662, -74.64947167714685, -80.16131771832714, -85.87804458620678, -91.79271018087552, -97.89816279661733],
    "triples_corrections": [-0.011439603832329445, -0.011479111126488886, -0.011518724479410663, -0.011558443205743237, -0.011598266434126281, -0.01253753484469509, -0.013551933556815478, -0.014425700833946481, -0.015068344284049935, -0.015459877710090613, -0.01542570158380603, -0.014584507636049963, -0.013097542369680979, -0.011892026884885385, -0.011363403525579761, -0.011280795678348662, -0.0113989315006742],
    "scf_converged": [true, true, true, true, true, true, true, true, true, true, true, true, true, true, true, true, true],
    "cc_converged": [true, true, true, true, true, true, true, true, true, true, true, true, true, true, true, true, true],
    "t1_diagnostic": [0.03147840711897705, 0.03163923975648378, 0.03179676894551196, 0.031950886412575666, 0.032101484579397786, 0.03435520483211777, 0.03327556632080172, 0.027917342480719, 0.020589756067865787, 0.019150117054350272, 0.024950504961670603, 0.027097366362743316, 0.021350759968483773, 0.012972739587988925, 0.007308276366979226, 0.00460920299443236, 0.003467224336671967]
}