{
    "schema_name": "pyscf_qa_output",
    "provenance": {
        "creator": "PySCF",
        "version": "1.7.6"
    },
    "molecule": {
        "geometry": [[0.0, 0.0, 0.0], [1.2, 0.0, 0.0]],
        "symbols": [ "F", "H" ]
    },
    "molecular_charge": 2,
    "molecular_multiplicity": 3,
    "name": "f.h.chrg2.mult3.sep1.20-pyscf-uccsdt.ccpv5z",
    "atomic_numbers": [ 9, 1 ],
    "n_electrons": 8,
    "model": {
        "method": "UCCSD(T)",
        "basis": "cc-pV5Z",
        "scf_conv_tol": 1e-09,
        "scf_conv_tol_grad": 1e-06,
        "cc_conv_tol": 1e-05,
        "cc_conv_tol_normt": 1e-07
    },
    "broken_symmetry": false,
    "finite_diff_delta": 0.01,
    "finite_diff_acc": 2,
    "qa_lambdas": [-3.0, -2.75, -2.5, -2.25, -2.0, -1.75, -1.5, -1.25, -1.0, -0.75, -0.5, -0.25, -0.02, -0.01, 0.0, 0.01, 0.02],
    "electronic_energies": [-38.46099272628382, -42.34269392932608, -46.42185376900345, -50.701979360275075, -55.18626012075104, -59.87758991448852, -64.77864121504734, -69.89195813692055, -75.22001257846759, -80.76516272901804, -86.52948865279564, -92.51456418574203, -98.21658562043687, -98.46875995051779, -98.72128933866657, -98.97417377802341, -99.2274132602367],
    "qats_energies": {
        "0": [-98.72128933866674, -98.72128933866674, -98.72128933866674, -98.72128933866674, -98.72128933866674, -98.72128933866674, -98.72128933866674, -98.72128933866674, -98.72128933866674, -98.72128933866674, -98.72128933866674, -98.72128933866674, -98.72128933866674, -98.72128933866674, -98.72128933866674, -98.72128933866674, -98.72128933866674],
        "1": [-22.909215212823682, -29.22688805664393, -35.54456090046419, -41.862233744284445, -48.1799065881047, -54.497579431924954, -60.81525227574521, -67.13292511956547, -73.45059796338572, -79.76827080720597, -86.08594365102623, -92.40361649484649, -98.21587551116112, -98.46858242491393, -98.72128933866674, -98.97399625241954, -99.22670316617236],
        "2": [-38.886519560850815, -42.6522618490834, -46.6399111421497, -50.84946744004971, -55.280930742783426, -59.934301050350854, -64.80957836275199, -69.90676267998684, -75.2258540020554, -80.76685232895767, -86.52975766069365, -92.51456999726334, -98.21658561357658, -98.46875995051779, -98.72128933866674, -98.97417377802341, -99.22741326858782],
        "3": [-38.92074523914229, -42.67862433623962, -46.659717668938754, -50.863906398078925, -55.29107168449942, -59.9410946890395, -64.81385657253843, -69.90923849583547, -75.2271216197699, -80.76738710518097, -86.52991611290796, -92.51458980379013, -98.21658562371752, -98.46875995178542, -98.72128933866674, -98.97417377675579, -99.22741325844689],
        "4": [-38.41758932221123, -42.323362676334746, -46.41706917504838, -50.704704721237455, -55.19168286140192, -59.88283478565642, -64.78240932773024, -69.89407296496732, -75.2209098183263, -80.76542165238047, -86.52952787531774, -92.51456553894073, -98.21658562272364, -98.46875995172329, -98.72128933866674, -98.97417377669368, -99.227413257453]
    },
    "qats_poly_coeffs": [ -98.72128933866674, -25.270691375281018, -1.7752560386696814, 0.001267617714499162, 0.006211801443593383 ],
    "hf_energies": [-38.26237062363592, -42.137721320565426, -46.21122606988227, -50.48643339284035, -54.96656918622421, -59.65458639695365, -64.5532379258519, -69.6651475815664, -74.99281801879202, -80.53851650769676, -86.30408414204065, -92.29078505567848, -97.99441557403044, -98.24666010673947, -98.49925965653199, -98.75221421117912, -99.00552375724016],
    "triples_corrections": [-0.005214000063174977, -0.00538907099255016, -0.0054864600887705945, -0.005503591115099974, -0.005444303610171424, -0.005315430738398888, -0.0051238111988525965, -0.004875512351182936, -0.004576787879563703, -0.004237096386180067, -0.003873400670594152, -0.003509706464169766, -0.003195132969542185, -0.0031821087131228836, -0.0031691450841479286, -0.0031562426315525326, -0.003143401874760529],
    "scf_converged": [true, true, true, true, true, true, true, true, true, true, true, true, true, true, true, true, true],
    "cc_converged": [true, true, true, true, true, true, true, true, true, true, true, true, true, true, true, true, true],
    "scf_spin_squared": [2.0214935059873897, 2.020962772222035, 2.0222500909043872, 2.0253753854815, 2.0297311799137536, 2.0336412225453055, 2.0348821364873064, 2.032324433811261, 2.0269691645019305, 2.020940616618227, 2.015780681869863, 2.011944282597408, 2.0094419432841786, 2.0093514161783834, 2.0092622337692214, 2.009174375566755, 2.009087821263827],
    "cc_spin_squared": [2.0005140853153156, 2.0005350006004288, 2.0005721636121008, 2.0006222538052367, 2.0006726863195574, 2.00070260233172, 2.000690050626692, 2.0006254707572255, 2.000520310112438, 2.0004003253365443, 2.000290566889853, 2.0002042845770562, 2.0001471982828174, 2.0001451480245214, 2.0001431305725976, 2.0001411455180778, 2.0001391924498604]
}