{
    "schema_name": "pyscf_apdft_output",
    "provenance": {
        "creator": "PySCF",
        "version": "1.7.6"
    },
    "molecule": {
        "geometry": [[0.0, 0.0, 0.0], [0.8, 0.0, 0.0]],
        "symbols": [ "B", "H" ]
    },
    "molecular_charge": 0,
    "molecular_multiplicity": 3,
    "name": "b.h.chrg0.mult3.sep0.80-pyscf-uccsdt.ccpv5z",
    "atomic_numbers": [ 5, 1 ],
    "n_electrons": 6,
    "model": {
        "method": "UCCSD(T)",
        "basis": "cc-pV5Z",
        "scf_conv_tol": 1e-09,
        "scf_conv_tol_grad": 1e-06,
        "cc_conv_tol": 1e-05,
        "cc_conv_tol_normt": 1e-07
    },
    "broken_symmetry": false,
    "finite_diff_delta": 0.01,
    "finite_diff_acc": 2,
    "apdft_lambdas": [-1.0, -0.75, -0.5, -0.25, -0.02, -0.01, 0.0, 0.01, 0.02, 0.25, 0.5, 0.75, 1.0, 1.25, 1.5, 1.75, 2.0],
    "electronic_energies": [-15.015018119474592, -17.27537619284175, -19.70482941131599, -22.305727309692056, -24.850699304365726, -24.964659781068868, -25.078896030321676, -25.193408046918083, -25.308195825409495, -28.024409864081814, -31.142154494919048, -34.43190095727979, -37.89318584103438, -41.52518060887012, -45.32659258199132, -49.295598281424866, -53.42980573438365],
    "apdft_energies": {
        "0": [-25.07889603032166, -25.07889603032166, -25.07889603032166, -25.07889603032166, -25.07889603032166, -25.07889603032166, -25.07889603032166, -25.07889603032166, -25.07889603032166, -25.07889603032166, -25.07889603032166, -25.07889603032166, -25.07889603032166, -25.07889603032166, -25.07889603032166, -25.07889603032166, -25.07889603032166],
        "1": [-13.641482737860862, -16.500836060976063, -19.36018938409126, -22.219542707206458, -24.850147764472442, -24.96452189739705, -25.07889603032166, -25.193270163246268, -25.307644296170874, -27.93824935343686, -30.797602676552057, -33.656955999667254, -36.516309322782455, -39.375662645897656, -42.23501596901285, -45.09436929212805, -47.95372261524325],
        "2": [-15.020319456031935, -17.27643171494729, -19.70489856363403, -22.30572000209215, -24.85069929915971, -24.964659781068868, -25.07889603032166, -25.193408046918083, -25.308195830858143, -28.02442664832255, -31.142311856094825, -34.432551653638484, -37.89514604095353, -41.53009501803996, -45.33739858489777, -49.31705674152696, -53.46906948792754],
        "3": [-15.02120734460941, -17.27680629294091, -19.70500954970621, -22.305733875351173, -24.85069930626282, -24.964659781956755, -25.07889603032166, -25.193408046030196, -25.308195823755035, -28.024412775063528, -31.14220087002264, -34.43217707564486, -37.894258152376054, -41.528360860662076, -45.33440196094878, -49.31229821368205, -53.46196637930774],
        "4": [-15.020196331114265, -17.276486401952212, -19.704946361362765, -22.30572992607971, -24.850699306101056, -24.964659781946647, -25.07889603032166, -25.193408046020085, -25.308195823593273, -28.02440882579206, -31.142137681679195, -34.43185718465617, -37.89324713888091, -41.52589256599619, -45.32928370512961, -49.3028160128936, -53.445790163385425]
    },
    "apdft_poly_coeff": [ -25.07889603032166, -11.437413292460796, -1.3788367181710726, 0.0008878885774758296, 0.0010110134951446526 ],
    "hf_energies": [-14.91628955610618, -17.175578809235283, -19.60421747804402, -22.204676726557047, -24.749448699618736, -24.86340282931712, -24.977632861656073, -25.092138785065963, -25.20692058794711, -27.923018255024953, -31.04065051275388, -34.33027442256446, -37.79141923456183, -41.42325909313244, -45.22451038982743, -49.19336285035214, -53.327439934835155],
    "triples_corrections": [-0.001406493485189614, -0.0014402275619213136, -0.0014460702163911108, -0.0014255428307073977, -0.0013992985774079732, -0.001398181069613503, -0.0013970700904876454, -0.0013959660129347334, -0.00139486918738022, -0.0013721779452643074, -0.001353845917090351, -0.0013416455609548711, -0.0013340837747086872, -0.001329227168531169, -0.001324906499140644, -0.0013188778925166077, -0.0013089902181075994],
    "scf_converged": [true, true, true, true, true, true, true, true, true, true, true, true, true, true, true, true, true],
    "cc_converged": [true, true, true, true, true, true, true, true, true, true, true, true, true, true, true, true, true],
    "scf_spin_squared": [2.0013143053230515, 2.001533028331079, 2.0018502851455198, 2.002115709074577, 2.002260039596908, 2.0022643396440896, 2.0022684974163454, 2.002272515810056, 2.00227639772118, 2.002334370749287, 2.002351824427458, 2.002345659449832, 2.0023299513171597, 2.002313326145571, 2.0023016882782407, 2.0022986546114945, 2.0023054558084707],
    "cc_spin_squared": [2.0000929337744044, 2.0000923476941788, 2.0000905189578653, 2.0000852975227574, 2.000078899242179, 2.0000786131151123, 2.0000783271942506, 2.000078041561408, 2.0000777562950613, 2.000071431606689, 2.0000653651685747, 2.000060187227827, 2.0000557346712653, 2.0000518083993377, 2.000048238607641, 2.000044893894377, 2.000041677693824]
}