{
    "schema_name": "pyscf_qa_output",
    "provenance": {
        "creator": "PySCF",
        "version": "1.7.6"
    },
    "molecule": {
        "geometry": [[0.0, 0.0, 0.0], [1.5, 0.0, 0.0]],
        "symbols": [ "O", "H" ]
    },
    "molecular_charge": 2,
    "molecular_multiplicity": 4,
    "name": "o.h.chrg2.mult4.sep1.50-pyscf-uccsdt.ccpv5z",
    "atomic_numbers": [ 8, 1 ],
    "n_electrons": 7,
    "model": {
        "method": "UCCSD(T)",
        "basis": "cc-pV5Z",
        "scf_conv_tol": 1e-09,
        "scf_conv_tol_grad": 1e-06,
        "cc_conv_tol": 1e-05,
        "cc_conv_tol_normt": 1e-07
    },
    "broken_symmetry": false,
    "finite_diff_delta": 0.01,
    "finite_diff_acc": 2,
    "qa_lambdas": [-3.0, -2.75, -2.5, -2.25, -2.0, -1.75, -1.5, -1.25, -1.0, -0.75, -0.5, -0.25, -0.02, -0.01, 0.0, 0.01, 0.02],
    "electronic_energies": [-25.189006612859277, -28.21126399558675, -31.41566110862994, -34.80635614199091, -38.386857602563644, -42.1601739903768, -46.12916206844792, -50.296936055986656, -54.66700761183629, -59.2427553492709, -64.02641961429153, -69.01857508133116, -73.79492017503337, -74.0065632091646, -74.21853686792268, -74.43084106592798, -74.64347571768113],
    "qats_energies": {
        "0": [-74.21853686792274, -74.21853686792274, -74.21853686792274, -74.21853686792274, -74.21853686792274, -74.21853686792274, -74.21853686792274, -74.21853686792274, -74.21853686792274, -74.21853686792274, -74.21853686792274, -74.21853686792274, -74.21853686792274, -74.21853686792274, -74.21853686792274, -74.21853686792274, -74.21853686792274],
        "1": [-10.576858353415432, -15.880331562957707, -21.183804772499983, -26.487277982042258, -31.790751191584533, -37.09422440112681, -42.397697610669084, -47.70117082021136, -53.004644029753635, -58.30811723929591, -63.611590448838186, -68.91506365838046, -73.79425901115935, -74.00639793954105, -74.21853686792274, -74.43067579630443, -74.64281472468612],
        "2": [-25.451124473006516, -28.378846844002993, -31.513156244438235, -34.85405267431224, -38.401536133625015, -42.15560662237655, -46.116264140566855, -50.28350868819592, -54.657340265263755, -59.23775887177035, -64.02476450771572, -69.01835717309984, -73.79492008965356, -74.0065632091646, -74.21853686792274, -74.43084106592798, -74.64347580318032],
        "3": [-25.835602234634493, -28.674992619886588, -31.73565494908405, -35.01625422999905, -38.51545547040367, -42.23192367807007, -46.16432386077035, -50.311321026276644, -54.67158018236108, -59.24376633679579, -64.02654449735289, -69.01857967180449, -73.7949202035729, -74.00656322340451, -74.21853686792274, -74.43084105168806, -74.64347568926098],
        "4": [-25.79531925768036, -28.646550149516905, -31.71622835911775, -35.00350844432215, -38.50749833915348, -42.22725935381916, -46.16180617471072, -50.31010686440376, -54.67108286165795, -59.24360898141706, -64.02651341480893, -69.01857772914549, -73.79492020349332, -74.00656322339954, -74.21853686792274, -74.43084105168309, -74.64347568918141]
    },
    "qats_poly_coeffs": [ -74.21853686792274, -21.2138928381691, -1.6526962355101205, 0.014239917097332482, 0.0004973207031374235 ],
    "hf_energies": [-25.060140405798656, -28.07491332421149, -31.27176550114209, -34.655867633845375, -38.23138096205042, -42.0010942773997, -45.96739500967467, -50.133303474829155, -54.50262284270537, -59.078743002019955, -63.86334669167678, -68.85649965126137, -73.633684001365, -73.84536216667018, -74.0573708843774, -74.26971007450572, -74.48237965696839],
    "triples_corrections": [-0.0028886366426163004, -0.003343511827968368, -0.00372991594606637, -0.003977389073558205, -0.004077930124647938, -0.004062417003209729, -0.003972175823190126, -0.00382914992406203, -0.0036121409487246533, -0.003301150802328124, -0.0029472174654243378, -0.0026216086532725572, -0.0023717245468005553, -0.0023619273994289424, -0.0023522130937834096, -0.0023425807442918577, -0.0023330294534545876],
    "scf_converged": [true, true, true, true, true, true, true, true, true, true, true, true, true, true, true, true, true],
    "cc_converged": [true, true, true, true, true, true, true, true, true, true, true, true, true, true, true, true, true],
    "scf_spin_squared": [3.7564022612887413, 3.7538086651202454, 3.754198675020411, 3.7610410986922584, 3.7682933598715938, 3.769329675753306, 3.765139178984074, 3.759155563599793, 3.754953096067692, 3.7540355685310427, 3.7546744295946963, 3.755193347769534, 3.7552546480415456, 3.7552501357733563, 3.755245152428554, 3.7552397130361372, 3.7552338324571797],
    "cc_spin_squared": [3.7503519183471443, 3.750355146409265, 3.7503751198672095, 3.7504066746192346, 3.750436066386424, 3.7504436214379853, 3.750422015339776, 3.750371563101234, 3.750294399922365, 3.7502114786412024, 3.750149591970114, 3.7501118447697657, 3.7500899982776685, 3.7500892214634485, 3.750088455941273, 3.7500877014184137, 3.7500869576126497]
}