{
    "schema_name": "pyscf_qa_output",
    "provenance": {
        "creator": "PySCF",
        "version": "1.7.6"
    },
    "molecule": {
        "geometry": [[0.0, 0.0, 0.0], [1.3, 0.0, 0.0]],
        "symbols": [ "Be", "H" ]
    },
    "molecular_charge": 1,
    "molecular_multiplicity": 3,
    "name": "be.h.chrg1.mult3.sep1.30-pyscf-uccsdt.ccpv5z",
    "atomic_numbers": [ 4, 1 ],
    "n_electrons": 4,
    "model": {
        "method": "UCCSD(T)",
        "basis": "cc-pV5Z",
        "scf_conv_tol": 1e-09,
        "scf_conv_tol_grad": 1e-06,
        "cc_conv_tol": 1e-05,
        "cc_conv_tol_normt": 1e-07
    },
    "broken_symmetry": false,
    "finite_diff_delta": 0.01,
    "finite_diff_acc": 2,
    "qa_lambdas": [-1.0, -0.75, -0.5, -0.25, -0.02, -0.01, 0.0, 0.01, 0.02, 0.25, 0.5, 0.75, 1.0],
    "electronic_energies": [-7.912463880724503, -9.408850822247475, -11.048606435308695, -12.832604987613161, -14.601686203853603, -14.681386364154985, -14.761318706530133, -14.841483256057305, -14.921880037619975, -16.835155547726053, -19.054443767391504, -21.41934403942878, -23.92975443675109],
    "qats_energies": {
        "0": [-14.761318706530112, -14.761318706530112, -14.761318706530112, -14.761318706530112, -14.761318706530112, -14.761318706530112, -14.761318706530112, -14.761318706530112, -14.761318706530112, -14.761318706530112, -14.761318706530112, -14.761318706530112, -14.761318706530112],
        "1": [-6.7564741114141, -8.757685260193103, -10.758896408972106, -12.760107557751109, -14.601221814627792, -14.681270260578952, -14.761318706530112, -14.841367152481272, -14.921415598432432, -16.762529855309115, -18.763741004088118, -20.76495215286712, -22.766163301646124],
        "2": [-7.917509871747207, -9.410767875380476, -11.049155349055383, -12.832672292771928, -14.601686228931925, -14.681386364154985, -14.761318706530112, -14.841483256057305, -14.921880012736565, -16.835094590329934, -19.053999944171395, -21.418034768054493, -23.92719906197923],
        "3": [-7.913346394184494, -9.409011408283707, -11.048634914360044, -12.83260723843501, -14.601686195624104, -14.681386359991507, -14.761318706530112, -14.841483260220784, -14.921880046044386, -16.835159644666852, -19.054520378866734, -21.419791235151262, -23.931362539541944],
        "4": [-7.9125342512390064, -9.40875444117986, -11.048584155425951, -12.832604066001629, -14.601686195494162, -14.681386359983387, -14.761318706530112, -14.841483260212662, -14.921880045914444, -16.83515647223347, -19.05446961993264, -21.419534268047418, -23.93055039659646]
    },
    "qats_poly_coeffs": [ -14.761318706530112, -8.004844595116012, -1.1610357603331067, -0.0041634775627130685, 0.0008121429454869636 ],
    "hf_energies": [-7.873257298288932, -9.371375229458831, -11.012906706636176, -12.798682103050394, -14.569371984740473, -14.649141386318735, -14.72914291228856, -14.809376588112702, -14.88984243909552, -16.80469222538537, -19.025667903861464, -21.392241781501728, -23.904319170549872],
    "triples_corrections": [-6.659708692131208e-05, -5.937066236132231e-05, -5.3973239641693106e-05, -4.961626946126102e-05, -4.628050270022739e-05, -4.614733277208924e-05, -4.601504021894623e-05, -4.588361209468088e-05, -4.575303552436148e-05, -4.2956320679120025e-05, -4.025295839116838e-05, -3.774010863364189e-05, -3.526047873093227e-05],
    "scf_converged": [true, true, true, true, true, true, true, true, true, true, true, true, true],
    "cc_converged": [true, true, true, true, true, true, true, true, true, true, true, true, true],
    "scf_spin_squared": [2.0000281231841526, 2.0000207974794737, 2.0000176391146542, 2.000015973499397, 2.000014934133839, 2.0000148945464593, 2.0000148553093102, 2.0000148164124525, 2.000014777846433, 2.0000139665361414, 2.0000132172305625, 2.000012598521164, 2.0000121199485026],
    "cc_spin_squared": [2.0000005036949804, 2.000000312846298, 2.0000002249104742, 2.0000001795579103, 2.0000001553294915, 2.0000001545068926, 2.000000153699318, 2.000000152906394, 2.0000001521277135, 2.0000001373863245, 2.000000125939717, 2.0000001171053596, 2.0000001097380693]
}