{
    "schema_name": "pyscf_apdft_output",
    "provenance": {
        "creator": "PySCF",
        "version": "1.7.6"
    },
    "molecule": {
        "geometry": [[0.0, 0.0, 0.0], [1.8, 0.0, 0.0]],
        "symbols": [ "C", "H" ]
    },
    "molecular_charge": 0,
    "molecular_multiplicity": 4,
    "name": "c.h.chrg0.mult4.sep1.80-pyscf-uccsdt.ccpv5z",
    "atomic_numbers": [ 6, 1 ],
    "n_electrons": 7,
    "model": {
        "method": "UCCSD(T)",
        "basis": "cc-pV5Z",
        "scf_conv_tol": 1e-09,
        "scf_conv_tol_grad": 1e-06,
        "cc_conv_tol": 1e-05,
        "cc_conv_tol_normt": 1e-07
    },
    "broken_symmetry": false,
    "finite_diff_delta": 0.01,
    "finite_diff_acc": 2,
    "apdft_lambdas": [-1.0, -0.75, -0.5, -0.25, -0.02, -0.01, 0.0, 0.01, 0.02, 0.25, 0.5, 0.75, 1.0, 1.25, 1.5, 1.75, 2.0],
    "electronic_energies": [-25.180658183994158, -28.186603821457577, -31.380917082262428, -34.7661758388277, -38.050506147332804, -38.19700792788597, -38.34381888431806, -38.490939073932225, -38.638368555372125, -42.11477687401417, -46.08055675562857, -50.24456986594571, -54.61250785474508, -59.18841040313911, -63.97021752670288, -68.95211981116357, -74.12804632006986],
    "apdft_energies": {
        "0": [-38.343818884318075, -38.343818884318075, -38.343818884318075, -38.343818884318075, -38.343818884318075, -38.343818884318075, -38.343818884318075, -38.343818884318075, -38.343818884318075, -38.343818884318075, -38.343818884318075, -38.343818884318075, -38.343818884318075, -38.343818884318075, -38.343818884318075, -38.343818884318075, -38.343818884318075],
        "1": [-23.647261582005335, -27.32140090758352, -30.995540233161705, -34.66967955873989, -38.04988773827182, -38.196853311294944, -38.343818884318075, -38.490784457341206, -38.63775003036433, -42.017958209896264, -45.692097535474446, -49.36623686105263, -53.040376186630816, -56.714515512209005, -60.388654837787186, -64.06279416336537, -67.73693348894355],
        "2": [-25.19342749222539, -28.1911192320823, -31.38208171071672, -34.766314928128644, -38.05050620463591, -38.19700792788597, -38.343818884318075, -38.490939073932225, -38.63836849672842, -42.114593579285014, -46.07863901302946, -50.23595518555141, -54.58654209685087, -59.130399746927836, -63.86752813578231, -68.7979272634143, -73.92159712982377],
        "3": [-25.183765257953453, -28.187042976998825, -31.380873931432728, -34.76616395571814, -38.05050612733803, -38.19700791822373, -38.343818884318075, -38.49093908359446, -38.638368574026295, -42.114744551695516, -46.079846792313454, -50.24003144063489, -54.596204331122806, -59.149271298240215, -63.9001381764501, -68.84971080021546, -73.99889500399928],
        "4": [-25.18935104164089, -28.188810353868682, -31.38122304291319, -34.766185775185676, -38.05050612823176, -38.197007918279596, -38.343818884318075, -38.49093908365032, -38.638368574920015, -42.11476637116304, -46.080195903793914, -50.241798817504744, -54.60179011481025, -59.16290846544588, -63.92841620636777, -68.90209934175274, -74.08826754299834]
    },
    "apdft_poly_coeff": [ -38.343818884318075, -14.69655730231274, -1.5461659102200542, -0.009662234271938056, -0.005585783687441411 ],
    "hf_energies": [-25.04989228346054, -28.050483610366207, -31.242219234710053, -34.62638886906744, -37.90996556746324, -38.05642809500499, -38.20319882806517, -38.3502777753033, -38.497664946991, -41.97269657110115, -45.935664498285234, -50.095353047246256, -54.46043245239129, -59.038064936284, -63.82268307567503, -68.80698341120268, -73.98505786557298],
    "triples_corrections": [-0.004429557411057941, -0.004637321225768269, -0.004616199008386561, -0.004393488293651734, -0.004128956854413418, -0.0041178600055822735, -0.004106850437036247, -0.004095933245540278, -0.004085113336684524, -0.003871822262713264, -0.0037374402643165095, -0.003702270763445657, -0.0036496782078973377, -0.003257643704310512, -0.0027764334441433033, -0.0024126197588927767, -0.0021410241389528068],
    "scf_converged": [true, true, true, true, true, true, true, true, true, true, true, true, true, true, true, true, true],
    "cc_converged": [true, true, true, true, true, true, true, true, true, true, true, true, true, true, true, true, true],
    "scf_spin_squared": [3.770178993873661, 3.8098374562000688, 3.8213624256391054, 3.8109423403076645, 3.797148482308329, 3.796584545737805, 3.7960262924993846, 3.795473912152873, 3.7949275768264203, 3.784210335163902, 3.77608067483385, 3.768443105609383, 3.7576432002322977, 3.754622667330336, 3.755632963295441, 3.7558443378384885, 3.7555574785637766],
    "cc_spin_squared": [3.7508358650106195, 3.7509370165073097, 3.750890137308668, 3.750749724584945, 3.750606174198006, 3.750600490860852, 3.7505948779263574, 3.75058933737862, 3.7505838710802744, 3.750481428215376, 3.75042480843414, 3.750415234112573, 3.7503582100404502, 3.750214270446019, 3.7501387718524226, 3.7501061263464495, 3.750086069967566]
}