{
    "schema_name": "pyscf_apdft_output",
    "provenance": {
        "creator": "PySCF",
        "version": "1.7.6"
    },
    "molecule": {
        "geometry": [[0.0, 0.0, 0.0], [0.7, 0.0, 0.0]],
        "symbols": [ "Ne", "H" ]
    },
    "molecular_charge": 1,
    "molecular_multiplicity": 3,
    "name": "ne.h.chrg1.mult3.sep0.70-pyscf-uccsdt.ccpv5z",
    "atomic_numbers": [ 10, 1 ],
    "n_electrons": 10,
    "model": {
        "method": "UCCSD(T)",
        "basis": "cc-pV5Z",
        "scf_conv_tol": 1e-09,
        "scf_conv_tol_grad": 1e-06,
        "cc_conv_tol": 1e-05,
        "cc_conv_tol_normt": 1e-07
    },
    "broken_symmetry": false,
    "finite_diff_delta": 0.01,
    "finite_diff_acc": 2,
    "apdft_lambdas": [-2.0, -1.75, -1.5, -1.25, -1.0, -0.75, -0.5, -0.25, -0.02, -0.01, 0.0, 0.01, 0.02],
    "electronic_energies": [-75.4896717106168, -81.24818372496217, -87.23276217246925, -93.44572871372293, -99.88945230363714, -106.56637862657279, -113.4789116514848, -120.62915648147977, -127.41866044928489, -127.71846225131922, -128.01864824634612, -128.31921846647046, -128.62017294213518],
    "apdft_energies": {
        "0": [-128.01864824634612, -128.01864824634612, -128.01864824634612, -128.01864824634612, -128.01864824634612, -128.01864824634612, -128.01864824634612, -128.01864824634612, -128.01864824634612, -128.01864824634612, -128.01864824634612, -128.01864824634612, -128.01864824634612],
        "1": [-67.94302673122252, -75.45247942061297, -82.96193211000342, -90.47138479939386, -97.98083748878432, -105.49029017817477, -112.99974286756522, -120.50919555695566, -127.41789203119488, -127.71827013877049, -128.01864824634612, -128.31902635392174, -128.61940446149737],
        "2": [-75.62752868047914, -81.33592622551257, -87.28446445646027, -93.47314337332224, -99.90196297609847, -106.57092326478897, -113.48002423939376, -120.62926589991281, -127.41866048138981, -127.71846225131924, -128.01864824634612, -128.31921846647046, -128.6201729116923],
        "3": [-75.58583012949666, -81.30799145405359, -87.26687288026453, -93.46296306302378, -99.89675065722567, -106.56872431776452, -113.47937269953465, -120.62918445743041, -127.41866043969125, -127.71846224610691, -128.01864824634612, -128.31921847168277, -128.62017295339083],
        "4": [-75.47503283223378, -81.24304411256723, -87.23181592292745, -93.44605673714749, -99.88982582614673, -106.56653325793094, -113.47893989759223, -120.62915740730901, -127.41866043858329, -127.71846224603766, -128.01864824634612, -128.31921847161354, -128.62017295228287]
    },
    "apdft_poly_coeff": [ -128.01864824634612, -30.0378107575618, -1.921125487314157, -0.005212318872812222, 0.006924831078928643 ],
    "hf_energies": [-75.20433399968357, -80.96090761347642, -86.94384364551, -93.15532796844775, -99.59766867635408, -106.27333630688487, -113.18484315307857, -120.33444554764736, -127.12379882650681, -127.42360431058617, -127.7237948412938, -128.02437044927166, -128.3253311632845],
    "triples_corrections": [-0.006069081751990314, -0.005780788109316962, -0.005488839333638856, -0.005209277232820844, -0.00494782525853436, -0.004701452677347215, -0.004461785663622617, -0.004220368792325455, -0.003993780849608137, -0.003983853433764078, -0.003973922219353161, -0.003963987578740399, -0.003954049892306202],
    "scf_converged": [true, true, true, true, true, true, true, true, true, true, true, true, true],
    "cc_converged": [true, true, true, true, true, true, true, true, true, true, true, true, true],
    "scf_spin_squared": [2.0045231981669787, 2.0042492848018725, 2.0039892752116315, 2.0037458715883707, 2.0035189251139056, 2.003305834221432, 2.0031027673740964, 2.002906619210639, 2.002731771673572, 2.0027243120034655, 2.002716865637481, 2.0027094327672907, 2.00270201358593],
    "cc_spin_squared": [2.000097727541138, 2.000086760347531, 2.0000766907317695, 2.0000678491923334, 2.0000603269399018, 2.000054004055312, 2.0000486057068865, 2.0000437888237887, 2.000039633681565, 2.0000394571239024, 2.0000392808785508, 2.000039104944932, 2.0000389293228675]
}