{
    "schema_name": "pyscf_qa_output",
    "provenance": {
        "creator": "PySCF",
        "version": "1.7.6"
    },
    "molecule": {
        "geometry": [[0.0, 0.0, 0.0], [1.1, 0.0, 0.0]],
        "symbols": [ "C", "H" ]
    },
    "molecular_charge": 1,
    "molecular_multiplicity": 1,
    "name": "c.h.chrg1.mult1.sep1.10-pyscf-ccsdt.ccpv5z",
    "atomic_numbers": [ 6, 1 ],
    "n_electrons": 6,
    "model": {
        "method": "CCSD(T)",
        "basis": "cc-pV5Z",
        "scf_conv_tol": 1e-09,
        "scf_conv_tol_grad": 1e-06,
        "cc_conv_tol": 1e-05,
        "cc_conv_tol_normt": 1e-07
    },
    "broken_symmetry": false,
    "finite_diff_delta": 0.01,
    "finite_diff_acc": 2,
    "qa_lambdas": [-2.0, -1.75, -1.5, -1.25, -1.0, -0.75, -0.5, -0.25, -0.02, -0.01, 0.0, 0.01, 0.02, 0.25, 0.5, 0.75, 1.0],
    "electronic_energies": [-15.19983237881598, -17.46720112009983, -19.89848977871128, -22.496714311067528, -25.264296120962676, -28.20313489532064, -31.314827282686547, -34.60088022023819, -37.77935224407861, -37.92094211914143, -38.06281576385865, -38.20497327538175, -38.347414750678546, -41.70216198847311, -45.52036903682465, -49.51868441334433, -53.69800276385238],
    "qats_energies": {
        "0": [-38.06281576385866, -38.06281576385866, -38.06281576385866, -38.06281576385866, -38.06281576385866, -38.06281576385866, -38.06281576385866, -38.06281576385866, -38.06281576385866, -38.06281576385866, -38.06281576385866, -38.06281576385866, -38.06281576385866, -38.06281576385866, -38.06281576385866, -38.06281576385866, -38.06281576385866],
        "1": [-9.659700139826931, -13.210089592830897, -16.760479045834863, -20.31086849883883, -23.861257951842795, -27.41164740484676, -30.962036857850727, -34.51242631085469, -37.77878460761834, -37.9208001857385, -38.06281576385866, -38.20483134197882, -38.346846920098976, -41.613205216862625, -45.16359466986659, -48.713984122870556, -52.26437357587452],
        "2": [-15.337036257000513, -17.55680005754192, -19.953980611745003, -22.52857791960976, -25.28059198113619, -28.210022796324296, -31.316870365174076, -34.60113468768553, -37.77935234123006, -37.92094211914143, -38.06281576385866, -38.20497327538175, -38.34741465371069, -41.70191359369346, -45.51842817718994, -49.51235951434809, -53.68370760516792],
        "3": [-15.207623389023105, -17.470103546377366, -19.899384558067034, -22.496982981138714, -25.264415372639014, -28.203198289614548, -31.31484828911193, -34.60088192817776, -37.77935221181719, -37.92094210296482, -38.06281576385866, -38.20497329155835, -38.34741478312356, -41.70216635320123, -45.520450253252086, -49.51918402105784, -53.699884213665094],
        "4": [-15.195384053552058, -17.46292907263079, -19.895511955828148, -22.495115406756533, -25.263650414172076, -28.20295625197462, -31.314800479207744, -34.60087894005875, -37.7793522116948, -37.92094210295717, -38.06281576385866, -38.20497329155071, -38.34741478300117, -41.70216336508222, -45.520402443347905, -49.5189419834179, -53.699119255198156]
    },
    "qats_poly_coeffs": [ -38.06281576385866, -14.201557812015864, -1.4193340292933954, -0.016176608497175945, 0.0007649584669403945 ],
    "hf_energies": [-15.072106007363653, -17.33656511334638, -19.764686609221258, -22.359630768174945, -25.1239142730963, -28.05948679231452, -31.167974954096564, -34.450926619296716, -37.62669639942689, -37.76817321204638, -37.90993421685034, -38.051979517542335, -38.19430921763992, -41.546620559419296, -45.36252751268795, -49.35895272883969, -53.53676810566639],
    "triples_corrections": [-0.0023439599043339784, -0.0024281207283084016, -0.00252939815954065, -0.002631075761897322, -0.0027213028081481574, -0.002796635423421069, -0.002858373178409911, -0.0029080371198913217, -0.002943195391689849, -0.002944488016745736, -0.002945760655276664, -0.002947013279100447, -0.0029482458625439637, -0.00297105556151344, -0.0029843556424598815, -0.0029882928653818417, -0.0029881700751690768],
    "scf_converged": [true, true, true, true, true, true, true, true, true, true, true, true, true, true, true, true, true],
    "cc_converged": [true, true, true, true, true, true, true, true, true, true, true, true, true, true, true, true, true],
    "t1_diagnostic": [0.017910325220301098, 0.01585055037253536, 0.014180474082097856, 0.012800169386632573, 0.011641807167547048, 0.010680353994582635, 0.009893520053674906, 0.009239540945317967, 0.008712671879828732, 0.008690828928751964, 0.00866905399921192, 0.008647344812866133, 0.008625699120125308, 0.008140567615631818, 0.007622477782859538, 0.007088221530244599, 0.006518435682776246]
}