{
    "schema_name": "pyscf_apdft_output",
    "provenance": {
        "creator": "PySCF",
        "version": "1.7.6"
    },
    "molecule": {
        "geometry": [[0.0, 0.0, 0.0], [1.6, 0.0, 0.0]],
        "symbols": [ "Li", "H" ]
    },
    "molecular_charge": 0,
    "molecular_multiplicity": 3,
    "name": "li.h.chrg0.mult3.sep1.60-pyscf-uccsdt.ccpv5z",
    "atomic_numbers": [ 3, 1 ],
    "n_electrons": 4,
    "model": {
        "method": "UCCSD(T)",
        "basis": "cc-pV5Z",
        "scf_conv_tol": 1e-09,
        "scf_conv_tol_grad": 1e-06,
        "cc_conv_tol": 1e-05,
        "cc_conv_tol_normt": 1e-07
    },
    "broken_symmetry": false,
    "finite_diff_delta": 0.01,
    "finite_diff_acc": 2,
    "apdft_lambdas": [-0.02, -0.01, 0.0, 0.01, 0.02, 0.25, 0.5, 0.75, 1.0, 1.25, 1.5, 1.75, 2.0],
    "electronic_energies": [-7.820383880922998, -7.877032585382872, -7.933909827153666, -7.991015574551277, -8.048349792720316, -9.429976612960019, -11.067796288870891, -12.845481378006252, -14.760122568099362, -16.80769822139959, -18.983172055478995, -21.28091762819739, -23.695359685536825],
    "apdft_energies": {
        "0": [-7.933909827153674, -7.933909827153674, -7.933909827153674, -7.933909827153674, -7.933909827153674, -7.933909827153674, -7.933909827153674, -7.933909827153674, -7.933909827153674, -7.933909827153674, -7.933909827153674, -7.933909827153674, -7.933909827153674],
        "1": [-7.819926837985269, -7.876918332569472, -7.933909827153674, -7.990901321737876, -8.04789281632208, -9.358697191758736, -10.783484556363799, -12.208271920968862, -13.633059285573925, -15.057846650178988, -16.482634014784047, -17.90742137938911, -19.332208743994173],
        "2": [-7.820383849238869, -7.877032585382872, -7.933909827153674, -7.991015574551277, -8.048349827575679, -9.4301052001337, -11.069116589863649, -12.850943996343524, -14.775587419573323, -16.843046859553045, -19.053322316282696, -21.40641378976227, -23.902321279991767],
        "3": [-7.820383893598531, -7.877032590927829, -7.933909827153674, -7.991015569006319, -8.048349783216018, -9.430018560169977, -11.068423470153874, -12.848604717323031, -14.770042461895121, -16.83221686408781, -19.034608084118766, -21.37669628220566, -23.857961618566154],
        "4": [-7.820383891484376, -7.877032590795695, -7.933909827153674, -7.991015568874184, -8.048349781101862, -9.429966945063113, -11.067597628444041, -12.844423893667006, -14.756828994537809, -16.799957422297496, -18.96771490562237, -21.252768410623986, -23.64654614084915]
    },
    "apdft_poly_coeff": [ -7.933909827153674, -5.69914945842025, -1.1425281339993987, 0.005544957678201474, 0.013213467357312917 ],
    "hf_energies": [-7.789687893596255, -7.846426304037203, -7.903393375464108, -7.960589080039127, -8.018013386712587, -9.401756109811142, -11.041992758934285, -12.822211708974699, -14.739434459115643, -16.78951717509345, -18.967283949698047, -21.266998385021594, -23.68305382465298],
    "triples_corrections": [-4.409675472511335e-05, -4.3982410554673246e-05, -4.386859808862006e-05, -4.375523090474106e-05, -4.3642310087518915e-05, -4.112038120568207e-05, -3.8373437866246936e-05, -3.5429175922366805e-05, -3.222806708931963e-05, -2.8835184506168852e-05, -2.5381913665446123e-05, -2.1972279666178398e-05, -1.8606685725648797e-05],
    "scf_converged": [true, true, true, true, true, true, true, true, true, true, true, true, true],
    "cc_converged": [true, true, true, true, true, true, true, true, true, true, true, true, true],
    "scf_spin_squared": [2.000013409831821, 2.0000133812708367, 2.000013356081435, 2.0000133342666597, 2.000013315546309, 2.000013430072796, 2.000013964481959, 2.0000143921745135, 2.000014527517861, 2.000014246457583, 2.0000134549192854, 2.000012169014318, 2.0000105798525323],
    "cc_spin_squared": [2.0000002175233336, 2.0000002147819522, 2.0000002121502565, 2.000000209633564, 2.0000002072263805, 2.000000172462327, 2.0000001574269555, 2.0000001486275067, 2.000000139785583, 2.0000001294977054, 2.0000001180656097, 2.000000105976289, 2.0000000932646866]
}