{
    "schema_name": "pyscf_apdft_output",
    "provenance": {
        "creator": "PySCF",
        "version": "1.7.6"
    },
    "molecule": {
        "geometry": [[0.0, 0.0, 0.0], [1.0, 0.0, 0.0]],
        "symbols": [ "O", "H" ]
    },
    "molecular_charge": -1,
    "molecular_multiplicity": 1,
    "name": "o.h.chrg-1.mult1.sep1.00-pyscf-ccsdt.ccpv5z",
    "atomic_numbers": [ 8, 1 ],
    "n_electrons": 10,
    "model": {
        "method": "CCSD(T)",
        "basis": "cc-pV5Z",
        "scf_conv_tol": 1e-09,
        "scf_conv_tol_grad": 1e-06,
        "cc_conv_tol": 1e-05,
        "cc_conv_tol_normt": 1e-07
    },
    "broken_symmetry": false,
    "finite_diff_delta": 0.01,
    "finite_diff_acc": 2,
    "apdft_lambdas": [-0.02, -0.01, 0.0, 0.01, 0.02, 0.25, 0.5, 0.75, 1.0, 1.25, 1.5, 1.75, 2.0],
    "electronic_energies": [-75.30764020230356, -75.5344590417602, -75.7616540291645, -75.98922534377222, -76.21717316357139, -81.56427168457796, -87.60448423351784, -93.88405969031733, -100.40416115368437, -107.1654621929585, -114.16822835865779, -121.41232679503499, -128.8971719890272],
    "apdft_energies": {
        "0": [-75.76165402917373, -75.76165402917373, -75.76165402917373, -75.76165402917373, -75.76165402917373, -75.76165402917373, -75.76165402917373, -75.76165402917373, -75.76165402917373, -75.76165402917373, -75.76165402917373, -75.76165402917373, -75.76165402917373],
        "1": [-75.30688772716171, -75.53427087816772, -75.76165402917373, -75.98903718017974, -76.21642033118574, -81.44623280432396, -87.13081157947418, -92.81539035462441, -98.49996912977464, -104.18454790492487, -109.8691266800751, -115.55370545522533, -121.23828423037556],
        "2": [-75.30764038153164, -75.5344590417602, -75.76165402917373, -75.98922534377222, -76.21717298555568, -81.56383504962595, -87.60122056068217, -93.87381056234237, -100.38160505460657, -107.12460403747475, -114.10280751094693, -121.3162154750231, -128.76482792970324],
        "3": [-75.30764014336911, -75.53445901198988, -75.76165402917373, -75.98922537354254, -76.2171732237182, -81.5643002108133, -87.60494185018094, -93.88636991440072, -100.41137537059673, -107.18274918589304, -114.20328232741373, -121.47576576228288, -129.00299045762455],
        "4": [-75.30764014256084, -75.53445901193936, -75.76165402917373, -75.98922537349202, -76.21717322290993, -81.56428047752422, -87.60462611755571, -93.8847715179855, -100.40632364859306, -107.17041588022, -114.17770798477012, -121.42838613520934, -128.92216290556576]
    },
    "apdft_poly_coeff": [ -75.76165402917373, -22.738315100600914, -1.8816359248319259, -0.029770315990162995, 0.005051722003675725 ],
    "hf_energies": [-74.95626185927449, -75.18300271035021, -75.41012181092992, -75.63761931701909, -75.8654953829853, -81.21145852780425, -87.25136860239033, -93.53141783656913, -100.05270217843477, -106.81590532191952, -113.82130347173545, -121.068723706988, -128.55748118483777],
    "triples_corrections": [-0.012658649792682698, -0.012629428828559847, -0.012599945021797482, -0.01257020473604874, -0.012540214443357027, -0.01179652579377315, -0.010930880947216774, -0.010075992941706621, -0.00926548435365458, -0.008502276137199668, -0.0077760619106707115, -0.007077616088095071, -0.006405680483070612],
    "scf_converged": [true, true, true, true, true, true, true, true, true, true, true, true, true],
    "cc_converged": [true, true, true, true, true, true, true, true, true, true, true, true, true],
    "t1_diagnostic": [0.010812592897175266, 0.010824579762231907, 0.010835551009013074, 0.010845505340130833, 0.010854441580838531, 0.010786755171904404, 0.010217996948469841, 0.009367537076819591, 0.008477587136141818, 0.007697481421477732, 0.007055085803173023, 0.006497453510022998, 0.005959907849664406]
}