{
    "schema_name": "pyscf_apdft_output",
    "provenance": {
        "creator": "PySCF",
        "version": "1.7.6"
    },
    "molecule": {
        "geometry": [[0.0, 0.0, 0.0], [1.2, 0.0, 0.0]],
        "symbols": [ "C", "H" ]
    },
    "molecular_charge": 1,
    "molecular_multiplicity": 1,
    "name": "c.h.chrg1.mult1.sep1.20-pyscf-ccsdt.ccpv5z",
    "atomic_numbers": [ 6, 1 ],
    "n_electrons": 6,
    "model": {
        "method": "CCSD(T)",
        "basis": "cc-pV5Z",
        "scf_conv_tol": 1e-09,
        "scf_conv_tol_grad": 1e-06,
        "cc_conv_tol": 1e-05,
        "cc_conv_tol_normt": 1e-07
    },
    "broken_symmetry": false,
    "finite_diff_delta": 0.01,
    "finite_diff_acc": 2,
    "apdft_lambdas": [-2.0, -1.75, -1.5, -1.25, -1.0, -0.75, -0.5, -0.25, -0.02, -0.01, 0.0, 0.01, 0.02, 0.25, 0.5, 0.75, 1.0],
    "electronic_energies": [-15.217629081523144, -17.482684518147153, -19.911307571935044, -22.506613177846308, -25.271158708598044, -28.20702890500494, -31.31604760311045, -34.5999755356918, -37.77720753427071, -37.91876249005986, -38.06060294756986, -38.202729022007766, -38.345140828420874, -41.69973563521022, -45.51910944012836, -49.520253109626175, -53.70429527324133],
    "apdft_energies": {
        "0": [-38.060602947569876, -38.060602947569876, -38.060602947569876, -38.060602947569876, -38.060602947569876, -38.060602947569876, -38.060602947569876, -38.060602947569876, -38.060602947569876, -38.060602947569876, -38.060602947569876, -38.060602947569876, -38.060602947569876, -38.060602947569876, -38.060602947569876, -38.060602947569876, -38.060602947569876],
        "1": [-9.663949752779487, -13.213531402128286, -16.763113051477085, -20.312694700825883, -23.86227635017468, -27.41185799952348, -30.96143964887228, -34.51102129822108, -37.77663641562197, -37.91861968159593, -38.060602947569876, -38.202586213543825, -38.34456947951778, -41.61018459691867, -45.15976624626747, -48.709347895616276, -52.25892954496507],
        "2": [-15.376288310294782, -17.587040610225934, -19.976303490079438, -22.544076949855295, -25.290360989553506, -28.21515560917407, -31.318460808716985, -34.600276588182254, -37.777207649477724, -37.91876249005986, -38.060602947569876, -38.202729022007766, -38.34514071337353, -41.69943988687985, -45.51678740611218, -49.51264550526686, -53.687014184343894],
        "3": [-15.22278540509308, -17.484205656155265, -19.91154445194747, -22.506600654640035, -25.27117312640329, -28.207060729407573, -31.316062325823207, -34.59997677782053, -37.77720749597482, -37.918762470872, -38.060602947569876, -38.20272904119563, -38.345140866876434, -41.699739697241576, -45.51918588900595, -49.520740385033356, -53.70620204749411],
        "4": [-15.212141474911395, -17.477966379698668, -19.90817664591342, -22.50497651978565, -25.270507880766935, -28.206850241530447, -31.316020747970935, -34.599974179204764, -37.77720749586838, -37.918762470865346, -38.060602947569876, -38.202729041188974, -38.345140866769995, -41.6997370986258, -45.51914431115368, -49.52052989715623, -53.705536801857754]
    },
    "apdft_poly_coeff": [ -38.060602947569876, -14.198326597395194, -1.4280846393788238, -0.019187863150212554, 0.0006652456363553938 ],
    "hf_energies": [-15.090416879664057, -17.352495017477064, -19.77781310863975, -22.36962451540446, -25.130584911563226, -28.062839887006234, -31.168270932782193, -34.44873143631469, -37.62300138697177, -37.76443462636448, -37.906154048407345, -38.04815977901411, -38.190451943846604, -41.542511174354594, -45.35966710731603, -49.359169420114746, -53.54202063865134],
    "triples_corrections": [-0.00233300307608005, -0.0024333149518569823, -0.00255321006677998, -0.002674249983112001, -0.002783997879730887, -0.002878537149358202, -0.002958017376633257, -0.0030220571897138777, -0.003065699485486803, -0.0030672382159969863, -0.003068746260656214, -0.003070223566074757, -0.0030716700867696647, -0.003096477700344328, -0.0031065899924490447, -0.0031052509141376097, -0.0031035301055784034],
    "scf_converged": [true, true, true, true, true, true, true, true, true, true, true, true, true, true, true, true, true],
    "cc_converged": [true, true, true, true, true, true, true, true, true, true, true, true, true, true, true, true, true],
    "t1_diagnostic": [0.01775289000472647, 0.015772089836290807, 0.014223251808010436, 0.012968372029628344, 0.011936743938217254, 0.011095315342426252, 0.010405707356913032, 0.009815818427677571, 0.009320344597386865, 0.009299364072087783, 0.009278413158172237, 0.009257489797657684, 0.0092365919178488, 0.008757763105639398, 0.008213349961742254, 0.007591350555374609, 0.006856877178743873]
}