{
    "schema_name": "pyscf_qa_output",
    "provenance": {
        "creator": "PySCF",
        "version": "1.7.6"
    },
    "molecule": {
        "geometry": [[0.0, 0.0, 0.0], [1.5, 0.0, 0.0]],
        "symbols": [ "N", "H" ]
    },
    "molecular_charge": 1,
    "molecular_multiplicity": 2,
    "name": "n.h.chrg1.mult2.sep1.50-pyscf-uccsdt.ccpv5z",
    "atomic_numbers": [ 7, 1 ],
    "n_electrons": 7,
    "model": {
        "method": "UCCSD(T)",
        "basis": "cc-pV5Z",
        "scf_conv_tol": 1e-09,
        "scf_conv_tol_grad": 1e-06,
        "cc_conv_tol": 1e-05,
        "cc_conv_tol_normt": 1e-07
    },
    "broken_symmetry": false,
    "finite_diff_delta": 0.01,
    "finite_diff_acc": 2,
    "qa_lambdas": [-2.0, -1.75, -1.5, -1.25, -1.0, -0.75, -0.5, -0.25, -0.02, -0.01, 0.0, 0.01, 0.02, 0.25, 0.5, 0.75, 1.0],
    "electronic_energies": [-25.238452390842184, -28.259178641414277, -31.460633711227285, -34.84655562823282, -38.42025463787451, -42.18465260894707, -46.14244357583201, -50.29626650574611, -54.293361673536175, -54.47100444392006, -54.6489703503399, -54.827259565249285, -55.00587230267913, -59.20374817094333, -63.963762739318305, -68.93110294710077, -74.10583448427263],
    "qats_energies": {
        "0": [-54.6489703503399, -54.6489703503399, -54.6489703503399, -54.6489703503399, -54.6489703503399, -54.6489703503399, -54.6489703503399, -54.6489703503399, -54.6489703503399, -54.6489703503399, -54.6489703503399, -54.6489703503399, -54.6489703503399, -54.6489703503399, -54.6489703503399, -54.6489703503399, -54.6489703503399],
        "1": [-19.023458217417236, -23.47664723403257, -27.929836250647902, -32.383025267263235, -36.83621428387857, -41.2894033004939, -45.742592317109235, -50.19578133372457, -54.292715229010675, -54.47084278967529, -54.6489703503399, -54.827097911004515, -55.00522547166913, -59.102159366955235, -63.55534838357057, -68.0085374001859, -72.46172641680124],
        "2": [-25.489628008243606, -28.42730848013401, -31.567056757987736, -34.908872841804786, -38.45275673158516, -42.19870842732886, -46.14672792903588, -50.29681523670623, -54.29336184598976, -54.47100444392006, -54.6489703503399, -54.827259565249285, -55.00587208864821, -59.2031932699369, -63.959483995497216, -68.91784252702087, -74.07826886450783],
        "3": [-25.2319716740494, -28.254698865625002, -31.458357991999556, -34.8459684633394, -38.42054968981088, -42.185121081580334, -46.1427020488141, -50.29631200167851, -54.293361588333426, -54.47100441171302, -54.6489703503399, -54.827259597456326, -55.00587234630454, -59.20369650496462, -63.963509875719, -68.93142987276939, -74.1104759062821],
        "4": [-28.003796044078612, -29.87949142237308, -32.33538054657911, -35.26891529714513, -38.59378871293771, -42.23993499124156, -46.15352948775953, -50.296988716612596, -54.29336161605167, -54.47100441344541, -54.6489703503399, -54.827259599188714, -55.005872374022786, -59.204373219898706, -63.974337314664425, -68.9862437824306, -74.28371492940893]
    },
    "qats_poly_coeffs": [ -54.6489703503399, -17.812756066461333, -1.6165424477065926, -0.03220704177427554, -0.1732390231268255 ],
    "hf_energies": [-25.07916033723198, -28.09397572860738, -31.289439843480622, -34.66934911116093, -38.23733728797845, -41.99701224996247, -45.95125874594041, -50.10238223858875, -54.097909757877375, -54.27551579368174, -54.453448125692134, -54.63170702096495, -54.810292741246585, -59.00845902403209, -63.77004634632591, -68.73878983459021, -73.91397674531004],
    "triples_corrections": [-0.004296570462068198, -0.004606870920244284, -0.004881028753981082, -0.005107623092815487, -0.005282839986201368, -0.005406671463222706, -0.00543434829341976, -0.005318992447308882, -0.00511617245160008, -0.005106607257046935, -0.005097053489969986, -0.0050875081967873045, -0.005077976572530352, -0.004867935754498496, -0.004685077245757969, -0.004646287942969827, -0.004833063653842915],
    "scf_converged": [true, true, true, true, true, true, true, true, true, true, true, true, true, true, true, true, true],
    "cc_converged": [true, true, true, true, true, true, true, true, true, true, true, true, true, true, true, true, true],
    "scf_spin_squared": [0.7647757212409845, 0.763338625077234, 0.7635646537237366, 0.7696956134141684, 0.7980630555645516, 0.8595308798217949, 0.9072075302946061, 0.9032684236695365, 0.8512874464399189, 0.8484295404725137, 0.8455646510971442, 0.842699188942833, 0.8398395997422741, 0.7871090315031237, 0.7650106631898526, 0.758182126339773, 0.755598074382267],
    "cc_spin_squared": [0.7502662449512221, 0.7502818010278709, 0.7503277382411238, 0.7504371021661274, 0.750686962806691, 0.7511004250870115, 0.7514238161385667, 0.75138155249485, 0.7510124683332593, 0.7509927332376733, 0.7509729372515752, 0.7509531105993665, 0.7509332848712429, 0.7505330644454153, 0.7502837056785174, 0.7501631502562907, 0.7501073322512872]
}