{
    "schema_name": "pyscf_qa_output",
    "provenance": {
        "creator": "PySCF",
        "version": "1.7.6"
    },
    "molecule": {
        "geometry": [[0.0, 0.0, 0.0], [0.9, 0.0, 0.0]],
        "symbols": [ "O", "H" ]
    },
    "molecular_charge": -1,
    "molecular_multiplicity": 3,
    "name": "o.h.chrg-1.mult3.sep0.90-pyscf-uccsdt.ccpv5z",
    "atomic_numbers": [ 8, 1 ],
    "n_electrons": 10,
    "model": {
        "method": "UCCSD(T)",
        "basis": "cc-pV5Z",
        "scf_conv_tol": 1e-09,
        "scf_conv_tol_grad": 1e-06,
        "cc_conv_tol": 1e-05,
        "cc_conv_tol_normt": 1e-07
    },
    "broken_symmetry": false,
    "finite_diff_delta": 0.01,
    "finite_diff_acc": 2,
    "qa_lambdas": [-0.02, -0.01, 0.0, 0.01, 0.02, 0.25, 0.5, 0.75, 1.0, 1.25, 1.5, 1.75, 2.0],
    "electronic_energies": [-75.16884096746777, -75.3938769376778, -75.6192777044362, -75.84504341268475, -76.07117420729197, -81.37328037217465, -87.35767088558137, -93.57485512098869, -100.02718107835241, -106.71633429700842, -113.64262242280671, -120.80481700026195, -128.20061823573423],
    "qats_energies": {
        "0": [-75.6192777044361, -75.6192777044361, -75.6192777044361, -75.6192777044361, -75.6192777044361, -75.6192777044361, -75.6192777044361, -75.6192777044361, -75.6192777044361, -75.6192777044361, -75.6192777044361, -75.6192777044361, -75.6192777044361],
        "1": [-75.16811122942916, -75.39369446693263, -75.6192777044361, -75.84486094193957, -76.07044417944304, -81.25885864202289, -86.89843957960967, -92.53802051719646, -98.17760145478324, -103.81718239237003, -109.45676332995681, -115.0963442675436, -120.73592520513039],
        "2": [-75.16884111240985, -75.3938769376778, -75.6192777044361, -75.84504341268475, -76.07117406242374, -81.37290285775613, -87.35461644254265, -93.56441845879566, -100.00230890651515, -106.66828778570114, -113.56235509635361, -120.68451083847258, -128.03475501205804],
        "3": [-75.16884091920298, -75.39387691352694, -75.6192777044361, -75.84504343683561, -76.07117425563061, -81.37328021493867, -87.35763530000295, -93.5746071027242, -100.02645976619763, -106.71545743351848, -113.64386424778196, -120.81394435208334, -128.22796188951781],
        "4": [-75.16884091915375, -75.39387691352387, -75.6192777044361, -75.84504343683253, -76.07117425558138, -81.37327901312224, -87.35761607094017, -93.57450975559385, -100.02615210119305, -106.71470629825338, -113.64230669369626, -120.81105879084893, -128.22303924944447]
    },
    "qats_poly_coeffs": [ -75.6192777044361, -22.558323750347142, -1.8247074517319106, -0.02415085968247391, 0.0003076650045841234 ],
    "hf_energies": [-74.88205788134317, -75.1070605782683, -75.33242854767998, -75.55816192548602, -75.78426084789875, -81.08574609087961, -87.06968967187291, -93.28674748249738, -99.73948876899075, -106.42983699342521, -113.35813391943852, -120.52296814977079, -127.92182758213724],
    "triples_corrections": [-0.007531407670742139, -0.0075113412577872225, -0.007491305747712895, -0.007471302861792426, -0.007451334241416554, -0.007004150127868744, -0.006547338505528522, -0.00611073059093424, -0.005673616800184687, -0.005224104722082506, -0.0047732380024017316, -0.0043430289895693645, -0.003947786640019731],
    "scf_converged": [true, true, true, true, true, true, true, true, true, true, true, true, true],
    "cc_converged": [true, true, true, true, true, true, true, true, true, true, true, true, true],
    "scf_spin_squared": [2.0057395060586773, 2.005728507366833, 2.0057174431216778, 2.0057063134340973, 2.0056951183918144, 2.0054195262456354, 2.0050796928964156, 2.004701935205871, 2.0043082128057894, 2.003933109147889, 2.003595918883142, 2.0032938078876077, 2.0030196126078916],
    "cc_spin_squared": [2.000152394763506, 2.000151634811875, 2.0001508787175473, 2.0001500997498307, 2.0001493520195597, 2.000133315575325, 2.0001184407190835, 2.0001056611696915, 2.000093708882385, 2.0000815357230417, 2.000069361868184, 2.0000581596537574, 2.0000485450277448]
}