{
    "schema_name": "pyscf_qa_output",
    "provenance": {
        "creator": "PySCF",
        "version": "1.7.6"
    },
    "molecule": {
        "geometry": [[0.0, 0.0, 0.0], [1.0, 0.0, 0.0]],
        "symbols": [ "C", "H" ]
    },
    "molecular_charge": 2,
    "molecular_multiplicity": 4,
    "name": "c.h.chrg2.mult4.sep1.00-pyscf-uccsdt.ccpv5z",
    "atomic_numbers": [ 6, 1 ],
    "n_electrons": 5,
    "model": {
        "method": "UCCSD(T)",
        "basis": "cc-pV5Z",
        "scf_conv_tol": 1e-09,
        "scf_conv_tol_grad": 1e-06,
        "cc_conv_tol": 1e-05,
        "cc_conv_tol_normt": 1e-07
    },
    "broken_symmetry": false,
    "finite_diff_delta": 0.01,
    "finite_diff_acc": 2,
    "qa_lambdas": [-3.0, -2.75, -2.5, -2.25, -2.0, -1.75, -1.5, -1.25, -1.0, -0.75, -0.5, -0.25, -0.02, -0.01, 0.0, 0.01, 0.02],
    "electronic_energies": [-7.780065978261801, -9.344561171019652, -11.056134292408034, -12.91833306370864, -14.934420002055498, -17.107012683526943, -19.437998769660027, -21.928723480702924, -24.580284494868557, -27.393753047629122, -30.370265227588984, -33.51101713920989, -36.546594679950154, -36.681766453040254, -36.81720464505764, -36.9529093217034, -37.08888054811729],
    "qats_energies": {
        "0": [-36.817204645057615, -36.817204645057615, -36.817204645057615, -36.817204645057615, -36.817204645057615, -36.817204645057615, -36.817204645057615, -36.817204645057615, -36.817204645057615, -36.817204645057615, -36.817204645057615, -36.817204645057615, -36.817204645057615, -36.817204645057615, -36.817204645057615, -36.817204645057615, -36.817204645057615],
        "1": [3.854225654414563, 0.46493979612521485, -2.9243460621641333, -6.313631920453481, -9.70291777874283, -13.092203637032178, -16.481489495321526, -19.870775353610874, -23.260061211900222, -26.64934707018957, -30.03863292847892, -33.42791878676827, -36.54606177639447, -36.68163321072604, -36.817204645057615, -36.95277607938919, -37.08834751372076],
        "2": [-8.137582624762445, -9.611510216238798, -11.2519907004815, -13.059024077490548, -15.032610347265944, -17.172749509807687, -19.479441565115778, -21.952686513190216, -24.592484354031, -27.398835087638133, -30.371738714011613, -33.51119523315144, -36.54659474565132, -36.681766453040254, -36.817204645057615, -36.9529093217034, -37.088880482977615],
        "3": [-7.843190737894361, -9.384753502453258, -11.081625025210613, -12.934827500218077, -14.945383121527254, -17.11431408318977, -19.442642579257267, -21.931390803781355, -24.581580950813667, -27.394235214405818, -30.370375788609447, -33.511024867476166, -36.54659465842409, -36.68176644213685, -36.817204645057615, -36.95290933260681, -37.08888057020484],
        "4": [-7.653691921255927, -9.250954690030255, -10.990238636013842, -12.874868890266072, -14.907951256512252, -17.09237221114363, -19.430798903217365, -21.925679154456557, -24.579241459250227, -27.393494984653326, -30.37022957038673, -33.51101572883725, -36.54659465804978, -36.68176644211346, -36.817204645057615, -36.95290933258341, -37.08888056983052]
    },
    "qats_poly_coeffs": [ -36.817204645057615, -13.557143433157393, -1.3324231421307786, -0.01090340321733644, 0.0023394915634374533 ],
    "hf_energies": [-7.726255506367118, -9.290634793700365, -11.00193019429829, -12.863924471903884, -14.880052730455025, -17.052983708240664, -19.384554144022623, -21.876024190160884, -24.52842047136663, -27.342770796266752, -30.320192177988286, -33.461879837466185, -36.49835210435433, -36.63356375485193, -36.769041917669995, -36.90478666002997, -37.04079804860045],
    "triples_corrections": [-0.00020598855899441965, -0.00019127091085839333, -0.00018636205399046556, -0.0001847620739565722, -0.00018230576605848817, -0.0001774158833008928, -0.00017045783051211857, -0.00016244737306115518, -0.0001541644855768104, -0.0001459692546935552, -0.00013793742666693817, -0.0001300127185666284, -0.00012273621324110083, -0.00012241905271598337, -0.0001221017876094443, -0.00012178441398281537, -0.0001214669280179049],
    "scf_converged": [true, true, true, true, true, true, true, true, true, true, true, true, true, true, true, true, true],
    "cc_converged": [true, true, true, true, true, true, true, true, true, true, true, true, true, true, true, true, true],
    "scf_spin_squared": [3.750058878757928, 3.7500331272608083, 3.7500208808894593, 3.750014984303208, 3.7500121788869016, 3.7500108768674534, 3.750010271221871, 3.750009963135902, 3.7500097722830046, 3.7500096268480982, 3.750009504202792, 3.750009401685094, 3.7500093273968913, 3.7500093246203017, 3.7500093218807393, 3.750009319178005, 3.7500093165118646],
    "cc_spin_squared": [3.7500021236066607, 3.7500012569199477, 3.7500008525716515, 3.750000647688487, 3.7500005300214982, 3.7500004510965934, 3.7500003913697375, 3.75000034332649, 3.7500003036418548, 3.7500002702941098, 3.750000241821655, 3.750000217087356, 3.7500001968697916, 3.7500001960367584, 3.750000195207201, 3.750000194381119, 3.750000193558435]
}