{
    "schema_name": "pyscf_apdft_output",
    "provenance": {
        "creator": "PySCF",
        "version": "1.7.6"
    },
    "molecule": {
        "geometry": [[0.0, 0.0, 0.0], [1.8, 0.0, 0.0]],
        "symbols": [ "F", "H" ]
    },
    "molecular_charge": 2,
    "molecular_multiplicity": 3,
    "name": "f.h.chrg2.mult3.sep1.80-pyscf-uccsdt.ccpv5z",
    "atomic_numbers": [ 9, 1 ],
    "n_electrons": 8,
    "model": {
        "method": "UCCSD(T)",
        "basis": "cc-pV5Z",
        "scf_conv_tol": 1e-09,
        "scf_conv_tol_grad": 1e-06,
        "cc_conv_tol": 1e-05,
        "cc_conv_tol_normt": 1e-07
    },
    "broken_symmetry": false,
    "finite_diff_delta": 0.01,
    "finite_diff_acc": 2,
    "apdft_lambdas": [-3.0, -2.75, -2.5, -2.25, -2.0, -1.75, -1.5, -1.25, -1.0, -0.75, -0.5, -0.25, -0.02, -0.01, 0.0, 0.01, 0.02],
    "electronic_energies": [-38.27432496327841, -42.15033955145307, -46.2250808099671, -50.50117734949867, -55.10061465675579, -59.788276804390854, -64.68688911300887, -69.80045703426171, -75.13764980210395, -80.70679708266191, -86.50785949512671, -92.53726143006551, -98.28268447840712, -98.53676295098859, -98.7911967349232, -99.045985709468, -99.30112975605218],
    "apdft_energies": {
        "0": [-98.79119673492312, -98.79119673492312, -98.79119673492312, -98.79119673492312, -98.79119673492312, -98.79119673492312, -98.79119673492312, -98.79119673492312, -98.79119673492312, -98.79119673492312, -98.79119673492312, -98.79119673492312, -98.79119673492312, -98.79119673492312, -98.79119673492312, -98.79119673492312, -98.79119673492312],
        "1": [-22.407782963011584, -28.773067444004212, -35.13835192499684, -41.50363640598947, -47.868920886982096, -54.234205367974724, -60.59948984896735, -66.96477432995998, -73.33005881095261, -79.69534329194524, -86.06062777293786, -92.42591225393049, -98.28197397644371, -98.53658535568341, -98.79119673492312, -99.04580811416282, -99.30041949340253],
        "2": [-38.39136042874401, -42.20371239784882, -46.238058498422134, -50.494398730463956, -54.972733093974284, -59.67306158895312, -64.59538421540046, -69.7397009733163, -75.10601186270065, -80.69431688355351, -86.50461603587488, -92.53690931966474, -98.28268435766441, -98.53676295098859, -98.79119673492312, -99.045985709468, -99.30112987462323],
        "3": [-38.92981639655744, -42.618460599908815, -46.54966496127713, -50.72155984188525, -55.13227560295604, -59.77994260571238, -64.66269121137714, -69.77865178117318, -75.12595467632337, -80.7027302580506, -86.50710888757771, -92.5372209261276, -98.28268451720692, -98.5367629709314, -98.79119673492312, -99.04598568952518, -99.30112971508072],
        "4": [-39.66275170899934, -43.13596184940061, -46.90312527784826, -50.953465155587566, -55.27705294862358, -59.86480842772111, -64.70849966840476, -69.80074305095887, -75.1350032604276, -80.70559328661483, -86.50767442408423, -92.53725627215925, -98.28268451865469, -98.53676297102189, -98.79119673492312, -99.04598568961568, -99.3011297165285]
    },
    "apdft_poly_coeff": [ -98.79119673492312, -25.46113792397051, -1.775953051748047, 0.019942813622719765, -0.009048584104220936 ],
    "hf_energies": [-38.081916046825384, -41.953566680482794, -46.02411078664682, -50.296127284278796, -54.84209405972565, -59.521108092088916, -64.41928295496828, -69.5399464522655, -74.91553288121936, -80.47916302890057, -86.28369593225905, -92.31557539461312, -98.06255104692369, -98.31668872887946, -98.57118125463217, -98.82602852489163, -99.08123044183009],
    "triples_corrections": [-0.0069662518300813705, -0.0067573007752363586, -0.006605374608730967, -0.006487260330333638, -0.01092411672534595, -0.011058309750306663, -0.010853217596168484, -0.010186366274144567, -0.0055961341559376135, -0.00490866936032246, -0.004009555530522538, -0.003409422269388455, -0.0030463498019201356, -0.003033064115868996, -0.003019940585569918, -0.0030069748322437747, -0.0029941626270564054],
    "scf_converged": [true, true, true, true, true, true, true, true, true, true, true, true, true, true, true, true, true],
    "cc_converged": [true, true, true, true, true, true, true, true, true, true, true, true, true, true, true, true, true],
    "scf_spin_squared": [2.0465776411574272, 2.0300136850770136, 2.020946849216417, 2.016172818678876, 2.0431203309001473, 2.0429048034549693, 2.0549354609200217, 2.1625147732856456, 2.4799394513877497, 2.076685964815286, 2.01805541606723, 2.009496901936971, 2.006962682561126, 2.006891453740224, 2.0068222920507135, 2.006755105589712, 2.0066898074871626],
    "cc_spin_squared": [2.00168155091329, 2.001040517736196, 2.000672737263117, 2.000480297468563, 2.0479916514987675, 2.0549462940441465, 2.0437462310289796, 2.0171448140343466, 2.0177752527552757, 2.003465726240377, 2.0007760676154813, 2.0002564809618653, 2.000130648087546, 2.000127661809823, 2.0001247982001833, 2.0001220508711883, 2.0001194138098413]
}