{
    "schema_name": "pyscf_qa_output",
    "provenance": {
        "creator": "PySCF",
        "version": "1.7.6"
    },
    "molecule": {
        "geometry": [[0.0, 0.0, 0.0], [1.3, 0.0, 0.0]],
        "symbols": [ "O", "H" ]
    },
    "molecular_charge": 2,
    "molecular_multiplicity": 2,
    "name": "o.h.chrg2.mult2.sep1.30-pyscf-uccsdt.ccpv5z",
    "atomic_numbers": [ 8, 1 ],
    "n_electrons": 7,
    "model": {
        "method": "UCCSD(T)",
        "basis": "cc-pV5Z",
        "scf_conv_tol": 1e-09,
        "scf_conv_tol_grad": 1e-06,
        "cc_conv_tol": 1e-05,
        "cc_conv_tol_normt": 1e-07
    },
    "broken_symmetry": false,
    "finite_diff_delta": 0.01,
    "finite_diff_acc": 2,
    "qa_lambdas": [-3.0, -2.75, -2.5, -2.25, -2.0, -1.75, -1.5, -1.25, -1.0, -0.75, -0.5, -0.25, -0.02, -0.01, 0.0, 0.01, 0.02],
    "electronic_energies": [-25.226199113958312, -28.260413314237407, -31.47311020100768, -34.86789153660099, -38.44815371195244, -42.21701101475257, -46.17732690256868, -50.33181320246272, -54.6831513539414, -59.23406447163281, -63.98724344994843, -68.94507064369232, -73.68848483446958, -73.89869410560405, -74.10923480087085, -74.3201069356385, -74.53131052276487],
    "qats_energies": {
        "0": [-74.1092348008708, -74.1092348008708, -74.1092348008708, -74.1092348008708, -74.1092348008708, -74.1092348008708, -74.1092348008708, -74.1092348008708, -74.1092348008708, -74.1092348008708, -74.1092348008708, -74.1092348008708, -74.1092348008708, -74.1092348008708, -74.1092348008708, -74.1092348008708, -74.1092348008708],
        "1": [-10.897310295702468, -16.16497067113316, -21.432631046563856, -26.70029142199455, -31.967951797425243, -37.23561217285594, -42.50327254828663, -47.770932923717325, -53.03859329914802, -58.30625367457871, -63.57391405000941, -68.8415744254401, -73.68782197083634, -73.89852838585357, -74.1092348008708, -74.31994121588802, -74.53064763090525],
        "2": [-25.812087839268983, -28.697526801491136, -31.79011545181838, -35.089853790250714, -38.59674181678814, -42.310779531430654, -46.23196693417826, -50.360304025030956, -54.69579080398874, -59.23842727105162, -63.98821342621959, -68.94514926949265, -73.68848484983828, -73.89869410560405, -74.1092348008708, -74.3201069356385, -74.53131050990719],
        "3": [-25.74857848149621, -28.64860842464185, -31.753362351255433, -35.06306077994033, -38.57792422929991, -42.29817321793756, -46.22402826445666, -50.35570988746059, -54.693438605552714, -59.23743493733642, -63.987919401415084, -68.94511251639209, -73.68848483102069, -73.89869410325186, -74.1092348008708, -74.3201069379907, -74.53131052872477],
        "4": [-24.90110119315021, -28.050232895191925, -31.344663813279936, -34.7949136691746, -38.41052130814514, -42.20004469896965, -46.17106093393504, -50.330166228837115, -54.682975922980546, -59.23412447917882, -63.98726548375432, -68.94507164653828, -73.68848482934666, -73.89869410314722, -74.1092348008708, -74.32010693788608, -74.53131052705075]
    },
    "qats_poly_coeffs": [ -74.1092348008708, -21.070641501722776, -1.657197504840724, -0.0023521984360286292, 0.01046268257217283 ],
    "hf_energies": [-25.06585668931247, -28.094489502239977, -31.301692800486887, -34.69115584856364, -38.266351504268556, -42.030515400139876, -45.986718614837244, -50.137931036993564, -54.4870374913019, -59.03678522292712, -63.789624255003034, -68.7474795429035, -73.49083570165598, -73.70103612643072, -73.9115673214209, -74.12242929102378, -74.33362203776504],
    "triples_corrections": [-0.003861155309091318, -0.004075310034051715, -0.004267716345867818, -0.004423232197037335, -0.004533678355467031, -0.004595870144355903, -0.004608960570632825, -0.004574093103734317, -0.0044976462257756075, -0.004395866480023732, -0.004299014832325258, -0.00425129704773305, -0.004292572287356715, -0.004296742429934969, -0.004301127572546795, -0.004305729349941118, -0.004310549330172188],
    "scf_converged": [true, true, true, true, true, true, true, true, true, true, true, true, true, true, true, true, true],
    "cc_converged": [true, true, true, true, true, true, true, true, true, true, true, true, true, true, true, true, true],
    "scf_spin_squared": [0.7636430282427491, 0.7620684078571323, 0.7610815882712516, 0.7606737963869428, 0.7609882862659085, 0.7621414104960023, 0.7637793255425143, 0.7647641780315273, 0.7639986424740286, 0.7617387150508024, 0.7591639077207999, 0.7570637957212645, 0.7556749427090743, 0.7556249106746855, 0.7555756472491328, 0.7555271407776081, 0.7554793796313799],
    "cc_spin_squared": [0.7502243757840557, 0.7502133119040992, 0.7502109021328853, 0.7502149449593443, 0.7502250045353489, 0.7502391108681563, 0.750251279547758, 0.7502515338143527, 0.7502325358148403, 0.7501975532499956, 0.7501576035057389, 0.7501226363206188, 0.7500984370848565, 0.7500975599864117, 0.7500966965963256, 0.7500958467733156, 0.7500950103723631]
}