{
    "schema_name": "pyscf_qa_output",
    "provenance": {
        "creator": "PySCF",
        "version": "1.7.6"
    },
    "molecule": {
        "geometry": [[0.0, 0.0, 0.0], [1.5, 0.0, 0.0]],
        "symbols": [ "C", "H" ]
    },
    "molecular_charge": 0,
    "molecular_multiplicity": 2,
    "name": "c.h.chrg0.mult2.sep1.50-pyscf-uccsdt.ccpv5z",
    "atomic_numbers": [ 6, 1 ],
    "n_electrons": 7,
    "model": {
        "method": "UCCSD(T)",
        "basis": "cc-pV5Z",
        "scf_conv_tol": 1e-09,
        "scf_conv_tol_grad": 1e-06,
        "cc_conv_tol": 1e-05,
        "cc_conv_tol_normt": 1e-07
    },
    "broken_symmetry": false,
    "finite_diff_delta": 0.01,
    "finite_diff_acc": 2,
    "qa_lambdas": [-1.0, -0.75, -0.5, -0.25, -0.02, -0.01, 0.0, 0.01, 0.02, 0.25, 0.5, 0.75, 1.0, 1.25, 1.5, 1.75, 2.0],
    "electronic_energies": [-25.2508625547806, -28.263215641989568, -31.45957722136253, -34.84276424227887, -38.122243988154565, -38.268483808015354, -38.41502906438285, -38.56187986884465, -38.709036332620094, -42.178247637916364, -46.13409024313319, -50.28410505673364, -54.629868941691896, -59.17303833652466, -63.91494630093487, -68.85558577462841, -73.99271091072306],
    "qats_energies": {
        "0": [-38.415029064382836, -38.415029064382836, -38.415029064382836, -38.415029064382836, -38.415029064382836, -38.415029064382836, -38.415029064382836, -38.415029064382836, -38.415029064382836, -38.415029064382836, -38.415029064382836, -38.415029064382836, -38.415029064382836, -38.415029064382836, -38.415029064382836, -38.415029064382836, -38.415029064382836],
        "1": [-23.74522602291809, -27.412676783284276, -31.080127543650462, -34.74757830401665, -38.12163300355354, -38.26833103396819, -38.415029064382836, -38.56172709479748, -38.70842512521213, -42.08247982474902, -45.74993058511521, -49.417381345481395, -53.08483210584758, -56.75228286621377, -60.419733626579955, -64.08718438694615, -67.75463514731233],
        "2": [-25.27296649457658, -28.272030798592176, -31.462062661565085, -34.843062083495305, -38.122244099742204, -38.268483808015354, -38.415029064382836, -38.56187986884465, -38.709036221400794, -42.17796360422768, -46.13186570302983, -50.276735360789296, -54.61257257750607, -59.13937735318016, -63.85714968781156, -68.76588958140027, -73.86559703394629],
        "3": [-25.254399249649843, -28.264197742138712, -31.459741755949242, -34.84277197029333, -38.12224395120425, -38.26848378944811, -38.415029064382836, -38.56187988741189, -38.70903636993875, -42.178253717429655, -46.13418660864567, -50.28456841724276, -54.6311398224328, -59.175641503427684, -63.91981413943928, -68.86539840967947, -74.01413499336016],
        "4": [-25.252864595764393, -28.263712168057765, -31.459645840081404, -34.842765975551586, -38.1222439509587, -38.268483789432764, -38.415029064382836, -38.56187988739655, -38.70903636969321, -42.17824772268792, -46.13409069277783, -50.28408284316182, -54.62960516854736, -59.17189478984015, -63.91204495414418, -68.85100503476163, -73.98958053119291]
    },
    "qats_poly_coeffs": [ -38.415029064382836, -14.669803041464746, -1.5277404716584897, -0.018567244926733412, 0.0015346538854525231 ],
    "hf_energies": [-25.094536013524362, -28.101666374537583, -31.292929958408443, -34.67093921600441, -37.94577150788108, -38.09182055726996, -38.238176476184464, -38.38483943190659, -38.53180958940985, -41.99724190093315, -45.950075696426076, -50.09795415173286, -54.442698595182605, -58.986780963447664, -63.7310106361366, -68.67386447279938, -73.81229123253804],
    "triples_corrections": [-0.004712855348986047, -0.004938696103443796, -0.005094250080209004, -0.005210758418139943, -0.005297484497689081, -0.00530089490666037, -0.005304275725207436, -0.005307626158843257, -0.005310945176381064, -0.005372250783622474, -0.00536166382078504, -0.005219781090929537, -0.004978918256366827, -0.004733790437828017, -0.004532269258348989, -0.004467508757026545, -0.004619734442298147],
    "scf_converged": [true, true, true, true, true, true, true, true, true, true, true, true, true, true, true, true, true],
    "cc_converged": [true, true, true, true, true, true, true, true, true, true, true, true, true, true, true, true, true],
    "scf_spin_squared": [0.7647677806237869, 0.763969690324132, 0.764435337646546, 0.770654665928411, 0.7953079462072759, 0.7971185592902739, 0.798997322217645, 0.8009432896475706, 0.802955152708182, 0.8600624617150618, 0.9073722051719808, 0.9033605961160789, 0.8458465576172425, 0.7873673241678221, 0.7651351256156684, 0.7582454275726445, 0.7556363079547017],
    "cc_spin_squared": [0.7503288897779772, 0.750339227898924, 0.7503749168945189, 0.75047199404464, 0.7506823670868938, 0.7506953171673052, 0.750708592474834, 0.7507221869004541, 0.750735749628888, 0.7511061195403135, 0.7514137271282919, 0.7513647195412294, 0.7509617785876386, 0.7505297533833877, 0.7502839085207351, 0.750164429268438, 0.7501088452844953]
}