{
    "schema_name": "pyscf_apdft_output",
    "provenance": {
        "creator": "PySCF",
        "version": "1.7.6"
    },
    "molecule": {
        "geometry": [[0.0, 0.0, 0.0], [1.2, 0.0, 0.0]],
        "symbols": [ "N", "H" ]
    },
    "molecular_charge": 1,
    "molecular_multiplicity": 4,
    "name": "n.h.chrg1.mult4.sep1.20-pyscf-uccsdt.ccpv5z",
    "atomic_numbers": [ 7, 1 ],
    "n_electrons": 7,
    "model": {
        "method": "UCCSD(T)",
        "basis": "cc-pV5Z",
        "scf_conv_tol": 1e-09,
        "scf_conv_tol_grad": 1e-06,
        "cc_conv_tol": 1e-05,
        "cc_conv_tol_normt": 1e-07
    },
    "broken_symmetry": false,
    "finite_diff_delta": 0.01,
    "finite_diff_acc": 2,
    "apdft_lambdas": [-2.0, -1.75, -1.5, -1.25, -1.0, -0.75, -0.5, -0.25, -0.02, -0.01, 0.0, 0.01, 0.02, 0.25, 0.5, 0.75, 1.0],
    "electronic_energies": [-25.224837640547193, -28.24774288825245, -31.45334504449889, -34.845245081461556, -38.426502078925395, -42.19971469193857, -46.16716960403137, -50.330977759917225, -54.336816352027576, -54.5148142320285, -54.693132311227835, -54.871770698894665, -55.05072950344226, -59.25545161575432, -64.01940760123466, -68.98589314162902, -74.15502952682186],
    "apdft_energies": {
        "0": [-54.69313231122782, -54.69313231122782, -54.69313231122782, -54.69313231122782, -54.69313231122782, -54.69313231122782, -54.69313231122782, -54.69313231122782, -54.69313231122782, -54.69313231122782, -54.69313231122782, -54.69313231122782, -54.69313231122782, -54.69313231122782, -54.69313231122782, -54.69313231122782, -54.69313231122782],
        "1": [-18.997485624611265, -23.459441460438335, -27.921397296265404, -32.38335313209247, -36.84530896791954, -41.30726480374661, -45.76922063957368, -50.23117647540075, -54.336175844361655, -54.51465407779474, -54.69313231122782, -54.8716105446609, -55.050088778093986, -59.15508814705489, -63.61704398288196, -68.07899981870904, -72.5409556545361],
        "2": [-25.403654975052625, -28.36416486937, -31.52486755588867, -34.88576303460863, -38.44685130552988, -42.20813236865243, -46.16960622397627, -50.3312728715014, -54.3368164612967, -54.5148142320285, -54.69313231122782, -54.871770698894665, -55.05072939502903, -59.255184543155536, -64.01742956728455, -68.97986738361485, -74.14249799214645],
        "3": [-25.258533404588274, -28.26694475478158, -31.46364439334902, -34.850332963694484, -38.42871110922184, -42.20047947333497, -46.167338699437764, -50.33098943093408, -54.33681631617513, -54.5148142138883, -54.69313231122782, -54.87177071703486, -55.0507295401506, -59.25546798372285, -64.01969709182305, -68.9875202789323, -74.16063818845448],
        "4": [-25.201472085955167, -28.233496457408997, -31.445589835500265, -34.84162609744797, -38.42514477680727, -42.19935106346942, -46.16711580366185, -50.33097549994809, -54.336816315604516, -54.51481421385264, -54.69313231122782, -54.871770716999194, -55.05072953957999, -59.25545405273685, -64.01947419604714, -68.98639186906675, -74.15707185603992]
    },
    "apdft_poly_coeff": [ -54.69313231122782, -17.847823343308278, -1.60154233761034, -0.018140196308043716, 0.0035663324145692363 ],
    "hf_energies": [-25.096974062849164, -28.1152806712403, -31.3165864587165, -34.70451642411839, -38.28211937780011, -42.05204800294933, -46.01672406434666, -50.17840830941946, -54.182946686196146, -54.36090242413073, -54.5391795396951, -54.71777813801911, -54.896698323136626, -59.10084174255588, -63.86476416713289, -68.83169275789028, -74.00161057682523],
    "triples_corrections": [-0.0027059712021744, -0.0029316790906858425, -0.0031084197069606704, -0.0032278472290545104, -0.003292417780705786, -0.0033075487001289895, -0.0032758706034489754, -0.003197487228409988, -0.0030847518948838365, -0.0030790058251188653, -0.0030731923066851952, -0.003067311787171287, -0.00306136472992545, -0.002907527167297233, -0.002710759839008034, -0.002498230690586398, -0.002286202819475735],
    "scf_converged": [true, true, true, true, true, true, true, true, true, true, true, true, true, true, true, true, true],
    "cc_converged": [true, true, true, true, true, true, true, true, true, true, true, true, true, true, true, true, true],
    "scf_spin_squared": [3.755142900208396, 3.7547125639042895, 3.75436612317995, 3.7540537426116254, 3.7537777032097908, 3.753585979526772, 3.75350627922402, 3.7535196979381698, 3.7536040257671184, 3.753609448911862, 3.753615029954886, 3.753620769874704, 3.753626669531968, 3.7538060356478704, 3.754070273556265, 3.7543233035641603, 3.754473659614648],
    "cc_spin_squared": [3.750242816183216, 3.7502426605701022, 3.750242819740671, 3.7502410499667325, 3.750236421900934, 3.7502287928615092, 3.750217740608767, 3.7502021963301684, 3.750183313251589, 3.7501823989717904, 3.750181477802361, 3.7501805498881957, 3.750179615379845, 3.7501567198585093, 3.75013091182529, 3.7501073069298503, 3.7500877691247387]
}