{
    "schema_name": "pyscf_qa_output",
    "provenance": {
        "creator": "PySCF",
        "version": "1.7.6"
    },
    "molecule": {
        "geometry": [[0.0, 0.0, 0.0], [0.7, 0.0, 0.0]],
        "symbols": [ "C", "H" ]
    },
    "molecular_charge": 0,
    "molecular_multiplicity": 2,
    "name": "c.h.chrg0.mult2.sep0.70-pyscf-uccsdt.ccpv5z",
    "atomic_numbers": [ 6, 1 ],
    "n_electrons": 7,
    "model": {
        "method": "UCCSD(T)",
        "basis": "cc-pV5Z",
        "scf_conv_tol": 1e-09,
        "scf_conv_tol_grad": 1e-06,
        "cc_conv_tol": 1e-05,
        "cc_conv_tol_normt": 1e-07
    },
    "broken_symmetry": false,
    "finite_diff_delta": 0.01,
    "finite_diff_acc": 2,
    "qa_lambdas": [-1.0, -0.75, -0.5, -0.25, -0.02, -0.01, 0.0, 0.01, 0.02, 0.25, 0.5, 0.75, 1.0, 1.25, 1.5, 1.75, 2.0],
    "electronic_energies": [-24.966675168810337, -28.00045582009846, -31.21978603913504, -34.62646422610734, -37.92685587155154, -38.073970671722634, -38.22138721992699, -38.36910552628438, -38.517125600357744, -42.00489029758933, -45.97705307573637, -50.13781754321406, -54.486967722994386, -59.024060183119495, -63.74835408394604, -68.65875738074713, -73.753788207112],
    "qats_energies": {
        "0": [-38.22138721992707, -38.22138721992707, -38.22138721992707, -38.22138721992707, -38.22138721992707, -38.22138721992707, -38.22138721992707, -38.22138721992707, -38.22138721992707, -38.22138721992707, -38.22138721992707, -38.22138721992707, -38.22138721992707, -38.22138721992707, -38.22138721992707, -38.22138721992707, -38.22138721992707],
        "1": [-23.46464449183982, -27.153830173861632, -30.843015855883444, -34.53220153790525, -37.92625236536532, -38.07381979264619, -38.22138721992707, -38.36895464720794, -38.51652207448881, -41.91057290194888, -45.59975858397069, -49.2889442659925, -52.97812994801431, -56.66731563003613, -60.35650131205794, -64.04568699407974, -67.73487267610156],
        "2": [-24.97343525623718, -28.002524978835147, -31.220213546982784, -34.62650096068009, -37.92685588167108, -38.073970671722634, -38.22138721992707, -38.36910552628438, -38.51712559079457, -42.00487232472371, -45.97695627507003, -50.13763907096602, -54.486920712411674, -59.024801199407, -63.751280531952, -68.66635871004667, -73.770035733691],
        "3": [-24.97179502991205, -28.001833008354232, -31.220008518692143, -34.62647533214376, -37.92685586854927, -38.07397067008241, -38.22138721992707, -38.3691055279246, -38.517125603916384, -42.00489795326004, -45.977161303360674, -50.13833104144693, -54.48856093873681, -59.02800476644828, -63.75681629579932, -68.67514929800792, -73.78315754429207],
        "4": [-24.969476795418792, -28.0010995044716, -31.219863629036315, -34.62646627654027, -37.92685586817835, -38.073970670059225, -38.22138721992707, -38.369105527901425, -38.517125603545466, -42.004888897656556, -45.977016413704845, -50.137597537564304, -54.48624270424355, -59.022345014267465, -63.74508023367719, -68.65340679403013, -73.74606579239992]
    },
    "qats_poly_coeffs": [ -38.22138721992707, -14.756742728087247, -1.5087907643973608, -0.0016402263251317584, 0.002318234493259297 ],
    "hf_energies": [-24.806358515475104, -27.83683508841329, -31.053702592044562, -34.45849171823879, -37.75745496002884, -37.90451259026804, -38.051872332546324, -38.199534192753006, -38.34749817640732, -41.834064002451385, -45.80510553204158, -49.96493003789052, -54.313323687711126, -58.84984893766858, -63.573772546379274, -68.4840096927468, -73.57908434800575],
    "triples_corrections": [-0.004073900787487409, -0.004077782975663473, -0.003991356896276789, -0.0038605154151012734, -0.003734365186981051, -0.0037290244487705256, -0.003723701426979706, -0.003718396536651103, -0.0037131101591589503, -0.0035971090500594846, -0.003483153758996517, -0.0033798479313294403, -0.003284837356663872, -0.003196388318140909, -0.0031133397188592123, -0.0030350131759416406, -0.002961021672561142],
    "scf_converged": [true, true, true, true, true, true, true, true, true, true, true, true, true, true, true, true, true],
    "cc_converged": [true, true, true, true, true, true, true, true, true, true, true, true, true, true, true, true, true],
    "scf_spin_squared": [0.7644305703873813, 0.7628590940278359, 0.7612374410043294, 0.7596871031379835, 0.7584617283032724, 0.7584135859125105, 0.7583658706243042, 0.7583185809956774, 0.7582717154173215, 0.7573052847134858, 0.7564657426323849, 0.755794364067714, 0.7552465844114953, 0.7547896162870482, 0.754400421191026, 0.7540628755499275, 0.7537654917342098],
    "cc_spin_squared": [0.7503334620672002, 0.7502957654532889, 0.7502487508034328, 0.75020352718973, 0.7501690623094175, 0.7501677425850533, 0.7501664375648915, 0.7501651471775603, 0.7501638713459442, 0.7501383074592443, 0.7501174984337671, 0.7501020340050715, 0.7500903317490364, 0.7500812807606327, 0.7500741186658795, 0.750068336037303, 0.7500635667062356]
}