{
    "schema_name": "pyscf_qa_output",
    "provenance": {
        "creator": "PySCF",
        "version": "1.7.6"
    },
    "molecule": {
        "geometry": [[0.0, 0.0, 0.0], [1.2, 0.0, 0.0]],
        "symbols": [ "B", "H" ]
    },
    "molecular_charge": 2,
    "molecular_multiplicity": 1,
    "name": "b.h.chrg2.mult1.sep1.20-pyscf-ccsdt.ccpv5z",
    "atomic_numbers": [ 5, 1 ],
    "n_electrons": 4,
    "model": {
        "method": "CCSD(T)",
        "basis": "cc-pV5Z",
        "scf_conv_tol": 1e-09,
        "scf_conv_tol_grad": 1e-06,
        "cc_conv_tol": 1e-05,
        "cc_conv_tol_normt": 1e-07
    },
    "broken_symmetry": false,
    "finite_diff_delta": 0.01,
    "finite_diff_acc": 2,
    "qa_lambdas": [-2.0, -1.75, -1.5, -1.25, -1.0, -0.75, -0.5, -0.25, -0.02, -0.01, 0.0, 0.01, 0.02],
    "electronic_energies": [-8.03331113632095, -9.548494324220298, -11.201005320976051, -12.992220352234236, -14.923911849873729, -16.998252447687147, -19.2177610835689, -21.585174927818105, -23.89619152823255, -23.99959443331049, -24.103242287724427, -24.207135237552485, -24.31127342735152],
    "qats_energies": {
        "0": [-24.103242287724413, -24.103242287724413, -24.103242287724413, -24.103242287724413, -24.103242287724413, -24.103242287724413, -24.103242287724413, -24.103242287724413, -24.103242287724413, -24.103242287724413, -24.103242287724413, -24.103242287724413, -24.103242287724413],
        "1": [-3.3491618635250404, -5.943421916549962, -8.537681969574884, -11.131942022599805, -13.726202075624727, -16.32046212864965, -18.91472218167457, -21.50898223469949, -23.89570148348242, -23.999471885603416, -24.103242287724413, -24.20701268984541, -24.310783091966407],
        "2": [-8.251070146542105, -9.696445445734902, -11.295005378771982, -13.046749945653346, -14.951679146378993, -17.009792980948923, -19.221091449363136, -21.585574551621633, -23.89619167431072, -23.99959443331049, -24.103242287724413, -24.207135237552485, -24.31127328279471],
        "3": [-8.05731349137747, -9.566643624013281, -11.213264289874402, -12.999446074763544, -14.927459564483414, -16.999575344836725, -19.21806400162619, -21.585196120654516, -23.896191480554066, -23.99959440909091, -24.103242287724413, -24.207135261772066, -24.311273476551364],
        "4": [-7.955889200189603, -9.50719056660555, -11.181173010240741, -12.98396995611305, -14.921120546284172, -16.99756963985962, -19.217667812988736, -21.585171358864674, -23.896191479539823, -23.99959440902752, -24.103242287724413, -24.20713526170868, -24.31127347553712]
    },
    "qats_poly_coeffs": [ -24.103242287724413, -10.377040212099686, -1.2254770707542662, -0.024219581895579264, 0.006339018199241764 ],
    "hf_energies": [-7.953678247713319, -9.470465776752695, -11.12442276448664, -12.91684565120771, -14.84942565236347, -16.924267833158865, -19.143849398738062, -21.510893263783217, -23.821178074654835, -23.924540618759224, -24.028147394524048, -24.131998547029017, -24.236094219787056],
    "triples_corrections": [-0.00021424183845373466, -0.00019050078840921643, -0.00017914305799653603, -0.00017753126982629724, -0.00018445593451117348, -0.00019957588063481029, -0.00022281916866341618, -0.000253556982076302, -0.0002867113511791895, -0.00028821655486408257, -0.00028972482065848826, -0.00029123585677321437, -0.0002927493687127163],
    "scf_converged": [true, true, true, true, true, true, true, true, true, true, true, true, true],
    "cc_converged": [true, true, true, true, true, true, true, true, true, true, true, true, true],
    "t1_diagnostic": [0.004827624643471645, 0.004924877548569087, 0.005275171910690371, 0.005857979049130817, 0.006690962523929261, 0.007817539970297502, 0.00924859738227716, 0.010902170099898936, 0.012459435263241255, 0.01252492873046399, 0.012590105388810136, 0.012654949685462194, 0.012719446164965434]
}