{
    "schema_name": "pyscf_apdft_output",
    "provenance": {
        "creator": "PySCF",
        "version": "1.7.6"
    },
    "molecule": {
        "geometry": [[0.0, 0.0, 0.0], [0.7, 0.0, 0.0]],
        "symbols": [ "C", "H" ]
    },
    "molecular_charge": 1,
    "molecular_multiplicity": 1,
    "name": "c.h.chrg1.mult1.sep0.70-pyscf-ccsdt.ccpv5z",
    "atomic_numbers": [ 6, 1 ],
    "n_electrons": 6,
    "model": {
        "method": "CCSD(T)",
        "basis": "cc-pV5Z",
        "scf_conv_tol": 1e-09,
        "scf_conv_tol_grad": 1e-06,
        "cc_conv_tol": 1e-05,
        "cc_conv_tol_normt": 1e-07
    },
    "broken_symmetry": false,
    "finite_diff_delta": 0.01,
    "finite_diff_acc": 2,
    "apdft_lambdas": [-2.0, -1.75, -1.5, -1.25, -1.0, -0.75, -0.5, -0.25, -0.02, -0.01, 0.0, 0.01, 0.02, 0.25, 0.5, 0.75, 1.0],
    "electronic_energies": [-14.88815878981467, -17.15802369932071, -19.595221022719045, -22.20200764257892, -24.980004181467827, -27.93022638981829, -31.053311485432875, -34.349750315132276, -37.535979822581744, -37.67785439944975, -37.820007787169395, -37.96244001367609, -38.10515110674978, -41.4645343807201, -45.283716707440256, -49.277804398904756, -53.44683790594215],
    "apdft_energies": {
        "0": [-37.82000778716931, -37.82000778716931, -37.82000778716931, -37.82000778716931, -37.82000778716931, -37.82000778716931, -37.82000778716931, -37.82000778716931, -37.82000778716931, -37.82000778716931, -37.82000778716931, -37.82000778716931, -37.82000778716931, -37.82000778716931, -37.82000778716931, -37.82000778716931, -37.82000778716931],
        "1": [-9.361446364535588, -12.918766542364803, -16.47608672019402, -20.033406898023234, -23.59072707585245, -27.148047253681664, -30.70536743151088, -34.26268760934009, -37.53542217294297, -37.67771498005614, -37.82000778716931, -37.96230059428248, -38.10459340139565, -41.37732796499853, -44.93464814282774, -48.49196832065695, -52.04928849848617],
        "2": [-14.938222108880375, -17.18848547162878, -19.61302307638796, -22.211834923157916, -24.984921011938646, -27.93228134273015, -31.05391591553243, -34.34982473034548, -37.53597985051741, -37.67785439944975, -37.82000778716931, -37.96244001367609, -38.10515107897008, -41.46446508600391, -45.28319662684929, -49.27620240970544, -53.44348243457237],
        "3": [-14.90107853473803, -17.16360217879514, -19.59735313104666, -22.20276666775207, -24.98027806517085, -27.930322599562487, -31.053335547186453, -34.34975218430223, -37.535979813373835, -37.6778543948068, -37.82000778716931, -37.962440018319036, -38.10515111611365, -41.46453763204716, -45.28377699519526, -49.2781611528731, -53.44812538134016],
        "4": [-14.890680926038076, -17.157507291468825, -19.59406326266894, -22.201180118573, -24.979628214627105, -27.93011698278888, -31.05329493152747, -34.34974964582355, -37.535979813269854, -37.677854394800306, -37.82000778716931, -37.962440018312535, -38.10515111600968, -41.46453509356847, -45.28373637953628, -49.2779555360995, -53.44747553079641]
    },
    "apdft_poly_coeff": [ -37.82000778716931, -14.22928071131686, -1.3941939360861966, -0.00464294676779294, 0.0006498505437472583 ],
    "hf_energies": [-14.753819520572002, -17.020976368337514, -19.45540518128813, -22.05950686078749, -24.834970731710996, -27.782840138603177, -30.903750732373968, -34.19817531501249, -37.38267669035629, -37.52447866880839, -37.666559664386945, -37.80891970455331, -37.95155881663497, -41.309342472068664, -45.12690647521247, -49.11950365173729, -53.2871774682751],
    "triples_corrections": [-0.0025707423110356512, -0.0025988401201707443, -0.0026412320942159687, -0.002686510508959675, -0.0027253325315589366, -0.00275363454491857, -0.002771654488688775, -0.0027811585133643256, -0.0027837460598328836, -0.002783739008781912, -0.0027837224519844657, -0.0027836964369262187, -0.0027836610101103806, -0.00278034408383687, -0.002771672788895192, -0.002758143612794332, -0.00274034128909872],
    "scf_converged": [true, true, true, true, true, true, true, true, true, true, true, true, true, true, true, true, true],
    "cc_converged": [true, true, true, true, true, true, true, true, true, true, true, true, true, true, true, true, true],
    "t1_diagnostic": [0.019000080800665155, 0.0166199754892384, 0.014506953369876556, 0.012759735088386551, 0.011301952378628301, 0.01007365039911589, 0.009053982498316964, 0.00821888647864125, 0.007583147236158381, 0.007557920125012999, 0.007532875442738792, 0.007508011061114138, 0.007483324871828748, 0.006960181468217889, 0.006471801118711255, 0.006045765917350803, 0.005666573351832524]
}