{
    "schema_name": "pyscf_qa_output",
    "provenance": {
        "creator": "PySCF",
        "version": "1.7.6"
    },
    "molecule": {
        "geometry": [[0.0, 0.0, 0.0], [1.9, 0.0, 0.0]],
        "symbols": [ "O", "H" ]
    },
    "molecular_charge": -1,
    "molecular_multiplicity": 3,
    "name": "o.h.chrg-1.mult3.sep1.90-pyscf-uccsdt.ccpv5z",
    "atomic_numbers": [ 8, 1 ],
    "n_electrons": 10,
    "model": {
        "method": "UCCSD(T)",
        "basis": "cc-pV5Z",
        "scf_conv_tol": 1e-09,
        "scf_conv_tol_grad": 1e-06,
        "cc_conv_tol": 1e-05,
        "cc_conv_tol_normt": 1e-07
    },
    "broken_symmetry": false,
    "finite_diff_delta": 0.01,
    "finite_diff_acc": 2,
    "qa_lambdas": [-0.02, -0.01, 0.0, 0.01, 0.02, 0.25, 0.5, 0.75, 1.0, 1.25, 1.5, 1.75, 2.0],
    "electronic_energies": [-75.1546572434769, -75.38051833174056, -75.60676859611358, -75.83340474011281, -76.06042461574508, -81.38860741530124, -87.412286027335, -93.67543681598517, -100.17573038643536, -106.91106261944203, -113.8793543511938, -121.0784495875289, -128.5060431803786],
    "qats_energies": {
        "0": [-75.60676859611354, -75.60676859611354, -75.60676859611354, -75.60676859611354, -75.60676859611354, -75.60676859611354, -75.60676859611354, -75.60676859611354, -75.60676859611354, -75.60676859611354, -75.60676859611354, -75.60676859611354, -75.60676859611354],
        "1": [-75.15388218774129, -75.38032539192741, -75.60676859611354, -75.83321180029967, -76.05965500448579, -81.26784870076668, -86.92892880541982, -92.59000891007295, -98.25108901472609, -103.91216911937923, -109.57324922403237, -115.2343293286855, -120.89540943333864],
        "2": [-75.15465394699388, -75.38051833174056, -75.60676859611354, -75.83340474011281, -76.06042676373838, -81.38843608398331, -87.41127833828634, -93.67529535902263, -100.18048714619218, -106.92685369979499, -113.91439501983106, -121.1431111063004, -128.613001959203],
        "3": [-75.15465757664477, -75.38051878544692, -75.60676859611354, -75.83340428640645, -76.06042313408749, -81.38134692209616, -87.35456504318914, -93.4838879880696, -99.72678078541465, -106.04070846390137, -112.38313605220688, -118.7115285790083, -124.98335107298271],
        "4": [-75.15465834230456, -75.38051883330066, -75.60676859611354, -75.8334043342602, -76.06042389974729, -81.40003978833255, -87.6536509029713, -94.99801015321673, -104.51215454192902, -117.72374986164152, -136.60909069456088, -163.5931004125669, -201.54933117721262]
    },
    "qats_poly_coeffs": [ -75.60676859611354, -22.64432041861255, -1.9293981314660869, 0.45370636077753557, -4.78537375651437 ],
    "hf_energies": [-74.85757470037035, -75.08314809738988, -75.30917748745341, -75.53566149346834, -75.76259458419435, -81.095169166439, -87.1246031598419, -93.39231472463162, -99.89636090510534, -106.63498624041137, -113.60634190081012, -120.80841660719496, -128.23899313411908],
    "triples_corrections": [-0.009166935737169368, -0.009235926715100094, -0.009311282247105592, -0.009385295201100836, -0.009451086439418608, -0.008872305152147455, -0.007481069549277305, -0.006372455235107353, -0.005529724792647881, -0.004873851391750788, -0.0043458221226949775, -0.003907500093264563, -0.00353503805202633],
    "scf_converged": [true, true, true, true, true, true, true, true, true, true, true, true, true],
    "cc_converged": [true, true, true, true, true, true, true, true, true, true, true, true, true],
    "scf_spin_squared": [2.045429793414292, 2.045349604845586, 2.0446731397547007, 2.0434823612120905, 2.0419495869077737, 2.0173185341818796, 2.009489605867865, 2.006368156965811, 2.0048396794576426, 2.003971603918221, 2.0034145306348514, 2.003020179270753, 2.0027196650212487],
    "cc_spin_squared": [2.0009843543941472, 2.0009511739397148, 2.0009233892887184, 2.000901702964242, 2.000885658930185, 2.0006670311372883, 2.0003659926374104, 2.0002011398047617, 2.0001225800503235, 2.0000828751354085, 2.0000606497218136, 2.0000469282142213, 2.0000377062629]
}