{
    "schema_name": "pyscf_apdft_output",
    "provenance": {
        "creator": "PySCF",
        "version": "1.7.6"
    },
    "molecule": {
        "geometry": [[0.0, 0.0, 0.0], [1.5, 0.0, 0.0]],
        "symbols": [ "C", "H" ]
    },
    "molecular_charge": 0,
    "molecular_multiplicity": 4,
    "name": "c.h.chrg0.mult4.sep1.50-pyscf-uccsdt.ccpv5z",
    "atomic_numbers": [ 6, 1 ],
    "n_electrons": 7,
    "model": {
        "method": "UCCSD(T)",
        "basis": "cc-pV5Z",
        "scf_conv_tol": 1e-09,
        "scf_conv_tol_grad": 1e-06,
        "cc_conv_tol": 1e-05,
        "cc_conv_tol_normt": 1e-07
    },
    "broken_symmetry": false,
    "finite_diff_delta": 0.01,
    "finite_diff_acc": 2,
    "apdft_lambdas": [-1.0, -0.75, -0.5, -0.25, -0.02, -0.01, 0.0, 0.01, 0.02, 0.25, 0.5, 0.75, 1.0, 1.25, 1.5, 1.75, 2.0],
    "electronic_energies": [-25.213321214835336, -28.221660754198407, -31.416829930349543, -34.80186138885471, -38.085746317388306, -38.23223528088169, -38.37903439739409, -38.52614376727426, -38.673563490398955, -42.15010074318788, -46.116633806925016, -50.28037406941786, -54.64325116152486, -59.20673460504975, -63.9707538536544, -68.93313894256721, -74.09002842586284],
    "apdft_energies": {
        "0": [-38.37903439739413, -38.37903439739413, -38.37903439739413, -38.37903439739413, -38.37903439739413, -38.37903439739413, -38.37903439739413, -38.37903439739413, -38.37903439739413, -38.37903439739413, -38.37903439739413, -38.37903439739413, -38.37903439739413, -38.37903439739413, -38.37903439739413, -38.37903439739413, -38.37903439739413],
        "1": [-23.683610077765415, -27.357466157672594, -31.031322237579772, -34.705178317486954, -38.085125911001555, -38.232080154197845, -38.37903439739413, -38.52598864059041, -38.6729428837867, -42.052890477301304, -45.726746557208486, -49.40060263711567, -53.07445871702284, -56.74831479693002, -60.4221708768372, -64.09602695674438, -67.76988303665155],
        "2": [-25.23487691623415, -28.230053754311257, -31.419138947196956, -34.80213249489125, -38.08574641773694, -38.23223528088169, -38.37903439739413, -38.52614376727426, -38.67356339052209, -42.1498446547056, -46.11456326682567, -50.27319023375433, -54.62572555549158, -59.17216923203742, -63.91252126339185, -68.84678164955488, -73.97495039052649],
        "3": [-25.21819145788583, -28.22301457657056, -31.417053264903416, -34.80187178460456, -38.085746284253275, -38.232235264196234, -38.37903439739413, -38.526143783959725, -38.67356352400576, -42.1501053649923, -46.11664894911921, -50.28022941149503, -54.6424110138399, -59.204758017873985, -63.96883468531743, -68.93620527789041, -74.10843405731305],
        "4": [-25.216225622983558, -28.222392574121013, -31.416930400222025, -34.80186410556197, -38.08574628393874, -38.23223526417657, -38.37903439739413, -38.526143783940064, -38.67356352369122, -42.15009768594971, -46.116526084437815, -50.27960740904548, -54.640445178937625, -59.199958616257106, -63.95888264612469, -68.91776789663905, -74.07698069887674]
    },
    "apdft_poly_coeff": [ -38.37903439739413, -14.695424319628714, -1.5512668384687345, -0.016685458348320022, 0.0019658349022696107 ],
    "hf_energies": [-25.085505550995954, -28.08836863602679, -31.2783990347181, -34.659000084135, -37.93974102954261, -38.08611383977248, -38.232798394231104, -38.379794773514014, -38.527103057300465, -42.00145751578949, -45.966299756459975, -50.12911789277333, -54.492213804567136, -59.05711040417287, -63.82319407583911, -68.78777392765606, -73.94681728088285],
    "triples_corrections": [-0.0036943447051911967, -0.0040111558368405575, -0.004206313551255842, -0.00427460199483037, -0.004242716480996867, -0.004239657310713649, -0.004236476673449005, -0.004233176791608714, -0.004229759899532323, -0.004124019286656523, -0.003968782863566686, -0.003780884232922782, -0.003531150935572224, -0.0031952957200689852, -0.002820857158340896, -0.0024766928300461724, -0.0021898990627313673],
    "scf_converged": [true, true, true, true, true, true, true, true, true, true, true, true, true, true, true, true, true],
    "cc_converged": [true, true, true, true, true, true, true, true, true, true, true, true, true, true, true, true, true],
    "scf_spin_squared": [3.7534004463080977, 3.753404668246638, 3.7562962353610647, 3.7632439263200688, 3.7690315310108518, 3.769188252949937, 3.7693351151894725, 3.7694720178464705, 3.7695988801379503, 3.7697918460046496, 3.765400124765199, 3.7593069308045957, 3.7550202481427126, 3.754034563568126, 3.7546419695937083, 3.7551681531632473, 3.7552478823347792],
    "cc_spin_squared": [3.750396779791517, 3.7504250514049553, 3.7504486530550993, 3.750468776785025, 3.750481196414114, 3.7504814295677025, 3.7504816289348297, 3.750481793705074, 3.750481923124827, 3.7504741048469024, 3.7504413736691564, 3.7503834392730933, 3.750301330142195, 3.750215049013349, 3.750151042520848, 3.750112361715912, 3.7500887918997177]
}