{
    "schema_name": "pyscf_apdft_output",
    "provenance": {
        "creator": "PySCF",
        "version": "1.7.6"
    },
    "molecule": {
        "geometry": [[0.0, 0.0, 0.0], [0.6, 0.0, 0.0]],
        "symbols": [ "Ne", "H" ]
    },
    "molecular_charge": 2,
    "molecular_multiplicity": 4,
    "name": "ne.h.chrg2.mult4.sep0.60-pyscf-uccsdt.ccpv5z",
    "atomic_numbers": [ 10, 1 ],
    "n_electrons": 9,
    "model": {
        "method": "UCCSD(T)",
        "basis": "cc-pV5Z",
        "scf_conv_tol": 1e-09,
        "scf_conv_tol_grad": 1e-06,
        "cc_conv_tol": 1e-05,
        "cc_conv_tol_normt": 1e-07
    },
    "broken_symmetry": false,
    "finite_diff_delta": 0.01,
    "finite_diff_acc": 2,
    "apdft_lambdas": [-3.0, -2.75, -2.5, -2.25, -2.0, -1.75, -1.5, -1.25, -1.0, -0.75, -0.5, -0.25, -0.02, -0.01, 0.0, 0.01, 0.02],
    "electronic_energies": [-54.69759855829227, -59.46715118804867, -64.44362316147092, -69.6288752386888, -75.02468791249703, -80.63285646713067, -86.45522215611301, -92.49362727629625, -98.74982439655749, -105.2253943899865, -111.92170500277678, -118.83989773693155, -125.4013783864578, -125.69094603578476, -125.9808711407741, -126.27115373219345, -126.56179384001138],
    "apdft_energies": {
        "0": [-125.98087114077397, -125.98087114077397, -125.98087114077397, -125.98087114077397, -125.98087114077397, -125.98087114077397, -125.98087114077397, -125.98087114077397, -125.98087114077397, -125.98087114077397, -125.98087114077397, -125.98087114077397, -125.98087114077397, -125.98087114077397, -125.98087114077397, -125.98087114077397, -125.98087114077397],
        "1": [-38.94971667947014, -46.2023128845788, -53.45490908968745, -60.70750529479609, -67.96010149990475, -75.2126977050134, -82.46529391012206, -89.71789011523072, -96.97048632033936, -104.223082525448, -111.47567873055667, -118.72827493566533, -125.40066344436528, -125.69076729256963, -125.98087114077397, -126.27097498897831, -126.56107883718266],
        "2": [-55.03660604184016, -59.719768529348045, -64.62636003577774, -69.75638056112923, -75.10983010540254, -80.68670866859765, -86.48701625071456, -92.51075285175328, -98.75791847171381, -105.22851311059614, -111.92253676840028, -118.83998944512622, -125.40137841722583, -125.69094603578476, -125.98087114077397, -126.27115373219345, -126.56179381004321],
        "3": [-54.899949595681036, -59.61450826902524, -64.54727644425047, -69.69872862290586, -75.06933930654057, -80.65958299670379, -86.46993419494467, -92.50086740281237, -98.75285712185607, -105.22637785362491, -111.92190409966805, -118.83991036153469, -125.40137837673502, -125.69094603072341, -125.98087114077397, -126.2711537372548, -126.56179385053402],
        "4": [-54.6299975349758, -59.423904096533676, -64.41709122978999, -69.61331410369834, -75.01601544269757, -80.62832552671183, -86.4530621911506, -92.4927308269086, -98.74952438036587, -105.22532335338778, -111.92169580332492, -118.83989734301325, -125.40137837620179, -125.69094603069009, -125.98087114077397, -126.27115373722148, -126.56179385000077]
    },
    "apdft_poly_coeff": [ -125.98087114077397, -29.01038482043461, -1.7874321513744462, -0.005061349857745275, 0.0033327414901881034 ],
    "hf_energies": [-54.47823924107241, -59.24552318075495, -64.22011276151551, -69.40370556310117, -74.79796358403634, -80.404618696729, -86.2255046020272, -92.26250392111235, -98.5174387345288, -104.99196288786412, -111.68750078274584, -118.60522725524632, -125.16656012626811, -125.45612745523378, -125.74605274426693, -126.03633602339144, -126.32697732179936],
    "triples_corrections": [-0.004098712078762668, -0.003971251934633641, -0.0038273223624345617, -0.0036810567649061504, -0.0035416441460026345, -0.0034126915041850846, -0.003293088636544931, -0.003178639806829304, -0.0030641810448067885, -0.002945669155248705, -0.0028214071114757567, -0.0026919875021136634, -0.0025701816868651736, -0.0025648599095671265, -0.0025595374805281773, -0.0025542145799002137, -0.002548891387451564],
    "scf_converged": [true, true, true, true, true, true, true, true, true, true, true, true, true, true, true, true, true],
    "cc_converged": [true, true, true, true, true, true, true, true, true, true, true, true, true, true, true, true, true],
    "scf_spin_squared": [3.7606052103024576, 3.759526602473782, 3.758598479295663, 3.757805522170475, 3.757125816017367, 3.756534831338855, 3.756009366593286, 3.7555300780536576, 3.755082615439939, 3.7546580658048985, 3.7542528891535594, 3.7538684278879266, 3.7535371363528154, 3.7535232955656346, 3.753509504946382, 3.7534957648641543, 3.7534820756835776],
    "cc_spin_squared": [3.7501950674522253, 3.7501708172082204, 3.7501485297458093, 3.7501289316744177, 3.7501121693151895, 3.750098020173115, 3.7500860622530983, 3.7500758323286343, 3.750066916549574, 3.7500590185856666, 3.7500519517812796, 3.7500456225848664, 3.75004041960088, 3.750040206563057, 3.7500399946114955, 3.7500397837445165, 3.750039573960591]
}