{
    "schema_name": "pyscf_apdft_output",
    "provenance": {
        "creator": "PySCF",
        "version": "1.7.6"
    },
    "molecule": {
        "geometry": [[0.0, 0.0, 0.0], [1.1, 0.0, 0.0]],
        "symbols": [ "C", "H" ]
    },
    "molecular_charge": 0,
    "molecular_multiplicity": 2,
    "name": "c.h.chrg0.mult2.sep1.10-pyscf-uccsdt.ccpv5z",
    "atomic_numbers": [ 6, 1 ],
    "n_electrons": 7,
    "model": {
        "method": "UCCSD(T)",
        "basis": "cc-pV5Z",
        "scf_conv_tol": 1e-09,
        "scf_conv_tol_grad": 1e-06,
        "cc_conv_tol": 1e-05,
        "cc_conv_tol_normt": 1e-07
    },
    "broken_symmetry": false,
    "finite_diff_delta": 0.01,
    "finite_diff_acc": 2,
    "apdft_lambdas": [-1.0, -0.75, -0.5, -0.25, -0.02, -0.01, 0.0, 0.01, 0.02, 0.25, 0.5, 0.75, 1.0, 1.25, 1.5, 1.75, 2.0],
    "electronic_energies": [-25.25159669075699, -28.27360973545114, -31.479770477504236, -34.87250447487014, -38.16004158010097, -38.30660754344581, -38.45347656174365, -38.600648701981335, -38.74812403055183, -42.22388311236287, -46.18469364805917, -50.33672890163273, -54.68061653551768, -59.216693372915714, -63.94488893579608, -68.86459721671633, -73.9745414540608],
    "apdft_energies": {
        "0": [-38.453476561743614, -38.453476561743614, -38.453476561743614, -38.453476561743614, -38.453476561743614, -38.453476561743614, -38.453476561743614, -38.453476561743614, -38.453476561743614, -38.453476561743614, -38.453476561743614, -38.453476561743614, -38.453476561743614, -38.453476561743614, -38.453476561743614, -38.453476561743614, -38.453476561743614],
        "1": [-23.751418634967223, -27.42693311666132, -31.10244759835542, -34.77796208004952, -38.159435403208086, -38.30645598247585, -38.453476561743614, -38.600497141011374, -38.74751772027914, -42.12899104343771, -45.80450552513181, -49.48002000682591, -53.155534488520004, -56.8310489702141, -60.5065634519082, -64.1820779336023, -67.8575924152964],
        "2": [-25.267028334541095, -28.279463572671624, -31.481350023248886, -34.87268768627288, -38.160041647087915, -38.30660754344581, -38.453476561743614, -38.600648701981335, -38.74812396415897, -42.22371664966108, -46.18340795002528, -50.33255046283621, -54.671144188093876, -59.19918912579828, -63.91668527594941, -68.82363263854728, -73.92003121359188],
        "3": [-25.255913351236977, -28.274774439090198, -31.479960650335872, -34.872514014658755, -38.16004155816805, -38.30660753233082, -38.453476561743614, -38.60064871309632, -38.74812405307884, -42.223890321275206, -46.184797322938294, -50.33723959641763, -54.682259171398, -59.220898077564144, -63.95419834460082, -68.8832020021928, -74.00895108002484],
        "4": [-25.253437938769373, -28.27399120311412, -31.479805937056646, -34.8725043450788, -38.16004155777198, -38.30660753230607, -38.453476561743614, -38.600648713071564, -38.74812405268277, -42.223880651695254, -46.184642609659065, -50.33645636044156, -54.6797837589304, -59.21485459009441, -63.9416665689836, -68.85998534072911, -73.96934448054327]
    },
    "apdft_poly_coeff": [ -38.453476561743614, -14.70205792677639, -1.5156096995738721, -0.011114983304120564, 0.0024754124675988956 ],
    "hf_energies": [-25.096179286695932, -28.11400484293183, -31.316653911682856, -34.70631190364489, -37.9912314539845, -38.13768701674034, -38.28444590641213, -38.43150819075174, -38.57887393731807, -42.05219473798098, -46.01058738286319, -50.16056725295528, -54.50289651310736, -59.038009829098804, -63.765857460909395, -68.6857591845505, -73.796286000265],
    "triples_corrections": [-0.00422242761224882, -0.004320997200634146, -0.004322674179117137, -0.004267144753913249, -0.004197428442123921, -0.004194273128167802, -0.004191113904432575, -0.004187951261510442, -0.004184785838973823, -0.0041117451168276396, -0.004031892827763873, -0.003949272815596856, -0.003862123433407647, -0.0037719132879420287, -0.0036845584275543614, -0.0036107207610245854, -0.003564923875469747],
    "scf_converged": [true, true, true, true, true, true, true, true, true, true, true, true, true, true, true, true, true],
    "cc_converged": [true, true, true, true, true, true, true, true, true, true, true, true, true, true, true, true, true],
    "scf_spin_squared": [0.7632456745684792, 0.7623331108928952, 0.761401114177894, 0.7604261277920434, 0.7596010147892049, 0.7595680047808964, 0.7595352659522319, 0.7595028007302171, 0.7594706735176424, 0.7588084901476617, 0.7582463795145991, 0.7577910499788811, 0.7573557838782223, 0.7568646859600769, 0.7562897668792066, 0.7556576418575638, 0.7550226104896787],
    "cc_spin_squared": [0.7503069398246116, 0.7502875828124491, 0.7502606404545096, 0.7502306466934399, 0.7502047089455435, 0.7502036582983647, 0.7502026150084444, 0.7502015791414278, 0.7502005508992613, 0.7501790141790214, 0.750159906050756, 0.7501441369269946, 0.7501303109246491, 0.750117397137938, 0.7501050124961741, 0.7500933531429943, 0.750082838086213]
}