{
    "schema_name": "pyscf_apdft_output",
    "provenance": {
        "creator": "PySCF",
        "version": "1.7.6"
    },
    "molecule": {
        "geometry": [[0.0, 0.0, 0.0], [0.7, 0.0, 0.0]],
        "symbols": [ "N", "H" ]
    },
    "molecular_charge": 2,
    "molecular_multiplicity": 1,
    "name": "n.h.chrg2.mult1.sep0.70-pyscf-ccsdt.ccpv5z",
    "atomic_numbers": [ 7, 1 ],
    "n_electrons": 6,
    "model": {
        "method": "CCSD(T)",
        "basis": "cc-pV5Z",
        "scf_conv_tol": 1e-09,
        "scf_conv_tol_grad": 1e-06,
        "cc_conv_tol": 1e-05,
        "cc_conv_tol_normt": 1e-07
    },
    "broken_symmetry": false,
    "finite_diff_delta": 0.01,
    "finite_diff_acc": 2,
    "apdft_lambdas": [-3.0, -2.75, -2.5, -2.25, -2.0, -1.75, -1.5, -1.25, -1.0, -0.75, -0.5, -0.25, -0.02, -0.01, 0.0, 0.01, 0.02],
    "electronic_energies": [-14.867786482168835, -17.145909534585133, -19.58977133451042, -22.20133238404099, -24.982277131792166, -27.93403594383697, -31.057782828701924, -34.354478551341245, -37.824961429245796, -41.47003971144458, -45.29054709358456, -49.287350521669026, -53.12086543000813, -53.29095188431775, -53.461323078400284, -53.63197912298452, -53.802920008685675],
    "apdft_energies": {
        "0": [-53.46132309837429, -53.46132309837429, -53.46132309837429, -53.46132309837429, -53.46132309837429, -53.46132309837429, -53.46132309837429, -53.46132309837429, -53.46132309837429, -53.46132309837429, -53.46132309837429, -53.46132309837429, -53.46132309837429, -53.46132309837429, -53.46132309837429, -53.46132309837429, -53.46132309837429],
        "1": [-2.3072372983590057, -6.5700777816936125, -10.83291826502822, -15.095758748362826, -19.358599231697433, -23.62143971503204, -27.884280198366646, -32.14712068170125, -36.40996116503586, -40.672801648370466, -44.93564213170507, -49.19848261503968, -53.12029585970752, -53.2908094790409, -53.46132309837429, -53.63183671770767, -53.802350337041055],
        "2": [-15.123712214594171, -17.339476843252328, -19.733248067969306, -22.305025888745106, -25.05481030557973, -27.982601318473172, -31.088398927425438, -34.372203132436525, -37.834013933506434, -41.473831330635164, -45.29165532382272, -49.28748591306909, -53.120865480814906, -53.29095188431775, -53.46132309837429, -53.63197912298452, -53.80291995814844],
        "3": [-14.895688198924823, -17.163840289516273, -19.60128972556806, -22.2088282571346, -24.987247634270293, -27.937339607029543, -31.05989592546677, -34.355708339636365, -37.825568599592756, -41.47026845539033, -45.290599657083504, -49.28735395472669, -53.12086541325223, -53.290951875872416, -53.46132309837429, -53.63197913142985, -53.80292002571112],
        "4": [-14.804731356866647, -17.099618688215457, -19.55742550775451, -22.18004894382713, -24.969280850653863, -27.926807808332512, -31.054211122838133, -34.35296682602302, -37.82444567561673, -41.46991315522604, -45.290529474335, -49.287349568304904, -53.120865413072565, -53.29095187586119, -53.46132309837429, -53.631979131418625, -53.80292002553145]
    },
    "apdft_poly_coeff": [ -53.46132309837429, -17.051361933338427, -1.424052768470574, -0.008445333913679557, 0.0011229239760268683 ],
    "hf_energies": [-14.731274301977706, -17.006085674603646, -19.446664211710484, -22.055135890132608, -24.833214830692068, -27.782315167966132, -30.903587477950143, -34.19796801387628, -37.66627062001261, -41.30928201390527, -45.12782031447393, -49.12274503754428, -52.954610200810556, -53.12462665225671, -53.294928009892935, -53.46551432479181, -53.636385647760754],
    "triples_corrections": [-0.0025594080810124103, -0.0026113116162995768, -0.0026571280915284852, -0.0026984522846234516, -0.002737157648073942, -0.002771911433958913, -0.00280050857707775, -0.0028220092632746, -0.0028369147502578366, -0.0028463838766551127, -0.002851556948978187, -0.002853185835883236, -0.002852018507020652, -0.0028519167141461753, -0.0028518087980509807, -0.0028517008440360524, -0.0028515868232486053],
    "scf_converged": [true, true, true, true, true, true, true, true, true, true, true, true, true, true, true, true, true],
    "cc_converged": [true, true, true, true, true, true, true, true, true, true, true, true, true, true, true, true, true],
    "t1_diagnostic": [0.019718692585852415, 0.01773342313108728, 0.015359634403660592, 0.013213216422271341, 0.011512237011749206, 0.010197075368403917, 0.009161949216708678, 0.008326886032557046, 0.0076383443681070085, 0.007059593556784901, 0.006563867325468326, 0.006130911676008022, 0.005775035233550623, 0.005760338732919737, 0.005745700708484543, 0.005731121816731337, 0.005716600195175503]
}