{
    "schema_name": "pyscf_qa_output",
    "provenance": {
        "creator": "PySCF",
        "version": "1.7.6"
    },
    "molecule": {
        "geometry": [[0.0, 0.0, 0.0], [1.9, 0.0, 0.0]],
        "symbols": [ "C", "H" ]
    },
    "molecular_charge": 2,
    "molecular_multiplicity": 2,
    "name": "c.h.chrg2.mult2.sep1.90-pyscf-uccsdt.ccpv5z",
    "atomic_numbers": [ 6, 1 ],
    "n_electrons": 5,
    "model": {
        "method": "UCCSD(T)",
        "basis": "cc-pV5Z",
        "scf_conv_tol": 1e-09,
        "scf_conv_tol_grad": 1e-06,
        "cc_conv_tol": 1e-05,
        "cc_conv_tol_normt": 1e-07
    },
    "broken_symmetry": false,
    "finite_diff_delta": 0.01,
    "finite_diff_acc": 2,
    "qa_lambdas": [-3.0, -2.75, -2.5, -2.25, -2.0, -1.75, -1.5, -1.25, -1.0, -0.75, -0.5, -0.25, -0.02, -0.01, 0.0, 0.01, 0.02],
    "electronic_energies": [-8.030959051409388, -9.604044656104358, -11.320204221441662, -13.183570584028134, -15.198859217151092, -17.370871996542277, -19.70335403242836, -22.198226616466364, -24.856409405313823, -27.67961816056097, -30.67213987233819, -33.84132248271131, -36.91842727746236, -37.05574321308552, -37.19335200029638, -37.33125340527763, -37.46944718507967],
    "qats_energies": {
        "0": [-37.19335200029643, -37.19335200029643, -37.19335200029643, -37.19335200029643, -37.19335200029643, -37.19335200029643, -37.19335200029643, -37.19335200029643, -37.19335200029643, -37.19335200029643, -37.19335200029643, -37.19335200029643, -37.19335200029643, -37.19335200029643, -37.19335200029643, -37.19335200029643, -37.19335200029643],
        "1": [4.133176828519794, 0.6892994261184384, -2.75457797628291, -6.198455378684262, -9.642332781085614, -13.086210183486966, -16.530087585888317, -19.97396498828967, -23.41784239069102, -26.861719793092373, -30.305597195493725, -33.74947459789507, -36.91784180810432, -37.05559690420037, -37.19335200029643, -37.331107096392486, -37.46886219248854],
        "2": [-9.034622834609848, -10.375310013039105, -11.898883297900717, -13.605342689194686, -15.49468818692101, -17.56691979107969, -19.822037501670728, -22.26004131869412, -24.88093124214987, -27.684707272037976, -30.671369408358437, -33.840917651111255, -36.918427043644904, -37.05574321308552, -37.19335200029643, -37.33125340527763, -37.46944742802912],
        "3": [-10.107348359019028, -11.201581814537146, -12.519673531933812, -14.057898769804808, -15.812532786745951, -17.779850841353042, -19.956128192221875, -22.337640097948256, -24.920661817127986, -27.70146860835687, -30.6763357302307, -33.841538441345286, -36.918427361489506, -37.05574325281609, -37.19335200029643, -37.331253365547056, -37.46944711018452],
        "4": [-7.02530733662374, -9.025455145512776, -11.033349736411388, -13.08272172756255, -15.20373456009997, -17.42298449804811, -19.76350062832217, -22.244744860728105, -24.882611927962614, -27.68942938561314, -30.673957612157867, -33.84138980896574, -36.91842735540152, -37.0557432524356, -37.19335200029643, -37.33125336516655, -37.46944710409654]
    },
    "qats_poly_coeffs": [ -37.19335200029643, -13.775509609605407, -1.4630888514588491, 0.03973057497811775, 0.03804988916537392 ],
    "hf_energies": [-7.949870617484057, -9.522224727534276, -11.236920501267935, -13.09790581880246, -15.11021884163797, -17.279842569897145, -19.61057601084276, -22.10350982157852, -24.759296412136784, -27.579708524605053, -30.569268554495995, -33.73621836593925, -36.81224123077509, -36.94951684806293, -37.0870852256472, -37.224946082525186, -37.3630991338169],
    "triples_corrections": [-0.0003740710338750594, -0.00048280696613156506, -0.0006508566551233832, -0.0008771500664209444, -0.0010862834975206984, -0.001206974704935318, -0.0012887028627115934, -0.0013479524497769099, -0.0014105788728830638, -0.00150544405536465, -0.0016341213551766235, -0.0017227216369736478, -0.001701873489759015, -0.0016995573199028449, -0.0016971924461240092, -0.00169478577087857, -0.0016923438192392043],
    "scf_converged": [true, true, true, true, true, true, true, true, true, true, true, true, true, true, true, true, true],
    "cc_converged": [true, true, true, true, true, true, true, true, true, true, true, true, true, true, true, true, true],
    "scf_spin_squared": [0.7505084081942377, 0.7511167795713429, 0.7538517567163505, 0.7660034931571325, 0.8097052250743211, 0.8758523269207599, 0.9088906010246034, 0.9071002937269703, 0.8874214424647153, 0.858876606707982, 0.8220304994725427, 0.78270481629457, 0.7626594485703504, 0.7621949115003737, 0.7617559812642876, 0.7613414932677844, 0.7609503000829356],
    "cc_spin_squared": [0.7500071572102522, 0.7500176773834799, 0.7500476055253822, 0.750124103854299, 0.7502717237161466, 0.7504134313160198, 0.7504523392608418, 0.7504050691779434, 0.7503312875669436, 0.750267638924575, 0.7502116054453869, 0.7501383945123365, 0.7500738423494298, 0.7500717754072636, 0.75006977916766, 0.7500678529078666, 0.7500659957109188]
}