{
    "schema_name": "pyscf_apdft_output",
    "provenance": {
        "creator": "PySCF",
        "version": "1.7.6"
    },
    "molecule": {
        "geometry": [[0.0, 0.0, 0.0], [1.9, 0.0, 0.0]],
        "symbols": [ "N", "H" ]
    },
    "molecular_charge": -1,
    "molecular_multiplicity": 4,
    "name": "n.h.chrg-1.mult4.sep1.90-pyscf-uccsdt.ccpv5z",
    "atomic_numbers": [ 7, 1 ],
    "n_electrons": 9,
    "model": {
        "method": "UCCSD(T)",
        "basis": "cc-pV5Z",
        "scf_conv_tol": 1e-09,
        "scf_conv_tol_grad": 1e-06,
        "cc_conv_tol": 1e-05,
        "cc_conv_tol_normt": 1e-07
    },
    "broken_symmetry": false,
    "finite_diff_delta": 0.01,
    "finite_diff_acc": 2,
    "apdft_lambdas": [-0.02, -0.01, 0.0, 0.01, 0.02, 0.25, 0.5, 0.75, 1.0, 1.25, 1.5, 1.75, 2.0, 2.25, 2.5, 2.75, 3.0],
    "electronic_energies": [-54.72211818856609, -54.90790025366943, -55.09403281855781, -55.28051628568457, -55.467351055539964, -59.86238318488564, -64.85491614844551, -70.07265363794828, -75.51322516619135, -81.17348946297999, -87.05047747330295, -93.14131187517887, -99.44302733982678, -105.95245614777117, -112.66618225475806, -119.5805472587769, -126.69169344614177],
    "apdft_energies": {
        "0": [-55.094032818557835, -55.094032818557835, -55.094032818557835, -55.094032818557835, -55.094032818557835, -55.094032818557835, -55.094032818557835, -55.094032818557835, -55.094032818557835, -55.094032818557835, -55.094032818557835, -55.094032818557835, -55.094032818557835, -55.094032818557835, -55.094032818557835, -55.094032818557835, -55.094032818557835],
        "1": [-54.7214167865427, -54.90772480255026, -55.094032818557835, -55.28034083456541, -55.46664885057297, -59.75173321874706, -64.40943361893628, -69.0671340191255, -73.72483441931473, -78.38253481950396, -83.04023521969319, -87.6979356198824, -92.35563602007163, -97.01333642026086, -101.67103682045007, -106.3287372206393, -110.98643762082853],
        "2": [-54.72211859101936, -54.90790025366943, -55.094032818557835, -55.28051628568457, -55.467350655049636, -59.86139016822557, -64.84806141685033, -70.0540465644321, -75.47934561097088, -81.12395855646669, -86.98788540091951, -93.07112614432936, -99.37368078669623, -105.89554932802011, -112.63673176830102, -119.59722810753892, -126.77703834573387],
        "3": [-54.72211805572363, -54.907900186757466, -55.094032818557835, -55.280516352596536, -55.46735119034537, -59.8624356676996, -64.85642541264258, -70.08227505023096, -75.54625757730894, -81.25464599072069, -87.21371328731044, -93.42973246392235, -99.90897651740062, -106.65771844458945, -113.68223124233303, -120.98878790747555, -128.5836614368612],
        "4": [-54.72211805441502, -54.907900186675676, -55.094032818557835, -55.280516352514745, -55.46735118903676, -59.86240371929735, -64.85591423820647, -70.07968722964813, -75.53807878633113, -81.23467823931003, -87.17230815798527, -93.35302435010314, -99.77811586175568, -106.44810497738085, -113.36274721976238, -120.52103135002987, -127.92117936765871]
    },
    "apdft_poly_coeff": [ -55.094032818557835, -18.630801600756897, -1.7545111916561495, -0.06691196633804944, 0.008178790977808603 ],
    "hf_energies": [-54.5031305632936, -54.688657835460646, -54.8745325500267, -55.06075537494312, -55.24732701819605, -59.63709506269701, -64.63122890776371, -69.8533695335567, -75.2976794916339, -80.96098455842257, -86.84063795925297, -92.93398796603178, -99.2381964126227, -105.75016202341276, -112.46650082487787, -119.38356545669726, -126.49749271002499],
    "triples_corrections": [-0.006463398876363102, -0.006465254403912778, -0.00646689867408122, -0.006468302501938708, -0.00646943734271381, -0.006440984490169838, -0.006138184013738067, -0.005305276808778877, -0.004557583667007108, -0.003983489698467425, -0.003536515504989681, -0.003174385307904272, -0.002870902446171818, -0.0026105292534477553, -0.002383721222062008, -0.0021843589915229744, -0.0020084946774385657],
    "scf_converged": [true, true, true, true, true, true, true, true, true, true, true, true, true, true, true, true, true],
    "cc_converged": [true, true, true, true, true, true, true, true, true, true, true, true, true, true, true, true, true],
    "scf_spin_squared": [3.7814354347505215, 3.7815214739564764, 3.7816509629949624, 3.781824214932082, 3.7820414243166054, 3.7928047672527594, 3.7775351730342837, 3.7661723349762752, 3.7610818262846193, 3.7584974297832896, 3.7569919110245302, 3.756004314180473, 3.7552930734786756, 3.754744723595329, 3.7543015677548186, 3.7539317144673734, 3.7536158648382214],
    "cc_spin_squared": [3.7514512076331292, 3.751438744537397, 3.7514256892555116, 3.7514120225052006, 3.7513977294734238, 3.7509550426739438, 3.7507073688726997, 3.750459467195016, 3.7502811399974196, 3.750183106322182, 3.7501292726520155, 3.750097381158657, 3.750076750978261, 3.7500623828918975, 3.7500518063558936, 3.7500437065222885, 3.750037345958467]
}