{
    "schema_name": "pyscf_apdft_output",
    "provenance": {
        "creator": "PySCF",
        "version": "1.7.6"
    },
    "molecule": {
        "geometry": [[0.0, 0.0, 0.0], [1.0, 0.0, 0.0]],
        "symbols": [ "B", "H" ]
    },
    "molecular_charge": 2,
    "molecular_multiplicity": 1,
    "name": "b.h.chrg2.mult1.sep1.00-pyscf-ccsdt.ccpv5z",
    "atomic_numbers": [ 5, 1 ],
    "n_electrons": 4,
    "model": {
        "method": "CCSD(T)",
        "basis": "cc-pV5Z",
        "scf_conv_tol": 1e-09,
        "scf_conv_tol_grad": 1e-06,
        "cc_conv_tol": 1e-05,
        "cc_conv_tol_normt": 1e-07
    },
    "broken_symmetry": false,
    "finite_diff_delta": 0.01,
    "finite_diff_acc": 2,
    "apdft_lambdas": [-2.0, -1.75, -1.5, -1.25, -1.0, -0.75, -0.5, -0.25, -0.02, -0.01, 0.0, 0.01, 0.02],
    "electronic_energies": [-7.970303204055535, -9.489067233464066, -11.1465626733531, -12.943388828599321, -14.8804940888185, -16.959172467333552, -19.181023629101677, -21.54787752187312, -23.85511853297298, -23.958277932069723, -24.06167537505913, -24.165310977871854, -24.269184855756226],
    "apdft_energies": {
        "0": [-24.06167537505918, -24.06167537505918, -24.06167537505918, -24.06167537505918, -24.06167537505918, -24.06167537505918, -24.06167537505918, -24.06167537505918, -24.06167537505918, -24.06167537505918, -24.06167537505918, -24.06167537505918, -24.06167537505918],
        "1": [-3.3583707948460813, -5.9462838673727205, -8.534196939899356, -11.122110012425994, -13.710023084952631, -16.29793615747927, -18.885849230005906, -21.473762302532542, -23.85464232925705, -23.958158852158114, -24.06167537505918, -24.16519189796025, -24.268708420861312],
        "2": [-8.121567259156308, -9.593106160360236, -11.213494951073859, -12.982733631297176, -14.900822201030188, -16.967760660272894, -19.183549009025295, -21.54818724728739, -23.85511864890348, -23.958277932069723, -24.06167537505918, -24.165310977871854, -24.269184740507743],
        "3": [-7.967447936815052, -9.489858254963655, -11.148475861961142, -12.945106843616205, -14.88155728573753, -16.959633274133804, -19.181140894613712, -21.54788623298594, -23.855118494784158, -23.958277912804807, -24.06167537505918, -24.16531099713677, -24.269184894627067],
        "4": [-7.921979833458607, -9.463205687542063, -11.134089469883516, -12.938168961634325, -14.878715529277754, -16.958734124628954, -19.180963284834977, -21.547875132374774, -23.855118494329478, -23.958277912776392, -24.06167537505918, -24.165310997108353, -24.269184894172383]
    },
    "apdft_poly_coeff": [ -24.06167537505918, -10.35165229010655, -1.1907991160775566, -0.0192649152926568, 0.002841756459777874 ],
    "hf_energies": [-7.88801663080165, -9.408609874133468, -11.067820182043935, -12.866199279408344, -14.80464261162876, -16.88438967802286, -19.106990730046306, -21.47423363300269, -23.781482451718468, -23.88463415924805, -23.98802322452879, -24.09164976154142, -24.19551388359851],
    "triples_corrections": [-0.00027359107339485454, -0.00023044557626017133, -0.00020374435589751315, -0.0001883953027162222, -0.0001814876685679705, -0.00018146664076399492, -0.00018760688780762122, -0.00019962755947925206, -0.0002156780078353354, -0.0002164782762106284, -0.00021728664518988418, -0.00021810304809275686, -0.00021892741574749126],
    "scf_converged": [true, true, true, true, true, true, true, true, true, true, true, true, true],
    "cc_converged": [true, true, true, true, true, true, true, true, true, true, true, true, true],
    "t1_diagnostic": [0.004617846956015755, 0.004278543929750125, 0.004245104955743616, 0.004422029574795002, 0.004764432133875472, 0.005291700718017812, 0.006054173427761585, 0.007097060106389344, 0.008307269392539021, 0.008364743034297148, 0.008422573498429483, 0.008480753657284798, 0.0085392761680611]
}