{
    "schema_name": "pyscf_apdft_output",
    "provenance": {
        "creator": "PySCF",
        "version": "1.7.6"
    },
    "molecule": {
        "geometry": [[0.0, 0.0, 0.0], [1.0, 0.0, 0.0]],
        "symbols": [ "Be", "H" ]
    },
    "molecular_charge": 1,
    "molecular_multiplicity": 3,
    "name": "be.h.chrg1.mult3.sep1.00-pyscf-uccsdt.ccpv5z",
    "atomic_numbers": [ 4, 1 ],
    "n_electrons": 4,
    "model": {
        "method": "UCCSD(T)",
        "basis": "cc-pV5Z",
        "scf_conv_tol": 1e-09,
        "scf_conv_tol_grad": 1e-06,
        "cc_conv_tol": 1e-05,
        "cc_conv_tol_normt": 1e-07
    },
    "broken_symmetry": false,
    "finite_diff_delta": 0.01,
    "finite_diff_acc": 2,
    "apdft_lambdas": [-1.0, -0.75, -0.5, -0.25, -0.02, -0.01, 0.0, 0.01, 0.02, 0.25, 0.5, 0.75, 1.0],
    "electronic_energies": [-7.835688337270305, -9.326569773000244, -10.961664225103018, -12.741603293163735, -14.507366953571994, -14.586930007950238, -14.666725735949493, -14.746754148707668, -14.827015256908746, -16.7372613694959, -18.9532589436796, -21.314459804475174, -23.82017440444451],
    "apdft_energies": {
        "0": [-14.666725735949507, -14.666725735949507, -14.666725735949507, -14.666725735949507, -14.666725735949507, -14.666725735949507, -14.666725735949507, -14.666725735949507, -14.666725735949507, -14.666725735949507, -14.666725735949507, -14.666725735949507, -14.666725735949507],
        "1": [-6.675518698078045, -8.67332045754591, -10.671122217013776, -12.668923976481642, -14.506901595192078, -14.586813665570793, -14.666725735949507, -14.746637806328222, -14.826549876706936, -16.664527495417374, -18.662329254885236, -20.660131014353105, -22.657932773820967],
        "2": [-7.838942492537152, -9.327746341929158, -10.961978165628553, -12.741637963635336, -14.507366964709862, -14.586930007950238, -14.666725735949507, -14.746754148707668, -14.82701524622472, -16.737241482571065, -18.953185203500013, -21.31455689873635, -23.821356568280073],
        "3": [-7.837124001401699, -9.326979165981388, -10.961750854236621, -12.741609549711345, -14.507366950161932, -14.586930006131748, -14.666725735949507, -14.746754150526158, -14.827015260772649, -16.737269896495057, -18.953412514891944, -21.31532407468412, -23.823175059415526],
        "4": [-7.835233010334263, -9.326380844588957, -10.961632667294907, -12.741602163027487, -14.507366949859374, -14.586930006112837, -14.666725735949507, -14.746754150507249, -14.827015260470091, -16.737262509811202, -18.953294327950232, -21.31472575329169, -23.821284068348092]
    },
    "apdft_poly_coeff": [ -14.666725735949507, -7.991207037871462, -1.1634237944591064, -0.0018184911354524045, 0.0018909910674362134 ],
    "hf_energies": [-7.794189293293379, -9.286955179286986, -10.923952407828267, -12.705782657227084, -14.473257670109923, -14.552894462570299, -14.632763876698695, -14.712865924369066, -14.793200617037964, -16.7051274571705, -18.9229377201475, -21.285953453720353, -23.793495335285584],
    "triples_corrections": [-9.538764229474005e-05, -8.026998560969224e-05, -6.920645514357077e-05, -6.0690724313341574e-05, -5.442224931369895e-05, -5.4176469667600904e-05, -5.393266059809119e-05, -5.369079357737018e-05, -5.3450840453016764e-05, -4.840064497541987e-05, -4.3714369489016886e-05, -3.9600592253091574e-05, -3.5863268990504904e-05],
    "scf_converged": [true, true, true, true, true, true, true, true, true, true, true, true, true],
    "cc_converged": [true, true, true, true, true, true, true, true, true, true, true, true, true],
    "scf_spin_squared": [2.000080010322665, 2.000051255177456, 2.000036200034957, 2.0000277282816263, 2.0000229500325997, 2.000022785064641, 2.000022622999524, 2.000022463771515, 2.0000223073166516, 2.0000193498592065, 2.0000171390236052, 2.000015581646828, 2.0000144397707276],
    "cc_spin_squared": [2.0000013851156537, 2.000000792889315, 2.0000004953843034, 2.0000003375729385, 2.000000254358242, 2.0000002515873945, 2.000000248872702, 2.0000002462127284, 2.000000243606083, 2.0000001956802897, 2.000000161404407, 2.000000137595258, 2.000000119815385]
}