{
    "schema_name": "pyscf_apdft_output",
    "provenance": {
        "creator": "PySCF",
        "version": "1.7.6"
    },
    "molecule": {
        "geometry": [[0.0, 0.0, 0.0], [0.9, 0.0, 0.0]],
        "symbols": [ "O", "H" ]
    },
    "molecular_charge": 1,
    "molecular_multiplicity": 3,
    "name": "o.h.chrg1.mult3.sep0.90-pyscf-uccsdt.ccpv5z",
    "atomic_numbers": [ 8, 1 ],
    "n_electrons": 8,
    "model": {
        "method": "UCCSD(T)",
        "basis": "cc-pV5Z",
        "scf_conv_tol": 1e-09,
        "scf_conv_tol_grad": 1e-06,
        "cc_conv_tol": 1e-05,
        "cc_conv_tol_normt": 1e-07
    },
    "broken_symmetry": false,
    "finite_diff_delta": 0.01,
    "finite_diff_acc": 2,
    "apdft_lambdas": [-2.0, -1.75, -1.5, -1.25, -1.0, -0.75, -0.5, -0.25, -0.02, -0.01, 0.0, 0.01, 0.02, 0.25, 0.5, 0.75, 1.0],
    "electronic_energies": [-38.43921365686207, -42.32324683642881, -46.40652268252793, -50.691746405963215, -55.18118638194116, -59.87672548075559, -64.77997318966108, -69.89237224771267, -74.78165064406798, -74.99828447580187, -75.21525699205709, -75.43256826760523, -75.65021837683427, -80.74985373485617, -86.49723449293958, -92.45824225483527, -98.63340569369001],
    "apdft_energies": {
        "0": [-75.21525699205708, -75.21525699205708, -75.21525699205708, -75.21525699205708, -75.21525699205708, -75.21525699205708, -75.21525699205708, -75.21525699205708, -75.21525699205708, -75.21525699205708, -75.21525699205708, -75.21525699205708, -75.21525699205708, -75.21525699205708, -75.21525699205708, -75.21525699205708, -75.21525699205708],
        "1": [-31.786877811720416, -37.2154252092625, -42.64397260680458, -48.072520004346664, -53.50106740188875, -58.92961479943083, -64.35816219697291, -69.786709594515, -74.78097320025371, -74.9981150961554, -75.21525699205708, -75.43239888795875, -75.64954078386045, -80.64380438959915, -86.07235178714124, -91.50089918468333, -96.92944658222541],
        "2": [-38.56206367060534, -42.40267688247127, -46.45501465242735, -50.71907698047359, -55.19486386660998, -59.88237531083652, -64.78161131315322, -69.89257187356007, -74.7816507188396, -74.99828447580187, -75.21525699205708, -75.43256826760523, -75.65021830244633, -80.74966666864424, -86.49580090332155, -92.45365969608902, -98.62324304694664],
        "3": [-38.46262396317406, -42.336060047219455, -46.41306352585478, -50.69479970815149, -55.182433903181064, -59.87713142001495, -64.78005756772461, -69.8923776553815, -74.7816506193999, -74.9982844633719, -75.21525699205708, -75.4325682800352, -75.65021840188604, -80.74986088682282, -86.49735464875016, -92.4589035869106, -98.63567301037556],
        "4": [-38.43704821424796, -42.32106801275374, -46.40497119904613, -50.690897158571715, -55.18083541887319, -59.876625649589414, -64.77995766245536, -69.89237141130216, -74.78165061914413, -74.99828446335592, -75.21525699205708, -75.43256828001921, -75.65021840163028, -80.74985464274349, -86.49725474348092, -92.45839781648505, -98.63407452606766]
    },
    "apdft_poly_coeff": [ -75.21525699205708, -21.71418959016833, -1.6937964647212311, -0.012429963428909709, 0.0015984843078816386 ],
    "hf_energies": [-38.241086315714014, -42.12089479815024, -46.200896120931624, -50.483589179904286, -54.97102182887303, -59.66491950325762, -64.56682230893374, -69.67817495890307, -74.56678862363884, -74.78340064775958, -75.00035197268319, -75.21764267597807, -75.43527283478502, -80.5346265414059, -86.28210224817761, -92.24362754755853, -98.4197096372607],
    "triples_corrections": [-0.005015199682192969, -0.005017391067357743, -0.004924581270694641, -0.0047590708496802634, -0.004551359881319888, -0.004327286132263113, -0.004102242569610593, -0.0038823198790663596, -0.003685045694102619, -0.003676560999080223, -0.0036680829888432265, -0.003659611537892382, -0.0036511465211492584, -0.0034579557004513206, -0.003250343753040709, -0.003044668433106942, -0.0028416557457657237],
    "scf_converged": [true, true, true, true, true, true, true, true, true, true, true, true, true, true, true, true, true],
    "cc_converged": [true, true, true, true, true, true, true, true, true, true, true, true, true, true, true, true, true],
    "scf_spin_squared": [2.019572367704375, 2.0171923380217396, 2.015533865958551, 2.0143123604448334, 2.013365951356394, 2.012592624966944, 2.011918206485466, 2.011282844994271, 2.0106915847221374, 2.0106652709093837, 2.0106388922813183, 2.0106124474661566, 2.0105859351493858, 2.009955371840241, 2.0092227679511083, 2.0084525228312944, 2.0076704612461715],
    "cc_spin_squared": [2.000511689347303, 2.0004342090709146, 2.000372856674688, 2.00032162275184, 2.0002784762545884, 2.0002420596601747, 2.000211122375905, 2.0001845462866115, 2.0001630346627026, 2.000162152232835, 2.0001612738087546, 2.000160399347223, 2.0001595288057636, 2.0001405029318735, 2.0001217123263033, 2.0001046595475644, 2.0000893007700093]
}