{
    "schema_name": "pyscf_apdft_output",
    "provenance": {
        "creator": "PySCF",
        "version": "1.7.6"
    },
    "molecule": {
        "geometry": [[0.0, 0.0, 0.0], [1.6, 0.0, 0.0]],
        "symbols": [ "Be", "H" ]
    },
    "molecular_charge": 0,
    "molecular_multiplicity": 2,
    "name": "be.h.chrg0.mult2.sep1.60-pyscf-uccsdt.ccpv5z",
    "atomic_numbers": [ 4, 1 ],
    "n_electrons": 5,
    "model": {
        "method": "UCCSD(T)",
        "basis": "cc-pV5Z",
        "scf_conv_tol": 1e-09,
        "scf_conv_tol_grad": 1e-06,
        "cc_conv_tol": 1e-05,
        "cc_conv_tol_normt": 1e-07
    },
    "broken_symmetry": false,
    "finite_diff_delta": 0.01,
    "finite_diff_acc": 2,
    "apdft_lambdas": [-1.0, -0.75, -0.5, -0.25, -0.02, -0.01, 0.0, 0.01, 0.02, 0.25, 0.5, 0.75, 1.0, 1.25, 1.5, 1.75, 2.0],
    "electronic_energies": [-8.059591162343002, -9.623140949140952, -11.334931450910902, -13.198370444303546, -15.048505725486594, -15.131919436346328, -15.215581807360712, -15.299492949428073, -15.383652973775154, -17.38828338502182, -19.718178582001727, -22.206593758025477, -24.853972794117727, -27.659820916290464, -30.623157060343395, -33.742893489377096, -37.017383966343274],
    "apdft_energies": {
        "0": [-15.215581807360724, -15.215581807360724, -15.215581807360724, -15.215581807360724, -15.215581807360724, -15.215581807360724, -15.215581807360724, -15.215581807360724, -15.215581807360724, -15.215581807360724, -15.215581807360724, -15.215581807360724, -15.215581807360724, -15.215581807360724, -15.215581807360724, -15.215581807360724, -15.215581807360724],
        "1": [-6.836906153273471, -8.931575066795284, -11.026243980317098, -13.120912893838911, -15.04800829427898, -15.131795050819852, -15.215581807360724, -15.299368563901597, -15.38315532044247, -17.310250720882536, -19.40491963440435, -21.499588547926166, -23.594257461447977, -25.68892637496979, -27.783595288491604, -29.87826420201342, -31.97293311553523],
        "2": [-8.080761418034367, -9.631243653223288, -11.337207796507322, -13.198653847886467, -15.048505836384884, -15.131919436346328, -15.215581807360724, -15.299492949428073, -15.383652862548374, -17.387991674930092, -19.715883450594575, -22.19925713435417, -24.838112726208873, -27.63245022615869, -30.58226963420362, -33.687570950343655, -36.94835417457881],
        "3": [-8.062250995506272, -9.623434568719247, -11.33489399369131, -13.198364622534466, -15.048505688301503, -15.131919417835906, -15.215581807360724, -15.299492967938495, -15.383653010631754, -17.388280900282094, -19.718197253410587, -22.20706621885821, -24.85662314873697, -27.668603395158875, -30.64474231023594, -33.78677524608017, -37.09643755480357],
        "4": [-8.06361972285995, -9.623867642608499, -11.334979539150915, -13.198369969125691, -15.0485056885205, -15.131919417849593, -15.215581807360724, -15.299492967952183, -15.38365301085075, -17.38828624687332, -19.71828279887019, -22.207499292747457, -24.857991876090647, -27.671945014674694, -30.65167149246394, -33.79961241161213, -37.118337192462434]
    },
    "apdft_poly_coeff": [ -15.215581807360724, -8.378675654087253, -1.2438552647608958, -0.0185104225280952, -0.001368727353678878 ],
    "hf_energies": [-7.983587551781745, -9.548222308917808, -11.260552728018897, -13.123940665347746, -14.97338899425513, -15.056757683585952, -15.140373773534584, -15.224237380494799, -15.308348622080782, -17.31154163048563, -19.63942300898714, -22.125821718657107, -24.77146162156596, -27.57586206186155, -30.53804707522058, -33.65699258463725, -36.93096723007697],
    "triples_corrections": [-0.000452882298203096, -0.0005330782726968791, -0.0006340809977495773, -0.0007533345566802985, -0.0008823366865970367, -0.0008883093016493716, -0.0008943034481461178, -0.0009003175876077793, -0.000906350106009912, -0.0010454658809513624, -0.001174234560319109, -0.0012584433244318518, -0.0013089073555726965, -0.0013444646317616793, -0.001373055282092769, -0.0013858267398851117, -0.0013669157561327697],
    "scf_converged": [true, true, true, true, true, true, true, true, true, true, true, true, true, true, true, true, true],
    "cc_converged": [true, true, true, true, true, true, true, true, true, true, true, true, true, true, true, true, true],
    "scf_spin_squared": [0.7503185872908156, 0.7508422801849708, 0.7517964648735136, 0.7537818671682865, 0.7577632714710989, 0.7580140740446861, 0.758273079132672, 0.7585405146337272, 0.7588166102757303, 0.7680636971974151, 0.7851893570946817, 0.8041910146442253, 0.8140199795802094, 0.810178743991506, 0.7960293989227729, 0.7786946157824013, 0.7653721147685264],
    "cc_spin_squared": [0.7500130234421543, 0.7500230399988566, 0.7500375230977094, 0.7500566259907318, 0.7500802922939969, 0.7500814970672223, 0.7500827177940157, 0.7500839545458441, 0.7500852073772526, 0.7501182511187852, 0.7501585311319874, 0.7501882543544782, 0.7501938160252544, 0.7501756342000894, 0.7501428153846657, 0.7501043849020155, 0.750069014923378]
}