{
    "schema_name": "pyscf_qa_output",
    "provenance": {
        "creator": "PySCF",
        "version": "1.7.6"
    },
    "molecule": {
        "geometry": [[0.0, 0.0, 0.0], [0.9, 0.0, 0.0]],
        "symbols": [ "F", "H" ]
    },
    "molecular_charge": 0,
    "molecular_multiplicity": 3,
    "name": "f.h.chrg0.mult3.sep0.90-pyscf-uccsdt.ccpv5z",
    "atomic_numbers": [ 9, 1 ],
    "n_electrons": 10,
    "model": {
        "method": "UCCSD(T)",
        "basis": "cc-pV5Z",
        "scf_conv_tol": 1e-09,
        "scf_conv_tol_grad": 1e-06,
        "cc_conv_tol": 1e-05,
        "cc_conv_tol_normt": 1e-07
    },
    "broken_symmetry": false,
    "finite_diff_delta": 0.01,
    "finite_diff_acc": 2,
    "qa_lambdas": [-1.0, -0.75, -0.5, -0.25, -0.02, -0.01, 0.0, 0.01, 0.02, 0.25, 0.5, 0.75, 1.0],
    "electronic_energies": [-75.61828112898505, -81.37465619331857, -87.3617050136721, -93.58256691365406, -99.51493142241443, -99.77744256298995, -100.04033681913236, -100.30361432267115, -100.56727520205271, -106.73752830643366, -113.67544006319547, -120.85402090886247, -128.27229393711346],
    "qats_energies": {
        "0": [-100.04033681913234, -100.04033681913234, -100.04033681913234, -100.04033681913234, -100.04033681913234, -100.04033681913234, -100.04033681913234, -100.04033681913234, -100.04033681913234, -100.04033681913234, -100.04033681913234, -100.04033681913234, -100.04033681913234],
        "1": [-73.7317488350721, -80.30889583108716, -86.88604282710222, -93.46318982311728, -99.51416505945113, -99.77725093929173, -100.04033681913234, -100.30342269897294, -100.56650857881354, -106.6174838151474, -113.19463081116245, -119.77177780717751, -126.34892480319257],
        "2": [-75.64798581721226, -81.386779133541, -87.36510207263726, -93.58295463450104, -99.51493155424399, -99.77744256298995, -100.04033681913234, -100.30361432267115, -100.5672750736064, -106.73724862653116, -113.6736900566975, -120.84966110963136, -128.26516178533274],
        "3": [-75.62629616151115, -81.3776288100421, -87.36239086567461, -93.5826157336307, -99.51493138072674, -99.77744254130029, -100.04033681913234, -100.30361434436081, -100.56727524712365, -106.73758752740149, -113.67640126366014, -120.85881143313026, -128.28685144103386],
        "4": [-75.61219917126935, -81.3731684342234, -87.3615098037845, -93.58256066726257, -99.51493137847122, -99.77744254115932, -100.04033681913234, -100.30361434421984, -100.56727524486813, -106.73753246103335, -113.67552020177003, -120.85435105731156, -128.27275445079206]
    },
    "qats_poly_coeffs": [ -100.04033681913234, -26.30858798406024, -1.9162369821401626, -0.021689655701114433, 0.014096990241796448 ],
    "hf_energies": [-75.32812141082088, -81.0827991415063, -87.06854634379387, -93.28852516304545, -99.22059434004572, -99.48310676476528, -99.74600358829593, -100.00928495210505, -100.27295099364092, -106.44369198107046, -113.38288975724296, -120.56334276890162, -127.98385297334809],
    "triples_corrections": [-0.0072521578499779235, -0.0068828530124426445, -0.006505095551920981, -0.006120291319179483, -0.005750279139968498, -0.0057337106971525, -0.005717100795688942, -0.005700449686927801, -0.0056837576929367325, -0.005290324670952385, -0.004855698179080002, -0.004438375208387225, -0.004054514974622766],
    "scf_converged": [true, true, true, true, true, true, true, true, true, true, true, true, true],
    "cc_converged": [true, true, true, true, true, true, true, true, true, true, true, true, true],
    "scf_spin_squared": [2.005713943505053, 2.005428209514986, 2.0050899387804533, 2.004706580026582, 2.004338000975531, 2.0043221426737317, 2.0043063200333036, 2.0042905353657945, 2.0042747909129934, 2.003927686243512, 2.003589442708079, 2.003287242036991, 2.0030130954746563],
    "cc_spin_squared": [2.0001384052216946, 2.000125269406599, 2.0001134044378572, 2.000102592381882, 2.0000927581469803, 2.00009231946401, 2.000091879451959, 2.000091438085187, 2.0000909953422297, 2.000080448750772, 2.0000686825112513, 2.0000576847452645, 2.0000481763746336]
}