{
    "schema_name": "pyscf_apdft_output",
    "provenance": {
        "creator": "PySCF",
        "version": "1.7.6"
    },
    "molecule": {
        "geometry": [[0.0, 0.0, 0.0], [1.8, 0.0, 0.0]],
        "symbols": [ "N", "H" ]
    },
    "molecular_charge": 2,
    "molecular_multiplicity": 1,
    "name": "n.h.chrg2.mult1.sep1.80-pyscf-ccsdt.ccpv5z",
    "atomic_numbers": [ 7, 1 ],
    "n_electrons": 6,
    "model": {
        "method": "CCSD(T)",
        "basis": "cc-pV5Z",
        "scf_conv_tol": 1e-09,
        "scf_conv_tol_grad": 1e-06,
        "cc_conv_tol": 1e-05,
        "cc_conv_tol_normt": 1e-07
    },
    "broken_symmetry": false,
    "finite_diff_delta": 0.01,
    "finite_diff_acc": 2,
    "apdft_lambdas": [-3.0, -2.75, -2.5, -2.25, -2.0, -1.75, -1.5, -1.25, -1.0, -0.75, -0.5, -0.25, -0.02, -0.01, 0.0, 0.01, 0.02],
    "electronic_energies": [-15.196110619436228, -17.460687072040372, -19.884460745193582, -22.47157831289654, -25.226183033821176, -28.15216761844433, -31.252931290506364, -34.53135969118838, -37.99031168375583, -41.63362312619906, -45.466919043443234, -49.49625463280311, -53.3786964529129, -53.551298609944965, -53.72421585328, -53.89744795591381, -54.070994687928845],
    "apdft_energies": {
        "0": [-53.72421585328, -53.72421585328, -53.72421585328, -53.72421585328, -53.72421585328, -53.72421585328, -53.72421585328, -53.72421585328, -53.72421585328, -53.72421585328, -53.72421585328, -53.72421585328, -53.72421585328, -53.72421585328, -53.72421585328, -53.72421585328, -53.72421585328],
        "1": [-1.8018139579529588, -6.128680782563549, -10.455547607174132, -14.782414431784716, -19.109281256395306, -23.436148081005893, -27.76301490561648, -32.08988173022706, -36.41674855483765, -40.743615379448244, -45.07048220405883, -49.39734902866941, -53.37806650731115, -53.55114118029557, -53.72421585328, -53.89729052626443, -54.07036519924885],
        "2": [-15.97048240285568, -18.034298017516527, -20.294900693912133, -22.7522904320425, -25.406467231907627, -28.257431093507513, -31.30518201684216, -34.54972000191157, -37.99104504871573, -41.62915715725466, -45.46405632752835, -49.495742559536794, -53.378696225908705, -53.551298609944965, -53.72421585328, -53.89744795591381, -54.0709949178464],
        "3": [-16.998556332842952, -18.82617672169075, -20.889850884876985, -23.18600912125588, -25.711081729681634, -28.461499009008456, -31.43369125809057, -34.62408877578217, -38.02912186093749, -41.64522081241071, -45.46881592905606, -49.49633750972776, -53.3786965305232, -53.55129864802178, -53.72421585328, -53.897447917837, -54.0709946132319],
        "4": [-16.01530205484545, -18.131933575270928, -20.415673474577268, -22.874901322358234, -25.516858662422866, -28.347649012795497, -31.372237865715725, -34.59445268763844, -38.01698291923381, -41.64137997538728, -45.46805724519959, -49.49629009198673, -53.378696528580974, -53.55129864790039, -53.72421585328, -53.89744791771561, -54.07099461128967]
    },
    "apdft_poly_coeff": [ -53.72421585328, -17.307467298442347, -1.5742964938780801, 0.038076812221750814, 0.012138941703672875 ],
    "hf_energies": [-15.062327250329645, -17.323928294167878, -19.743372151567215, -22.324674108973984, -25.072000290967665, -27.98963203520554, -31.082017098139797, -34.3537867694021, -37.80964578831514, -41.454093366231646, -45.290962352310764, -49.32280527340275, -53.20495620859804, -53.37749453727814, -53.55034448014496, -53.72350591735287, -53.89697872630209],
    "triples_corrections": [-0.0023619152463890884, -0.0025531807992743016, -0.0028491099335627252, -0.003237003724085964, -0.003689452852411234, -0.0041516996449456256, -0.0045415124741806, -0.004771629680786116, -0.0047780744870659884, -0.004552908890437246, -0.004223407116939739, -0.004058270867790177, -0.004176383032862766, -0.0041864975393195265, -0.004196936915483814, -0.004207689450283406, -0.004218743459396473],
    "scf_converged": [true, true, true, true, true, true, true, true, true, true, true, true, true, true, true, true, true],
    "cc_converged": [true, true, true, true, true, true, true, true, true, true, true, true, true, true, true, true, true],
    "t1_diagnostic": [0.01827162853821531, 0.016681182881462992, 0.016781350154268272, 0.017927815039060983, 0.019145404989278175, 0.019450926442632813, 0.018664516131127747, 0.018350078868569472, 0.020052208528584817, 0.02126087878226694, 0.018159677432609815, 0.011624448951181594, 0.006865649038848065, 0.0067333254302197314, 0.006607548722796929, 0.006488227976478615, 0.0063752535039853135]
}