{
    "schema_name": "pyscf_apdft_output",
    "provenance": {
        "creator": "PySCF",
        "version": "1.7.6"
    },
    "molecule": {
        "geometry": [[0.0, 0.0, 0.0], [0.6, 0.0, 0.0]],
        "symbols": [ "B", "H" ]
    },
    "molecular_charge": -1,
    "molecular_multiplicity": 2,
    "name": "b.h.chrg-1.mult2.sep0.60-pyscf-uccsdt.ccpv5z",
    "atomic_numbers": [ 5, 1 ],
    "n_electrons": 7,
    "model": {
        "method": "UCCSD(T)",
        "basis": "cc-pV5Z",
        "scf_conv_tol": 1e-09,
        "scf_conv_tol_grad": 1e-06,
        "cc_conv_tol": 1e-05,
        "cc_conv_tol_normt": 1e-07
    },
    "broken_symmetry": false,
    "finite_diff_delta": 0.01,
    "finite_diff_acc": 2,
    "apdft_lambdas": [-0.02, -0.01, 0.0, 0.01, 0.02, 0.25, 0.5, 0.75, 1.0, 1.25, 1.5, 1.75, 2.0, 2.25, 2.5, 2.75, 3.0],
    "electronic_energies": [-24.49317787579127, -24.610109052713113, -24.727338624490464, -24.844866750668064, -24.962693583249106, -27.755432821804142, -30.971450140024853, -34.37527237991831, -37.96580969275887, -41.7414575926472, -45.700260013809746, -49.83991066992483, -54.15771588734982, -58.650573439350026, -63.31498051494115, -68.14706419601936, -73.14262763759076],
    "apdft_energies": {
        "0": [-24.72733862449021, -24.72733862449021, -24.72733862449021, -24.72733862449021, -24.72733862449021, -24.72733862449021, -24.72733862449021, -24.72733862449021, -24.72733862449021, -24.72733862449021, -24.72733862449021, -24.72733862449021, -24.72733862449021, -24.72733862449021, -24.72733862449021, -24.72733862449021, -24.72733862449021],
        "1": [-24.492580926535258, -24.609959775512735, -24.72733862449021, -24.844717473467682, -24.96209632244516, -27.661809848927092, -30.59628107336398, -33.530752297800866, -36.46522352223775, -39.39969474667463, -42.33416597111152, -45.26863719554841, -48.20310841998529, -51.137579644422175, -54.072050868859066, -57.00652209329595, -59.94099331773283],
        "2": [-24.49317803533678, -24.610109052713113, -24.72733862449021, -24.844866750668064, -24.96269343124668, -27.755108099164833, -30.969474074314935, -34.370436549940514, -37.95799552604157, -41.73215100261811, -45.69290297967012, -49.84025145719761, -54.17419643520058, -58.69473791367903, -63.40187589263295, -68.29561037206236, -73.37594135196723],
        "3": [-24.493177827638156, -24.610109026750784, -24.72733862449021, -24.844866776630393, -24.962693638945304, -27.75551376053507, -30.972719365276824, -34.38138940693689, -37.983957853736676, -41.78285867389761, -45.780525835641086, -49.979393307188545, -54.381895056761394, -58.99046505258105, -63.80753726286892, -68.83554565584643, -74.07692419973499],
        "4": [-24.493177822609447, -24.61010902643649, -24.72733862449021, -24.8448667763161, -24.96269363391659, -27.755390989239622, -30.970755024549707, -34.371444932005865, -37.95252840210282, -41.70612661424465, -45.62141423674473, -49.68461942682576, -53.87902383061979, -58.18496258316819, -62.57982430842165, -67.03805111924018, -71.53113861739313]
    },
    "apdft_poly_coeff": [ -24.72733862449021, -11.737884897747541, -1.4927720038038217, -0.025962327695102275, 0.03142945163385017 ],
    "hf_energies": [-24.332407636304033, -24.449213283937922, -24.56631998482582, -24.68372788095563, -24.801437104783467, -27.592100285077, -30.806759858814114, -34.20968625303561, -37.799633932072396, -41.574960347241436, -45.53368833863513, -49.67349095453972, -53.99165569032566, -58.485065471485605, -63.15020680503762, -67.98320127800345, -72.97985255363473],
    "triples_corrections": [-0.004407153188502666, -0.004404408613602819, -0.004401360693751955, -0.0043980136894220204, -0.004394372533173203, -0.0042461820856202715, -0.004023303041408853, -0.0038116297530867366, -0.0036289743617126126, -0.003470727017091887, -0.003329703562224582, -0.0032004074225379935, -0.0030789855861677413, -0.0029626138976280433, -0.0028492046569271387, -0.00273716431008938, -0.0026252685644097863],
    "scf_converged": [true, true, true, true, true, true, true, true, true, true, true, true, true, true, true, true, true],
    "cc_converged": [true, true, true, true, true, true, true, true, true, true, true, true, true, true, true, true, true],
    "scf_spin_squared": [0.7650235968424304, 0.764953090574847, 0.7648860377441498, 0.7648223232221198, 0.7647610560821629, 0.7635739919980145, 0.7618134619275843, 0.7599214365701119, 0.7583592930792191, 0.7571727532977239, 0.7562729541571431, 0.7555725046977568, 0.7550108462152352, 0.754548955886496, 0.7541613882945986, 0.7538307044362256, 0.753544295086988],
    "cc_spin_squared": [0.7505039797003794, 0.7504982023766826, 0.7504925113171959, 0.7504869042087503, 0.7504813753744555, 0.7503713323668872, 0.7502797497712996, 0.7502125830855702, 0.7501658095482022, 0.750133989138976, 0.7501120646087527, 0.7500964569416801, 0.7500849267713781, 0.7500761034189876, 0.7500691315188224, 0.750063462598549, 0.7500587074987344]
}