{
    "schema_name": "pyscf_apdft_output",
    "provenance": {
        "creator": "PySCF",
        "version": "1.7.6"
    },
    "molecule": {
        "geometry": [[0.0, 0.0, 0.0], [0.9, 0.0, 0.0]],
        "symbols": [ "O", "H" ]
    },
    "molecular_charge": 1,
    "molecular_multiplicity": 1,
    "name": "o.h.chrg1.mult1.sep0.90-pyscf-ccsdt.ccpv5z",
    "atomic_numbers": [ 8, 1 ],
    "n_electrons": 8,
    "model": {
        "method": "CCSD(T)",
        "basis": "cc-pV5Z",
        "scf_conv_tol": 1e-09,
        "scf_conv_tol_grad": 1e-06,
        "cc_conv_tol": 1e-05,
        "cc_conv_tol_normt": 1e-07
    },
    "broken_symmetry": false,
    "finite_diff_delta": 0.01,
    "finite_diff_acc": 2,
    "apdft_lambdas": [-2.0, -1.75, -1.5, -1.25, -1.0, -0.75, -0.5, -0.25, -0.02, -0.01, 0.0, 0.01, 0.02, 0.25, 0.5, 0.75, 1.0],
    "electronic_energies": [-38.391118131230016, -42.27082344364863, -46.34896656470768, -50.628536769928694, -55.11208350857206, -59.801698896841415, -64.69910880153006, -69.80580090271033, -74.68995069098432, -74.9063641150238, -75.12311643313708, -75.34020771942886, -75.55763804761379, -80.6522743130363, -86.39433519305632, -92.35012855130368, -98.52016604611514],
    "apdft_energies": {
        "0": [-75.12311643313718, -75.12311643313718, -75.12311643313718, -75.12311643313718, -75.12311643313718, -75.12311643313718, -75.12311643313718, -75.12311643313718, -75.12311643313718, -75.12311643313718, -75.12311643313718, -75.12311643313718, -75.12311643313718, -75.12311643313718, -75.12311643313718, -75.12311643313718, -75.12311643313718],
        "1": [-31.738755992631653, -37.161801047694844, -42.584846102758036, -48.00789115782123, -53.43093621288442, -58.85398126794761, -64.2770263230108, -69.700071378074, -74.68927282873213, -74.90619463093466, -75.12311643313718, -75.3400382353397, -75.55696003754224, -80.54616148820037, -85.96920654326357, -91.39225159832677, -96.81529665338995],
        "2": [-38.51811955858575, -42.35225127787845, -46.39823810860722, -50.65608005077205, -55.12577710437294, -59.807329269409905, -64.70073654588293, -69.80599893379203, -74.68995076508872, -74.9063641150238, -75.12311643313718, -75.34020771942886, -75.55763797389884, -80.65208904391841, -86.3929167661357, -92.34559959978905, -98.51013754487848],
        "3": [-38.419573316012126, -42.286232994279324, -46.35666391252147, -50.632020909518715, -55.113458824051236, -59.80213249489918, -64.69919676084272, -69.805806460662, -74.68995066654249, -74.90636410270552, -75.12311643313718, -75.34020773174714, -75.55763807244507, -80.65228151704844, -86.3944565511759, -92.35079637429978, -98.52245582520018],
        "4": [-38.39360724227651, -42.27101215857639, -46.34844808450356, -50.628058801099584, -55.11183594444276, -59.801619005648064, -64.6990953308672, -69.80580012128853, -74.68995066628283, -74.9063641026893, -75.12311643313718, -75.34020773173091, -75.55763807218541, -80.65227517767497, -86.39435512120038, -92.35028288504866, -98.5208329455917]
    },
    "apdft_poly_coeff": [ -75.12311643313718, -21.692180220252766, -1.694840891488525, -0.012318280321702936, 0.0016228796084760688 ],
    "hf_energies": [-38.16574272808563, -42.03917564211314, -46.11175426148587, -50.3863726424907, -54.865449032479525, -59.55097101112065, -64.4446154872584, -69.54787022974944, -74.42916968029843, -74.64546634689938, -74.86210251985518, -75.07907827481397, -75.29639368699058, -80.38855942045032, -86.12831437314001, -92.08218574393281, -98.25065067890394],
    "triples_corrections": [-0.008017231904381032, -0.008386797624857396, -0.008754399575694839, -0.009123267027423356, -0.009500607747168799, -0.009892168422475093, -0.01029867501055486, -0.010716308491832634, -0.011104966341024819, -0.011121872160360988, -0.011138774760960073, -0.011155673682015494, -0.011172568463538717, -0.011558968120028898, -0.011970086427739392, -0.012366532417970616, -0.012744596242797225],
    "scf_converged": [true, true, true, true, true, true, true, true, true, true, true, true, true, true, true, true, true],
    "cc_converged": [true, true, true, true, true, true, true, true, true, true, true, true, true, true, true, true, true],
    "t1_diagnostic": [0.009173973215495916, 0.007820348139399042, 0.006836843456421897, 0.0062036271429091044, 0.0057813423896458035, 0.005445144926736982, 0.005136040812668357, 0.004839629799293503, 0.0045790918259915395, 0.004568055982362908, 0.004557044603084226, 0.004546057615881525, 0.004535094934325294, 0.004289266137648019, 0.004032817433591731, 0.003781987596471716, 0.0035331575567249087]
}