{
    "schema_name": "pyscf_apdft_output",
    "provenance": {
        "creator": "PySCF",
        "version": "1.7.6"
    },
    "molecule": {
        "geometry": [[0.0, 0.0, 0.0], [0.7, 0.0, 0.0]],
        "symbols": [ "C", "H" ]
    },
    "molecular_charge": 2,
    "molecular_multiplicity": 4,
    "name": "c.h.chrg2.mult4.sep0.70-pyscf-uccsdt.ccpv5z",
    "atomic_numbers": [ 6, 1 ],
    "n_electrons": 5,
    "model": {
        "method": "UCCSD(T)",
        "basis": "cc-pV5Z",
        "scf_conv_tol": 1e-09,
        "scf_conv_tol_grad": 1e-06,
        "cc_conv_tol": 1e-05,
        "cc_conv_tol_normt": 1e-07
    },
    "broken_symmetry": false,
    "finite_diff_delta": 0.01,
    "finite_diff_acc": 2,
    "apdft_lambdas": [-3.0, -2.75, -2.5, -2.25, -2.0, -1.75, -1.5, -1.25, -1.0, -0.75, -0.5, -0.25, -0.02, -0.01, 0.0, 0.01, 0.02],
    "electronic_energies": [-7.571793497163134, -9.11122861792213, -10.802204670008063, -12.647629645806482, -14.650040729339057, -16.81124498352182, -19.132323519698534, -21.613904535716188, -24.25646251825104, -27.060486928079143, -30.026522423824908, -33.1551419731251, -36.17754066066138, -36.31208753016972, -36.44689615939922, -36.58196657506744, -36.71729880352727],
    "apdft_energies": {
        "0": [-36.44689615939923, -36.44689615939923, -36.44689615939923, -36.44689615939923, -36.44689615939923, -36.44689615939923, -36.44689615939923, -36.44689615939923, -36.44689615939923, -36.44689615939923, -36.44689615939923, -36.44689615939923, -36.44689615939923, -36.44689615939923, -36.44689615939923, -36.44689615939923, -36.44689615939923],
        "1": [4.034960575258864, 0.6614725140373565, -2.7120155471841514, -6.085503608405659, -9.458991669627167, -12.832479730848675, -16.205967792070183, -19.57945585329169, -22.9529439145132, -26.326431975734707, -29.699920036956215, -33.07340809817772, -36.17701711450151, -36.31195663695037, -36.44689615939923, -36.58183568184809, -36.71677520429695],
        "2": [-7.745429166201475, -9.237327199273068, -10.89284175653161, -12.7119728379771, -14.69472044360954, -16.84108457342893, -19.151065227435268, -21.624662405628555, -24.261876108008792, -27.062706334575978, -30.027153085330113, -33.1552163602712, -36.17754068737891, -36.31208753016972, -36.44689615939923, -36.58196657506744, -36.71729877717435],
        "3": [-7.626020651125728, -9.145352237718775, -10.82373960660351, -12.66159737067952, -14.659340142846357, -16.817382536003592, -19.1361391630508, -21.616024636887545, -24.257453570413396, -27.06084057652792, -30.02660026813069, -33.15514725812127, -36.177540651998605, -36.31208752574718, -36.44689615939923, -36.58196657948998, -36.71729881255465],
        "4": [-7.502972679313999, -9.058472156927131, -10.764399342419622, -12.622664223348465, -14.635034370636632, -16.80313493857304, -19.128448664812566, -21.61231587037605, -24.255934459650284, -27.06035992038803, -30.026505323707994, -33.15514132409485, -36.17754065175555, -36.31208752573199, -36.44689615939923, -36.58196657947479, -36.71729881231159]
    },
    "apdft_poly_coeff": [ -36.44689615939923, -13.493952244886032, -1.3089321934955933, -0.004422537595398049, 0.001519110763107771 ],
    "hf_energies": [-7.5133087661591595, -9.052923743527735, -10.743890929168705, -12.589371942210066, -14.592074308122267, -16.753836709646677, -19.075683629240828, -21.558171881989143, -24.201723977226408, -27.006799155883545, -29.973927216857636, -33.10367606078894, -36.127147133608005, -36.26174141091295, -36.396597516346226, -36.531715477050746, -36.667095319809924],
    "triples_corrections": [-0.0003017223209072699, -0.0002701465507043522, -0.00024996297841558873, -0.00023359340355264942, -0.000217141485979222, -0.00020006200437666072, -0.0001833386185453012, -0.00016786674991614778, -0.00015397512221569854, -0.00014160706883962782, -0.00013055891248023568, -0.00012060549256251213, -0.00011224085484816854, -0.00011189216171512196, -0.0001115446310635198, -0.00011119825306372102, -0.00011085301796782878],
    "scf_converged": [true, true, true, true, true, true, true, true, true, true, true, true, true, true, true, true, true],
    "cc_converged": [true, true, true, true, true, true, true, true, true, true, true, true, true, true, true, true, true],
    "scf_spin_squared": [3.7501470232861154, 3.750096292358166, 3.7500641425094985, 3.7500443390574585, 3.7500322905744516, 3.7500249298704045, 3.7500203285920026, 3.750017346524066, 3.7500153342944404, 3.7500139217192783, 3.75001289240251, 3.750012115271297, 3.750011551167632, 3.7500115291535527, 3.7500115073218767, 3.7500114856696505, 3.750011464193961],
    "cc_spin_squared": [3.750004502464297, 3.7500028694738017, 3.7500019292333513, 3.7500013658255806, 3.7500010091263745, 3.7500007711402423, 3.750000605922849, 3.750000487715159, 3.7500004007953214, 3.750000335151954, 3.7500002842576063, 3.7500002438129125, 3.750000213343978, 3.750000212138714, 3.7500002109424444, 3.7500002097550627, 3.750000208576497]
}