{
    "schema_name": "pyscf_apdft_output",
    "provenance": {
        "creator": "PySCF",
        "version": "1.7.6"
    },
    "molecule": {
        "geometry": [[0.0, 0.0, 0.0], [1.1, 0.0, 0.0]],
        "symbols": [ "Be", "H" ]
    },
    "molecular_charge": 1,
    "molecular_multiplicity": 3,
    "name": "be.h.chrg1.mult3.sep1.10-pyscf-uccsdt.ccpv5z",
    "atomic_numbers": [ 4, 1 ],
    "n_electrons": 4,
    "model": {
        "method": "UCCSD(T)",
        "basis": "cc-pV5Z",
        "scf_conv_tol": 1e-09,
        "scf_conv_tol_grad": 1e-06,
        "cc_conv_tol": 1e-05,
        "cc_conv_tol_normt": 1e-07
    },
    "broken_symmetry": false,
    "finite_diff_delta": 0.01,
    "finite_diff_acc": 2,
    "apdft_lambdas": [-1.0, -0.75, -0.5, -0.25, -0.02, -0.01, 0.0, 0.01, 0.02, 0.25, 0.5, 0.75, 1.0],
    "electronic_energies": [-7.870355895873136, -9.363971679005163, -11.001413626704997, -12.783439860111612, -14.550956547890351, -14.6305930877583, -14.710462115872472, -14.790563648778052, -14.870897702619027, -16.78278678968207, -19.000559352470574, -21.363645602577147, -23.871515181198543],
    "apdft_energies": {
        "0": [-14.710462115872412, -14.710462115872412, -14.710462115872412, -14.710462115872412, -14.710462115872412, -14.710462115872412, -14.710462115872412, -14.710462115872412, -14.710462115872412, -14.710462115872412, -14.710462115872412, -14.710462115872412, -14.710462115872412],
        "1": [-6.711934064884771, -8.71156607763168, -10.711198090378591, -12.710830103125502, -14.550491554852659, -14.630476835362536, -14.710462115872412, -14.790447396382287, -14.870432676892165, -16.71009412861932, -18.709726141366232, -20.709358154113144, -22.708990166860055],
        "2": [-7.874458022525486, -9.365485803804583, -11.00182907978877, -12.783487850478046, -14.550956564435715, -14.6305930877583, -14.710462115872412, -14.790563648778052, -14.870897686475221, -16.78275187597187, -19.00035713077641, -21.363277880286045, -23.87151412450077],
        "3": [-7.871733924985352, -9.364336575154839, -11.001488567596253, -12.783445286453981, -14.550956542642934, -14.630593085034201, -14.710462115872412, -14.79056365150215, -14.870897708268002, -16.782794439995932, -19.000697642968927, -21.36442710893579, -23.8742382220409],
        "4": [-7.870060774478321, -9.363807179877224, -11.001383995689563, -12.783438750709813, -14.55095654237523, -14.63059308501747, -14.710462115872412, -14.790563651485419, -14.870897708000298, -16.782787904251762, -19.000593071062237, -21.363897713658176, -23.87256507153387]
    },
    "apdft_poly_coeff": [ -14.710462115872412, -7.998528050987641, -1.1625239576407154, -0.002724097540133622, 0.001673150507031096 ],
    "hf_energies": [-7.829861063633704, -9.32531803564591, -10.964632214892415, -12.74852419536025, -14.517727916771433, -14.597437059576343, -14.677378630312687, -14.757552646065363, -14.837959123558287, -16.751499429378082, -18.97104512002133, -21.335897371384263, -23.845535684120378],
    "triples_corrections": [-8.335174806650068e-05, -7.14965899455043e-05, -6.278807173315411e-05, -5.599866599180938e-05, -5.0938366222905916e-05, -5.073866052118613e-05, -5.0540446777502344e-05, -5.034370270086244e-05, -5.014840625715885e-05, -4.600912076787428e-05, -4.2103075732179256e-05, -3.859833949477565e-05, -3.53277018196499e-05],
    "scf_converged": [true, true, true, true, true, true, true, true, true, true, true, true, true],
    "cc_converged": [true, true, true, true, true, true, true, true, true, true, true, true, true],
    "scf_spin_squared": [2.0000558197760814, 2.00003660077858, 2.0000270399728683, 2.000021793719354, 2.000018834593393, 2.0000187316525926, 2.0000186304381797, 2.0000185309095957, 2.000018433027438, 2.0000165606928273, 2.000015119173044, 2.00001407219564, 2.000013286501749],
    "cc_spin_squared": [2.000000989506661, 2.00000057091063, 2.0000003678785534, 2.0000002620336357, 2.0000002064364804, 2.000000204581319, 2.0000002027631467, 2.000000200980999, 2.000000199233934, 2.000000166920536, 2.0000001433315413, 2.000000126402543, 2.000000113239181]
}