{
    "schema_name": "pyscf_qa_output",
    "provenance": {
        "creator": "PySCF",
        "version": "1.7.6"
    },
    "molecule": {
        "geometry": [[0.0, 0.0, 0.0], [1.9, 0.0, 0.0]],
        "symbols": [ "B", "H" ]
    },
    "molecular_charge": -1,
    "molecular_multiplicity": 2,
    "name": "b.h.chrg-1.mult2.sep1.90-pyscf-uccsdt.ccpv5z",
    "atomic_numbers": [ 5, 1 ],
    "n_electrons": 7,
    "model": {
        "method": "UCCSD(T)",
        "basis": "cc-pV5Z",
        "scf_conv_tol": 1e-09,
        "scf_conv_tol_grad": 1e-06,
        "cc_conv_tol": 1e-05,
        "cc_conv_tol_normt": 1e-07
    },
    "broken_symmetry": false,
    "finite_diff_delta": 0.01,
    "finite_diff_acc": 2,
    "qa_lambdas": [-0.02, -0.01, 0.0, 0.01, 0.02, 0.25, 0.5, 0.75, 1.0, 1.25, 1.5, 1.75, 2.0, 2.25, 2.5, 2.75, 3.0],
    "electronic_energies": [-24.99105849085549, -25.106977584257603, -25.22318988793802, -25.339695553735286, -25.456494724248053, -28.224126425769125, -31.41028093874865, -34.78295157719343, -38.3424586735882, -42.08801724091172, -46.01774954016644, -50.12968699899846, -54.423420685011074, -58.90146479434656, -63.56645782493019, -68.41144349173543, -73.42550796334812],
    "qats_energies": {
        "0": [-25.223189887938062, -25.223189887938062, -25.223189887938062, -25.223189887938062, -25.223189887938062, -25.223189887938062, -25.223189887938062, -25.223189887938062, -25.223189887938062, -25.223189887938062, -25.223189887938062, -25.223189887938062, -25.223189887938062, -25.223189887938062, -25.223189887938062, -25.223189887938062, -25.223189887938062],
        "1": [-24.99047191846038, -25.10683090319922, -25.223189887938062, -25.339548872676904, -25.455907857415745, -28.1321645064091, -31.04113912488014, -33.95011374335118, -36.85908836182222, -39.76806298029325, -42.677037598764294, -45.586012217235336, -48.49498683570637, -51.403961454177406, -54.31293607264845, -57.22191069111949, -60.130885309590525],
        "2": [-24.991058642693908, -25.106977584257603, -25.223189887938062, -25.339695553735286, -25.456494581649274, -28.223840167897922, -31.407841770835425, -34.775194696750575, -38.32589894564336, -42.05995451751379, -45.977361412361866, -50.07811963018759, -54.36222917099094, -58.82969003477194, -63.48050222153059, -68.31466573126689, -73.33218056398081],
        "3": [-24.991058446402445, -25.10697755972117, -25.223189887938062, -25.33969557827172, -25.456494777940737, -28.22422354966407, -31.41090882496461, -34.78554600443658, -38.350435378676856, -42.10787723828234, -46.060171873849924, -50.20961957597649, -54.55852063525893, -59.109175342294144, -63.86388398767902, -68.82494686201042, -73.99466425588528],
        "4": [-24.991058440242686, -25.106977559336183, -25.223189887938062, -25.339695577886733, -25.456494771780978, -28.224073164924686, -31.408502669134474, -34.773364840546506, -38.311936885394665, -42.013886776167624, -45.86527325160883, -49.848545816716566, -53.94254474274388, -58.12250106719862, -62.36003659384343, -66.62316389269576, -70.87628630002783]
    },
    "qats_poly_coeffs": [ -25.223189887938062, -11.635898473884154, -1.4668105838211432, -0.02453643303349887, 0.03849849328219079 ],
    "hf_energies": [-24.83982224836115, -24.955542443517736, -25.071555280951486, -25.1878608377267, -25.30445919141712, -28.067372267341874, -31.24540925396271, -34.6084957752242, -38.15696942819183, -41.89247086665481, -45.81646142998853, -49.92979077806084, -54.23204000115068, -58.731088061512224, -63.39669867972091, -68.24437367582944, -73.25918915142421],
    "triples_corrections": [-0.005555179871817584, -0.0055663638698169845, -0.005577543333254165, -0.005588730059164927, -0.005599932454646987, -0.005876968747431231, -0.006512985954956589, -0.007125778042905694, -0.007736520182267174, -0.008112461116677492, -0.008161612661511376, -0.007833581471724015, -0.007016363347260915, -0.005176884142290345, -0.005010057461373341, -0.005235749042212042, -0.005827787349721161],
    "scf_converged": [true, true, true, true, true, true, true, true, true, true, true, true, true, true, true, true, true],
    "cc_converged": [true, true, true, true, true, true, true, true, true, true, true, true, true, true, true, true, true],
    "scf_spin_squared": [0.7677058148494322, 0.7677243239301195, 0.7677551149212616, 0.7678009463300848, 0.7678653714627774, 0.8226646436556702, 0.8032893020938241, 0.7743806854629436, 0.7686188297116345, 0.7659348832739363, 0.7650201154112048, 0.766762342387715, 0.7805854815715492, 1.0941657861003686, 0.7731185986671565, 0.7572054033624553, 0.7548135576627253],
    "cc_spin_squared": [0.7505781613569917, 0.7505878021838581, 0.7505981567081383, 0.7506092660685493, 0.7506212071106197, 0.7517092133379926, 0.7506352330148034, 0.7519780262886304, 0.7542357609372401, 0.7572002064354415, 0.7590109823261446, 0.7574998860761475, 0.7533805431295904, 0.7551140595341617, 0.7506530574970505, 0.7501920452045228, 0.7501073358344894]
}