{
    "schema_name": "pyscf_qa_output",
    "provenance": {
        "creator": "PySCF",
        "version": "1.7.6"
    },
    "molecule": {
        "geometry": [[0.0, 0.0, 0.0], [0.6, 0.0, 0.0]],
        "symbols": [ "N", "H" ]
    },
    "molecular_charge": 0,
    "molecular_multiplicity": 3,
    "name": "n.h.chrg0.mult3.sep0.60-pyscf-uccsdt.ccpv5z",
    "atomic_numbers": [ 7, 1 ],
    "n_electrons": 8,
    "model": {
        "method": "UCCSD(T)",
        "basis": "cc-pV5Z",
        "scf_conv_tol": 1e-09,
        "scf_conv_tol_grad": 1e-06,
        "cc_conv_tol": 1e-05,
        "cc_conv_tol_normt": 1e-07
    },
    "broken_symmetry": false,
    "finite_diff_delta": 0.01,
    "finite_diff_acc": 2,
    "qa_lambdas": [-1.0, -0.75, -0.5, -0.25, -0.02, -0.01, 0.0, 0.01, 0.02, 0.25, 0.5, 0.75, 1.0, 1.25, 1.5, 1.75, 2.0],
    "electronic_energies": [-38.014533522551204, -41.903782396661306, -45.99531562547568, -50.29058866769717, -54.42291712754584, -54.60651771229466, -54.79044632190592, -54.97470297383229, -55.159287684971474, -59.49531206364057, -64.40537505822654, -69.5206905021272, -74.84119337722022, -80.36666398919829, -86.09667929320656, -92.03056759880094, -98.16737249682902],
    "qats_energies": {
        "0": [-54.79044632190587, -54.79044632190587, -54.79044632190587, -54.79044632190587, -54.79044632190587, -54.79044632190587, -54.79044632190587, -54.79044632190587, -54.79044632190587, -54.79044632190587, -54.79044632190587, -54.79044632190587, -54.79044632190587, -54.79044632190587, -54.79044632190587, -54.79044632190587, -54.79044632190587],
        "1": [-36.38118324502458, -40.9834990142449, -45.585814783465224, -50.18813055268555, -54.42226106036824, -54.60635369113706, -54.79044632190587, -54.97453895267468, -55.158631583443494, -59.39276209112619, -63.99507786034651, -68.59739362956684, -73.19970939878715, -77.80202516800748, -82.4043409372278, -87.00665670644813, -91.60897247566845],
        "2": [-38.021394821077344, -41.90611802577458, -45.995867677478415, -50.290643776188844, -54.422917144998664, -54.60651771229466, -54.79044632190587, -54.97470297383229, -55.159287668073915, -59.49527531462949, -64.4051307543597, -69.52001264109651, -74.83992097483991, -80.36485575558993, -86.09481698334652, -92.02980465810971, -98.1698187798795],
        "3": [-38.018532288940094, -41.90491039502918, -45.995509860961256, -50.2905990491242, -54.422917122098404, -54.606517709432126, -54.79044632190587, -54.97470297669482, -55.159287690974175, -59.495320041694136, -64.40548857087686, -69.52122027184191, -74.84278350697717, -80.3704466386705, -86.10447802930975, -92.0451460412828, -98.19271903697752],
        "4": [-38.0162188506103, -41.90417840868264, -45.995365271065644, -50.29059001225572, -54.422917121728254, -54.606517709409, -54.79044632190587, -54.974702976671686, -55.159287690604025, -59.49531100482566, -64.40534398098124, -69.52048828549539, -74.84047006864738, -80.36479859587314, -86.09276624776517, -92.02344852007252, -98.15570402370084]
    },
    "qats_poly_coeffs": [ -54.79044632190587, -18.409263076881288, -1.6402115760527636, -0.0028625321372525523, 0.002313438329792916 ],
    "hf_energies": [-37.813931958915106, -41.701113952467175, -45.79148929366183, -50.086165308153156, -54.21822232233307, -54.40181515214532, -54.58573629013291, -54.76998574888317, -54.954563540646156, -59.290496489575084, -64.20059108305355, -69.31607345091513, -74.6368919514153, -80.1628436644918, -85.89352198403913, -91.82827054427163, -97.9661468482172],
    "triples_corrections": [-0.005135030860768689, -0.004900826177383786, -0.004589843608253635, -0.004256030787983777, -0.003961933938930447, -0.003949695229014571, -0.003937507856951833, -0.0039253722217984285, -0.003913288685929484, -0.003650121939021456, -0.0033951858341814824, -0.0031682668391742187, -0.0029640124816088637, -0.0027778454339165634, -0.0026062241795782345, -0.0024464653495562287, -0.002296523566518019],
    "scf_converged": [true, true, true, true, true, true, true, true, true, true, true, true, true, true, true, true, true],
    "cc_converged": [true, true, true, true, true, true, true, true, true, true, true, true, true, true, true, true, true],
    "scf_spin_squared": [2.023996066050971, 2.0188332240110762, 2.01537294428522, 2.012912743729574, 2.0112425037036528, 2.01117989319198, 2.0111180171375063, 2.011056864704149, 2.010996425212161, 2.0097807032668005, 2.0087585184667613, 2.0079538270807964, 2.007300593040327, 2.0067544437011424, 2.0062854738089113, 2.005873345116858, 2.005504053423311],
    "cc_spin_squared": [2.0007736498387594, 2.000550761201769, 2.000402838873857, 2.000301554892838, 2.000236141370869, 2.0002337613251053, 2.000231415041307, 2.0002291019846474, 2.000226821627958, 2.0001822918274987, 2.000147206000425, 2.00012149220974, 2.000102075043599, 2.0000869848985716, 2.000074939383582, 2.0000651180717943, 2.0000569493442346]
}