{
    "schema_name": "pyscf_qa_output",
    "provenance": {
        "creator": "PySCF",
        "version": "1.7.6"
    },
    "molecule": {
        "geometry": [[0.0, 0.0, 0.0], [1.3, 0.0, 0.0]],
        "symbols": [ "Be", "H" ]
    },
    "molecular_charge": -1,
    "molecular_multiplicity": 1,
    "name": "be.h.chrg-1.mult1.sep1.30-pyscf-ccsdt.ccpv5z",
    "atomic_numbers": [ 4, 1 ],
    "n_electrons": 6,
    "model": {
        "method": "CCSD(T)",
        "basis": "cc-pV5Z",
        "scf_conv_tol": 1e-09,
        "scf_conv_tol_grad": 1e-06,
        "cc_conv_tol": 1e-05,
        "cc_conv_tol_normt": 1e-07
    },
    "broken_symmetry": false,
    "finite_diff_delta": 0.01,
    "finite_diff_acc": 2,
    "qa_lambdas": [-0.02, -0.01, 0.0, 0.01, 0.02, 0.25, 0.5, 0.75, 1.0, 1.25, 1.5, 1.75, 2.0, 2.25, 2.5, 2.75, 3.0],
    "electronic_energies": [-15.068746454925986, -15.15496919840102, -15.241457183306439, -15.32821063558305, -15.415229776347163, -17.49042304431464, -19.907417178899856, -22.492522463011483, -25.2446050994852, -28.16203456332298, -31.242745275907886, -34.48413981464386, -37.88306035036161, -41.43584426326029, -45.13842423123836, -48.98639938365064, -52.97499343476249],
    "qats_energies": {
        "0": [-15.241457183306355, -15.241457183306355, -15.241457183306355, -15.241457183306355, -15.241457183306355, -15.241457183306355, -15.241457183306355, -15.241457183306355, -15.241457183306355, -15.241457183306355, -15.241457183306355, -15.241457183306355, -15.241457183306355, -15.241457183306355, -15.241457183306355, -15.241457183306355, -15.241457183306355],
        "1": [-15.068215746124325, -15.154836464715341, -15.241457183306355, -15.32807790189737, -15.414698620488386, -17.40697514808173, -19.57249311285711, -21.738011077632486, -23.90352904240786, -26.069047007183237, -28.234564971958612, -30.40008293673399, -32.56560090150937, -34.731118866284746, -36.89663683106012, -39.0621547958355, -41.22767276061087],
        "2": [-15.068746680867042, -15.15496919840102, -15.241457183306355, -15.32821063558305, -15.415229555231102, -17.48993370163118, -19.904327327054908, -22.484638059577538, -25.230865899199067, -28.1430108459195, -31.22107289973883, -34.46505206065706, -37.87494832867419, -41.45076170379022, -45.192492186005154, -49.10013977531899, -53.173704471731725],
        "3": [-15.068746382828964, -15.15496916114626, -15.241457183306355, -15.328210672837809, -15.41522985326918, -17.490515807251832, -19.908984172020112, -22.50035491133509, -25.268120658920672, -28.215774048500755, -31.346807713799247, -34.66471428854004, -38.17298640644704, -41.87511670124414, -45.77459780665524, -49.874922356404255, -54.179582984215074],
        "4": [-15.068746379612303, -15.15496916094522, -15.241457183306355, -15.328210672636768, -15.415229850052519, -17.490437275510537, -19.90772766415939, -22.493993840290187, -25.248016533149126, -28.166691710191326, -31.245030577080808, -34.476159577690524, -37.85132039410234, -41.359869946607034, -44.98928039370432, -48.72513913210281, -52.55114879672004]
    },
    "qats_poly_coeffs": [ -15.241457183306355, -8.662071859101506, -1.3273368567912058, -0.03725475972160552, 0.020104125771543597 ],
    "hf_energies": [-14.955323592745154, -15.041385469294443, -15.127712661034034, -15.2143054163799, -15.30116397750086, -17.372730377797392, -19.786019554703447, -22.36772233792485, -25.116625674757767, -28.031000325010734, -31.10877339673522, -34.347456662053816, -37.74409676847688, -41.29525994702962, -44.99701481149117, -48.84489556275983, -52.833851460134305],
    "triples_corrections": [-0.00223530575278666, -0.0022423653888119974, -0.0022494248859779315, -0.002256481526325721, -0.0022635326279554857, -0.002418762764038259, -0.002558270307177167, -0.0026652684593542323, -0.0027490694454614393, -0.0028157552755976095, -0.0028656561203957705, -0.0028949082980862496, -0.002898049641795403, -0.0028712694962177245, -0.002815104008334854, -0.002735186753656943, -0.0026402653560848475],
    "scf_converged": [true, true, true, true, true, true, true, true, true, true, true, true, true, true, true, true, true],
    "cc_converged": [true, true, true, true, true, true, true, true, true, true, true, true, true, true, true, true, true],
    "t1_diagnostic": [0.020393058419985052, 0.02023485576873223, 0.020079927608697472, 0.019928215435754813, 0.019779659326707808, 0.017068003565566973, 0.014945617218434942, 0.013252558728057888, 0.012068014623094233, 0.011281783447561278, 0.010709941144528187, 0.01024706294232509, 0.009868955810330206, 0.00955505309773171, 0.009193559489539179, 0.00860004056057617, 0.007677126386729273]
}