{
    "schema_name": "pyscf_apdft_output",
    "provenance": {
        "creator": "PySCF",
        "version": "1.7.6"
    },
    "molecule": {
        "geometry": [[0.0, 0.0, 0.0], [1.7, 0.0, 0.0]],
        "symbols": [ "N", "H" ]
    },
    "molecular_charge": 1,
    "molecular_multiplicity": 4,
    "name": "n.h.chrg1.mult4.sep1.70-pyscf-uccsdt.ccpv5z",
    "atomic_numbers": [ 7, 1 ],
    "n_electrons": 7,
    "model": {
        "method": "UCCSD(T)",
        "basis": "cc-pV5Z",
        "scf_conv_tol": 1e-09,
        "scf_conv_tol_grad": 1e-06,
        "cc_conv_tol": 1e-05,
        "cc_conv_tol_normt": 1e-07
    },
    "broken_symmetry": false,
    "finite_diff_delta": 0.01,
    "finite_diff_acc": 2,
    "apdft_lambdas": [-2.0, -1.75, -1.5, -1.25, -1.0, -0.75, -0.5, -0.25, -0.02, -0.01, 0.0, 0.01, 0.02, 0.25, 0.5, 0.75, 1.0],
    "electronic_energies": [-25.181771228875267, -28.19464275909984, -31.392889401653814, -34.78002256481331, -38.35863570375063, -42.13088827196164, -46.09930103113543, -50.26769823404096, -54.2838149450558, -54.46243507818278, -54.641391301136984, -54.82068382025911, -55.000312870174824, -59.22493143851906, -64.01923705561859, -69.02208002212842, -74.23033095387045],
    "apdft_energies": {
        "0": [-54.64139130113698, -54.64139130113698, -54.64139130113698, -54.64139130113698, -54.64139130113698, -54.64139130113698, -54.64139130113698, -54.64139130113698, -54.64139130113698, -54.64139130113698, -54.64139130113698, -54.64139130113698, -54.64139130113698, -54.64139130113698, -54.64139130113698, -54.64139130113698, -54.64139130113698],
        "1": [-18.81651709350355, -23.294626369457728, -27.772735645411906, -32.25084492136608, -36.72895419732026, -41.207063473274445, -45.68517274922862, -50.163282025182795, -54.28314255906064, -54.46226693009881, -54.64139130113698, -54.82051567217515, -54.99964004321331, -59.11950057709116, -63.597609853045334, -68.07571912899951, -72.55382840495369],
        "2": [-25.542440452247106, -28.444161440995764, -31.556067534705157, -34.87815873337529, -38.41043503700615, -42.152896445597754, -46.10554295915009, -50.26837457766317, -54.28381515139652, -54.46243507818278, -54.64139130113698, -54.82068382025911, -55.000312635549186, -59.224593129571524, -64.01798006296681, -69.02155210132283, -74.23530924463958],
        "3": [-25.248462883440364, -28.247219436892806, -31.432045747864812, -34.80638686599083, -38.373687840905305, -42.13739372224271, -46.100949559637485, -50.26780040272409, -54.283814857418946, -54.46243504143558, -54.64139130113698, -54.82068385700631, -55.00031292952676, -59.2251673045106, -64.02257346247941, -69.03705482467787, -74.27205644074043],
        "4": [-27.13412630144385, -29.352560712924635, -32.02868143871748, -35.094116269372705, -38.49154180453053, -42.174683452921, -46.108315432364066, -50.268260769769505, -54.283814876275585, -54.462435042614125, -54.64139130113698, -54.82068385818485, -55.00031294838339, -59.22562767155601, -64.029939335206, -69.07434455535616, -74.38991040436564]
    },
    "apdft_poly_coeff": [ -54.64139130113698, -17.912437103816714, -1.6814808396858894, -0.036747196100842906, -0.11785396362521776 ],
    "hf_energies": [-25.051241109522422, -28.056007929786404, -31.24851505148281, -34.632352999554676, -38.20877305993242, -41.97881377399229, -45.94429667993514, -50.109224886988336, -54.12346034830091, -54.30206075816904, -54.48100282960138, -54.66028668748621, -54.83991242733567, -59.06554948381164, -63.86175403461764, -68.86625183551801, -74.07593884420176],
    "triples_corrections": [-0.0036798421774156655, -0.004139098835084531, -0.00434487406316635, -0.004357277836067448, -0.004228858528153154, -0.004061158737685934, -0.003926720442551833, -0.0038421057820430585, -0.0037280120453829836, -0.003719153625083981, -0.003709830031984885, -0.003700036718421539, -0.0036897736327649584, -0.003344088266299053, -0.0029015434564312994, -0.002544472830124967, -0.0022739648072162277],
    "scf_converged": [true, true, true, true, true, true, true, true, true, true, true, true, true, true, true, true, true],
    "cc_converged": [true, true, true, true, true, true, true, true, true, true, true, true, true, true, true, true, true],
    "scf_spin_squared": [3.753467585787183, 3.7700574162348506, 3.7992990893692236, 3.8060121147739454, 3.798307702136267, 3.787630812517233, 3.777699067889971, 3.7672943066693207, 3.7576217971808923, 3.757315276971247, 3.757024624692032, 3.756750183227841, 3.7564921908068682, 3.7544204791227624, 3.7553199723878508, 3.7556773786020945, 3.755480877034639],
    "cc_spin_squared": [3.7505036468078954, 3.750619428615413, 3.7506922591537544, 3.7506831568455428, 3.7506131924977564, 3.7505322302109674, 3.750474457220259, 3.750434638738285, 3.750357418226826, 3.750352477101731, 3.7503474171872093, 3.7503422738262513, 3.750337063819892, 3.750219101317466, 3.7501433864632667, 3.750107661231663, 3.750086390053946]
}