{
    "schema_name": "pyscf_apdft_output",
    "provenance": {
        "creator": "PySCF",
        "version": "1.7.6"
    },
    "molecule": {
        "geometry": [[0.0, 0.0, 0.0], [1.3, 0.0, 0.0]],
        "symbols": [ "C", "H" ]
    },
    "molecular_charge": 2,
    "molecular_multiplicity": 4,
    "name": "c.h.chrg2.mult4.sep1.30-pyscf-uccsdt.ccpv5z",
    "atomic_numbers": [ 6, 1 ],
    "n_electrons": 5,
    "model": {
        "method": "UCCSD(T)",
        "basis": "cc-pV5Z",
        "scf_conv_tol": 1e-09,
        "scf_conv_tol_grad": 1e-06,
        "cc_conv_tol": 1e-05,
        "cc_conv_tol_normt": 1e-07
    },
    "broken_symmetry": false,
    "finite_diff_delta": 0.01,
    "finite_diff_acc": 2,
    "apdft_lambdas": [-3.0, -2.75, -2.5, -2.25, -2.0, -1.75, -1.5, -1.25, -1.0, -0.75, -0.5, -0.25, -0.02, -0.01, 0.0, 0.01, 0.02],
    "electronic_energies": [-7.845930831689678, -9.417070139629736, -11.13345064106543, -12.998696386918834, -15.01636145953109, -17.189535936904875, -19.5206386979087, -22.011510516885036, -24.66372537477644, -27.47891573192268, -30.458968739453937, -33.60604215939559, -36.650790589184034, -36.7864459944681, -36.92237531305733, -37.05857865298047, -37.195056120287994],
    "apdft_energies": {
        "0": [-36.922375313057366, -36.922375313057366, -36.922375313057366, -36.922375313057366, -36.922375313057366, -36.922375313057366, -36.922375313057366, -36.922375313057366, -36.922375313057366, -36.922375313057366, -36.922375313057366, -36.922375313057366, -36.922375313057366, -36.922375313057366, -36.922375313057366, -36.922375313057366, -36.922375313057366],
        "1": [3.8975234637980023, 0.49586523239339186, -2.9057929990112257, -6.30745123041584, -9.709109461820454, -13.110767693225068, -16.51242592462968, -19.914084156034296, -23.31574238743891, -26.717400618843524, -30.119058850248138, -33.52071708165275, -36.650242654544996, -36.78630898380118, -36.922375313057366, -37.058441642313554, -37.194507971569735],
        "2": [-8.433436559187946, -9.86556645358786, -11.468959681640357, -13.243616243345436, -15.189536138703097, -17.30671936771334, -19.59516593037617, -22.05487582669158, -24.68584905665957, -27.488085620280145, -30.461585517553303, -33.60634874847904, -36.650790697212685, -36.7864459944681, -36.922375313057366, -37.05857865298047, -37.19505601423742],
        "3": [-7.951758309901258, -9.494551552082893, -11.19021069478464, -13.040408231927614, -15.046816657432966, -17.21110846522183, -19.534956149215333, -22.020032203334612, -24.668009121500802, -27.48055939763504, -30.459355525658456, -33.606069999492185, -36.650790554493206, -36.786445976628166, -36.922375313057366, -37.05857867082041, -37.1950561569569],
        "4": [-7.2841563361984, -9.023180000337934, -10.868257582466512, -12.829174794935696, -14.914944662627466, -17.13380752295425, -19.493231025858904, -21.99991013381473, -24.65976712182546, -27.477951577425266, -30.45884040067875, -33.60603780418096, -36.65079055317448, -36.78644597654575, -36.922375313057366, -37.05857867073799, -37.195056155638184]
    },
    "apdft_poly_coeff": [ -36.922375313057366, -13.606632925618456, -1.370106669220661, -0.017839935158766213, 0.008241999675343928 ],
    "hf_energies": [-7.79443248109455, -9.365319679168042, -11.081337689199678, -12.946297867914256, -14.963906581702647, -17.137315192687115, -19.468898344286373, -21.960394783333786, -24.613278626093518, -27.429119726135507, -30.40979329470348, -33.55749766103584, -36.602903203617636, -36.73858994045636, -36.87455086279161, -37.01078608310482, -37.1472957117838],
    "triples_corrections": [-0.00016072553825562244, -0.00015506145327710719, -0.00015825513647192515, -0.0001649863120839779, -0.00017104220814911737, -0.00017397103429865092, -0.0001733818851453773, -0.0001702201921000099, -0.00016562607500872424, -0.00016024358211915135, -0.00015411536701039782, -0.0001469056423602218, -0.00013901245125476719, -0.0001386400717297872, -0.00013826530807742261, -0.00013788817504252073, -0.0001375086887525503],
    "scf_converged": [true, true, true, true, true, true, true, true, true, true, true, true, true, true, true, true, true],
    "cc_converged": [true, true, true, true, true, true, true, true, true, true, true, true, true, true, true, true, true],
    "scf_spin_squared": [3.7500194584582367, 3.7500119518635255, 3.750009029593441, 3.750008044145361, 3.7500079382969895, 3.7500081975459696, 3.7500085269373207, 3.7500087684522447, 3.750008868756221, 3.7500088451349445, 3.7500087565008133, 3.7500086805158945, 3.7500086807172406, 3.7500086827550048, 3.7500086849676144, 3.750008687354632, 3.750008689915454],
    "cc_spin_squared": [3.750000934660584, 3.750000593992148, 3.7500004585350966, 3.7500004028298544, 3.7500003755765148, 3.750000354512307, 3.750000332068492, 3.7500003078974755, 3.7500002837622106, 3.750000261045297, 3.7500002401637205, 3.7500002207363625, 3.750000203533633, 3.7500002027914943, 3.75000020204953, 3.750000201307736, 3.750000200566129]
}