{
    "schema_name": "pyscf_qa_output",
    "provenance": {
        "creator": "PySCF",
        "version": "1.7.6"
    },
    "molecule": {
        "geometry": [[0.0, 0.0, 0.0], [0.7, 0.0, 0.0]],
        "symbols": [ "Li", "H" ]
    },
    "molecular_charge": -1,
    "molecular_multiplicity": 4,
    "name": "li.h.chrg-1.mult4.sep0.70-pyscf-uccsdt.ccpv5z",
    "atomic_numbers": [ 3, 1 ],
    "n_electrons": 5,
    "model": {
        "method": "UCCSD(T)",
        "basis": "cc-pV5Z",
        "scf_conv_tol": 1e-09,
        "scf_conv_tol_grad": 1e-06,
        "cc_conv_tol": 1e-05,
        "cc_conv_tol_normt": 1e-07
    },
    "broken_symmetry": false,
    "finite_diff_delta": 0.01,
    "finite_diff_acc": 2,
    "qa_lambdas": [-0.02, -0.01, 0.0, 0.01, 0.02, 0.25, 0.5, 0.75, 1.0, 1.25, 1.5, 1.75, 2.0, 2.25, 2.5, 2.75, 3.0],
    "electronic_energies": [-7.500702800683385, -7.557643692026106, -7.61483953362147, -7.672290607932534, -7.729997187538537, -9.128204276426674, -10.802517873022369, -12.636013170402824, -14.625742249409923, -16.76803404547132, -19.058330813790693, -21.49114732588048, -24.060168387966872, -26.758455533790183, -29.578708005141007, -32.513518208056276, -35.55558144706103],
    "qats_energies": {
        "0": [-7.614839533621392, -7.614839533621392, -7.614839533621392, -7.614839533621392, -7.614839533621392, -7.614839533621392, -7.614839533621392, -7.614839533621392, -7.614839533621392, -7.614839533621392, -7.614839533621392, -7.614839533621392, -7.614839533621392, -7.614839533621392, -7.614839533621392, -7.614839533621392, -7.614839533621392],
        "1": [-7.500192617714965, -7.557516075668179, -7.614839533621392, -7.672162991574606, -7.72948644952782, -9.047925982451737, -10.481012431282082, -11.914098880112428, -13.347185328942773, -14.780271777773118, -16.213358226603464, -17.64644467543381, -19.079531124264154, -20.5126175730945, -21.945704021924843, -23.37879047075519, -24.811876919585536],
        "2": [-7.500703083146676, -7.557643692026106, -7.614839533621392, -7.672290607932534, -7.729996914959531, -9.12768620615661, -10.800053326101573, -12.631940893456278, -14.623348908220729, -16.774277370394923, -19.084726279978863, -21.554695636972546, -24.184185441375977, -26.97319569318915, -29.92172639241207, -33.02977753904473, -36.29734913308714],
        "3": [-7.5007027131184785, -7.557643645772582, -7.614839533621392, -7.6722906541860585, -7.7299972849877285, -9.128408917480266, -10.805835016690825, -12.651454099195009, -14.669602432934756, -16.86461628585201, -19.240831925888706, -21.80258562098679, -24.554213639088196, -27.50005224813487, -30.644437716068747, -33.99170631083177, -37.54619430036588],
        "4": [-7.500702706528954, -7.557643645360736, -7.614839533621392, -7.672290653774214, -7.729997278398205, -9.128248040424955, -10.803260983805838, -12.638423057714762, -14.628417906774965, -16.764068126282204, -19.032335262204764, -21.416319811183435, -23.895261220531538, -26.444537888234905, -29.0356671629519, -31.636305344013394, -34.210247681422786]
    },
    "qats_poly_coeffs": [ -7.614839533621392, -5.732345795321381, -1.2761635792779558, -0.04625352471402758, 0.041184526159791325 ],
    "hf_energies": [-7.44941421884447, -7.5063491479357864, -7.563540532372546, -7.620988689735081, -7.678693923535025, -9.077318587347108, -10.752909945309737, -12.588299839628622, -14.580371567669104, -16.725298477769034, -19.018374776691314, -21.453983307383883, -24.025703916058273, -26.72652745321192, -29.549117085639285, -32.486058288551774, -35.53006010419541],
    "triples_corrections": [-0.00031318735118520264, -0.0003127790401366332, -0.0003123049308970863, -0.0003117658937659426, -0.000311163066343444, -0.00028463002407489726, -0.0002479380896686997, -0.0002148514632014893, -0.0001863023514919916, -0.00016175808863195214, -0.00014047197915481558, -0.00012184727215865455, -0.00010548381468176007, -9.10997059570268e-05, -7.847133186703314e-05, -6.740706666233916e-05, -5.7739503459247996e-05],
    "scf_converged": [true, true, true, true, true, true, true, true, true, true, true, true, true, true, true, true, true],
    "cc_converged": [true, true, true, true, true, true, true, true, true, true, true, true, true, true, true, true, true],
    "scf_spin_squared": [3.7501646683929013, 3.7501616512669043, 3.7501586814096863, 3.7501557588129257, 3.750152883466086, 3.7500994423108533, 3.750064237911374, 3.7500437672861384, 3.7500315643419375, 3.750023981494077, 3.7500189913853523, 3.7500154856149157, 3.7500128772008123, 3.7500108671800563, 3.7500093067527804, 3.7500081192956904, 3.7500072590607414],
    "cc_spin_squared": [3.750004254934441, 3.750004192513663, 3.7500041308430507, 3.750004069916446, 3.7500040097285834, 3.750002823989022, 3.750001936114134, 3.7500013589084342, 3.750000980400061, 3.7500007255213608, 3.7500005478387712, 3.7500004195754775, 3.750000324330151, 3.7500002523122045, 3.750000197355801, 3.750000155280156, 3.7500001230233266]
}