{
    "schema_name": "pyscf_qa_output",
    "provenance": {
        "creator": "PySCF",
        "version": "1.7.6"
    },
    "molecule": {
        "geometry": [[0.0, 0.0, 0.0], [0.6, 0.0, 0.0]],
        "symbols": [ "N", "H" ]
    },
    "molecular_charge": 0,
    "molecular_multiplicity": 1,
    "name": "n.h.chrg0.mult1.sep0.60-pyscf-ccsdt.ccpv5z",
    "atomic_numbers": [ 7, 1 ],
    "n_electrons": 8,
    "model": {
        "method": "CCSD(T)",
        "basis": "cc-pV5Z",
        "scf_conv_tol": 1e-09,
        "scf_conv_tol_grad": 1e-06,
        "cc_conv_tol": 1e-05,
        "cc_conv_tol_normt": 1e-07
    },
    "broken_symmetry": false,
    "finite_diff_delta": 0.01,
    "finite_diff_acc": 2,
    "qa_lambdas": [-1.0, -0.75, -0.5, -0.25, -0.02, -0.01, 0.0, 0.01, 0.02, 0.25, 0.5, 0.75, 1.0, 1.25, 1.5, 1.75, 2.0],
    "electronic_energies": [-37.9678980983659, -41.85199270552403, -45.937712435955106, -50.22690926160101, -54.3536550271538, -54.53701502661011, -54.720703274143446, -54.90471979059327, -55.089064595981284, -59.419638454928595, -64.32392174044372, -69.4335862646517, -74.74853974960942, -80.26854053644873, -85.99314843334108, -91.92167724766888, -98.0531570450534],
    "qats_energies": {
        "0": [-54.720703274143574, -54.720703274143574, -54.720703274143574, -54.720703274143574, -54.720703274143574, -54.720703274143574, -54.720703274143574, -54.720703274143574, -54.720703274143574, -54.720703274143574, -54.720703274143574, -54.720703274143574, -54.720703274143574, -54.720703274143574, -54.720703274143574, -54.720703274143574, -54.720703274143574],
        "1": [-36.33546507498579, -40.93177462477524, -45.52808417456468, -50.12439372435413, -54.35299851016042, -54.536850892151996, -54.720703274143574, -54.90455565613515, -55.08840803812673, -59.31701282393302, -63.913322373722465, -68.5096319235119, -73.10594147330136, -77.70225102309081, -82.29856057288025, -86.89487012266969, -91.49117967245914],
        "2": [-37.97680965615939, -41.855030951685386, -45.93842031985808, -50.22697776067748, -54.35365504799289, -54.53701502661011, -54.720703274143574, -54.90471979059327, -55.0890645759592, -59.41959686025637, -64.32365851901586, -69.43288825042205, -74.74728605447496, -80.26685193117456, -85.99158588052084, -91.92148790251383, -98.05655799715353],
        "3": [-37.97340455832607, -41.85359442603695, -45.93799468262892, -50.22692455602383, -54.35365502075211, -54.537015023205015, -54.720703274143574, -54.90471979399837, -55.08906460319998, -59.419650064910016, -64.32408415624504, -69.4343247760705, -74.75069115230828, -80.27350251288027, -86.00307808570832, -91.93973709871432, -98.08379877982014],
        "4": [-37.97000031847308, -41.85251730327097, -45.937781917638105, -50.226911258211906, -54.35365502020743, -54.53701502317097, -54.720703274143574, -54.904719793964325, -55.089064602655306, -59.41963676709809, -64.32387139125422, -69.43324765330452, -74.74728691245531, -80.26519138042673, -85.98584412145264, -91.90780905228077, -98.02933094217258]
    },
    "qats_poly_coeffs": [ -54.720703274143574, -18.385238199157783, -1.6413445811735983, -0.003405097833327393, 0.0034042398529739635 ],
    "hf_energies": [-37.74028065907065, -41.62005380004668, -45.70215707546401, -49.988210066524594, -54.112324255084154, -54.29557402835839, -54.479152357587076, -54.66305925975572, -54.84729475117893, -59.17543063424625, -64.07721278783606, -69.18452110485906, -74.49726466804795, -80.01520836324754, -85.73792052601371, -91.66472335547739, -97.79465429761805],
    "triples_corrections": [-0.008068141946736716, -0.008304514924352224, -0.008545326048638814, -0.008813429022690089, -0.009097776366354197, -0.0091110292236342, -0.009124356053162877, -0.009137756691312154, -0.009151230957722748, -0.00948086314467312, -0.009878722538176394, -0.010312402211911107, -0.01077666143789886, -0.011266667336883444, -0.011777899241258914, -0.01230633022092665, -0.012848286247534533],
    "scf_converged": [true, true, true, true, true, true, true, true, true, true, true, true, true, true, true, true, true],
    "cc_converged": [true, true, true, true, true, true, true, true, true, true, true, true, true, true, true, true, true],
    "t1_diagnostic": [0.009393004094321191, 0.007764182799067412, 0.0066209736691472025, 0.00583273510563326, 0.005295654369265464, 0.0052751350807215824, 0.005254814519150084, 0.005234688985379819, 0.005214754880436701, 0.004802093897581084, 0.004430904877204874, 0.004117105436859641, 0.0038459573134409734, 0.0036078114122231296, 0.0033960820223596956, 0.003206185668872418, 0.0030348903454794824]
}