{
    "schema_name": "pyscf_qa_output",
    "provenance": {
        "creator": "PySCF",
        "version": "1.7.6"
    },
    "molecule": {
        "geometry": [[0.0, 0.0, 0.0], [1.8, 0.0, 0.0]],
        "symbols": [ "N", "H" ]
    },
    "molecular_charge": -1,
    "molecular_multiplicity": 4,
    "name": "n.h.chrg-1.mult4.sep1.80-pyscf-uccsdt.ccpv5z",
    "atomic_numbers": [ 7, 1 ],
    "n_electrons": 9,
    "model": {
        "method": "UCCSD(T)",
        "basis": "cc-pV5Z",
        "scf_conv_tol": 1e-09,
        "scf_conv_tol_grad": 1e-06,
        "cc_conv_tol": 1e-05,
        "cc_conv_tol_normt": 1e-07
    },
    "broken_symmetry": false,
    "finite_diff_delta": 0.01,
    "finite_diff_acc": 2,
    "qa_lambdas": [-0.02, -0.01, 0.0, 0.01, 0.02, 0.25, 0.5, 0.75, 1.0, 1.25, 1.5, 1.75, 2.0, 2.25, 2.5, 2.75, 3.0],
    "electronic_energies": [-54.72245367230695, -54.908281401728374, -55.09445877584485, -55.28098611580965, -55.4678637455073, -59.86343457404824, -64.85529316305282, -70.07150076111935, -75.5105215616309, -81.16956531056167, -87.04569371898639, -93.13597778161524, -99.43739788482709, -105.94674498045313, -112.66057171456306, -119.57519025766386, -126.68670429917236],
    "qats_energies": {
        "0": [-55.09445877584485, -55.09445877584485, -55.09445877584485, -55.09445877584485, -55.09445877584485, -55.09445877584485, -55.09445877584485, -55.09445877584485, -55.09445877584485, -55.09445877584485, -55.09445877584485, -55.09445877584485, -55.09445877584485, -55.09445877584485, -55.09445877584485, -55.09445877584485, -55.09445877584485],
        "1": [-54.721754061763576, -54.90810641880421, -55.09445877584485, -55.28081113288549, -55.46716348992612, -59.753267701860764, -64.41207662787667, -69.07088555389258, -73.72969447990849, -78.38850340592441, -83.04731233194032, -87.70612125795623, -92.36493018397215, -97.02373910998804, -101.68254803600396, -106.34135696201989, -111.00016588803578],
        "2": [-54.72245399346022, -54.908281401728374, -55.09445877584485, -55.28098611580965, -55.467863421622766, -59.86263202946143, -64.84953393827935, -70.05516450229861, -75.4795237215192, -81.12261159594115, -86.98442812556442, -93.06497331038904, -99.364247150415, -105.88224964564228, -112.61898079607091, -119.5744406017009, -126.74862906253219],
        "3": [-54.72245356343502, -54.908281347975226, -55.09445877584485, -55.280986169562794, -55.46786385164797, -59.86347192244067, -64.85625308211327, -70.07784161273807, -75.53327687219053, -81.22759821834606, -87.16584500908012, -93.35305660226813, -99.79427235578552, -106.49453162750775, -113.45887377531024, -120.69233815706843, -128.19996413065775],
        "4": [-54.72245356525588, -54.90828134808903, -55.09445877584485, -55.2809861696766, -55.46786385346884, -59.863516377274, -64.8569643594466, -70.08144245423804, -75.54465730952377, -81.25538248917918, -87.22345847307969, -93.45979265710068, -99.97635935311752, -106.7861997890056, -113.90342210864029, -121.34320137189695, -129.1217795546509]
    },
    "qats_poly_coeffs": [ -55.09445877584485, -18.635235704063646, -1.749829241610712, -0.05375315067131698, -0.011380437333248969 ],
    "hf_energies": [-54.50105809044904, -54.68667357235315, -54.87263833494195, -55.058952969508866, -55.2456180923004, -59.63739266252929, -64.63065425165011, -69.85100961622497, -75.29389960516745, -80.95617800879751, -86.83512846668573, -92.92803856964454, -99.23202689443335, -105.74396255954865, -112.4604393931664, -119.37778778426163, -126.49211275174194],
    "triples_corrections": [-0.006675159404201007, -0.00666970187941992, -0.006664068990676712, -0.006658254586840156, -0.006652257149327345, -0.006490098027032043, -0.006126089846232037, -0.005362095859834782, -0.004623440840446725, -0.00403616395382538, -0.0035757088677362404, -0.0032039543380040694, -0.002894153945474291, -0.0026296384979976753, -0.0023999820667297907, -0.0021984532018122158, -0.002020643287905733],
    "scf_converged": [true, true, true, true, true, true, true, true, true, true, true, true, true, true, true, true, true],
    "cc_converged": [true, true, true, true, true, true, true, true, true, true, true, true, true, true, true, true, true],
    "scf_spin_squared": [3.7862054150066697, 3.7858570276776122, 3.7855514278647844, 3.785288371769643, 3.7850674013654055, 3.786267011814805, 3.776127901234433, 3.766397187747785, 3.761359295157259, 3.7586695634237635, 3.7570838908979294, 3.7560486592761, 3.755310830914183, 3.7547480949207337, 3.7542974255006247, 3.75392393245029, 3.753606689881531],
    "cc_spin_squared": [3.75144798985378, 3.7514302051246755, 3.751412306874084, 3.751394074291092, 3.7513755076104776, 3.7509196737772608, 3.7506512680793755, 3.750446927675841, 3.750285116363683, 3.7501876807419547, 3.750132102653948, 3.750098929830118, 3.7500775890686926, 3.750062855424185, 3.7500520914144917, 3.750043895205073, 3.7500374800791496]
}