{
    "schema_name": "pyscf_qa_output",
    "provenance": {
        "creator": "PySCF",
        "version": "1.7.6"
    },
    "molecule": {
        "geometry": [[0.0, 0.0, 0.0], [1.1, 0.0, 0.0]],
        "symbols": [ "C", "H" ]
    },
    "molecular_charge": 2,
    "molecular_multiplicity": 4,
    "name": "c.h.chrg2.mult4.sep1.10-pyscf-uccsdt.ccpv5z",
    "atomic_numbers": [ 6, 1 ],
    "n_electrons": 5,
    "model": {
        "method": "UCCSD(T)",
        "basis": "cc-pV5Z",
        "scf_conv_tol": 1e-09,
        "scf_conv_tol_grad": 1e-06,
        "cc_conv_tol": 1e-05,
        "cc_conv_tol_normt": 1e-07
    },
    "broken_symmetry": false,
    "finite_diff_delta": 0.01,
    "finite_diff_acc": 2,
    "qa_lambdas": [-3.0, -2.75, -2.5, -2.25, -2.0, -1.75, -1.5, -1.25, -1.0, -0.75, -0.5, -0.25, -0.02, -0.01, 0.0, 0.01, 0.02],
    "electronic_energies": [-7.811360875075654, -9.378883350357777, -11.09271305270004, -12.956472519472726, -14.97355176700204, -17.146749185240655, -19.478153050188645, -21.96929626574557, -24.621448234304747, -27.43585891380102, -30.413876134549994, -33.55695156626163, -36.59563467499815, -36.730966088266825, -36.866566114671365, -37.00243483603421, -37.138572333419084],
    "qats_energies": {
        "0": [-36.866566114671336, -36.866566114671336, -36.866566114671336, -36.866566114671336, -36.866566114671336, -36.866566114671336, -36.866566114671336, -36.866566114671336, -36.866566114671336, -36.866566114671336, -36.866566114671336, -36.866566114671336, -36.866566114671336, -36.866566114671336, -36.866566114671336, -36.866566114671336, -36.866566114671336],
        "1": [3.8537460504366052, 0.4603867033442768, -2.9329726437480517, -6.32633199084038, -9.719691337932709, -13.113050685025037, -16.506410032117365, -19.899769379209694, -23.293128726302022, -26.68648807339435, -30.07984742048668, -33.47320676757901, -36.59509736690395, -36.73083174078764, -36.866566114671336, -37.00230048855503, -37.13803486243872],
        "2": [-8.237527075978953, -9.699641409824352, -11.329690092647745, -13.127673124449132, -15.093590505228512, -17.227442234985887, -19.529228313721255, -21.998948741434617, -24.636603518125973, -27.442192643795323, -30.415716118442667, -33.557173942068005, -36.59563475682068, -36.730966088266825, -36.866566114671336, -37.00243483603421, -37.13857225235545],
        "3": [-7.871033216718267, -9.417347817997982, -11.117598738908917, -12.973058527573528, -14.984999732114236, -17.154694900653467, -19.48341658131367, -21.972437322217267, -24.62302967148669, -27.436466177244377, -30.414019387612758, -33.556961850714266, -36.595634648229904, -36.73096607469298, -36.866566114671336, -37.00243484960806, -37.13857236094623],
        "4": [-7.614908495286606, -9.236506669923084, -10.994081801490104, -12.892019064933045, -14.934407194547486, -17.12503848397921, -19.46740878622419, -21.964717513628585, -24.619867637888767, -27.43546569005128, -30.413821760512885, -33.556949499020526, -36.59563464772398, -36.73096607466136, -36.866566114671336, -37.00243484957644, -37.1385723604403]
    },
    "qats_poly_coeffs": [ -36.866566114671336, -13.573437388369314, -1.343474791823951, -0.01357384663928466, 0.0031620335979217393 ],
    "hf_energies": [-7.758502417961754, -9.325839103685652, -11.039342860731498, -12.902853191011836, -14.91992581106087, -17.093414453817644, -19.425359996539186, -21.91720665145879, -24.57014536304833, -27.385376972087855, -30.364229573912205, -33.50815953346659, -36.54766552086424, -36.6830339195888, -36.81867105145531, -36.95457700065779, -37.090751850632344],
    "triples_corrections": [-0.00018713246080244707, -0.00017620792571966087, -0.00017457186427062018, -0.00017625431195903733, -0.0001771023618566659, -0.00017522386129516666, -0.0001707073208073372, -0.00016452562007807792, -0.0001575685002336488, -0.00015031199786867734, -0.0001428876330332261, -0.0001352405518362129, -0.00012791442093610297, -0.00012758842375037554, -0.00012726177451435905, -0.0001269344712594015, -0.0001266065122867828],
    "scf_converged": [true, true, true, true, true, true, true, true, true, true, true, true, true, true, true, true, true],
    "cc_converged": [true, true, true, true, true, true, true, true, true, true, true, true, true, true, true, true, true],
    "scf_spin_squared": [3.7500399577825756, 3.750022546338531, 3.7500147824169887, 3.750011318612718, 3.750009868032689, 3.75000935120247, 3.750009220518354, 3.75000920684825, 3.750009197694609, 3.7500091623164886, 3.750009107569216, 3.7500090545144635, 3.7500090253651877, 3.750009024710433, 3.7500090241108412, 3.7500090235666335, 3.750009023077954],
    "cc_spin_squared": [3.750001590755271, 3.7500009523245468, 3.7500006693266554, 3.7500005330411756, 3.7500004570114145, 3.7500004046075803, 3.750000362019424, 3.7500003250767047, 3.750000292658282, 3.7500002642025776, 3.7500002390884393, 3.7500002166647612, 3.7500001978608317, 3.7500001970756376, 3.7500001962928646, 3.7500001955124906, 3.7500001947344597]
}