{
    "schema_name": "pyscf_apdft_output",
    "provenance": {
        "creator": "PySCF",
        "version": "1.7.6"
    },
    "molecule": {
        "geometry": [[0.0, 0.0, 0.0], [1.1, 0.0, 0.0]],
        "symbols": [ "C", "H" ]
    },
    "molecular_charge": 2,
    "molecular_multiplicity": 2,
    "name": "c.h.chrg2.mult2.sep1.10-pyscf-uccsdt.ccpv5z",
    "atomic_numbers": [ 6, 1 ],
    "n_electrons": 5,
    "model": {
        "method": "UCCSD(T)",
        "basis": "cc-pV5Z",
        "scf_conv_tol": 1e-09,
        "scf_conv_tol_grad": 1e-06,
        "cc_conv_tol": 1e-05,
        "cc_conv_tol_normt": 1e-07
    },
    "broken_symmetry": false,
    "finite_diff_delta": 0.01,
    "finite_diff_acc": 2,
    "apdft_lambdas": [-3.0, -2.75, -2.5, -2.25, -2.0, -1.75, -1.5, -1.25, -1.0, -0.75, -0.5, -0.25, -0.02, -0.01, 0.0, 0.01, 0.02],
    "electronic_energies": [-7.974515258920002, -9.563307696445719, -11.298113008720826, -13.181570038195444, -15.216269611669048, -17.404431068769682, -19.74789454724151, -22.248346618708805, -24.907532852735333, -27.727342419494065, -30.709781415291875, -33.85688374304454, -36.89932177891547, -37.034822188960945, -37.170591857235856, -37.30663088389666, -37.44293936810195],
    "apdft_energies": {
        "0": [-37.17059185723587, -37.17059185723587, -37.17059185723587, -37.17059185723587, -37.17059185723587, -37.17059185723587, -37.17059185723587, -37.17059185723587, -37.17059185723587, -37.17059185723587, -37.17059185723587, -37.17059185723587, -37.17059185723587, -37.17059185723587, -37.17059185723587, -37.17059185723587, -37.17059185723587],
        "1": [3.6007123831212837, 0.20310369642485426, -3.194504990271575, -6.592113676968005, -9.989722363664434, -13.387331050360864, -16.784939737057293, -20.182548423753722, -23.580157110450152, -26.97776579714658, -30.37537448384301, -33.77298317053944, -36.898783162300155, -37.03468750976801, -37.17059185723587, -37.30649620470373, -37.442400552171584],
        "2": [-8.520414980776415, -9.982010269072518, -11.611954548533866, -13.41024781916046, -15.3768900809523, -17.511881333909386, -19.815221578031718, -22.286910813319295, -24.92694903977212, -27.735336257390188, -30.712072466173503, -33.85715766612206, -36.899321879071884, -37.034822188960945, -37.17059185723587, -37.30663088389666, -37.44293926894331],
        "3": [-8.071956110737112, -9.636582748226271, -11.352429739483348, -13.22105423336263, -15.244013378718432, -17.422864324405058, -19.759164219276805, -22.25447021218798, -24.910339451992883, -27.728329087545823, -30.709996267701097, -33.85689814131301, -36.899321746195184, -37.034822172351355, -37.17059185723587, -37.30663090050625, -37.44293940182001],
        "4": [-7.735207881435592, -9.398816022473785, -11.190031866556303, -13.114504988935195, -15.177495209967514, -17.383872595115275, -19.73811745494546, -22.24432034513004, -24.90618206644595, -27.727013664775114, -30.709736431104414, -33.85688190152572, -36.89932174553, -37.03482217230978, -37.17059185723587, -37.306630900464675, -37.44293940115483]
    },
    "apdft_poly_coeff": [ -37.17059185723587, -13.590434746785718, -1.3467919293219666, -0.016609587779233454, 0.004157385546932346 ],
    "hf_energies": [-7.887123686827252, -9.476544612114933, -11.211668518971148, -13.095201311783674, -15.129798204122002, -17.317685988331704, -19.660655077870995, -22.160329237841673, -24.818421078830607, -27.636835473173853, -30.617639816744827, -33.76295565389178, -36.80369107203852, -36.93911708999665, -37.07481236734762, -37.21077700753789, -37.34701111293966],
    "triples_corrections": [-0.000611427969200414, -0.0006003520411138095, -0.0006138690381790188, -0.0006441008870555139, -0.0006847467306241888, -0.0007331460916023039, -0.0007894720425273453, -0.0008539266896955604, -0.0009247866608046133, -0.0009981672548876103, -0.001068977000171162, -0.0011323727535145574, -0.00118122411443167, -0.001183117496704276, -0.0011849911300669633, -0.0011868449799826916, -0.0011886790161151001],
    "scf_converged": [true, true, true, true, true, true, true, true, true, true, true, true, true, true, true, true, true],
    "cc_converged": [true, true, true, true, true, true, true, true, true, true, true, true, true, true, true, true, true],
    "scf_spin_squared": [0.7513305550630749, 0.7508283599783145, 0.7506575476831674, 0.750654326883577, 0.7507757780318476, 0.7510143215699498, 0.7513771786723402, 0.7518767655737251, 0.7525100348435207, 0.753228839407643, 0.7539222798046945, 0.7544393217892482, 0.7546522045438597, 0.7546550201818583, 0.7546573007636348, 0.7546590486084024, 0.7546602663517441],
    "cc_spin_squared": [0.7500128485206057, 0.7500124225268594, 0.7500134350990568, 0.7500154984103571, 0.7500181075647314, 0.7500207717772953, 0.7500232400206432, 0.750025475144736, 0.7500274319142272, 0.7500289452931246, 0.7500297632223686, 0.7500296251057545, 0.7500285589967557, 0.7500284929524139, 0.7500284253642941, 0.7500283562480102, 0.7500282856197675]
}