{
    "schema_name": "pyscf_qa_output",
    "provenance": {
        "creator": "PySCF",
        "version": "1.7.6"
    },
    "molecule": {
        "geometry": [[0.0, 0.0, 0.0], [1.4, 0.0, 0.0]],
        "symbols": [ "O", "H" ]
    },
    "molecular_charge": 1,
    "molecular_multiplicity": 1,
    "name": "o.h.chrg1.mult1.sep1.40-pyscf-ccsdt.ccpv5z",
    "atomic_numbers": [ 8, 1 ],
    "n_electrons": 8,
    "model": {
        "method": "CCSD(T)",
        "basis": "cc-pV5Z",
        "scf_conv_tol": 1e-09,
        "scf_conv_tol_grad": 1e-06,
        "cc_conv_tol": 1e-05,
        "cc_conv_tol_normt": 1e-07
    },
    "broken_symmetry": false,
    "finite_diff_delta": 0.01,
    "finite_diff_acc": 2,
    "qa_lambdas": [-2.0, -1.75, -1.5, -1.25, -1.0, -0.75, -0.5, -0.25, -0.02, -0.01, 0.0, 0.01, 0.02, 0.25, 0.5, 0.75, 1.0],
    "electronic_energies": [-38.41442201064, -42.27874062774524, -46.34226395026283, -50.60870117344321, -55.081377377909725, -59.76329883777137, -64.65733387652021, -69.7664239619551, -74.65934384353943, -74.87630254309657, -75.09361460195021, -75.31128017857785, -75.52929942880652, -80.64166846122005, -86.41235630908156, -92.40597671169301, -98.62149208189182],
    "qats_energies": {
        "0": [-75.09361460195028, -75.09361460195028, -75.09361460195028, -75.09361460195028, -75.09361460195028, -75.09361460195028, -75.09361460195028, -75.09361460195028, -75.09361460195028, -75.09361460195028, -75.09361460195028, -75.09361460195028, -75.09361460195028, -75.09361460195028, -75.09361460195028, -75.09361460195028, -75.09361460195028],
        "1": [-31.595851053822813, -37.033071497338746, -42.47029194085468, -47.90751238437061, -53.344732827886546, -58.78195327140248, -64.21917371491841, -69.65639415843435, -74.658636966469, -74.87612578420965, -75.09361460195028, -75.31110341969091, -75.52859223743155, -80.5308350454662, -85.96805548898215, -91.40527593249809, -96.84249637601401],
        "2": [-38.66620653101951, -42.44631240956747, -46.44736689677782, -50.66936999265057, -55.11232169718572, -59.776222010383265, -64.6610709322432, -69.76686846276554, -74.65934400201672, -74.87630254309657, -75.09361460195028, -75.31128017857785, -75.52929927297927, -80.64130934979741, -86.40995270630694, -92.39954467147886, -98.61008524531319],
        "3": [-38.45667016883235, -42.30593941693037, -46.358968743980114, -50.618213654225976, -55.08612965191233, -59.76517224128355, -64.65779692658403, -69.76645921205815, -74.65934379248036, -74.87630251690453, -75.09361460195028, -75.31128020476989, -75.52929948251564, -80.6417186005048, -86.41322671196612, -92.41059444057858, -98.63627729058658],
        "4": [-38.27999798084202, -42.202377423921384, -46.3030685594988, -50.59125561772842, -55.075087640162934, -59.76167847975347, -64.65710680084969, -69.76641607919976, -74.65934379071363, -74.87630251679411, -75.09361460195028, -75.31128020465947, -75.52929948074892, -80.64167546764641, -86.41253658623178, -92.4071006790485, -98.62523527883718]
    },
    "qats_poly_coeffs": [ -75.09361460195028, -21.748881774063733, -1.7675888692991748, -0.026192045273395095, 0.011042011749395897 ],
    "hf_energies": [-38.1845283122671, -42.039949607169845, -46.09492509943342, -50.35338075243997, -54.81902798654687, -59.495420843196584, -64.3859448177721, -69.49369830254875, -74.38693053989432, -74.6039254352044, -74.82127501532366, -75.03897936974153, -75.25703858537968, -80.3705026960744, -86.14223443166142, -92.13629789352588, -98.35163874968575],
    "triples_corrections": [-0.009259716372830651, -0.009885156106880158, -0.0104950114455882, -0.01106868150128085, -0.011586175778966572, -0.01202045213001528, -0.01233088988334711, -0.012472741700158047, -0.012444210580969138, -0.012440019694903548, -0.01243562685233313, -0.012431038577418042, -0.012426261556039358, -0.012281396298781664, -0.012122970540694814, -0.012052358470758834, -0.01209988653234911],
    "scf_converged": [true, true, true, true, true, true, true, true, true, true, true, true, true, true, true, true, true],
    "cc_converged": [true, true, true, true, true, true, true, true, true, true, true, true, true, true, true, true, true],
    "t1_diagnostic": [0.01289477541033347, 0.013074200574790435, 0.012866804676208324, 0.012063806059197575, 0.010922902120382286, 0.010182459499998946, 0.010331260734947622, 0.010736616696332326, 0.010450691238617226, 0.010417021504110153, 0.010381562351325637, 0.010344328222507438, 0.010305335904009873, 0.008991211046619749, 0.007082990868526849, 0.0053343222435482075, 0.004087271981388865]
}