{
    "schema_name": "pyscf_qa_output",
    "provenance": {
        "creator": "PySCF",
        "version": "1.7.6"
    },
    "molecule": {
        "geometry": [[0.0, 0.0, 0.0], [0.9, 0.0, 0.0]],
        "symbols": [ "Be", "H" ]
    },
    "molecular_charge": -1,
    "molecular_multiplicity": 3,
    "name": "be.h.chrg-1.mult3.sep0.90-pyscf-uccsdt.ccpv5z",
    "atomic_numbers": [ 4, 1 ],
    "n_electrons": 6,
    "model": {
        "method": "UCCSD(T)",
        "basis": "cc-pV5Z",
        "scf_conv_tol": 1e-09,
        "scf_conv_tol_grad": 1e-06,
        "cc_conv_tol": 1e-05,
        "cc_conv_tol_normt": 1e-07
    },
    "broken_symmetry": false,
    "finite_diff_delta": 0.01,
    "finite_diff_acc": 2,
    "qa_lambdas": [-0.02, -0.01, 0.0, 0.01, 0.02, 0.25, 0.5, 0.75, 1.0, 1.25, 1.5, 1.75, 2.0, 2.25, 2.5, 2.75, 3.0],
    "electronic_energies": [-14.93396534710528, -15.020288259403044, -15.106879631265448, -15.193739746614828, -15.280868885112348, -17.35963690852432, -19.783035589354242, -22.37692177383901, -25.139686876111554, -28.069366675382597, -31.163645429562642, -34.41969888160207, -37.834125715292615, -41.40294832920845, -45.12165726582214, -48.98528299512398, -52.98847990634492],
    "qats_energies": {
        "0": [-15.10687963126536, -15.10687963126536, -15.10687963126536, -15.10687963126536, -15.10687963126536, -15.10687963126536, -15.10687963126536, -15.10687963126536, -15.10687963126536, -15.10687963126536, -15.10687963126536, -15.10687963126536, -15.10687963126536, -15.10687963126536, -15.10687963126536, -15.10687963126536, -15.10687963126536],
        "1": [-14.933428144053575, -15.020153887659468, -15.10687963126536, -15.19360537487125, -15.280331118477143, -17.275023221412656, -19.443166811559955, -21.611310401707254, -23.779453991854552, -25.947597582001848, -28.115741172149146, -30.283884762296445, -32.45202835244374, -34.62017194259104, -36.78831553273834, -38.95645912288563, -41.124602713032935],
        "2": [-14.933965631027881, -15.020288259403044, -15.10687963126536, -15.193739746614828, -15.280868605451449, -17.359005561147935, -19.779096170501067, -22.367151459324752, -25.123171427619, -28.047156075383796, -31.13910540261915, -34.399019409325064, -37.82689809550153, -41.42274146114855, -45.186549506266125, -49.11832223085426, -53.21805963491295],
        "3": [-14.933965255305548, -15.020288212437752, -15.10687963126536, -15.19373979358012, -15.280868981173782, -17.359739393830054, -19.78496683195803, -22.386964941742008, -25.17013671927471, -28.138885160648854, -31.297613261957167, -34.65072401929238, -38.2026204287472, -41.95770548641437, -45.92038218838659, -50.095053530756594, -54.486122509617104],
        "4": [-14.933965252464413, -15.020288212260182, -15.10687963126536, -15.193739793402548, -15.280868978332647, -17.35967003018907, -19.783857013702217, -22.381346486821947, -25.15237962718168, -28.095532885031115, -31.20771798323623, -34.48418191727928, -37.9185069552588, -41.5026106378896, -45.22674577850278, -49.07950046304571, -53.04779805008204]
    },
    "qats_poly_coeffs": [ -15.10687963126536, -8.672574360589191, -1.3437174357644466, -0.0469652916557095, 0.017757092093025523 ],
    "hf_energies": [-14.842938411170486, -14.929184855263447, -15.015699918150919, -15.102483950564304, -15.189537300192432, -17.26679259886873, -19.689344109399947, -22.28299576513195, -25.045790022083715, -27.975583559224646, -31.0699671474285, -34.32606189541845, -37.74043855916343, -41.30911550877827, -45.02760089622698, -48.89095968453657, -52.893890505669745],
    "triples_corrections": [-0.0013059126950656875, -0.0013109564049881286, -0.0013159413556751286, -0.0013208637210654153, -0.0013257196784134798, -0.0014115917476102834, -0.0014414909589270672, -0.001435416971066693, -0.0014216281902405111, -0.0014101744994043021, -0.0014033205525356967, -0.001400124288117951, -0.0013980794251684324, -0.0013939277060802838, -0.0013841634638550957, -0.0013654694553713303, -0.0013351689025518192],
    "scf_converged": [true, true, true, true, true, true, true, true, true, true, true, true, true, true, true, true, true],
    "cc_converged": [true, true, true, true, true, true, true, true, true, true, true, true, true, true, true, true, true],
    "scf_spin_squared": [2.0007187340106856, 2.00073313733933, 2.00074808163893, 2.0007635686762226, 2.000779598688853, 2.0012718298508165, 2.0018335936028873, 2.002183881846299, 2.0023608231186483, 2.0024422428520805, 2.002475622036836, 2.002489992427958, 2.0025043332850214, 2.002529864823115, 2.0025704399436277, 2.0026233214462805, 2.0026812270281855],
    "cc_spin_squared": [2.000072948148863, 2.000073559449407, 2.0000741760497114, 2.000074797125992, 2.0000754218374457, 2.0000887785916834, 2.00009519882805, 2.000093380394862, 2.0000882254126546, 2.000082524130436, 2.0000771974732023, 2.0000723850279334, 2.0000679601973057, 2.0000637284999234, 2.0000595023416805, 2.000055132682088, 2.0000505274737272]
}