{
    "schema_name": "pyscf_apdft_output",
    "provenance": {
        "creator": "PySCF",
        "version": "1.7.6"
    },
    "molecule": {
        "geometry": [[0.0, 0.0, 0.0], [0.9, 0.0, 0.0]],
        "symbols": [ "O", "H" ]
    },
    "molecular_charge": 0,
    "molecular_multiplicity": 4,
    "name": "o.h.chrg0.mult4.sep0.90-pyscf-uccsdt.ccpv5z",
    "atomic_numbers": [ 8, 1 ],
    "n_electrons": 9,
    "model": {
        "method": "UCCSD(T)",
        "basis": "cc-pV5Z",
        "scf_conv_tol": 1e-09,
        "scf_conv_tol_grad": 1e-06,
        "cc_conv_tol": 1e-05,
        "cc_conv_tol_normt": 1e-07
    },
    "broken_symmetry": false,
    "finite_diff_delta": 0.01,
    "finite_diff_acc": 2,
    "apdft_lambdas": [-1.0, -0.75, -0.5, -0.25, -0.02, -0.01, 0.0, 0.01, 0.02, 0.25, 0.5, 0.75, 1.0, 1.25, 1.5, 1.75, 2.0],
    "electronic_energies": [-55.087427557997245, -59.84532056505543, -64.81486636609718, -69.99872107919943, -74.95968263089446, -75.179585741716, -75.39984128350149, -75.62044945218197, -75.84141044251166, -81.02131399366789, -86.86571421874524, -92.9342990555384, -99.22678735130474, -105.74184043823695, -112.47760950956364, -119.43199360966257, -126.60268974758284],
    "apdft_energies": {
        "0": [-75.39984128350146, -75.39984128350146, -75.39984128350146, -75.39984128350146, -75.39984128350146, -75.39984128350146, -75.39984128350146, -75.39984128350146, -75.39984128350146, -75.39984128350146, -75.39984128350146, -75.39984128350146, -75.39984128350146, -75.39984128350146, -75.39984128350146, -75.39984128350146, -75.39984128350146],
        "1": [-53.356655760202656, -58.86745214102736, -64.37824852185206, -69.88904490267676, -74.95897757303548, -75.17940942826847, -75.39984128350146, -75.62027313873445, -75.84070499396744, -80.91063766432616, -86.42143404515086, -91.93223042597556, -97.44302680680026, -102.95382318762496, -108.46461956844966, -113.97541594927436, -119.48621233009906],
        "2": [-55.1197902354571, -59.85921528335798, -64.81903214066567, -69.99924080738016, -74.95968282682558, -75.179585741716, -75.39984128350146, -75.62044945218197, -75.84141024775754, -81.02083356902956, -86.86221766396447, -92.92399356830619, -99.20616128205471, -105.70872080521004, -112.43167213777217, -119.3750152797411, -126.53875023111685],
        "3": [-55.08723313177744, -59.845480255243125, -64.81496250270571, -69.99873210263516, -74.95968256636876, -75.17958570915889, -75.39984128350146, -75.62044948473908, -75.84141050821437, -81.02134227377456, -86.86628730192443, -92.93772859642104, -99.23871838573437, -105.77230889833439, -112.54155236269104, -119.5495010072743, -126.79920706055417],
        "4": [-55.08232902502712, -59.84392856521666, -64.81465599603382, -69.99871294596818, -74.9596825655841, -75.17958570910986, -75.39984128350146, -75.62044948469004, -75.84141050742971, -81.02132311710757, -86.86598079525254, -92.93617690639458, -99.23381427898406, -105.76033598146347, -112.51672532226753, -119.50350584982306, -126.72074135254903]
    },
    "apdft_poly_coeff": [ -75.39984128350146, -22.043185523298803, -1.7631344752544464, -0.03255710367966457, 0.0049041067503215645 ],
    "hf_energies": [-54.867810399359, -59.623849824867854, -64.59172318788562, -69.77402324774836, -74.7337147725207, -74.95356840794538, -75.1737750921092, -75.39433503993784, -75.61524846545143, -80.79428535873691, -86.63841037149768, -92.70751612740948, -99.00118872014502, -105.5178895560781, -112.25562410817231, -119.21220435027865, -126.38527679619844],
    "triples_corrections": [-0.005325697238348217, -0.005095054220986442, -0.004862646087926646, -0.004636557629929327, -0.004428986433493011, -0.004419789318689849, -0.0044105683578711035, -0.004401322402558923, -0.004392050314054648, -0.004169306134799374, -0.0039023923264296825, -0.00361851317286235, -0.0033373694853653163, -0.0030729753367660447, -0.002830396285992434, -0.002609946888710905, -0.002410180460160396],
    "scf_converged": [true, true, true, true, true, true, true, true, true, true, true, true, true, true, true, true, true],
    "cc_converged": [true, true, true, true, true, true, true, true, true, true, true, true, true, true, true, true, true],
    "scf_spin_squared": [3.762993669860621, 3.7619984145522913, 3.761096469474854, 3.7601515435965456, 3.759166541945156, 3.7591208782120518, 3.7590750000267943, 3.759028912678643, 3.7589826218880713, 3.7578809714013137, 3.75671605265308, 3.755742729450394, 3.7550014331039705, 3.754441628955269, 3.754003325144033, 3.7536454540038835, 3.7533437650910906],
    "cc_spin_squared": [3.750303426759256, 3.7502610090824406, 3.7502261927914873, 3.7501968645930273, 3.750172964700507, 3.7501719676152065, 3.7501709730535957, 3.7501699809090185, 3.7501689910774294, 3.7501466751358166, 3.7501231999462097, 3.7501015859395253, 3.750083327136279, 3.750068772455137, 3.7500573536351025, 3.750048339553545, 3.7500411325764604]
}