{
    "schema_name": "pyscf_apdft_output",
    "provenance": {
        "creator": "PySCF",
        "version": "1.7.6"
    },
    "molecule": {
        "geometry": [[0.0, 0.0, 0.0], [1.9, 0.0, 0.0]],
        "symbols": [ "N", "H" ]
    },
    "molecular_charge": 0,
    "molecular_multiplicity": 3,
    "name": "n.h.chrg0.mult3.sep1.90-pyscf-uccsdt.ccpv5z",
    "atomic_numbers": [ 7, 1 ],
    "n_electrons": 8,
    "model": {
        "method": "UCCSD(T)",
        "basis": "cc-pV5Z",
        "scf_conv_tol": 1e-09,
        "scf_conv_tol_grad": 1e-06,
        "cc_conv_tol": 1e-05,
        "cc_conv_tol_normt": 1e-07
    },
    "broken_symmetry": false,
    "finite_diff_delta": 0.01,
    "finite_diff_acc": 2,
    "apdft_lambdas": [-1.0, -0.75, -0.5, -0.25, -0.02, -0.01, 0.0, 0.01, 0.02, 0.25, 0.5, 0.75, 1.0, 1.25, 1.5, 1.75, 2.0],
    "electronic_energies": [-38.42622002370702, -42.28143783818879, -46.34238439766924, -50.61011030283108, -54.72056040432604, -54.90328696023351, -55.08634805956335, -55.26974373239166, -55.453474011922964, -59.77171879761323, -64.66722481090493, -69.77600173649039, -75.10671609307069, -80.66960722755859, -86.46044614892674, -92.47157503569589, -98.69623808453026],
    "apdft_energies": {
        "0": [-55.086348059563385, -55.086348059563385, -55.086348059563385, -55.086348059563385, -55.086348059563385, -55.086348059563385, -55.086348059563385, -55.086348059563385, -55.086348059563385, -55.086348059563385, -55.086348059563385, -55.086348059563385, -55.086348059563385, -55.086348059563385, -55.086348059563385, -55.086348059563385, -55.086348059563385],
        "1": [-36.763509451655786, -41.34421910363268, -45.924928755609585, -50.50563840758649, -54.71989128740523, -54.90311967348431, -55.086348059563385, -55.26957644564246, -55.45280483172154, -59.66705771154028, -64.24776736351718, -68.82847701549409, -73.40918666747098, -77.98989631944788, -82.57060597142478, -87.15131562340167, -91.73202527537859],
        "2": [-38.43637694365325, -42.28520706788126, -46.34314562860895, -50.610192625836326, -54.72056043440203, -54.90328696023351, -55.086348059563385, -55.26974373239166, -55.453473978718336, -59.771611929790126, -64.66598423651655, -69.76946497974265, -75.08205415946844, -80.60375177569392, -86.33455782841908, -92.27447231764393, -98.42349524336845],
        "3": [-38.43110355836925, -42.28298235846457, -46.34248645544845, -50.610110229191264, -54.72056039221495, -54.90328695496012, -55.086348059563385, -55.269743737665046, -55.45347402090542, -59.77169432643519, -64.66664340967705, -69.77168968915934, -75.08732754475244, -80.61405135632674, -86.35235550375258, -92.30273436690035, -98.46568232564044],
        "4": [-38.44413938264114, -42.287106974738094, -46.34330119446545, -50.610161150379824, -54.72056039430068, -54.90328695509048, -55.086348059563385, -55.2697437377954, -55.45347402299115, -59.77174524762375, -64.66745814869404, -69.77581430543287, -75.10036336902434, -80.64587709917802, -86.418349364129, -92.42499614063784, -98.67425551399062]
    },
    "apdft_poly_coeff": [ -55.086348059563385, -18.3228386079076, -1.672867491997465, -0.0052733852839992315, -0.013035824271886062 ],
    "hf_energies": [-38.23204439704229, -42.08889284471024, -46.11425466035534, -50.364946953711545, -54.46153351882258, -54.64375303055545, -54.82631752837034, -55.009227336014916, -55.19248277630643, -59.50347566518082, -64.4011038446341, -69.52231992351496, -74.90019204354257, -80.45535081825506, -86.2509381724683, -92.26564335331567, -98.49319756062647],
    "triples_corrections": [-0.007585431161237546, -0.008095696549495804, -0.01113452158937732, -0.011970440228405585, -0.012217440918150003, -0.012220210851957082, -0.012222544976860615, -0.012224467899788573, -0.012226005028985878, -0.012196914496996213, -0.011984059004465213, -0.01093750660906973, -0.00549155539646927, -0.00478267716350824, -0.003820510625891363, -0.003228778566185385, -0.0028430422274884834],
    "scf_converged": [true, true, true, true, true, true, true, true, true, true, true, true, true, true, true, true, true],
    "cc_converged": [true, true, true, true, true, true, true, true, true, true, true, true, true, true, true, true, true],
    "scf_spin_squared": [2.31971486738994, 2.589003883903319, 2.0567706028423065, 2.040951356376446, 2.0353635809122745, 2.035225061501857, 2.0350942068564235, 2.0349709748473273, 2.0348553356972405, 2.0344074521259103, 2.0416492120351815, 2.090162421097946, 2.576877399556096, 2.072752682422958, 2.0159596741684562, 2.0087574233407373, 2.0065171136487097],
    "cc_spin_squared": [2.0194116696762876, 2.0500544842691304, 2.0330640681783425, 2.0709629812980617, 2.1081014766155324, 2.1094531462125437, 2.1107672109354265, 2.1120419137141067, 2.113275439393507, 2.126610326197932, 2.099919159422445, 2.0424697124878097, 2.026700344595193, 2.0039090461439866, 2.000730330037608, 2.0002306397683265, 2.000115224779546]
}