{
    "schema_name": "pyscf_qa_output",
    "provenance": {
        "creator": "PySCF",
        "version": "1.7.6"
    },
    "molecule": {
        "geometry": [[0.0, 0.0, 0.0], [1.4, 0.0, 0.0]],
        "symbols": [ "B", "H" ]
    },
    "molecular_charge": -1,
    "molecular_multiplicity": 4,
    "name": "b.h.chrg-1.mult4.sep1.40-pyscf-uccsdt.ccpv5z",
    "atomic_numbers": [ 5, 1 ],
    "n_electrons": 7,
    "model": {
        "method": "UCCSD(T)",
        "basis": "cc-pV5Z",
        "scf_conv_tol": 1e-09,
        "scf_conv_tol_grad": 1e-06,
        "cc_conv_tol": 1e-05,
        "cc_conv_tol_normt": 1e-07
    },
    "broken_symmetry": false,
    "finite_diff_delta": 0.01,
    "finite_diff_acc": 2,
    "qa_lambdas": [-0.02, -0.01, 0.0, 0.01, 0.02, 0.25, 0.5, 0.75, 1.0, 1.25, 1.5, 1.75, 2.0, 2.25, 2.5, 2.75, 3.0],
    "electronic_energies": [-24.992069442454024, -25.10810170976772, -25.224430851443287, -25.341057047649727, -25.45798047419096, -28.22959461778263, -31.422265476517563, -34.803161012072735, -38.37225211934889, -42.12900113839609, -46.07241750110662, -50.201126025487255, -54.51338319370874, -59.006849148357254, -63.67811318647024, -68.52232744573942, -73.53329980347978],
    "qats_energies": {
        "0": [-25.22443085144327, -25.22443085144327, -25.22443085144327, -25.22443085144327, -25.22443085144327, -25.22443085144327, -25.22443085144327, -25.22443085144327, -25.22443085144327, -25.22443085144327, -25.22443085144327, -25.22443085144327, -25.22443085144327, -25.22443085144327, -25.22443085144327, -25.22443085144327, -25.22443085144327],
        "1": [-24.991475513561262, -25.107953182502264, -25.22443085144327, -25.340908520384275, -25.457386189325277, -28.136372574968362, -31.04831429849345, -33.96025602201854, -36.87219774554363, -39.78413946906873, -42.696081192593816, -45.60802291611891, -48.519964639644, -51.43190636316909, -54.34384808669418, -57.25578981021927, -60.16773153374436],
        "2": [-24.992069622623077, -25.10810170976772, -25.22443085144327, -25.341057047649727, -25.457980298387092, -28.229202115876973, -31.4196324621279, -34.79572189019605, -38.357470400081425, -42.10487799178403, -46.037944665303854, -50.15667042064091, -54.46105525779518, -58.951099176766675, -63.626802177555405, -68.48816426016134, -73.53518542458451],
        "3": [-24.992069385307797, -25.10810168010331, -25.22443085144327, -25.341057077314137, -25.457980535702372, -28.229665622286152, -31.42334051340134, -34.80823656324391, -38.38713481026895, -42.162816292931524, -46.138062049686724, -50.31565311898963, -54.69837053929531, -59.288995349058865, -64.09030858673535, -69.10509129077985, -74.33612449964747],
        "4": [-24.992069382397666, -25.108101679921425, -25.22443085144327, -25.341057077132255, -25.457980532792245, -28.22959457419976, -31.42220374401901, -34.80248166824587, -38.368946500151665, -42.11841123893427, -46.04598372971801, -50.14506666355376, -54.407357577418885, -58.82284885421724, -63.379827722779225, -68.0648762578617, -72.86287138014805]
    },
    "qats_poly_coeffs": [ -25.22443085144327, -11.647766894100364, -1.4852726545377948, -0.029664410187516897, 0.018188310117276767 ],
    "hf_energies": [-24.86995538277817, -24.985841306378113, -25.102025153934907, -25.21850706083979, -25.33528715758381, -28.103766813856122, -31.2930681441449, -34.67058005744427, -38.23668206175355, -41.99126954540952, -45.93352806509329, -50.062111397096565, -54.37529091345, -58.87062370261845, -63.54439308015585, -68.3914110209491, -73.40529004449449],
    "triples_corrections": [-0.0037826011326817428, -0.003788912710595141, -0.0037950069534644936, -0.0038008885932026824, -0.0038065625041932643, -0.003892218285231766, -0.003932530239439497, -0.003944577692916886, -0.003914542712621491, -0.0038278224575304136, -0.0036838074918791952, -0.003485954403797579, -0.003231106999297618, -0.0029205272252892686, -0.0025800148086648172, -0.002249479312157775, -0.0019553867423098875],
    "scf_converged": [true, true, true, true, true, true, true, true, true, true, true, true, true, true, true, true, true],
    "cc_converged": [true, true, true, true, true, true, true, true, true, true, true, true, true, true, true, true, true],
    "scf_spin_squared": [3.753256295713941, 3.753262818266305, 3.7532691798757947, 3.7532753638565097, 3.753281353802239, 3.7533495878014267, 3.753453034914613, 3.7543368592483697, 3.7562674953284674, 3.7577372643695277, 3.7573134332632696, 3.755576976140521, 3.7541547226438814, 3.7539102486735736, 3.7544163761760547, 3.754931593797305, 3.7551379610026854],
    "cc_spin_squared": [3.750378748036917, 3.750379149925224, 3.750379539306824, 3.750379916085248, 3.7503802801588852, 3.750385163210244, 3.750384478062393, 3.750382470228726, 3.7503821049770742, 3.7503778296330474, 3.7503595353133266, 3.750321546120554, 3.750266222503942, 3.7502050628794903, 3.750152520882952, 3.750114860707003, 3.750089467627119]
}