{
    "schema_name": "pyscf_qa_output",
    "provenance": {
        "creator": "PySCF",
        "version": "1.7.6"
    },
    "molecule": {
        "geometry": [[0.0, 0.0, 0.0], [1.1, 0.0, 0.0]],
        "symbols": [ "F", "H" ]
    },
    "molecular_charge": 2,
    "molecular_multiplicity": 3,
    "name": "f.h.chrg2.mult3.sep1.10-pyscf-uccsdt.ccpv5z",
    "atomic_numbers": [ 9, 1 ],
    "n_electrons": 8,
    "model": {
        "method": "UCCSD(T)",
        "basis": "cc-pV5Z",
        "scf_conv_tol": 1e-09,
        "scf_conv_tol_grad": 1e-06,
        "cc_conv_tol": 1e-05,
        "cc_conv_tol_normt": 1e-07
    },
    "broken_symmetry": false,
    "finite_diff_delta": 0.01,
    "finite_diff_acc": 2,
    "qa_lambdas": [-3.0, -2.75, -2.5, -2.25, -2.0, -1.75, -1.5, -1.25, -1.0, -0.75, -0.5, -0.25, -0.02, -0.01, 0.0, 0.01, 0.02],
    "electronic_energies": [-38.46171287925881, -42.34634053739507, -46.428283718458516, -50.71088901882391, -55.1971842594805, -59.88988418591178, -64.79145097518118, -69.9041729804071, -75.23022247346134, -80.77165769579842, -86.5303522042332, -92.50787172433202, -98.20143435019966, -98.45321280087057, -98.70534420046704, -98.95782857141707, -99.2106659347784],
    "qats_energies": {
        "0": [-98.70534420046707, -98.70534420046707, -98.70534420046707, -98.70534420046707, -98.70534420046707, -98.70534420046707, -98.70534420046707, -98.70534420046707, -98.70534420046707, -98.70534420046707, -98.70534420046707, -98.70534420046707, -98.70534420046707, -98.70534420046707, -98.70534420046707, -98.70534420046707, -98.70534420046707],
        "1": [-23.012978618493037, -29.3206757503242, -35.628372882155375, -41.936070013986544, -48.24376714581771, -54.55146427764888, -60.85916140948005, -67.16685854131123, -73.47455567314239, -79.78225280497355, -86.08994993680473, -92.3976470686359, -98.20072842992057, -98.45303631519383, -98.70534420046707, -98.9576520857403, -99.20995997101356],
        "2": [-38.89668952632218, -42.667405054819525, -46.658727679258945, -50.870657399640436, -55.303194215964, -59.95633812822963, -64.83008913643734, -69.92444724058711, -75.23941244067896, -80.77498473671288, -86.53116412868887, -92.50795061660693, -98.20143437262759, -98.45321280087057, -98.70534420046707, -98.95782857141707, -99.21066591372058],
        "3": [-38.79884657657993, -42.59204106980395, -46.60210560186181, -50.82937990521793, -55.274203712336664, -59.93691675568241, -64.81785876771956, -69.91736948091247, -75.23578862772554, -80.77345594062317, -86.5307111520697, -92.50789399452954, -98.20143434363709, -98.45321279724676, -98.70534420046707, -98.95782857504088, -99.21066594271107],
        "4": [-38.33646284527657, -42.26556729424392, -46.379119620330485, -50.683078802735224, -55.18286865430144, -59.883377821516746, -64.7889597845131, -69.90343285706676, -75.23008018659834, -80.77164975417276, -86.53035437449924, -92.50787169593139, -98.20143434272373, -98.45321279718968, -98.70534420046707, -98.9578285749838, -99.21066594179773]
    },
    "qats_poly_coeffs": [ -98.70534420046707, -25.230788527324677, -1.7648567675365712, -0.003623812953416442, 0.005708441127201998 ],
    "hf_energies": [-38.26360565814566, -42.14234179231055, -46.21916166157948, -50.497396191059174, -54.98002520756214, -59.66973512644656, -64.56900289955884, -69.68015995590207, -75.00540862188375, -80.54678005970449, -86.30604396804836, -92.28460280797142, -97.97938581577941, -98.23122111733936, -98.48340961455516, -98.73595132249706, -98.98884625502097],
    "triples_corrections": [-0.004972767588007837, -0.005105510643956429, -0.005161691871755468, -0.005142340939578413, -0.005056307682706605, -0.0049157103588070425, -0.004731547440667419, -0.004511811567743162, -0.004262264257784729, -0.0039886565601199705, -0.003698977055270025, -0.0034042940034735283, -0.0031395391875653532, -0.00312831390629684, -0.0031171178924715957, -0.0031059517306734593, -0.003094815993636779],
    "scf_converged": [true, true, true, true, true, true, true, true, true, true, true, true, true, true, true, true, true],
    "cc_converged": [true, true, true, true, true, true, true, true, true, true, true, true, true, true, true, true, true],
    "scf_spin_squared": [2.020152351340247, 2.0187459576379196, 2.0181964949240765, 2.018357749364832, 2.0189900143449466, 2.019688611738453, 2.0199347716920255, 2.0193105529654996, 2.017740604616832, 2.0155235802986624, 2.013114663250739, 2.010878423945093, 2.009129507205083, 2.009060909348061, 2.0089929308145025, 2.0089255700586053, 2.008858825354216],
    "cc_spin_squared": [2.0004451736491005, 2.0004307591972044, 2.000421547311138, 2.0004159967911885, 2.000411237683188, 2.0004024557072277, 2.0003845952410098, 2.0003537495392143, 2.000310976603987, 2.000260711629047, 2.0002095827780204, 2.000163374823298, 2.0001279887365966, 2.0001266196497154, 2.000125264669963, 2.000123923763958, 2.000122546366266]
}