{
    "schema_name": "pyscf_apdft_output",
    "provenance": {
        "creator": "PySCF",
        "version": "1.7.6"
    },
    "molecule": {
        "geometry": [[0.0, 0.0, 0.0], [0.6, 0.0, 0.0]],
        "symbols": [ "Li", "H" ]
    },
    "molecular_charge": 0,
    "molecular_multiplicity": 3,
    "name": "li.h.chrg0.mult3.sep0.60-pyscf-uccsdt.ccpv5z",
    "atomic_numbers": [ 3, 1 ],
    "n_electrons": 4,
    "model": {
        "method": "UCCSD(T)",
        "basis": "cc-pV5Z",
        "scf_conv_tol": 1e-09,
        "scf_conv_tol_grad": 1e-06,
        "cc_conv_tol": 1e-05,
        "cc_conv_tol_normt": 1e-07
    },
    "broken_symmetry": false,
    "finite_diff_delta": 0.01,
    "finite_diff_acc": 2,
    "apdft_lambdas": [-0.02, -0.01, 0.0, 0.01, 0.02, 0.25, 0.5, 0.75, 1.0, 1.25, 1.5, 1.75, 2.0],
    "electronic_energies": [-7.362070023144759, -7.416633345301062, -7.471433392955245, -7.526470132826613, -7.5817435308228625, -8.918258553796676, -10.512286701509732, -12.252378725927814, -14.136793373438207, -16.163023445709328, -18.327678287149457, -20.626451176070717, -23.054179906767665],
    "apdft_energies": {
        "0": [-7.471433392955276, -7.471433392955276, -7.471433392955276, -7.471433392955276, -7.471433392955276, -7.471433392955276, -7.471433392955276, -7.471433392955276, -7.471433392955276, -7.471433392955276, -7.471433392955276, -7.471433392955276, -7.471433392955276],
        "1": [-7.3615966054297255, -7.416514999192501, -7.471433392955276, -7.526351786718051, -7.581270180480826, -8.844393237024653, -10.217353081094029, -11.590312925163406, -12.963272769232784, -14.33623261330216, -15.709192457371536, -17.082152301440914, -18.45511214551029],
        "2": [-7.362069989863973, -7.416633345301062, -7.471433392955276, -7.526470132826613, -7.581743564915073, -8.918359554875824, -10.513218352498711, -12.256009785823942, -14.146733854851515, -16.18539055958143, -18.37197990001368, -20.706501876148277, -23.188956487985216],
        "3": [-7.362070034779304, -7.416633350915479, -7.471433392955276, -7.526470127212196, -7.581743519999742, -8.918271829619366, -10.512516550447055, -12.253641203899598, -14.141119438438253, -16.174424902524276, -18.353031244618926, -20.676412113183456, -23.144041156679126],
        "4": [-7.362070034238354, -7.4166333508816695, -7.471433392955276, -7.526470127178387, -7.581743519458791, -8.918258622808143, -10.51230524146748, -12.252571452190509, -14.13773849476508, -16.16617064550969, -18.33591521727348, -20.64470255943623, -23.089946057908342]
    },
    "apdft_poly_coeff": [ -7.471433392955276, -5.4918393762775075, -1.183461085618731, 0.005614416413261361, 0.003380943673173912 ],
    "hf_energies": [-7.31444911468078, -7.369089993491025, -7.423968153146365, -7.479083555105771, -7.5344361601519925, -8.872913265117436, -10.469344770316807, -12.212074491525904, -14.099305594781708, -16.128461409043556, -18.29607063412024, -20.597743364744424, -23.028242022784685],
    "triples_corrections": [-0.0001722831846444825, -0.00017076927778092885, -0.00016927000479922938, -0.00016778528919669878, -0.00016631505164311933, -0.0001362812945541893, -0.0001108092333416416, -9.114240696798449e-05, -7.57634519833927e-05, -6.34799911036952e-05, -5.3431972038300054e-05, -4.5038787529298675e-05, -3.7925248352393535e-05],
    "scf_converged": [true, true, true, true, true, true, true, true, true, true, true, true, true],
    "cc_converged": [true, true, true, true, true, true, true, true, true, true, true, true, true],
    "scf_spin_squared": [2.0002112959159266, 2.000209059282354, 2.0002068387854064, 2.0002046347130555, 2.0002024473339164, 2.0001571195213015, 2.000118873703727, 2.00009064834061, 2.0000701486404324, 2.0000552461652155, 2.0000442789741966, 2.0000360561767665, 2.0000297640213205],
    "cc_spin_squared": [2.000003692916354, 2.0000036323347334, 2.000003572730135, 2.0000035140903947, 2.0000034564032974, 2.000002364647083, 2.000001579284878, 2.000001072594021, 2.000000744270281, 2.0000005286325746, 2.000000384112247, 2.000000284893365, 2.000000215040404]
}