{
    "schema_name": "pyscf_apdft_output",
    "provenance": {
        "creator": "PySCF",
        "version": "1.7.6"
    },
    "molecule": {
        "geometry": [[0.0, 0.0, 0.0], [1.4, 0.0, 0.0]],
        "symbols": [ "Ne", "H" ]
    },
    "molecular_charge": 1,
    "molecular_multiplicity": 3,
    "name": "ne.h.chrg1.mult3.sep1.40-pyscf-uccsdt.ccpv5z",
    "atomic_numbers": [ 10, 1 ],
    "n_electrons": 10,
    "model": {
        "method": "UCCSD(T)",
        "basis": "cc-pV5Z",
        "scf_conv_tol": 1e-09,
        "scf_conv_tol_grad": 1e-06,
        "cc_conv_tol": 1e-05,
        "cc_conv_tol_normt": 1e-07
    },
    "broken_symmetry": false,
    "finite_diff_delta": 0.01,
    "finite_diff_acc": 2,
    "apdft_lambdas": [-2.0, -1.75, -1.5, -1.25, -1.0, -0.75, -0.5, -0.25, -0.02, -0.01, 0.0, 0.01, 0.02],
    "electronic_energies": [-75.60915102341136, -81.38938893889333, -87.40758290157312, -93.66504949979478, -100.16214632092199, -106.89874037849472, -113.87445764717435, -121.08882283532166, -127.93638336945983, -128.23866994149614, -128.54133680145253, -128.8443839186776, -129.14781126254846],
    "apdft_energies": {
        "0": [-128.54133680145247, -128.54133680145247, -128.54133680145247, -128.54133680145247, -128.54133680145247, -128.54133680145247, -128.54133680145247, -128.54133680145247, -128.54133680145247, -128.54133680145247, -128.54133680145247, -128.54133680145247, -128.54133680145247],
        "1": [-67.96993908330586, -75.54136379807419, -83.11278851284251, -90.68421322761084, -98.25563794237917, -105.8270626571475, -113.39848737191582, -120.96991208668415, -127.93562282427101, -128.23847981286173, -128.54133680145247, -128.84419379004322, -129.14705077863394],
        "2": [-75.57508445933871, -81.36405322659934, -87.39068278686099, -93.65497314012367, -100.15692428638738, -106.89653622565211, -113.87380895791787, -121.08874248318466, -127.93638333880861, -128.23866994149614, -128.54133680145247, -128.8443839186776, -129.14781129317154],
        "3": [-75.6159339970171, -81.39141922547373, -87.40791618556906, -93.66494617178344, -100.16203047859717, -106.89869040049062, -113.8744472319441, -121.08882226743793, -127.93638337965815, -128.23866994660233, -128.54133680145247, -128.84438391357142, -129.14781125232201],
        "4": [-75.61780604027825, -81.39251658286388, -87.40850851175716, -93.66523182291581, -100.162147481301, -106.89872742087738, -113.87445454461309, -121.08882272447975, -127.93638337967687, -128.2386699466035, -128.54133680145247, -128.84438391357259, -129.14781125234072]
    },
    "apdft_poly_coeff": [ -128.54133680145247, -30.285698859073307, -1.9012863440082128, 0.005106192209799095, -0.00011700270382182983 ],
    "hf_energies": [-75.30540713701495, -81.08524584027685, -87.10542776135628, -93.36567173493445, -99.86558279134343, -106.60476799086344, -113.58280663032005, -120.79925997369128, -127.64859118583307, -127.95095229405608, -128.25369351933574, -128.5568148347702, -128.86031621345154],
    "triples_corrections": [-0.008482936913970694, -0.008048541006725394, -0.007360557360398756, -0.00658734651734086, -0.005855284228620713, -0.0052152892110026924, -0.00467452236669939, -0.0042215336991447, -0.003868228426645012, -0.003854047294889375, -0.0038399567401554884, -0.0038259558880360885, -0.003812043873006618],
    "scf_converged": [true, true, true, true, true, true, true, true, true, true, true, true, true],
    "cc_converged": [true, true, true, true, true, true, true, true, true, true, true, true, true],
    "scf_spin_squared": [2.0196487656874775, 2.012064913549111, 2.0092238034315892, 2.0072046092500146, 2.0057067680537113, 2.0046402662808154, 2.0038861128016663, 2.003342773703168, 2.0029672669783594, 2.002952990936692, 2.0029388637428824, 2.002924883058855, 2.0029110465890065],
    "cc_spin_squared": [2.0005295917652477, 2.000331766974866, 2.0002472988516047, 2.0001875071281194, 2.0001368725563657, 2.00009892227116, 2.000072726166124, 2.0000550557001424, 2.000043811642582, 2.0000434035355186, 2.0000430011951784, 2.000042604519683, 2.0000422134091296]
}