{
    "schema_name": "pyscf_apdft_output",
    "provenance": {
        "creator": "PySCF",
        "version": "1.7.6"
    },
    "molecule": {
        "geometry": [[0.0, 0.0, 0.0], [1.8, 0.0, 0.0]],
        "symbols": [ "O", "H" ]
    },
    "molecular_charge": 1,
    "molecular_multiplicity": 3,
    "name": "o.h.chrg1.mult3.sep1.80-pyscf-uccsdt.ccpv5z",
    "atomic_numbers": [ 8, 1 ],
    "n_electrons": 8,
    "model": {
        "method": "UCCSD(T)",
        "basis": "cc-pV5Z",
        "scf_conv_tol": 1e-09,
        "scf_conv_tol_grad": 1e-06,
        "cc_conv_tol": 1e-05,
        "cc_conv_tol_normt": 1e-07
    },
    "broken_symmetry": false,
    "finite_diff_delta": 0.01,
    "finite_diff_acc": 2,
    "apdft_lambdas": [-2.0, -1.75, -1.5, -1.25, -1.0, -0.75, -0.5, -0.25, -0.02, -0.01, 0.0, 0.01, 0.02, 0.25, 0.5, 0.75, 1.0],
    "electronic_energies": [-38.42890413721897, -42.16533151053058, -46.35313267920622, -50.62217582044372, -55.09901746768587, -59.78539594004528, -64.68336848286319, -69.79662149132702, -74.69805770463857, -74.91558235673841, -75.1334779673206, -75.35174499201447, -75.57038376180232, -80.70187738811593, -86.50134130649387, -92.52774477914559, -98.77657654047866],
    "apdft_energies": {
        "0": [-75.1334779673205, -75.1334779673205, -75.1334779673205, -75.1334779673205, -75.1334779673205, -75.1334779673205, -75.1334779673205, -75.1334779673205, -75.1334779673205, -75.1334779673205, -75.1334779673205, -75.1334779673205, -75.1334779673205, -75.1334779673205, -75.1334779673205, -75.1334779673205, -75.1334779673205],
        "1": [-31.517214439714266, -36.969247380665045, -42.421280321615825, -47.873313262566604, -53.325346203517384, -58.77737914446816, -64.22941208541894, -69.68144502636972, -74.69731533204444, -74.91539664968246, -75.1334779673205, -75.35155928495854, -75.56964060259656, -80.58551090827129, -86.03754384922206, -91.48957679017283, -96.94160973112362],
        "2": [-38.945496677354626, -42.656525968858446, -46.59968908028853, -50.77498601164487, -55.182416762927474, -59.82198133413634, -64.69367972527147, -69.79751193633285, -74.6980581602682, -74.91558235673841, -75.1334779673205, -75.35174499201447, -75.57038343082033, -80.70157781823441, -86.50181148907458, -92.53417897984102, -98.79868029053371],
        "3": [-38.42108892931385, -42.30521374702644, -46.37845456158382, -50.64695677628335, -55.11686579442238, -59.79432701929825, -64.68548585420832, -69.79648770244997, -74.69805763586045, -74.91558229118745, -75.1334779673205, -75.35174505756544, -75.57038395522808, -80.7026020521173, -86.51000536013773, -92.5618332946791, -98.8642312590388],
        "4": [-30.111248054645017, -37.43413758978038, -43.74916897233314, -49.37897568578823, -54.597500739755574, -59.62999666997008, -64.65302553829166, -69.79445893270517, -74.69805755276205, -74.91558228599379, -75.1334779673205, -75.3517450523718, -75.57038387212967, -80.70057328237252, -86.47754504422105, -92.39750294535094, -98.34486620437201]
    },
    "apdft_poly_coeff": [ -75.1334779673205, -21.808131763803118, -1.85707055941009, -0.06555096850509774, 0.5193650546668019 ],
    "hf_energies": [-38.23111630937298, -41.96806038577235, -46.12531247408159, -50.37947552307574, -54.84317535571047, -59.521621026275554, -64.41966257364987, -69.54042143918102, -74.48178587963606, -74.69873910544156, -74.91607520654027, -75.13379690460324, -75.35190700480138, -80.47944790874239, -86.28291238596285, -92.3123547004522, -98.56344829754917],
    "triples_corrections": [-0.006991986340008124, -0.006954210418556922, -0.009923584117403978, -0.010697646022701216, -0.011083926273427774, -0.011146654618261627, -0.010893196499384201, -0.01019638440771394, -0.005674577982137076, -0.005636026009579587, -0.005598172437927368, -0.005561188592624365, -0.005525239874001776, -0.004891400518943047, -0.0039792036392094455, -0.0033677091817342414, -0.002968257044395076],
    "scf_converged": [true, true, true, true, true, true, true, true, true, true, true, true, true, true, true, true, true],
    "cc_converged": [true, true, true, true, true, true, true, true, true, true, true, true, true, true, true, true, true],
    "scf_spin_squared": [2.1814037259210064, 2.0291315514849844, 2.081640532920816, 2.0520296561484788, 2.0436326859119793, 2.043376654213767, 2.0553498307337907, 2.163640932613029, 2.5094224233792124, 2.494954575574352, 2.4797776410454446, 2.4638879212196274, 2.4472753389924757, 2.076548114718306, 2.018038409156145, 2.0094919422314446, 2.0068230754968313],
    "cc_spin_squared": [2.009740146868075, 2.000998202302762, 2.0140465324667645, 2.030356649917417, 2.0468829315044186, 2.053807056253441, 2.0430091953148546, 2.0168836842840694, 2.019656152382109, 2.018589110860766, 2.0175650918749835, 2.0165835547439297, 2.015643983541903, 2.003445698188526, 2.000775343800183, 2.0002567543126775, 2.0001249745854297]
}