{
    "schema_name": "pyscf_apdft_output",
    "provenance": {
        "creator": "PySCF",
        "version": "1.7.6"
    },
    "molecule": {
        "geometry": [[0.0, 0.0, 0.0], [1.3, 0.0, 0.0]],
        "symbols": [ "N", "H" ]
    },
    "molecular_charge": 1,
    "molecular_multiplicity": 4,
    "name": "n.h.chrg1.mult4.sep1.30-pyscf-uccsdt.ccpv5z",
    "atomic_numbers": [ 7, 1 ],
    "n_electrons": 7,
    "model": {
        "method": "UCCSD(T)",
        "basis": "cc-pV5Z",
        "scf_conv_tol": 1e-09,
        "scf_conv_tol_grad": 1e-06,
        "cc_conv_tol": 1e-05,
        "cc_conv_tol_normt": 1e-07
    },
    "broken_symmetry": false,
    "finite_diff_delta": 0.01,
    "finite_diff_acc": 2,
    "apdft_lambdas": [-2.0, -1.75, -1.5, -1.25, -1.0, -0.75, -0.5, -0.25, -0.02, -0.01, 0.0, 0.01, 0.02, 0.25, 0.5, 0.75, 1.0],
    "electronic_energies": [-25.221651586911307, -28.241621641143492, -31.444643324445494, -34.83445036021969, -38.41423837831502, -42.18674259823591, -46.15439541461062, -50.31949523052604, -54.32770211690341, -54.5058320643119, -54.684284774570116, -54.86306037185265, -55.04215897974126, -59.25083972733127, -64.02075715113236, -68.9947945613847, -74.17268236904823],
    "apdft_energies": {
        "0": [-54.684284774570045, -54.684284774570045, -54.684284774570045, -54.684284774570045, -54.684284774570045, -54.684284774570045, -54.684284774570045, -54.684284774570045, -54.684284774570045, -54.684284774570045, -54.684284774570045, -54.684284774570045, -54.684284774570045, -54.684284774570045, -54.684284774570045, -54.684284774570045, -54.684284774570045],
        "1": [-18.961454020495637, -23.426807864754938, -27.89216170901424, -32.357515553273544, -36.82286939753284, -41.28822324179214, -45.75357708605144, -50.21893093031075, -54.3270564670293, -54.50567062079968, -54.684284774570045, -54.862898928340414, -55.04151308211079, -59.14963861882934, -63.61499246308865, -68.08034630734795, -72.54570015160725],
        "2": [-25.419194509691977, -28.371015426795886, -31.52464073418718, -34.88007043186586, -38.437304519831926, -42.19634299808538, -46.157185866626214, -50.31983312545444, -54.32770224107822, -54.5058320643119, -54.684284774570045, -54.86306037185265, -55.04215885615971, -59.25054081397304, -64.01860124366343, -68.98846606364118, -74.16013527390633],
        "3": [-25.2540236022222, -28.26036382276828, -31.454959257598368, -34.83974550328438, -38.4166581563982, -42.187632813511776, -46.154605071197, -50.31951052602579, -54.32770207590731, -54.50583204366554, -54.684284774570045, -54.86306039249901, -55.04215902133062, -59.25086341340169, -64.02118203909264, -68.99717624821479, -74.18078163734006],
        "4": [-25.21447147768369, -28.237179093516094, -31.442444718193606, -34.8337103280313, -38.41418614861455, -42.186850654798974, -46.15445057071052, -50.31950086974538, -54.327702075511795, -54.50583204364082, -54.684284774570045, -54.86306039247429, -55.042159020935095, -59.250853757121284, -64.02102753860615, -68.99639408950199, -74.1783096295564]
    },
    "apdft_poly_coeff": [ -54.684284774570045, -17.861415377037204, -1.614435122299085, -0.020646363433722094, 0.002472007783656712 ],
    "hf_energies": [-25.093515608575476, -28.108258735739966, -31.306266327308006, -34.691384370267556, -38.26693943608855, -42.035855008451016, -46.00074550930316, -50.16400774301668, -54.17133807443712, -54.349446598943956, -54.52787920500952, -54.70663600653378, -54.88571711594919, -59.09432515363483, -63.86473965245055, -68.83965414561409, -74.01863514127194],
    "triples_corrections": [-0.002855535750152528, -0.0031388215777617607, -0.003370061015083098, -0.0035330798889720333, -0.003622377192565752, -0.0036390463074383113, -0.0035871601027437938, -0.0034717180964217447, -0.003313756498022987, -0.003305846390360179, -0.0032978545582190142, -0.0032897815987889953, -0.0032816286804242057, -0.0030742861813139637, -0.0028191610691444546, -0.002558118817601324, -0.0023134099412336663],
    "scf_converged": [true, true, true, true, true, true, true, true, true, true, true, true, true, true, true, true, true],
    "cc_converged": [true, true, true, true, true, true, true, true, true, true, true, true, true, true, true, true, true],
    "scf_spin_squared": [3.7552642269780936, 3.7544830342373032, 3.7538061143286017, 3.753356631146881, 3.7532962562825647, 3.7535545645847255, 3.753759105147914, 3.753703492073514, 3.7536189200922614, 3.7536190363493507, 3.7536196117749174, 3.75362065366621, 3.7536221787340094, 3.7537952781719772, 3.754196618379665, 3.754576285574451, 3.754755876480185],
    "cc_spin_squared": [3.7502726929001637, 3.7502762008597865, 3.750281131840933, 3.750285003426581, 3.7502864757515715, 3.750283897618785, 3.750273684425146, 3.7502520949364593, 3.750222048331759, 3.7502205699244646, 3.750219080701153, 3.750217581217425, 3.750216071841575, 3.75017986688346, 3.7501422775816606, 3.7501117655300122, 3.7500892312248486]
}