{
    "schema_name": "pyscf_qa_output",
    "provenance": {
        "creator": "PySCF",
        "version": "1.7.6"
    },
    "molecule": {
        "geometry": [[0.0, 0.0, 0.0], [1.9, 0.0, 0.0]],
        "symbols": [ "O", "H" ]
    },
    "molecular_charge": 0,
    "molecular_multiplicity": 2,
    "name": "o.h.chrg0.mult2.sep1.90-pyscf-uccsdt.ccpv5z",
    "atomic_numbers": [ 8, 1 ],
    "n_electrons": 9,
    "model": {
        "method": "UCCSD(T)",
        "basis": "cc-pV5Z",
        "scf_conv_tol": 1e-09,
        "scf_conv_tol_grad": 1e-06,
        "cc_conv_tol": 1e-05,
        "cc_conv_tol_normt": 1e-07
    },
    "broken_symmetry": false,
    "finite_diff_delta": 0.01,
    "finite_diff_acc": 2,
    "qa_lambdas": [-1.0, -0.75, -0.5, -0.25, -0.02, -0.01, 0.0, 0.01, 0.02, 0.25, 0.5, 0.75, 1.0, 1.25, 1.5, 1.75, 2.0],
    "electronic_energies": [-55.09376246903897, -59.87640584522016, -64.88112263249783, -70.10948230777156, -75.11853966767244, -75.34067355188714, -75.56317098717447, -75.78603222834668, -76.00925724946389, -81.24435255323196, -87.15763703337446, -93.3138160088471, -99.72222466358409, -106.37619973449017, -113.26817808861001, -120.39273992744161, -127.74604212935401],
    "qats_energies": {
        "0": [-75.5631709871744, -75.5631709871744, -75.5631709871744, -75.5631709871744, -75.5631709871744, -75.5631709871744, -75.5631709871744, -75.5631709871744, -75.5631709871744, -75.5631709871744, -75.5631709871744, -75.5631709871744, -75.5631709871744, -75.5631709871744, -75.5631709871744, -75.5631709871744, -75.5631709871744],
        "1": [-53.295237164196976, -58.86222061994133, -64.42920407568569, -69.99618753143005, -75.11781231071485, -75.34049164894464, -75.5631709871744, -75.78585032540417, -76.00852966363395, -81.13015444291875, -86.69713789866312, -92.26412135440748, -97.83110481015183, -103.39808826589618, -108.96507172164054, -114.5320551773849, -120.09903863312925],
        "2": [-55.11426658927559, -59.88542467154805, -64.88396143195534, -70.10987687049746, -75.11853992248489, -75.34067355188714, -75.5631709871744, -75.78603222834668, -76.00925727540398, -81.24384378198617, -87.15189525493277, -93.28732540601419, -99.65013423523044, -106.24032174258151, -113.05788792806742, -120.10283279168814, -127.3751563334437],
        "3": [-55.09519389326046, -59.87737837791667, -64.88157734495346, -70.10957885962222, -75.11853976990332, -75.34067353281444, -75.5631709871744, -75.78603224741939, -76.00925742798555, -81.24414179286141, -87.15427934193465, -93.29537169964557, -99.66920693124557, -106.27757310198606, -113.12225827711846, -120.20505052189421, -127.5277379015647],
        "4": [-53.92539186024182, -59.507245703406866, -64.80846471788979, -70.10500932043074, -75.118539582735, -75.34067352111641, -75.5631709871744, -75.78603223572136, -76.00925724081722, -81.23957225366993, -87.08116671487099, -92.92523902513577, -98.49940489822693, -103.42161110731163, -107.20013548496159, -109.23358692315297, -108.81090537326644]
    },
    "qats_poly_coeffs": [ -75.5631709871744, -22.267933822977426, -1.819029425078611, -0.01907269601512477, 1.169802033018641 ],
    "hf_energies": [-54.812977040626684, -59.575528440551636, -64.5606717831392, -69.77430190728984, -74.7776320227103, -74.99973239715952, -75.22221585145718, -75.44508269495302, -75.66833323385737, -80.90964405536658, -86.84044503600312, -93.01374079026415, -99.43967135767201, -106.09995165895708, -112.99611361151094, -120.12408394236643, -127.48056406842089],
    "triples_corrections": [-0.01428246158344922, -0.016264671606431268, -0.01691127723279406, -0.01654795292047942, -0.016185448175896906, -0.01617605864421778, -0.016167103967864492, -0.016158527914460843, -0.016150306678387006, -0.015841693054082673, -0.013823370963030766, -0.009812282514444838, -0.0066040153749754036, -0.0052057592549019545, -0.004424508195535065, -0.0038977747487371054, -0.003491438943970397],
    "scf_converged": [true, true, true, true, true, true, true, true, true, true, true, false, true, true, true, true, true],
    "cc_converged": [true, true, true, true, true, true, true, true, true, true, true, true, true, true, true, true, true],
    "scf_spin_squared": [0.7765389116620636, 0.7650032144595373, 0.761812670499328, 0.760484659385523, 0.7602198553904245, 0.7602312721206967, 0.760245027339367, 0.7602612001953597, 0.7602798503275805, 0.7617415046974942, 0.7716786309014858, 0.7844113329234976, 0.7649374677802916, 0.7552959436354301, 0.7537482718304847, 0.7531368651083792, 0.7527726117246587],
    "cc_spin_squared": [0.7597148347070752, 0.7816883196809918, 0.8155825435608581, 0.8460347800621775, 0.8504055308482485, 0.8498547880486678, 0.8492384475891579, 0.8485590789024107, 0.8478109795942963, 0.815167637801919, 0.7700115759536694, 0.7530644384439875, 0.751136576054241, 0.7502292494990348, 0.750090651217856, 0.7500546108440873, 0.7500399095153942]
}