{
    "schema_name": "pyscf_apdft_output",
    "provenance": {
        "creator": "PySCF",
        "version": "1.7.6"
    },
    "molecule": {
        "geometry": [[0.0, 0.0, 0.0], [1.4, 0.0, 0.0]],
        "symbols": [ "Ne", "H" ]
    },
    "molecular_charge": 2,
    "molecular_multiplicity": 4,
    "name": "ne.h.chrg2.mult4.sep1.40-pyscf-uccsdt.ccpv5z",
    "atomic_numbers": [ 10, 1 ],
    "n_electrons": 9,
    "model": {
        "method": "UCCSD(T)",
        "basis": "cc-pV5Z",
        "scf_conv_tol": 1e-09,
        "scf_conv_tol_grad": 1e-06,
        "cc_conv_tol": 1e-05,
        "cc_conv_tol_normt": 1e-07
    },
    "broken_symmetry": false,
    "finite_diff_delta": 0.01,
    "finite_diff_acc": 2,
    "apdft_lambdas": [-3.0, -2.75, -2.5, -2.25, -2.0, -1.75, -1.5, -1.25, -1.0, -0.75, -0.5, -0.25, -0.02, -0.01, 0.0, 0.01, 0.02],
    "electronic_energies": [-54.96919741066075, -59.76389056111076, -64.85363464355066, -70.06912947880178, -75.5073733564228, -81.1689866991723, -87.05401808488432, -93.16222658821654, -99.49326748989692, -106.04680454115747, -112.82256154923111, -119.82032910661022, -126.4542151607176, -126.746902753588, -127.03994508501638, -127.3333421459533, -127.62709392732349],
    "apdft_energies": {
        "0": [-127.03994508501626, -127.03994508501626, -127.03994508501626, -127.03994508501626, -127.03994508501626, -127.03994508501626, -127.03994508501626, -127.03994508501626, -127.03994508501626, -127.03994508501626, -127.03994508501626, -127.03994508501626, -127.03994508501626, -127.03994508501626, -127.03994508501626, -127.03994508501626, -127.03994508501626],
        "1": [-39.07403623022236, -46.40452863478852, -53.73502103935468, -61.065513443920835, -68.396005848487, -75.72649825305315, -83.05699065761931, -90.38748306218547, -97.71797546675162, -105.04846787131778, -112.37896027588394, -119.7094526804501, -126.45350569265096, -126.74672538883361, -127.03994508501626, -127.3331647811989, -127.62638447738155],
        "2": [-55.03686412557289, -59.81773818574278, -64.82031818890366, -70.04460413505551, -75.49059602419834, -81.15829385633215, -87.04769763145694, -93.15880734957271, -99.49162301067946, -106.04614461477719, -112.8223721618659, -119.82030565194559, -126.45421515166854, -126.746902753588, -127.03994508501626, -127.3333421459533, -127.62709393639912],
        "3": [-55.07764468849945, -59.84914960313587, -64.84391805170837, -70.06180843504015, -75.50267915395435, -81.16638860927416, -87.05279520182276, -93.16175733242329, -99.49313340189896, -106.04678181107292, -112.82256096076834, -119.82032925180839, -126.45421516375167, -126.74690275509839, -127.03994508501626, -127.33334214444291, -127.62709392431599],
        "4": [-55.06866627049038, -59.84281024076749, -64.83958818191233, -70.05896760746697, -75.50090563928589, -81.16534900753614, -87.0522340506972, -93.16148671556104, -99.49302255723218, -106.04674673912757, -112.82255403297667, -119.82032881882141, -126.45421516373393, -126.74690275509728, -127.03994508501626, -127.3333421444418, -127.62709392429825]
    },
    "apdft_poly_coeff": [ -127.03994508501626, -29.32196961826463, -1.7736475439278365, 0.0015103912195021012, 0.00011084466677857563 ],
    "hf_energies": [-54.73843618398015, -59.53223576471102, -64.6160084132936, -69.83153766678451, -75.27092253328613, -80.93405021366293, -86.82060597005048, -92.93021600588642, -99.26251704520816, -105.81720056708889, -112.59402932916318, -119.5928285487845, -126.2276505284775, -126.52037875489542, -126.81346172289854, -127.10689942421055, -127.40069185050942],
    "triples_corrections": [-0.006119004659345709, -0.005647903471834175, -0.005515663771599244, -0.005147670189341318, -0.004712319479480558, -0.004270313306457034, -0.003863068970037485, -0.003506526036762963, -0.003200706344333035, -0.0029390493559470553, -0.002713769258755219, -0.002518055784322173, -0.002359517981292607, -0.0023530389762685443, -0.002346592509366401, -0.002340178364353225, -0.0023337963276539395],
    "scf_converged": [true, true, true, true, true, true, true, true, true, true, true, true, true, true, true, true, true],
    "cc_converged": [true, true, true, true, true, true, true, true, true, true, true, true, true, true, true, true, true],
    "scf_spin_squared": [3.7609892969851235, 3.760724725857392, 3.7653207935993573, 3.762323240693199, 3.760298184561283, 3.7585992798193995, 3.757241231472859, 3.756194203543424, 3.7553903704161167, 3.754764368217164, 3.7542659207411, 3.753859478200876, 3.753545561202163, 3.753532984606396, 3.753520489160991, 3.753508073975032, 3.753495738170333],
    "cc_spin_squared": [3.750414769811219, 3.75033297820843, 3.750395139786304, 3.750285304392167, 3.7502214878065696, 3.750172234015994, 3.750132891645373, 3.750103121804195, 3.750081321105433, 3.750065413904075, 3.7500536458351807, 3.7500447581892673, 3.750038390118644, 3.7500381446902145, 3.750037901608435, 3.75003766084407, 3.750037422368404]
}