{
    "schema_name": "pyscf_apdft_output",
    "provenance": {
        "creator": "PySCF",
        "version": "1.7.6"
    },
    "molecule": {
        "geometry": [[0.0, 0.0, 0.0], [0.7, 0.0, 0.0]],
        "symbols": [ "Ne", "H" ]
    },
    "molecular_charge": 2,
    "molecular_multiplicity": 4,
    "name": "ne.h.chrg2.mult4.sep0.70-pyscf-uccsdt.ccpv5z",
    "atomic_numbers": [ 10, 1 ],
    "n_electrons": 9,
    "model": {
        "method": "UCCSD(T)",
        "basis": "cc-pV5Z",
        "scf_conv_tol": 1e-09,
        "scf_conv_tol_grad": 1e-06,
        "cc_conv_tol": 1e-05,
        "cc_conv_tol_normt": 1e-07
    },
    "broken_symmetry": false,
    "finite_diff_delta": 0.01,
    "finite_diff_acc": 2,
    "apdft_lambdas": [-3.0, -2.75, -2.5, -2.25, -2.0, -1.75, -1.5, -1.25, -1.0, -0.75, -0.5, -0.25, -0.02, -0.01, 0.0, 0.01, 0.02],
    "electronic_energies": [-54.92360836299331, -59.690061775310696, -64.66399219004454, -69.84765463972839, -75.2432786337133, -80.85317448884237, -86.6797550758637, -92.72543261557483, -98.99240725580786, -105.48243702421964, -112.19670304919134, -119.13581655019226, -125.71851951947387, -126.00904255599521, -126.29992533564166, -126.59116783788826, -126.88277004162646],
    "apdft_energies": {
        "0": [-126.2999253356418, -126.2999253356418, -126.2999253356418, -126.2999253356418, -126.2999253356418, -126.2999253356418, -126.2999253356418, -126.2999253356418, -126.2999253356418, -126.2999253356418, -126.2999253356418, -126.2999253356418, -126.2999253356418, -126.2999253356418, -126.2999253356418, -126.2999253356418, -126.2999253356418],
        "1": [-38.9811330516834, -46.25769907534661, -53.5342650990098, -60.810831122672994, -68.0873971463362, -75.36396316999941, -82.6405291936626, -89.9170952173258, -97.193661240989, -104.47022726465221, -111.7467932883154, -119.0233593119786, -125.71780005374875, -126.00886269469527, -126.2999253356418, -126.59098797658834, -126.88205061753486],
        "2": [-55.16865004572071, -59.859709882836285, -64.77559634486904, -69.91630943181899, -75.28184914368612, -80.87221548047043, -86.68740844217193, -92.72742802879061, -98.99227424032648, -105.48194707677953, -112.19644653814977, -119.1357726244372, -125.71851949894848, -126.00904255599521, -126.2999253356418, -126.59116783788826, -126.8827700627346],
        "3": [-55.262325481129324, -59.93186382064235, -64.82980666628606, -69.955828756132, -75.30960482825162, -80.89080962071647, -86.699117871598, -92.73420431896774, -98.99574370089717, -105.4834107554578, -112.19688022072111, -119.13582683475862, -125.71851952670417, -126.00904255946467, -126.2999253356418, -126.5911678344188, -126.8827700349789],
        "4": [-55.06566839051732, -59.793010789023384, -64.7349681773721, -69.89360522355554, -75.27075898319248, -80.86803889952822, -86.68682680343476, -92.72827691341061, -98.99331583558097, -105.4826425636976, -112.19672847913884, -119.13581735090972, -125.7185195263157, -126.00904255944039, -126.2999253356418, -126.59116783439453, -126.88277003459045]
    },
    "apdft_poly_coeff": [ -126.2999253356418, -29.1062640946528, -1.7986129993374789, 0.003469460570689382, 0.002427865316197616 ],
    "hf_energies": [-54.70451650834553, -59.46821743646527, -64.43980653836097, -69.62137745311362, -75.0150432286536, -80.6230610564856, -86.4478650457522, -92.49195987383635, -98.75767594029045, -105.24687861598072, -111.9607853905721, -118.89997491671086, -125.48307494232726, -125.77362145014732, -126.0645281817398, -126.35579511237022, -126.64742221675388],
    "triples_corrections": [-0.004246840669086927, -0.004145399619562329, -0.004021522208776339, -0.0038893336859105753, -0.00375819808583454, -0.00363128054030325, -0.0035058684331110033, -0.003375442944331281, -0.0032336924100821065, -0.0030787698238883337, -0.0029144675536708514, -0.002747478233663361, -0.002596781239314862, -0.00259035097723943, -0.0025839327003379757, -0.002577526592227523, -0.0025711328312479575],
    "scf_converged": [true, true, true, true, true, true, true, true, true, true, true, true, true, true, true, true, true],
    "cc_converged": [true, true, true, true, true, true, true, true, true, true, true, true, true, true, true, true, true],
    "scf_spin_squared": [3.760974603732177, 3.7600295795835, 3.759185909348778, 3.7584324098507906, 3.7577489293463997, 3.7571104856586945, 3.7564934310195186, 3.755883245149687, 3.7552819417514676, 3.754708287268913, 3.754186871505546, 3.753734295829942, 3.753381592197516, 3.75336757629882, 3.7533536654498896, 3.7533398589795866, 3.7533261562068154],
    "cc_spin_squared": [3.750203047266276, 3.7501808142026642, 3.7501596053316044, 3.750140286707436, 3.7501232000968225, 3.750108279780892, 3.7500952161572334, 3.750083609559961, 3.7500731180187685, 3.7500635689180233, 3.750054973211811, 3.7500474052700765, 3.7500413796797516, 3.750041137656358, 3.750040897255439, 3.750040658470934, 3.7500404212965863]
}