{
    "schema_name": "pyscf_apdft_output",
    "provenance": {
        "creator": "PySCF",
        "version": "1.7.6"
    },
    "molecule": {
        "geometry": [[0.0, 0.0, 0.0], [1.3, 0.0, 0.0]],
        "symbols": [ "Ne", "H" ]
    },
    "molecular_charge": 2,
    "molecular_multiplicity": 4,
    "name": "ne.h.chrg2.mult4.sep1.30-pyscf-uccsdt.ccpv5z",
    "atomic_numbers": [ 10, 1 ],
    "n_electrons": 9,
    "model": {
        "method": "UCCSD(T)",
        "basis": "cc-pV5Z",
        "scf_conv_tol": 1e-09,
        "scf_conv_tol_grad": 1e-06,
        "cc_conv_tol": 1e-05,
        "cc_conv_tol_normt": 1e-07
    },
    "broken_symmetry": false,
    "finite_diff_delta": 0.01,
    "finite_diff_acc": 2,
    "apdft_lambdas": [-3.0, -2.75, -2.5, -2.25, -2.0, -1.75, -1.5, -1.25, -1.0, -0.75, -0.5, -0.25, -0.02, -0.01, 0.0, 0.01, 0.02],
    "electronic_energies": [-55.08810612365022, -59.860268145587476, -64.85024566559194, -70.06127627803967, -75.49516994541288, -81.15267944890118, -87.03394276769268, -93.1387756347198, -99.46685100369885, -106.01781403215529, -112.79134434771406, -119.78717298247129, -126.41947097004258, -126.7120928629257, -127.00506973302308, -127.29840156635852, -127.59208834891166],
    "apdft_energies": {
        "0": [-127.00506973302296, -127.00506973302296, -127.00506973302296, -127.00506973302296, -127.00506973302296, -127.00506973302296, -127.00506973302296, -127.00506973302296, -127.00506973302296, -127.00506973302296, -127.00506973302296, -127.00506973302296, -127.00506973302296, -127.00506973302296, -127.00506973302296, -127.00506973302296, -127.00506973302296],
        "1": [-39.058764218099924, -46.38762301101018, -53.71648180392043, -61.045340596830684, -68.37419938974094, -75.70305818265119, -83.03191697556144, -90.3607757684717, -97.68963456138195, -105.0184933542922, -112.34735214720246, -119.67621094011271, -126.41876102959014, -126.71191538130655, -127.00506973302296, -127.29822408473937, -127.59137843645578],
        "2": [-55.03210994133909, -59.80967045900975, -64.8090830006143, -70.03034756615271, -75.47346415562501, -81.13843276903118, -87.02525340637123, -93.13392606764516, -99.46445075285297, -106.01682746199465, -112.79105619507021, -119.78713695207965, -126.41947095606673, -126.7120928629257, -127.00506973302296, -127.29840156635852, -127.59208836293237],
        "3": [-55.09510220874134, -59.85819054460721, -64.84553685906467, -70.05692242896303, -75.4921285311516, -81.15093644247966, -87.03312743979652, -93.13848279995146, -99.46678379979379, -106.01781171617282, -112.79134782593782, -119.7871734059381, -126.41947097473111, -126.71209286525875, -127.00506973302296, -127.29840156402547, -127.59208834426799],
        "4": [-55.07997990533184, -59.847513189079706, -64.83824408157166, -70.05213763764988, -75.48914140949046, -81.14918544660358, -87.03218229583342, -93.13802700135815, -99.46659710468997, -106.01775264467511, -112.79133615749383, -119.78717267666035, -126.41947097470124, -126.71209286525688, -127.00506973302296, -127.2984015640236, -127.59208834423812]
    },
    "apdft_poly_coeff": [ -127.00506973302296, -29.315435171641013, -1.774816191471018, 0.002333046940824109, 0.00018669510382096632 ],
    "hf_energies": [-54.85757185047748, -59.62510964462909, -64.61245648593972, -69.82288198010916, -75.25748225896288, -80.91629793240932, -86.79904194572741, -92.90532898739231, -99.23476174536322, -105.78698163819355, -112.5616914095105, -119.55865101737422, -126.19196869289607, -126.48463472320631, -126.77765572401415, -127.0710316823523, -127.36476258519275],
    "triples_corrections": [-0.005854139860313656, -0.005757739146610587, -0.0055204001891330035, -0.005167535797797124, -0.004751592111211783, -0.004324690820398663, -0.003923321119643563, -0.003565130275577053, -0.0032537181705962234, -0.0029852436951307215, -0.002753352366732241, -0.0025517588875324693, -0.0023885008522662233, -0.0023818299491130002, -0.0023751925846847363, -0.0023685885282485226, -0.0023620175515777684],
    "scf_converged": [true, true, true, true, true, true, true, true, true, true, true, true, true, true, true, true, true],
    "cc_converged": [true, true, true, true, true, true, true, true, true, true, true, true, true, true, true, true, true],
    "scf_spin_squared": [3.78636272691135, 3.7742928454092337, 3.7654782920793806, 3.761592047925556, 3.759685819610443, 3.758281079608559, 3.75710900543802, 3.7561474906161973, 3.755375324087039, 3.754757644768227, 3.754259040782971, 3.7538502198495936, 3.7535342058518686, 3.7535215511548983, 3.7535089789598928, 3.7534964883926065, 3.7534840785902857],
    "cc_spin_squared": [3.7506762148661608, 3.750551097445509, 3.750401739917194, 3.7502880962108565, 3.7502176926962423, 3.7501695412086056, 3.7501327046795065, 3.750104258996099, 3.7500827623921946, 3.750066701061209, 3.750054660401125, 3.7500455175860283, 3.750038961995533, 3.750038709410993, 3.7500384592556895, 3.7500382114996995, 3.750037966113504]
}