{
    "schema_name": "pyscf_apdft_output",
    "provenance": {
        "creator": "PySCF",
        "version": "1.7.6"
    },
    "molecule": {
        "geometry": [[0.0, 0.0, 0.0], [1.9, 0.0, 0.0]],
        "symbols": [ "O", "H" ]
    },
    "molecular_charge": -1,
    "molecular_multiplicity": 1,
    "name": "o.h.chrg-1.mult1.sep1.90-pyscf-ccsdt.ccpv5z",
    "atomic_numbers": [ 8, 1 ],
    "n_electrons": 10,
    "model": {
        "method": "CCSD(T)",
        "basis": "cc-pV5Z",
        "scf_conv_tol": 1e-09,
        "scf_conv_tol_grad": 1e-06,
        "cc_conv_tol": 1e-05,
        "cc_conv_tol_normt": 1e-07
    },
    "broken_symmetry": false,
    "finite_diff_delta": 0.01,
    "finite_diff_acc": 2,
    "apdft_lambdas": [-0.02, -0.01, 0.0, 0.01, 0.02, 0.25, 0.5, 0.75, 1.0, 1.25, 1.5, 1.75, 2.0],
    "electronic_energies": [-75.17522655882327, -75.40147513875584, -75.62810300181565, -75.85511040719705, -76.08249686857505, -81.41720647671374, -87.44490815626644, -93.71370183264663, -100.22576088607465, -106.98454627174488, -114.00124801078333, -121.28319586714913, -128.82182865417687],
    "apdft_energies": {
        "0": [-75.6281030018404, -75.6281030018404, -75.6281030018404, -75.6281030018404, -75.6281030018404, -75.6281030018404, -75.6281030018404, -75.6281030018404, -75.6281030018404, -75.6281030018404, -75.6281030018404, -75.6281030018404, -75.6281030018404],
        "1": [-75.1744677333992, -75.4012853676198, -75.6281030018404, -75.854920636061, -76.0817382702816, -81.29854385735544, -86.9689847128705, -92.63942556838555, -98.30986642390059, -103.98030727941563, -109.65074813493068, -115.32118899044573, -120.99162984596077],
        "2": [-75.17522681794337, -75.40147513875584, -75.6281030018404, -75.85511040719705, -76.08249735482578, -81.4171508173822, -87.44341255297748, -93.70688820862625, -100.20757778432852, -106.94548128008428, -113.92059869589353, -121.13293003175627, -128.5824752876725],
        "3": [-75.17522696936379, -75.4014751576834, -75.6281030018404, -75.8551103882695, -76.08249720340535, -81.41685507437803, -87.44104660894419, -93.69890314751393, -100.18865023206227, -106.90851340456426, -113.85671820699493, -121.03149018132933, -128.4310548695425],
        "4": [-75.17522647244994, -75.40147512662628, -75.6281030018404, -75.85511035721238, -76.08249670649151, -81.40472338867572, -87.24693963770711, -92.71623660562621, -97.08293869226897, -99.32620984061577, -98.13405353679137, -91.90331281006486, -78.73967023284976]
    },
    "apdft_poly_coeff": [ -75.6281030018404, -22.681763422060186, -1.8977113604279339, 0.018927552266253162, 3.1057115397932953 ],
    "hf_energies": [-74.80087069900435, -75.02618499351159, -75.25188186178701, -75.47796169685982, -75.70442489271397, -81.01980032110744, -87.03325769878694, -93.29809086134615, -99.8192022485168, -106.59979329710546, -113.64016678536873, -120.9368250359871, -128.483870294763],
    "triples_corrections": [-0.023560995052110463, -0.023639334370966845, -0.02371267888094921, -0.023781011887696046, -0.023844183480139603, -0.023935438576471468, -0.022292958599209965, -0.021180454656043252, -0.02091605664590343, -0.018073998243488387, -0.012281100785052717, -0.008490298708983567, -0.006703501120529472],
    "scf_converged": [true, true, true, true, true, true, true, true, true, true, true, true, true],
    "cc_converged": [true, true, true, true, true, true, true, true, true, true, true, true, true],
    "t1_diagnostic": [0.07637734520632718, 0.07609607756027462, 0.07579049711097623, 0.07546130266987817, 0.07510741573448336, 0.060917733071445865, 0.037529413335698515, 0.024936440669827132, 0.03848492803661928, 0.04460323521602362, 0.03222839871386163, 0.017756635324096135, 0.010028770543760291]
}