{
    "schema_name": "pyscf_qa_output",
    "provenance": {
        "creator": "PySCF",
        "version": "1.7.6"
    },
    "molecule": {
        "geometry": [[0.0, 0.0, 0.0], [1.2, 0.0, 0.0]],
        "symbols": [ "Ne", "H" ]
    },
    "molecular_charge": 2,
    "molecular_multiplicity": 4,
    "name": "ne.h.chrg2.mult4.sep1.20-pyscf-uccsdt.ccpv5z",
    "atomic_numbers": [ 10, 1 ],
    "n_electrons": 9,
    "model": {
        "method": "UCCSD(T)",
        "basis": "cc-pV5Z",
        "scf_conv_tol": 1e-09,
        "scf_conv_tol_grad": 1e-06,
        "cc_conv_tol": 1e-05,
        "cc_conv_tol_normt": 1e-07
    },
    "broken_symmetry": false,
    "finite_diff_delta": 0.01,
    "finite_diff_acc": 2,
    "qa_lambdas": [-3.0, -2.75, -2.5, -2.25, -2.0, -1.75, -1.5, -1.25, -1.0, -0.75, -0.5, -0.25, -0.02, -0.01, 0.0, 0.01, 0.02],
    "electronic_energies": [-55.09456226803381, -59.86255001881545, -64.84695466102065, -70.05180053738697, -75.47962897710642, -81.13152265418583, -87.00767672113817, -93.10789188413239, -99.43182332815827, -105.9790937483458, -112.7493457749997, -119.74225795567432, -126.37213711779992, -126.6646587005857, -126.95753562551825, -127.25076787374314, -127.54435542634644],
    "qats_energies": {
        "0": [-126.95753562551832, -126.95753562551832, -126.95753562551832, -126.95753562551832, -126.95753562551832, -126.95753562551832, -126.95753562551832, -126.95753562551832, -126.95753562551832, -126.95753562551832, -126.95753562551832, -126.95753562551832, -126.95753562551832, -126.95753562551832, -126.95753562551832, -126.95753562551832, -126.95753562551832],
        "1": [-39.04115965190246, -46.36752431637045, -53.69388898083844, -61.020253645306425, -68.34661830977441, -75.6729829742424, -82.99934763871039, -90.32571230317838, -97.65207696764637, -104.97844163211435, -112.30480629658234, -119.63117096105033, -126.37142645236088, -126.6644810389396, -126.95753562551832, -127.25059021209704, -127.54364479867576],
        "2": [-55.03070780142227, -59.80318630311973, -64.79774186244941, -70.01437447941132, -75.45308415400544, -81.11387088623178, -86.99673467609034, -93.10167552358112, -99.42869342870412, -105.97778839145934, -112.74896041184678, -119.74220948986644, -126.3721370989453, -126.6646587005857, -126.95753562551832, -127.25076787374314, -127.54435544526018],
        "3": [-55.11568660941268, -59.86864162339475, -64.84691941336979, -70.05022491403227, -75.47826306007667, -81.13073878619747, -87.00735702708914, -93.10782271744617, -99.43184079196303, -105.97911618533419, -112.74935383225414, -119.74225866741736, -126.37213712412421, -126.66465870373307, -126.95753562551832, -127.25076787059578, -127.54435542008127],
        "4": [-55.09574895788293, -59.85456431069959, -64.83730441938361, -70.04391651647794, -75.47432475853992, -81.12843022614139, -87.00611092386853, -93.10722178032202, -99.43159464811698, -105.9790383038829, -112.74933844826377, -119.74225770591796, -126.37213712408483, -126.66465870373061, -126.95753562551832, -127.25076787059332, -127.5443554200419]
    },
    "qats_poly_coeffs": [ -126.95753562551832, -29.305458657871952, -1.7766164610577562, 0.0031473632589040785, 0.000246143846046228 ],
    "hf_energies": [-54.865754409010975, -59.62899216855302, -64.61004211285315, -69.81330840182564, -75.241106496119, -80.89388134796941, -86.77131112438678, -92.87291587826925, -99.19822544651902, -105.74682003062753, -112.51834016011291, -119.5124787587374, -126.14346535542937, -126.4360348512037, -126.72895967855618, -127.02223981962658, -127.31587525648595],
    "triples_corrections": [-0.005636112054863258, -0.005598295132583126, -0.005437552157996377, -0.005146134855815014, -0.004767895482595387, -0.004363313136703671, -0.003974135848680226, -0.003620402299461292, -0.003308037252162147, -0.0030355390313917914, -0.002798323360198818, -0.002591160452041648, -0.0024229934154281823, -0.0024161164458313894, -0.0024092736662907005, -0.002402464847355005, -0.0023956897616160258],
    "scf_converged": [true, true, true, true, true, true, true, true, true, true, true, true, true, true, true, true, true],
    "cc_converged": [true, true, true, true, true, true, true, true, true, true, true, true, true, true, true, true, true],
    "scf_spin_squared": [3.776201804491635, 3.771722801993303, 3.765890467279444, 3.7615776813560378, 3.759256339968327, 3.7578866253143, 3.7568607666757448, 3.756012381268908, 3.7553047683358995, 3.7547187775453956, 3.7542340427650336, 3.7538305885308447, 3.7535162717771877, 3.7535036560391326, 3.7534911209098962, 3.7534786656122554, 3.75346628937735],
    "cc_spin_squared": [3.7504781700742367, 3.7504395016286685, 3.750369102070096, 3.7502859021522577, 3.7502167443131054, 3.7501674009934307, 3.7501315257270846, 3.7501043662442823, 3.7500836009987535, 3.75006775565294, 3.7500556549534023, 3.750046350758499, 3.750039634239771, 3.7500393748696856, 3.7500391179631416, 3.7500388634910364, 3.750038611424915]
}