{
    "schema_name": "pyscf_qa_output",
    "provenance": {
        "creator": "PySCF",
        "version": "1.7.6"
    },
    "molecule": {
        "geometry": [[0.0, 0.0, 0.0], [0.7, 0.0, 0.0]],
        "symbols": [ "O", "H" ]
    },
    "molecular_charge": -1,
    "molecular_multiplicity": 3,
    "name": "o.h.chrg-1.mult3.sep0.70-pyscf-uccsdt.ccpv5z",
    "atomic_numbers": [ 8, 1 ],
    "n_electrons": 10,
    "model": {
        "method": "UCCSD(T)",
        "basis": "cc-pV5Z",
        "scf_conv_tol": 1e-09,
        "scf_conv_tol_grad": 1e-06,
        "cc_conv_tol": 1e-05,
        "cc_conv_tol_normt": 1e-07
    },
    "broken_symmetry": false,
    "finite_diff_delta": 0.01,
    "finite_diff_acc": 2,
    "qa_lambdas": [-0.02, -0.01, 0.0, 0.01, 0.02, 0.25, 0.5, 0.75, 1.0, 1.25, 1.5, 1.75, 2.0],
    "electronic_energies": [-75.03261568197752, -75.25781365444054, -75.48337200777495, -75.70929082084155, -75.9355701719156, -81.23967769869746, -87.22243162106179, -93.43279394686594, -99.87200768487362, -106.54137231165451, -113.4420670965366, -120.57483124712746, -127.9396178226375],
    "qats_energies": {
        "0": [-75.48337200777496, -75.48337200777496, -75.48337200777496, -75.48337200777496, -75.48337200777496, -75.48337200777496, -75.48337200777496, -75.48337200777496, -75.48337200777496, -75.48337200777496, -75.48337200777496, -75.48337200777496, -75.48337200777496],
        "1": [-75.03189484137395, -75.25763342457446, -75.48337200777496, -75.70911059097546, -75.93484917417597, -81.12683658778752, -86.7703011678001, -92.41376574781268, -98.05723032782524, -103.7006949078378, -109.34415948785038, -114.98762406786295, -120.63108864787552],
        "2": [-75.03261576083828, -75.25781365444054, -75.48337200777496, -75.70929082084155, -75.9355700936403, -81.23948025408879, -87.22087583300514, -93.427558744524, -99.8595289886454, -106.5167865653693, -113.39933147469573, -120.50716371662467, -127.84028329115614],
        "3": [-75.0326156560809, -75.25781364134586, -75.48337200777496, -75.70929083393622, -75.93557019839767, -81.23968485834826, -87.22251266708082, -93.43308305952945, -99.8726236612509, -106.54236209780191, -113.44352599473929, -120.57734297761978, -127.94504067200015],
        "4": [-75.03261565569059, -75.25781364132148, -75.48337200777496, -75.70929083391182, -75.93557019800735, -81.23967532916525, -87.22236020015285, -93.4323111957066, -99.87018419040335, -106.53640635842802, -113.43117617357358, -120.55446340924101, -127.90600913843937]
    },
    "qats_poly_coeffs": [ -75.48337200777496, -22.573858320050277, -1.8022986608201563, -0.013094672605499603, 0.002439470847548364 ],
    "hf_energies": [-74.75168087835503, -74.97687756362076, -75.20243478558916, -75.42835261261504, -75.65463111285784, -80.95873780321088, -86.94148348327522, -93.15180927173348, -99.59098884520589, -106.26040272292681, -113.16136912750855, -120.29480298634499, -127.66080141648908],
    "triples_corrections": [-0.00664393006579802, -0.006622601858257861, -0.006601357978518264, -0.006580199933878546, -0.006559129267528643, -0.006100836640025508, -0.005663009072775795, -0.005283251413638192, -0.004950418956614732, -0.00465102559456022, -0.004370968841228351, -0.004098213816887648, -0.003826604400905176],
    "scf_converged": [true, true, true, true, true, true, true, true, true, true, true, true, true],
    "cc_converged": [true, true, true, true, true, true, true, true, true, true, true, true, true],
    "scf_spin_squared": [2.004656025916591, 2.004642753439763, 2.004629538330919, 2.004616380047352, 2.004603280238271, 2.0043164920897802, 2.004033249090069, 2.0037757206460105, 2.0035397953432943, 2.0033208915706346, 2.003114168129305, 2.0029158125504827, 2.0027247735394154],
    "cc_spin_squared": [2.0001216984758123, 2.0001208258617678, 2.0001199608582976, 2.000119103425323, 2.000118253458571, 2.000100684555297, 2.0000854116563143, 2.000073370605313, 2.0000638728704305, 2.0000562949117087, 2.0000500913723136, 2.0000447672155666, 2.000039951147475]
}