{
    "schema_name": "pyscf_apdft_output",
    "provenance": {
        "creator": "PySCF",
        "version": "1.7.6"
    },
    "molecule": {
        "geometry": [[0.0, 0.0, 0.0], [0.6, 0.0, 0.0]],
        "symbols": [ "O", "H" ]
    },
    "molecular_charge": -1,
    "molecular_multiplicity": 1,
    "name": "o.h.chrg-1.mult1.sep0.60-pyscf-ccsdt.ccpv5z",
    "atomic_numbers": [ 8, 1 ],
    "n_electrons": 10,
    "model": {
        "method": "CCSD(T)",
        "basis": "cc-pV5Z",
        "scf_conv_tol": 1e-09,
        "scf_conv_tol_grad": 1e-06,
        "cc_conv_tol": 1e-05,
        "cc_conv_tol_normt": 1e-07
    },
    "broken_symmetry": false,
    "finite_diff_delta": 0.01,
    "finite_diff_acc": 2,
    "apdft_lambdas": [-0.02, -0.01, 0.0, 0.01, 0.02, 0.25, 0.5, 0.75, 1.0, 1.25, 1.5, 1.75, 2.0],
    "electronic_energies": [-74.97945410719691, -75.20701735850047, -75.43495569581388, -75.66326924728904, -75.89195813606148, -81.25564941644183, -87.31232276522086, -93.6057295211269, -100.13600017772616, -106.9028503506665, -113.90572790214799, -121.14387035345442, -128.61630178751787],
    "apdft_energies": {
        "0": [-75.43495569611834, -75.43495569611834, -75.43495569611834, -75.43495569611834, -75.43495569611834, -75.43495569611834, -75.43495569611834, -75.43495569611834, -75.43495569611834, -75.43495569611834, -75.43495569611834, -75.43495569611834, -75.43495569611834],
        "1": [-74.97870380732977, -75.20682975172406, -75.43495569611834, -75.66308164051262, -75.89120758490691, -81.13810430597547, -86.84125291583263, -92.54440152568978, -98.24755013554692, -103.95069874540405, -109.6538473552612, -115.35699596511836, -121.0601445749755],
        "2": [-74.97945423443542, -75.20701735850047, -75.43495569611834, -75.66326924728904, -75.89195801201257, -81.25535854123447, -87.31026985686859, -93.59968964302068, -100.12361789969076, -106.88205462687881, -113.87499982458485, -121.10245349280886, -128.56441563155084],
        "3": [-74.97945406691048, -75.20701733755985, -75.43495569611834, -75.66326926822966, -75.89195817953751, -81.25568573839273, -87.31288743413464, -93.6085239662936, -100.14455851781916, -106.92295427166086, -113.94567441076822, -121.21468211809079, -128.7319405765781],
        "4": [-74.9794540647841, -75.20701733742695, -75.43495569611834, -75.66326926809676, -75.89195817741113, -81.25563382459539, -87.31205681337728, -93.60431894870948, -100.1312685857014, -106.89050814832648, -113.87839412942205, -121.09003709068944, -128.51930166269392]
    },
    "apdft_poly_coeff": [ -75.43495569611834, -22.81259443942858, -1.8760677641438406, -0.020940618128406637, 0.013289932117762268 ],
    "hf_energies": [-74.63899921936209, -74.86657152943813, -75.09452043571262, -75.32284603297998, -75.55154841404469, -80.91587998177556, -86.97371189845312, -93.26848435870151, -99.80020624043875, -106.5685829554295, -113.57310318256648, -120.81305809740815, -128.2875211351846],
    "triples_corrections": [-0.010401451500338114, -0.010365466546396652, -0.010329326529237622, -0.010293039712515283, -0.010256613923873694, -0.00939842268040086, -0.008487277074195759, -0.0076652384010501475, -0.006952763381578527, -0.0063407597208738585, -0.005810469099089713, -0.0053438787271326005, -0.004926850753741436],
    "scf_converged": [true, true, true, true, true, true, true, true, true, true, true, true, true],
    "cc_converged": [true, true, true, true, true, true, true, true, true, true, true, true, true],
    "t1_diagnostic": [0.008539411842756776, 0.008518820619235862, 0.008497972926518129, 0.00847685369224604, 0.008455456360319014, 0.007876163326970442, 0.007080639250632734, 0.006223595603239222, 0.00541966291441887, 0.004729573153345579, 0.004165024273268406, 0.003711486595778433, 0.0033467688165628004]
}