{
    "schema_name": "pyscf_qa_output",
    "provenance": {
        "creator": "PySCF",
        "version": "1.7.6"
    },
    "molecule": {
        "geometry": [[0.0, 0.0, 0.0], [0.9, 0.0, 0.0]],
        "symbols": [ "B", "H" ]
    },
    "molecular_charge": 0,
    "molecular_multiplicity": 3,
    "name": "b.h.chrg0.mult3.sep0.90-pyscf-uccsdt.ccpv5z",
    "atomic_numbers": [ 5, 1 ],
    "n_electrons": 6,
    "model": {
        "method": "UCCSD(T)",
        "basis": "cc-pV5Z",
        "scf_conv_tol": 1e-09,
        "scf_conv_tol_grad": 1e-06,
        "cc_conv_tol": 1e-05,
        "cc_conv_tol_normt": 1e-07
    },
    "broken_symmetry": false,
    "finite_diff_delta": 0.01,
    "finite_diff_acc": 2,
    "qa_lambdas": [-1.0, -0.75, -0.5, -0.25, -0.02, -0.01, 0.0, 0.01, 0.02, 0.25, 0.5, 0.75, 1.0, 1.25, 1.5, 1.75, 2.0],
    "electronic_energies": [-15.102922559723611, -17.361663445261627, -19.788729226828465, -22.386669223269553, -24.92862028737114, -25.042446167902956, -25.156547693345885, -25.270924875860075, -25.385577727382667, -28.098702995051227, -31.213293552656385, -34.50036105518915, -37.959700749167716, -41.59071957739909, -45.392324877948234, -49.362844951738154, -53.49997868428181],
    "qats_energies": {
        "0": [-25.156547693345736, -25.156547693345736, -25.156547693345736, -25.156547693345736, -25.156547693345736, -25.156547693345736, -25.156547693345736, -25.156547693345736, -25.156547693345736, -25.156547693345736, -25.156547693345736, -25.156547693345736, -25.156547693345736, -25.156547693345736, -25.156547693345736, -25.156547693345736, -25.156547693345736],
        "1": [-13.732612295489758, -16.588596144953755, -19.444579994417747, -22.30056384388174, -24.928068985388617, -25.042308339367175, -25.156547693345736, -25.270787047324298, -25.385026401302856, -28.012531542809732, -30.868515392273725, -33.72449924173772, -36.580483091201714, -39.43646694066571, -42.292450790129706, -45.148434639593695, -48.00441848905769],
        "2": [-15.110897653281256, -17.36388165871147, -19.78915133386562, -22.38670667874371, -24.928620299531733, -25.042446167902956, -25.156547693345736, -25.270924875860075, -25.385577715445972, -28.0986743776717, -31.2130867317216, -34.49978475549544, -37.95876844899321, -41.59003781221492, -45.39359284516057, -49.369433547830155, -53.51755992022368],
        "3": [-15.10888954582316, -17.363034488377586, -19.78890032043336, -22.386675302064678, -24.928620283466874, -25.042446165894848, -25.156547693345736, -25.270924877868183, -25.385577731510832, -28.098705754350732, -31.21333774515386, -34.500631925829325, -37.96077655645131, -41.59395989709402, -45.40037020783164, -49.38019574873839, -53.53362477988845],
        "4": [-15.107956706831922, -17.362739332290516, -19.78884201799641, -22.386671658162367, -24.92862028331762, -25.04244616588552, -25.156547693345736, -25.270924877858853, -25.38557773136158, -28.09870211044842, -31.21327944271691, -34.50033676974225, -37.95984371746007, -41.591682458150565, -45.39564771043851, -49.37144673929323, -53.51869935602865]
    },
    "qats_poly_coeffs": [ -25.156547693345736, -11.423935397855978, -1.3782853577914977, -0.0020081074580957643, 0.0009328389912373799 ],
    "hf_energies": [-15.006357050572532, -17.26388477778487, -19.68996565495062, -22.28723833167421, -24.82871944844122, -24.942525951038917, -25.05660812270568, -25.170965969587193, -25.28559949783516, -27.998273448503156, -31.112333525138887, -34.39881947374489, -37.857541932956806, -41.48793926172331, -45.28895921636422, -49.25897186231067, -53.395711629709325],
    "triples_corrections": [-0.0013723393658747558, -0.001431806732706507, -0.0014613860449106683, -0.0014638382999757969, -0.0014583557878147942, -0.0014581337727026195, -0.0014579176336548226, -0.001457707729504458, -0.0014575043954205954, -0.0014551223717512414, -0.0014579829051472395, -0.0014652446070976142, -0.0014743245901427558, -0.0014820784387804802, -0.0014852238306316712, -0.0014807622437996155, -0.00146636498802948],
    "scf_converged": [true, true, true, true, true, true, true, true, true, true, true, true, true, true, true, true, true],
    "cc_converged": [true, true, true, true, true, true, true, true, true, true, true, true, true, true, true, true, true],
    "scf_spin_squared": [2.0013343726031994, 2.0015662168668973, 2.00190561438684, 2.002193757039823, 2.002355522592288, 2.002360490563292, 2.0023653095488663, 2.0023699826095473, 2.0023745128139128, 2.0024461373698497, 2.0024782659697564, 2.0024905939172086, 2.002500291214658, 2.0025173039350745, 2.002546110389447, 2.0025862936594425, 2.0026337521640034],
    "cc_spin_squared": [2.000094787144045, 2.000096859054016, 2.0000973631905756, 2.000094021981358, 2.00008888672176, 2.000088646260151, 2.000088405303024, 2.0000881639407977, 2.0000879222605548, 2.000082429214334, 2.0000769502397056, 2.000072085141775, 2.000067675635461, 2.0000635169433414, 2.000059434328004, 2.00005529969886, 2.0000510401484393]
}