{
    "schema_name": "pyscf_qa_output",
    "provenance": {
        "creator": "PySCF",
        "version": "1.7.6"
    },
    "molecule": {
        "geometry": [[0.0, 0.0, 0.0], [1.4, 0.0, 0.0]],
        "symbols": [ "Ne", "H" ]
    },
    "molecular_charge": 1,
    "molecular_multiplicity": 1,
    "name": "ne.h.chrg1.mult1.sep1.40-pyscf-ccsdt.ccpv5z",
    "atomic_numbers": [ 10, 1 ],
    "n_electrons": 10,
    "model": {
        "method": "CCSD(T)",
        "basis": "cc-pV5Z",
        "scf_conv_tol": 1e-09,
        "scf_conv_tol_grad": 1e-06,
        "cc_conv_tol": 1e-05,
        "cc_conv_tol_normt": 1e-07
    },
    "broken_symmetry": false,
    "finite_diff_delta": 0.01,
    "finite_diff_acc": 2,
    "qa_lambdas": [-2.0, -1.75, -1.5, -1.25, -1.0, -0.75, -0.5, -0.25, -0.02, -0.01, 0.0, 0.01, 0.02],
    "electronic_energies": [-75.67886982035272, -81.48189155605687, -87.52222905205643, -93.80341764254837, -100.32908420115409, -107.10306086270327, -114.1291857178837, -121.4105199062664, -128.33600636092999, -128.64204330920293, -128.94849064743454, -129.25534831421817, -129.56261624551044],
    "qats_energies": {
        "0": [-128.948490647445, -128.948490647445, -128.948490647445, -128.948490647445, -128.948490647445, -128.948490647445, -128.948490647445, -128.948490647445, -128.948490647445, -128.948490647445, -128.948490647445, -128.948490647445, -128.948490647445],
        "1": [-67.61799014592151, -75.28430270861195, -82.95061527130238, -90.61692783399282, -98.28324039668325, -105.94955295937369, -113.61586552206413, -121.28217808475456, -128.33518564242976, -128.64183814493737, -128.948490647445, -129.25514314995263, -129.56179565246023],
        "2": [-75.82456076798616, -81.56745834113019, -87.56681124621375, -93.82261948323682, -100.33488305219942, -107.10360195310153, -114.12877618594317, -121.41040575072432, -128.33600629949197, -128.64204330920293, -128.948490647445, -129.25534831421817, -129.56261630952244],
        "3": [-75.90819411119995, -81.62348614722849, -87.60209406288206, -93.84303777991988, -100.34533722010114, -107.10801230518507, -114.13008295693088, -121.41056909709779, -128.33600638312532, -128.6420433196571, -128.948490647445, -129.255348303764, -129.5626162258891],
        "4": [-75.73660277746544, -81.52290245770297, -87.54780149244263, -93.81685502025579, -100.33461276174273, -107.1046190195326, -114.12941267828349, -121.41052720468232, -128.3360063814094, -128.64204331954986, -128.948490647445, -129.25534830365675, -129.56261622417318]
    },
    "qats_poly_coeffs": [ -128.948490647445, -30.665250250761744, -2.0516426555161615, 0.010454167901722634, 0.010724458358405778 ],
    "hf_energies": [-75.31615810150223, -81.10945400080038, -87.14295121847587, -93.42094027000003, -99.94734742176641, -106.72550797789528, -113.75789667160434, -121.04591229187332, -127.97692603860027, -128.28318335899348, -128.5898493382754, -128.89692391659074, -129.20440703277973],
    "triples_corrections": [-0.013325938271395032, -0.013345797298701279, -0.013170753419661953, -0.012840864034491223, -0.012289550577144027, -0.011375870417254524, -0.01008607644022678, -0.008646598808389647, -0.0074343808007176155, -0.007386376368349353, -0.007338806622952554, -0.0072916737366634015, -0.007244979470477392],
    "scf_converged": [true, true, true, true, true, true, true, true, true, true, true, true, true],
    "cc_converged": [true, true, true, true, true, true, true, true, true, true, true, true, true],
    "t1_diagnostic": [0.025002139958683455, 0.02017534143858659, 0.015338997861108684, 0.013110788405353301, 0.014048902852138966, 0.01515733511104742, 0.014477943666931775, 0.012250597823574048, 0.009784426574316248, 0.009680423913778869, 0.009577049199373163, 0.009474334261700619, 0.00937230919808536]
}