{
    "schema_name": "pyscf_qa_output",
    "provenance": {
        "creator": "PySCF",
        "version": "1.7.6"
    },
    "molecule": {
        "geometry": [[0.0, 0.0, 0.0], [1.6, 0.0, 0.0]],
        "symbols": [ "B", "H" ]
    },
    "molecular_charge": 0,
    "molecular_multiplicity": 3,
    "name": "b.h.chrg0.mult3.sep1.60-pyscf-uccsdt.ccpv5z",
    "atomic_numbers": [ 5, 1 ],
    "n_electrons": 6,
    "model": {
        "method": "UCCSD(T)",
        "basis": "cc-pV5Z",
        "scf_conv_tol": 1e-09,
        "scf_conv_tol_grad": 1e-06,
        "cc_conv_tol": 1e-05,
        "cc_conv_tol_normt": 1e-07
    },
    "broken_symmetry": false,
    "finite_diff_delta": 0.01,
    "finite_diff_acc": 2,
    "qa_lambdas": [-1.0, -0.75, -0.5, -0.25, -0.02, -0.01, 0.0, 0.01, 0.02, 0.25, 0.5, 0.75, 1.0, 1.25, 1.5, 1.75, 2.0],
    "electronic_energies": [-15.205376260732034, -17.443768208930358, -19.85034630380547, -22.42849317537605, -24.95400884375356, -25.067177457878973, -25.180627229734608, -25.294358252197014, -25.408370616566962, -28.108491282171503, -31.213221123042658, -34.49548308185404, -37.955880103710896, -41.59531561957597, -45.41463406841135, -49.41319835453791, -53.58761939152539],
    "qats_energies": {
        "0": [-25.18062722973461, -25.18062722973461, -25.18062722973461, -25.18062722973461, -25.18062722973461, -25.18062722973461, -25.18062722973461, -25.18062722973461, -25.18062722973461, -25.18062722973461, -25.18062722973461, -25.18062722973461, -25.18062722973461, -25.18062722973461, -25.18062722973461, -25.18062722973461, -25.18062722973461],
        "1": [-13.821587513832547, -16.661347442808065, -19.50110737178358, -22.340867300759093, -24.95344643541657, -25.06703683257559, -25.18062722973461, -25.294217626893634, -25.407808024052652, -28.02038715871013, -30.860147087685643, -33.69990701666116, -36.539666945636675, -39.37942687461219, -42.219186803587704, -45.05894673256322, -47.89870666153874],
        "2": [-15.227840547656903, -17.452364774334264, -19.85267063023967, -22.428758115373117, -24.9540089366301, -25.067177457878973, -25.18062722973461, -25.294358252197014, -25.408370525266182, -28.10827797332415, -31.211710346141732, -34.49092434818736, -37.94591997946103, -41.57669723996275, -45.38325612969251, -49.36559664865031, -53.523718796836164],
        "3": [-15.212492437614754, -17.44588979041023, -19.8507521164844, -22.42851830115371, -24.95400881384522, -25.067177442530863, -25.18062722973461, -25.294358267545125, -25.40837064805106, -28.10851778754356, -31.213628859897, -34.49739933211139, -37.96126808950318, -41.60667401738882, -45.43505600108476, -49.44785292590746, -53.64650367717336],
        "4": [-15.20592674147983, -17.44381236311754, -19.850341760475967, -22.42849265390318, -24.954008812794708, -25.067177442465205, -25.18062722973461, -25.294358267479467, -25.408370647000552, -28.10849214029303, -31.21321850388857, -34.4953219048187, -37.95470239336826, -41.59064448580942, -45.40181716440172, -49.38627387739203, -53.5414525390146]
    },
    "qats_poly_coeffs": [ -25.18062722973461, -11.359039715902064, -1.4062530338243562, -0.015348110042149678, 0.006565696134922898 ],
    "hf_energies": [-15.113211435631268, -17.348615863361474, -19.751877974002095, -22.32631137902212, -24.84831214904018, -24.961334440045807, -25.074638826277663, -25.188225441030944, -25.302094414246916, -27.99925624150944, -31.10153214144219, -34.38191834157696, -37.84090138004336, -41.47965345273095, -45.29933856091312, -49.298999600649125, -53.474641576070475],
    "triples_corrections": [-0.001649437960760518, -0.0019405574882392987, -0.0022131315596405706, -0.0024526958756817398, -0.0026196132896542873, -0.002625342200949975, -0.0026309382166834518, -0.0026364014491894266, -0.0026417321104344163, -0.0027292020039982622, -0.002757763807652433, -0.002737162906897758, -0.002685622094074198, -0.0025976816099414234, -0.0024443175821371992, -0.0022340225029644618, -0.0020225251443415954],
    "scf_converged": [true, true, true, true, true, true, true, true, true, true, true, true, true, true, true, true, true],
    "cc_converged": [true, true, true, true, true, true, true, true, true, true, true, true, true, true, true, true, true],
    "scf_spin_squared": [2.00198285706968, 2.0028581999587423, 2.0054096397155288, 2.012501531570671, 2.0258863646113006, 2.026584349113805, 2.027286205291687, 2.02799099260924, 2.028697749319302, 2.043292409999544, 2.0493995348888543, 2.0443709913838806, 2.032519810744319, 2.01898848601225, 2.009523445376187, 2.00588741929665, 2.0051648622163847],
    "cc_spin_squared": [2.0002198471198236, 2.0002893954700323, 2.000368672372989, 2.000443527844493, 2.0004950064371148, 2.000496642953073, 2.0004982209986224, 2.0004997395907926, 2.00050119778676, 2.000516717941825, 2.0004951005137235, 2.0004462639236236, 2.0003845798484248, 2.00030923626824, 2.0002201716601062, 2.0001428828606302, 2.000095229246274]
}