{
    "schema_name": "pyscf_qa_output",
    "provenance": {
        "creator": "PySCF",
        "version": "1.7.6"
    },
    "molecule": {
        "geometry": [[0.0, 0.0, 0.0], [1.2, 0.0, 0.0]],
        "symbols": [ "Be", "H" ]
    },
    "molecular_charge": -1,
    "molecular_multiplicity": 1,
    "name": "be.h.chrg-1.mult1.sep1.20-pyscf-ccsdt.ccpv5z",
    "atomic_numbers": [ 4, 1 ],
    "n_electrons": 6,
    "model": {
        "method": "CCSD(T)",
        "basis": "cc-pV5Z",
        "scf_conv_tol": 1e-09,
        "scf_conv_tol_grad": 1e-06,
        "cc_conv_tol": 1e-05,
        "cc_conv_tol_normt": 1e-07
    },
    "broken_symmetry": false,
    "finite_diff_delta": 0.01,
    "finite_diff_acc": 2,
    "qa_lambdas": [-0.02, -0.01, 0.0, 0.01, 0.02, 0.25, 0.5, 0.75, 1.0, 1.25, 1.5, 1.75, 2.0, 2.25, 2.5, 2.75, 3.0],
    "electronic_energies": [-15.059791548847231, -15.146106936830344, -15.23268759136842, -15.319533743521061, -15.406645620175889, -17.484002933953818, -19.90352804132344, -22.491452408704845, -25.246609951408253, -28.16727592237572, -31.251286146431035, -34.49595679159212, -37.89805428252511, -41.45383302570383, -45.159110216095705, -49.00933870358824, -52.99963443560931],
    "qats_energies": {
        "0": [-15.232687591368308, -15.232687591368308, -15.232687591368308, -15.232687591368308, -15.232687591368308, -15.232687591368308, -15.232687591368308, -15.232687591368308, -15.232687591368308, -15.232687591368308, -15.232687591368308, -15.232687591368308, -15.232687591368308, -15.232687591368308, -15.232687591368308, -15.232687591368308, -15.232687591368308],
        "1": [-15.05926078467759, -15.145974188022949, -15.232687591368308, -15.319400994713666, -15.406114398059024, -17.40052267500227, -19.568357758636232, -21.736192842270192, -23.904027925904156, -26.07186300953812, -28.23969809317208, -30.40753317680604, -32.57536826044, -34.74320334407396, -36.91103842770793, -39.0788735113419, -41.24670859497586],
        "2": [-15.059791779907172, -15.146106936830344, -15.232687591368308, -15.319533743521061, -15.406645393288606, -17.483490679624424, -19.900229777124842, -22.482904883869566, -25.231515999858598, -28.146063125091935, -31.226546259569574, -34.472965403291525, -37.88532055625777, -41.46361171846833, -45.20783888992319, -49.11800207062235, -53.19410126056583],
        "3": [-15.059791474609023, -15.146106898668076, -15.232687591368308, -15.31953378168333, -15.406645698586756, -17.484086965071366, -19.9050000607004, -22.499004590937076, -25.26967826846306, -28.220598805960023, -31.355343916109632, -34.677491311593556, -38.19061870509346, -41.89830380929102, -45.8041243368679, -49.91165800050577, -54.2244825128863],
        "4": [-15.059791471827253, -15.146106898494216, -15.232687591368308, -15.31953378150947, -15.406645695804984, -17.48401905076293, -19.90391343176542, -22.49350353195374, -25.252292205503377, -28.17815236318736, -31.26732697237624, -34.5144290570381, -37.912441697738544, -41.45271803164072, -45.1249812525053, -48.917324610690486, -52.816211413152004]
    },
    "qats_poly_coeffs": [ -15.232687591368308, -8.671340334535849, -1.3274880739544415, -0.03816226860446174, 0.01738606295968263 ],
    "hf_energies": [-14.94585851192079, -15.032020402156842, -15.118447632420603, -15.205140460317434, -15.29209913756282, -17.36600630695939, -19.782042587624424, -22.36683086570188, -25.119153141970003, -28.03718139262871, -31.11870201833353, -34.36105862216838, -37.7611119878579, -41.315247791573725, -45.01939661094053, -48.869042862909915, -52.85921792178535],
    "triples_corrections": [-0.002222009967520606, -0.0022282139460601987, -0.002234424564954982, -0.00224063924897333, -0.0022468554526912064, -0.0023849363450156244, -0.002508610525681039, -0.0025985445753071803, -0.0026626540065978295, -0.002708590325461418, -0.0027396510760632955, -0.0027555662679708166, -0.0027539730540359873, -0.0027321730239085657, -0.002688812917057212, -0.0026248218331272654, -0.002543138130696697],
    "scf_converged": [true, true, true, true, true, true, true, true, true, true, true, true, true, true, true, true, true],
    "cc_converged": [true, true, true, true, true, true, true, true, true, true, true, true, true, true, true, true, true],
    "t1_diagnostic": [0.0205328708516088, 0.020366727985911527, 0.020203920411193108, 0.020044397549462852, 0.019888108165128333, 0.01703869318988633, 0.014836546686246746, 0.01301484139017112, 0.0116576090709541, 0.010715258116509944, 0.010030327171070339, 0.009489126991831413, 0.0090358231847667, 0.008639696810722098, 0.008252483259381504, 0.007791980260436312, 0.0071829421612145]
}