{
    "schema_name": "pyscf_apdft_output",
    "provenance": {
        "creator": "PySCF",
        "version": "1.7.6"
    },
    "molecule": {
        "geometry": [[0.0, 0.0, 0.0], [0.6, 0.0, 0.0]],
        "symbols": [ "Be", "H" ]
    },
    "molecular_charge": -1,
    "molecular_multiplicity": 1,
    "name": "be.h.chrg-1.mult1.sep0.60-pyscf-ccsdt.ccpv5z",
    "atomic_numbers": [ 4, 1 ],
    "n_electrons": 6,
    "model": {
        "method": "CCSD(T)",
        "basis": "cc-pV5Z",
        "scf_conv_tol": 1e-09,
        "scf_conv_tol_grad": 1e-06,
        "cc_conv_tol": 1e-05,
        "cc_conv_tol_normt": 1e-07
    },
    "broken_symmetry": false,
    "finite_diff_delta": 0.01,
    "finite_diff_acc": 2,
    "apdft_lambdas": [-0.02, -0.01, 0.0, 0.01, 0.02, 0.25, 0.5, 0.75, 1.0, 1.25, 1.5, 1.75, 2.0, 2.25, 2.5, 2.75, 3.0],
    "electronic_energies": [-14.509067769960845, -14.595228672885124, -14.681664350364672, -14.768374958187373, -14.855360649884798, -16.932257317655836, -19.35615338508427, -21.95301863174926, -24.72117545368117, -27.658355999240282, -30.76186380137267, -34.02850308462095, -37.45453260561293, -41.035682223694764, -44.76721758413328, -48.64403461941562, -52.66077398283073],
    "apdft_energies": {
        "0": [-14.68166435036481, -14.68166435036481, -14.68166435036481, -14.68166435036481, -14.68166435036481, -14.68166435036481, -14.68166435036481, -14.68166435036481, -14.68166435036481, -14.68166435036481, -14.68166435036481, -14.68166435036481, -14.68166435036481, -14.68166435036481, -14.68166435036481, -14.68166435036481, -14.68166435036481],
        "1": [-14.508518065062562, -14.595091207713686, -14.68166435036481, -14.768237493015935, -14.854810635667059, -16.845992916642917, -19.01032148292102, -21.17465004919913, -23.338978615477238, -25.503307181755343, -27.667635748033447, -29.831964314311556, -31.996292880589664, -34.16062144686777, -36.32495001314587, -38.48927857942398, -40.65360714570209],
        "2": [-14.509067925748313, -14.595228672885124, -14.68166435036481, -14.768374958187373, -14.85536049635281, -16.931908648791584, -19.35398441151569, -21.947891638537133, -24.71363032985591, -27.651200485472017, -30.76060210538546, -34.04183518959624, -37.49489973810435, -41.119795750909795, -44.91652322801257, -48.88508216941269, -53.025472575110136],
        "3": [-14.509067719535343, -14.595228647108502, -14.68166435036481, -14.768374983963994, -14.85536070256578, -16.932311408499114, -19.35720648917593, -21.95876615064043, -24.739406951137802, -27.701545448913215, -30.84759820221185, -34.17998176927888, -37.70111270835949, -41.41340757769885, -45.31928293554214, -49.42115534013454, -53.721441349721225],
        "4": [-14.509067718031684, -14.595228647014524, -14.68166435036481, -14.768374983870014, -14.855360701062121, -16.93227469807853, -19.3566191224466, -21.955792606573205, -24.730009083468545, -27.678601436048822, -30.800021497136242, -34.09184004945903, -37.55074682565141, -41.17255050825361, -44.952178729711875, -48.883678072378444, -52.96021406851158]
    },
    "apdft_poly_coeff": [ -14.68166435036481, -8.657314265112426, -1.3746517143786718, -0.025776621281892172, 0.009397867669254842 ],
    "hf_energies": [-14.377650032732284, -14.463680630465968, -14.549986450199604, -14.63656766733601, -14.723424453231178, -16.7975123319038, -19.218742371595116, -21.813427163530715, -24.57990440892665, -27.515828719294493, -30.61840896410453, -33.88436394746219, -37.30987645076084, -40.890610362769976, -44.62177790249856, -48.49823810266313, -52.51461041943013],
    "triples_corrections": [-0.0026859146873383574, -0.0026859164661853403, -0.0026859494717983395, -0.002686013287762889, -0.0026861075289340824, -0.002695784837856917, -0.002715550746599016, -0.0027309931869453877, -0.002735463499743954, -0.0027292600014070193, -0.0027138575750206835, -0.002690397330118885, -0.002659774599443938, -0.0026227636598520946, -0.0025800326425248956, -0.0025319428191097467, -0.0024787573554560984],
    "scf_converged": [true, true, true, true, true, true, true, true, true, true, true, true, true, true, true, true, true],
    "cc_converged": [true, true, true, true, true, true, true, true, true, true, true, true, true, true, true, true, true],
    "t1_diagnostic": [0.020781801343354004, 0.02062568337242117, 0.020471435294465615, 0.020319116318213582, 0.02016878002968884, 0.01728280532932, 0.01495922759566058, 0.012890258774487249, 0.011144465448418255, 0.009787866642181516, 0.008740250474039509, 0.00791319810640323, 0.007245433678523309, 0.0066960134319152395, 0.006236633849479993, 0.005846464940342159, 0.00551037897484984]
}