{
    "schema_name": "pyscf_qa_output",
    "provenance": {
        "creator": "PySCF",
        "version": "1.7.6"
    },
    "molecule": {
        "geometry": [[0.0, 0.0, 0.0], [1.9, 0.0, 0.0]],
        "symbols": [ "C", "H" ]
    },
    "molecular_charge": -1,
    "molecular_multiplicity": 3,
    "name": "c.h.chrg-1.mult3.sep1.90-pyscf-uccsdt.ccpv5z",
    "atomic_numbers": [ 6, 1 ],
    "n_electrons": 8,
    "model": {
        "method": "UCCSD(T)",
        "basis": "cc-pV5Z",
        "scf_conv_tol": 1e-09,
        "scf_conv_tol_grad": 1e-06,
        "cc_conv_tol": 1e-05,
        "cc_conv_tol_normt": 1e-07
    },
    "broken_symmetry": false,
    "finite_diff_delta": 0.01,
    "finite_diff_acc": 2,
    "qa_lambdas": [-0.02, -0.01, 0.0, 0.01, 0.02, 0.25, 0.5, 0.75, 1.0, 1.25, 1.5, 1.75, 2.0, 2.25, 2.5, 2.75, 3.0],
    "electronic_energies": [-38.12699098604506, -38.27650077785676, -38.426333769048355, -38.57649014702656, -38.72697011131813, -42.27780891271324, -46.33514190996497, -50.59815304083814, -55.06693239212697, -59.740294317060425, -64.61724565854539, -69.69866987418635, -74.99061366047673, -80.50064428250815, -86.22211235661035, -92.14470812294675, -98.25898807961056],
    "qats_energies": {
        "0": [-38.42633376904834, -38.42633376904834, -38.42633376904834, -38.42633376904834, -38.42633376904834, -38.42633376904834, -38.42633376904834, -38.42633376904834, -38.42633376904834, -38.42633376904834, -38.42633376904834, -38.42633376904834, -38.42633376904834, -38.42633376904834, -38.42633376904834, -38.42633376904834, -38.42633376904834],
        "1": [-38.12634439987854, -38.276339084463444, -38.42633376904834, -38.57632845363324, -38.72632313821814, -42.176200883670845, -45.926067998293355, -49.675935112915866, -53.42580222753837, -57.17566934216087, -60.925536456783384, -64.6754035714059, -68.4252706860284, -72.1751378006509, -75.9250049152734, -79.67487202989592, -83.42473914451843],
        "2": [-38.12699117345182, -38.27650077785676, -38.42633376904834, -38.57649014702656, -38.72696991179142, -42.27725925449582, -46.33030148159323, -50.585460450340584, -55.042736160737874, -59.7021286127851, -64.56363780648226, -69.62726374182938, -74.89300641882642, -80.3608658374734, -86.03084199777032, -91.90293489971717, -97.97714454331397],
        "3": [-38.12699091549617, -38.2765007456123, -38.42633376904834, -38.57649017927102, -38.72697016974707, -42.27776307412073, -46.3343320385925, -50.59906358021311, -55.07498061673202, -59.76510606589867, -64.67246284546252, -69.800073873173, -75.15096206677958, -80.72815034403172, -86.53466162267884, -92.57351882047043, -98.84774485515591],
        "4": [-38.12699092357613, -38.2765007461173, -38.42633376904834, -38.576490179776016, -38.72697017782703, -42.27796033877904, -46.33748827312549, -50.615042017536375, -55.12548036925986, -59.888396477343576, -64.92811784263469, -70.27370631777978, -75.95895810722496, -82.02240376721583, -88.50730820579746, -95.46167068281439, -102.93822480991066]
    },
    "qats_poly_coeffs": [ -38.42633376904834, -14.999468458490028, -1.6169339331995047, -0.03224445599414593, -0.050499752527836485 ],
    "hf_energies": [-37.93698996401258, -38.08650845430656, -38.236359964438606, -38.386544552878796, -38.537062264111896, -42.070332761568785, -46.113474791852234, -50.36053402746193, -54.815303504548034, -59.4812150928215, -64.36100703131598, -69.45559482930504, -74.79603862237212, -80.29920437719915, -86.02656156327322, -91.95392549861019, -98.07230742722525],
    "triples_corrections": [-0.00814576230045522, -0.008160113579893737, -0.008174525955004609, -0.00818893566634097, -0.00820327553829898, -0.010303406334399506, -0.011236137485654166, -0.011937572561670487, -0.012105457646965165, -0.012014704456940624, -0.011756163540351198, -0.010715532757483754, -0.005334905576249222, -0.0045958407593800045, -0.0036197545362669724, -0.0030096403630341132, -0.002608377847356575],
    "scf_converged": [true, true, true, true, true, true, true, true, true, true, true, true, true, true, true, true, true],
    "cc_converged": [true, true, true, true, true, true, true, true, true, true, true, true, true, true, true, true, true],
    "scf_spin_squared": [2.3348142577245197, 2.347810405248512, 2.360543988537403, 2.3730203220118655, 2.3852351575392894, 2.181654326724379, 2.056833609931858, 2.0411509997244264, 2.0352012444951777, 2.034451370308143, 2.041654088510758, 2.0896400442534246, 2.5809878823187806, 2.076178710758021, 2.0164315466912113, 2.0089553856655114, 2.006653362756131],
    "cc_spin_squared": [2.0205270334634413, 2.0213465756590576, 2.022186632385653, 2.023048091768443, 2.0239315938090154, 2.0056324916537225, 2.032565361175463, 2.0694943966493957, 2.108486623926841, 2.124224054270429, 2.098614169705856, 2.042719676698753, 2.026722795209843, 2.0040482202008567, 2.0007637082339977, 2.000240606447101, 2.0001192570761]
}