{
    "schema_name": "pyscf_apdft_output",
    "provenance": {
        "creator": "PySCF",
        "version": "1.7.6"
    },
    "molecule": {
        "geometry": [[0.0, 0.0, 0.0], [1.8, 0.0, 0.0]],
        "symbols": [ "N", "H" ]
    },
    "molecular_charge": 1,
    "molecular_multiplicity": 2,
    "name": "n.h.chrg1.mult2.sep1.80-pyscf-uccsdt.ccpv5z",
    "atomic_numbers": [ 7, 1 ],
    "n_electrons": 7,
    "model": {
        "method": "UCCSD(T)",
        "basis": "cc-pV5Z",
        "scf_conv_tol": 1e-09,
        "scf_conv_tol_grad": 1e-06,
        "cc_conv_tol": 1e-05,
        "cc_conv_tol_normt": 1e-07
    },
    "broken_symmetry": false,
    "finite_diff_delta": 0.01,
    "finite_diff_acc": 2,
    "apdft_lambdas": [-2.0, -1.75, -1.5, -1.25, -1.0, -0.75, -0.5, -0.25, -0.02, -0.01, 0.0, 0.01, 0.02, 0.25, 0.5, 0.75, 1.0],
    "electronic_energies": [-25.22045074466034, -28.23457780175263, -31.429932379327916, -34.81120724153935, -38.38160850718203, -42.144001721896956, -46.100615356979375, -50.25389141721095, -54.25191995013247, -54.42966436489133, -54.6077377644653, -54.78614105671346, -54.96487401357582, -59.168489853716316, -63.942554463187534, -68.93018215191327, -74.12765531254327],
    "apdft_energies": {
        "0": [-54.60773776446532, -54.60773776446532, -54.60773776446532, -54.60773776446532, -54.60773776446532, -54.60773776446532, -54.60773776446532, -54.60773776446532, -54.60773776446532, -54.60773776446532, -54.60773776446532, -54.60773776446532, -54.60773776446532, -54.60773776446532, -54.60773776446532, -54.60773776446532, -54.60773776446532],
        "1": [-18.960068582252227, -23.416027230028863, -27.8719858778055, -32.32794452558214, -36.78390317335877, -41.239861821135406, -45.695820468912046, -50.15177911668869, -54.25126107264319, -54.42949941855426, -54.60773776446532, -54.78597611037638, -54.96421445628745, -59.06369641224195, -63.51965506001859, -67.97561370779523, -72.43157235557186],
        "2": [-25.557922065295763, -28.46750880298407, -31.58327846201749, -34.90523104239602, -38.43336654411966, -42.16768496718841, -46.10818631160227, -50.25487057736124, -54.25192085799149, -54.42966436489133, -54.60773776446532, -54.78614105671346, -54.964874241635755, -59.16678787291451, -63.932020902708814, -68.90343685384823, -74.08103572633274],
        "3": [-25.104722669654766, -28.163900614107384, -31.392084966981443, -34.7945866586946, -38.376716619664535, -42.1437857803089, -46.101105071045374, -50.25398542229163, -54.251920404792095, -54.429664308241406, -54.60773776446532, -54.786141113363385, -54.96487469483515, -59.16767302798412, -63.93910214326571, -68.92733604072774, -74.13768565078787],
        "4": [50.62320496271196, 16.226420246564622, -7.431295364552909, -23.239421919869113, -33.64372114264161, -40.64623643015712, -45.805292853731444, -50.23549715870951, -54.25191964751282, -54.42966426091145, -54.60773776446532, -54.78614106603343, -54.96487393755587, -59.149184764402, -63.64328992595177, -67.42978669057595, -69.40469017376495]
    },
    "apdft_poly_coeff": [ -54.60773776446532, -17.823834591106547, -1.6494633707608841, -0.05664992445512476, 4.732995477022921 ],
    "hf_energies": [-25.061310831903995, -28.068263142018186, -31.25696273386433, -34.62611380784276, -38.18593285775079, -41.938515292341705, -45.88853726325633, -50.040605039731034, -54.042334283077835, -54.220302572025304, -54.39860131334554, -54.57722977638777, -54.75618694738243, -58.973882089350205, -63.74844971425155, -68.73719878656797, -73.9338946961265],
    "triples_corrections": [-0.0045584698975081606, -0.005111988154161206, -0.005734226991265558, -0.006517555369990972, -0.007083711110319156, -0.007479000030448943, -0.007609481293861784, -0.00741776059161881, -0.006934426567051688, -0.006909973759782947, -0.006885640433365022, -0.006862083137523778, -0.006839511481784485, -0.005485544888444866, -0.005309950301562295, -0.005502686706333476, -0.006087227207673825],
    "scf_converged": [true, true, true, true, true, true, true, true, true, true, true, true, true, true, true, true, true],
    "cc_converged": [true, true, true, true, true, true, true, true, true, true, true, true, true, true, true, true, true],
    "scf_spin_squared": [0.7672205289329455, 0.7686336400306293, 0.9299303445563911, 0.7893199488463423, 0.7739145552622979, 0.7697278162930115, 0.7688662829458108, 0.7724587555379405, 0.7959579179687086, 0.7989942771879646, 0.8025502971726453, 0.8067705887568692, 0.811881504653893, 0.9932129003911307, 0.7721981893844045, 0.757477422352931, 0.7549099892256668],
    "cc_spin_squared": [0.7503628315053368, 0.7506398845882134, 0.7526306147883404, 0.7508248208760133, 0.751838742776765, 0.7530272413044108, 0.7537527401513087, 0.7531879713035312, 0.751544826669442, 0.7514543527183875, 0.7513635903160738, 0.7512682113804086, 0.7511687564065195, 0.7532179820082892, 0.7505579660493313, 0.7501855931066499, 0.7501032981529416]
}