{
    "schema_name": "pyscf_qa_output",
    "provenance": {
        "creator": "PySCF",
        "version": "1.7.6"
    },
    "molecule": {
        "geometry": [[0.0, 0.0, 0.0], [1.6, 0.0, 0.0]],
        "symbols": [ "O", "H" ]
    },
    "molecular_charge": 0,
    "molecular_multiplicity": 2,
    "name": "o.h.chrg0.mult2.sep1.60-pyscf-uccsdt.ccpv5z",
    "atomic_numbers": [ 8, 1 ],
    "n_electrons": 9,
    "model": {
        "method": "UCCSD(T)",
        "basis": "cc-pV5Z",
        "scf_conv_tol": 1e-09,
        "scf_conv_tol_grad": 1e-06,
        "cc_conv_tol": 1e-05,
        "cc_conv_tol_normt": 1e-07
    },
    "broken_symmetry": false,
    "finite_diff_delta": 0.01,
    "finite_diff_acc": 2,
    "qa_lambdas": [-1.0, -0.75, -0.5, -0.25, -0.02, -0.01, 0.0, 0.01, 0.02, 0.25, 0.5, 0.75, 1.0, 1.25, 1.5, 1.75, 2.0],
    "electronic_energies": [-54.99885428290404, -59.90964148815119, -64.91523516797086, -70.14450166461418, -75.1551428308769, -75.37737054317004, -75.59996383589095, -75.82292322979772, -76.0462486849332, -81.28431038373348, -87.2005854852728, -93.35502607376087, -99.75046279049829, -106.38630109978598, -113.25996248827926, -120.36748233086175, -127.70501230738066],
    "qats_energies": {
        "0": [-75.59996383589085, -75.59996383589085, -75.59996383589085, -75.59996383589085, -75.59996383589085, -75.59996383589085, -75.59996383589085, -75.59996383589085, -75.59996383589085, -75.59996383589085, -75.59996383589085, -75.59996383589085, -75.59996383589085, -75.59996383589085, -75.59996383589085, -75.59996383589085, -75.59996383589085],
        "1": [-53.322329504506925, -58.891738087352905, -64.46114667019889, -70.03055525304487, -75.15441114926317, -75.37718749257701, -75.59996383589085, -75.82274017920469, -76.04551652251853, -81.16937241873683, -86.73878100158281, -92.30818958442879, -97.87759816727477, -103.44700675012075, -109.01641533296673, -114.58582391581271, -120.15523249865869],
        "2": [-55.1528354348783, -59.9213976731868, -64.91877315279173, -70.14496187369308, -75.15514335163532, -75.37737054317004, -75.59996383589085, -75.82292322979772, -76.04624872489067, -81.28377903938504, -87.19640748417565, -93.33784917026269, -99.70810409764614, -106.30717226632602, -113.13505367630232, -120.19174832757504, -127.47725622014418],
        "3": [-55.11276868910528, -59.904494514813805, -64.9137648095701, -70.14433583079037, -75.15514303110135, -75.3773705031033, -75.59996383589085, -75.82292326986448, -76.04624904542464, -81.28440508228775, -87.20141582739728, -93.35475232863568, -99.74817084341916, -106.38542762916396, -113.27027894328627, -120.40648104320233, -127.79779018632837],
        "4": [-52.77645260036583, -59.16526950236109, -64.76774505402389, -70.13520959606873, -75.15514265729078, -75.37737047974014, -75.59996383589085, -75.8229232465013, -76.04624867161407, -81.2752788475661, -87.05539607185106, -92.61552731618296, -97.41185475467972, -100.68153092813992, -101.44267874404282, -98.49439147654839, -90.41673276649722]
    },
    "qats_poly_coeffs": [ -75.59996383589085, -22.277634331383922, -1.8305059303713733, -0.040066745773022674, 2.3363160887394465 ],
    "hf_energies": [-54.73311266564162, -59.617597601867814, -64.61275151182929, -69.83397543564774, -74.8408951269968, -75.06306026630203, -75.28560018737953, -75.50851512066869, -75.73180529404975, -80.97151979110927, -86.89377470450049, -93.06495674279574, -99.4656608080529, -106.1078382219903, -112.9863869950563, -120.09786032900249, -127.4389033046471],
    "triples_corrections": [-0.010451677884952843, -0.012253969668551818, -0.012400850133739651, -0.012276220851500947, -0.011993512709717302, -0.011977701960647326, -0.011961445687864404, -0.011944815035449939, -0.011927731483631123, -0.011389227260727913, -0.01022241278789194, -0.007802156101005143, -0.006739160615256473, -0.005502606093862356, -0.004627776427939869, -0.004015279035354055, -0.0035578865977124305],
    "scf_converged": [true, true, true, true, true, true, true, true, true, true, false, true, true, true, true, true, true],
    "cc_converged": [true, true, true, true, true, true, true, true, true, true, true, true, true, true, true, true, true],
    "scf_spin_squared": [0.7670837151894823, 0.7810237696142099, 0.7716757638613112, 0.7688996201330038, 0.7695548692648377, 0.769668719119295, 0.7697919471194989, 0.7699249910538599, 0.7700683263084471, 0.7783463693955666, 0.9271033450824673, 0.9179748376702221, 0.7671658402431518, 0.7565386967477368, 0.7542522352155516, 0.7533680055150405, 0.7528900071999041],
    "cc_spin_squared": [0.7508289803202033, 0.7525730744935948, 0.7541007256757077, 0.7551190957726048, 0.7550696038820517, 0.7550394320111522, 0.7550067888581933, 0.7549716901887957, 0.7549341847183544, 0.7534327053820544, 0.750036334599451, 0.7534470449364876, 0.7507534471170771, 0.7502511999913417, 0.750111587727132, 0.7500641607999818, 0.7500441336822496]
}