{
    "schema_name": "pyscf_qa_output",
    "provenance": {
        "creator": "PySCF",
        "version": "1.7.6"
    },
    "molecule": {
        "geometry": [[0.0, 0.0, 0.0], [0.9, 0.0, 0.0]],
        "symbols": [ "N", "H" ]
    },
    "molecular_charge": 2,
    "molecular_multiplicity": 1,
    "name": "n.h.chrg2.mult1.sep0.90-pyscf-ccsdt.ccpv5z",
    "atomic_numbers": [ 7, 1 ],
    "n_electrons": 6,
    "model": {
        "method": "CCSD(T)",
        "basis": "cc-pV5Z",
        "scf_conv_tol": 1e-09,
        "scf_conv_tol_grad": 1e-06,
        "cc_conv_tol": 1e-05,
        "cc_conv_tol_normt": 1e-07
    },
    "broken_symmetry": false,
    "finite_diff_delta": 0.01,
    "finite_diff_acc": 2,
    "qa_lambdas": [-3.0, -2.75, -2.5, -2.25, -2.0, -1.75, -1.5, -1.25, -1.0, -0.75, -0.5, -0.25, -0.02, -0.01, 0.0, 0.01, 0.02],
    "electronic_energies": [-15.088944574523596, -17.37061537984288, -19.815304910958734, -22.42533942731741, -25.20295010799802, -28.15018938708507, -31.26885679771621, -34.560520302117084, -38.02661203334754, -41.66853105814001, -45.487701503867655, -49.485571925352424, -53.32266461348697, -53.49296946287241, -53.66356456182269, -53.83444998994286, -54.00562582631726],
    "qats_energies": {
        "0": [-53.663564561822746, -53.663564561822746, -53.663564561822746, -53.663564561822746, -53.663564561822746, -53.663564561822746, -53.663564561822746, -53.663564561822746, -53.663564561822746, -53.663564561822746, -53.663564561822746, -53.663564561822746, -53.663564561822746, -53.663564561822746, -53.663564561822746, -53.663564561822746, -53.663564561822746],
        "1": [-2.4414855012549523, -6.709992089635598, -10.978498678016251, -15.247005266396904, -19.51551185477755, -23.7840184431582, -28.05252503153885, -32.321031619919495, -36.58953820830015, -40.8580447966808, -45.12655138506145, -49.39505797344209, -53.322084034752294, -53.492824298287516, -53.663564561822746, -53.834304825357975, -54.0050450888932],
        "2": [-15.50629814131505, -17.688063821908322, -20.05128523361354, -22.595962376430705, -25.322095250359816, -28.22968385540087, -31.318728191553873, -34.58922825881882, -38.041184057195714, -41.67459558668455, -45.48946284728534, -49.48578583899807, -53.32266469309185, -53.49296946287241, -53.663564561822746, -53.83444998994286, -54.005625747232756],
        "3": [-15.14924703263582, -17.413043552433756, -19.844658434609357, -22.445331439956654, -25.216302329269674, -28.15881086334244, -31.27409680296897, -34.563399908943296, -38.02795994205945, -41.66901666311144, -45.487809832893305, -49.48557921219906, -53.32266458729893, -53.49296944964829, -53.663564561822746, -53.83445000316698, -54.00562585302568],
        "4": [-14.973623516905626, -17.289041628542655, -19.75996345210058, -22.389763061932648, -25.18161126443408, -28.138475598042078, -31.263120333235833, -34.558106472536494, -38.025791750507224, -41.668330633753115, -45.48767432092129, -49.485570742700816, -53.32266458695202, -53.492969449626614, -53.663564561822746, -53.83445000314529, -54.00562585267877]
    },
    "qats_poly_coeffs": [ -53.663564561822746, -17.074026353522598, -1.4516458488955664, -0.013224115136267754, 0.0021681915522246222 ],
    "hf_energies": [-14.955046141945793, -17.233700478787117, -19.675330670245152, -22.28231434544118, -25.056901309683827, -28.001175172103544, -31.11696246374064, -34.40584559138098, -37.86926371319362, -41.50862414175726, -45.32536533922482, -49.32095424433937, -53.156092797232425, -53.326315939711044, -53.49682960389212, -53.6676338691922, -53.83872881445977],
    "triples_corrections": [-0.002483199351316684, -0.0025269524622497474, -0.0025712646111594475, -0.002621877232599563, -0.0026772153546183444, -0.0027313003472319974, -0.0027791941544714985, -0.0028190526597246953, -0.0028513086207558424, -0.0028771952887569835, -0.002897901798003062, -0.0029145125978881814, -0.0029271586907105625, -0.002927671054139296, -0.0029281812739453, -0.002928689478795617, -0.0029291957991273015],
    "scf_converged": [true, true, true, true, true, true, true, true, true, true, true, true, true, true, true, true, true],
    "cc_converged": [true, true, true, true, true, true, true, true, true, true, true, true, true, true, true, true, true],
    "t1_diagnostic": [0.019648102080738274, 0.01722850462283645, 0.014770734853392748, 0.012847808706845418, 0.011405880607836382, 0.010286608671356211, 0.009383939094110916, 0.008635776264055017, 0.00800187962616141, 0.007451397809953863, 0.006959036974499762, 0.00650506966170954, 0.0061091014490711245, 0.006092236831332263, 0.006075397813997564, 0.006058584046104746, 0.006041795190486258]
}