{
    "schema_name": "pyscf_apdft_output",
    "provenance": {
        "creator": "PySCF",
        "version": "1.7.6"
    },
    "molecule": {
        "geometry": [[0.0, 0.0, 0.0], [0.7, 0.0, 0.0]],
        "symbols": [ "B", "H" ]
    },
    "molecular_charge": 1,
    "molecular_multiplicity": 2,
    "name": "b.h.chrg1.mult2.sep0.70-pyscf-uccsdt.ccpv5z",
    "atomic_numbers": [ 5, 1 ],
    "n_electrons": 5,
    "model": {
        "method": "UCCSD(T)",
        "basis": "cc-pV5Z",
        "scf_conv_tol": 1e-09,
        "scf_conv_tol_grad": 1e-06,
        "cc_conv_tol": 1e-05,
        "cc_conv_tol_normt": 1e-07
    },
    "broken_symmetry": false,
    "finite_diff_delta": 0.01,
    "finite_diff_acc": 2,
    "apdft_lambdas": [-2.0, -1.75, -1.5, -1.25, -1.0, -0.75, -0.5, -0.25, -0.02, -0.01, 0.0, 0.01, 0.02, 0.25, 0.5, 0.75, 1.0],
    "electronic_energies": [-7.65236287677795, -9.262915772803648, -10.985833811171029, -12.864938037865569, -14.90084438813652, -17.094042955877374, -19.444809758362627, -21.95330976011627, -24.40058631666168, -24.510023702773843, -24.61971402746266, -24.729657302071807, -24.839853537790262, -27.4442064629085, -30.426901124852048, -33.56773019643147, -36.866335284457286],
    "apdft_energies": {
        "0": [-24.619714027462777, -24.619714027462777, -24.619714027462777, -24.619714027462777, -24.619714027462777, -24.619714027462777, -24.619714027462777, -24.619714027462777, -24.619714027462777, -24.619714027462777, -24.619714027462777, -24.619714027462777, -24.619714027462777, -24.619714027462777, -24.619714027462777, -24.619714027462777, -24.619714027462777],
        "1": [-2.656354097666366, -5.401774088890917, -8.147194080115469, -10.89261407134002, -13.638034062564572, -16.383454053789123, -19.128874045013674, -21.874294036238226, -24.400080428164813, -24.509897227813795, -24.619714027462777, -24.72953082711176, -24.83934762676074, -27.36513401868733, -30.11055400991188, -32.85597400113643, -35.60139399236098],
        "2": [-7.71535249958751, -9.275069740361793, -10.992880681196112, -12.868785322090467, -14.902783663044858, -17.094875704059284, -19.445061445133746, -21.953340886268244, -24.400586328005005, -24.510023702773843, -24.619714027462777, -24.729657302071807, -24.839853526600933, -27.444180868717346, -30.42674141003195, -33.56739565140659, -36.86614359284127],
        "3": [-7.700330730869695, -9.265006328896538, -10.986543372518284, -12.865117898087094, -14.90090594195513, -17.094083540474557, -19.44482672999753, -21.953311546876215, -24.400586312983236, -24.51002370089612, -24.619714027462777, -24.72965730394953, -24.839853541622702, -27.444210208109375, -30.426976125168167, -33.56818781499132, -36.868021313930996],
        "4": [-7.690064572575853, -9.25898849538494, -10.983295095870623, -12.863551406648213, -14.900264307061766, -17.093880523184076, -19.444786627816693, -21.953309040489913, -24.400586312880574, -24.510023700889704, -24.619714027462777, -24.72965730394311, -24.83985354152004, -27.444207701723073, -30.42693602298733, -33.567984797700845, -36.86737967903763]
    },
    "apdft_poly_coeff": [ -24.619714027462777, -10.981679964898206, -1.264749600480286, -0.0018777210897269467, 0.0006416348933650321 ],
    "hf_energies": [-7.558641492240168, -9.170031335985591, -10.894149983326933, -12.774389228176222, -14.811344733060793, -17.005508430620146, -19.357148026252435, -21.866413643077284, -24.314290896791448, -24.423752077517513, -24.533466002219903, -24.643432682212502, -24.753652128652895, -27.35848526517872, -30.341586331737734, -33.48270296879587, -36.781476138118755],
    "triples_corrections": [-0.0013174084554772496, -0.0009855921473735441, -0.0008924054890102338, -0.0008243886517304985, -0.0007762116726998771, -0.0007428197532246537, -0.0007208554407877672, -0.0007081370501959251, -0.0007032256354007528, -0.0007031422958860685, -0.0007030691293990077, -0.0007030060491153244, -0.0007029529957911604, -0.0007043245255542117, -0.0007107509068153079, -0.000721293119841362, -0.0007349308019176521],
    "scf_converged": [true, true, true, true, true, true, true, true, true, true, true, true, true, true, true, true, true],
    "cc_converged": [true, true, true, true, true, true, true, true, true, true, true, true, true, true, true, true, true],
    "scf_spin_squared": [1.0241673652658299, 0.7513503128925683, 0.7510669884978232, 0.7507949538785683, 0.7506123784784196, 0.7505045909848884, 0.7504472882226032, 0.7504232730808253, 0.7504219524676703, 0.7504222678994257, 0.75042261197209, 0.7504229853980684, 0.7504233859251621, 0.7504398794129479, 0.7504719794785906, 0.7505168480724749, 0.750572690937013],
    "cc_spin_squared": [0.753527283017326, 0.7500285832452882, 0.7500252579502222, 0.7500207717586065, 0.7500173185690506, 0.7500150418459831, 0.7500135578004357, 0.7500125507477757, 0.7500118943180684, 0.7500118701380412, 0.7500118462726073, 0.750011822727156, 0.7500117994749689, 0.7500113379161523, 0.7500109565977725, 0.750010652173051, 0.750010386552546]
}