{
    "schema_name": "pyscf_qa_output",
    "provenance": {
        "creator": "PySCF",
        "version": "1.7.6"
    },
    "molecule": {
        "geometry": [[0.0, 0.0, 0.0], [0.9, 0.0, 0.0]],
        "symbols": [ "Ne", "H" ]
    },
    "molecular_charge": 2,
    "molecular_multiplicity": 2,
    "name": "ne.h.chrg2.mult2.sep0.90-pyscf-uccsdt.ccpv5z",
    "atomic_numbers": [ 10, 1 ],
    "n_electrons": 9,
    "model": {
        "method": "UCCSD(T)",
        "basis": "cc-pV5Z",
        "scf_conv_tol": 1e-09,
        "scf_conv_tol_grad": 1e-06,
        "cc_conv_tol": 1e-05,
        "cc_conv_tol_normt": 1e-07
    },
    "broken_symmetry": false,
    "finite_diff_delta": 0.01,
    "finite_diff_acc": 2,
    "qa_lambdas": [-3.0, -2.75, -2.5, -2.25, -2.0, -1.75, -1.5, -1.25, -1.0, -0.75, -0.5, -0.25, -0.02, -0.01, 0.0, 0.01, 0.02],
    "electronic_energies": [-55.14541853161428, -59.96075982594702, -64.99068906409062, -70.23833024145365, -75.70648616566774, -81.3976275647835, -87.31391490785025, -93.45724495817207, -99.8293014794764, -106.43158773173081, -113.2654290118422, -120.33194815964548, -127.03940962406365, -127.33553099040412, -127.63202702901764, -127.92889776947935, -128.22614324058034],
    "qats_energies": {
        "0": [-127.63202702901764, -127.63202702901764, -127.63202702901764, -127.63202702901764, -127.63202702901764, -127.63202702901764, -127.63202702901764, -127.63202702901764, -127.63202702901764, -127.63202702901764, -127.63202702901764, -127.63202702901764, -127.63202702901764, -127.63202702901764, -127.63202702901764, -127.63202702901764, -127.63202702901764],
        "1": [-38.62701016773384, -46.04409490617415, -53.461179644614475, -60.8782643830548, -68.29534912149511, -75.71243385993543, -83.12951859837574, -90.54660333681605, -97.96368807525637, -105.3807728136967, -112.797857552137, -120.21494229057731, -127.03866024994241, -127.33534363948002, -127.63202702901764, -127.92871041855526, -128.22539380809286],
        "2": [-55.48859333680822, -60.21250854129916, -65.17061240091613, -70.36290491565913, -75.78938608552816, -81.45005591052323, -87.34491439064433, -93.47396152589147, -99.83719731626464, -106.43462176176384, -113.26623486238907, -120.33203661814034, -127.03940965363881, -127.33553099040412, -127.63202702901764, -127.92889776947935, -128.22614321178926],
        "3": [-55.35726932913987, -60.1113556164111, -65.09461471129323, -70.30750259992405, -75.75047526844125, -81.42398870298257, -87.32849888968579, -93.4644618146886, -99.83233346412877, -106.43256982414403, -113.26562688087209, -120.33196062045072, -127.039409614728, -127.33553098554027, -127.63202702901764, -127.9288977743432, -128.2261432507001],
        "4": [-55.09261702906498, -59.92449342865085, -64.96698532275404, -70.22376495810347, -75.69819827089559, -81.39334488679432, -87.31195812093111, -93.4564849779049, -99.82906615178217, -106.43153602609685, -113.26542267385042, -120.33194785751186, -127.03940961420523, -127.3355309855076, -127.63202702901764, -127.92889777431053, -128.2261432501773]
    },
    "qats_poly_coeffs": [ -127.63202702901764, -29.668338953761264, -1.8735092410082643, -0.004863852135864969, 0.003267312346603527 ],
    "hf_energies": [-54.87805907688223, -59.6878543293534, -64.71326948901503, -69.95736241196099, -75.42282584820046, -81.11201262877069, -87.02698476947378, -93.1695685571063, -99.54139661984618, -106.14392501080627, -112.9784243100204, -120.04595273498943, -126.75459351944981, -127.05077076617029, -127.34732303502517, -127.64425035169785, -127.94155274111915],
    "triples_corrections": [-0.006954373758663964, -0.006913462646625439, -0.006788287900542478, -0.006584634622343812, -0.006318081558476219, -0.0060092156841538265, -0.005677490079598181, -0.005337231492613219, -0.004997109314074751, -0.004661915631414091, -0.004334794918074624, -0.0040187179527658755, -0.003740456369127119, -0.003728671493044412, -0.0037169144090469534, -0.0037051853083987247, -0.0036934843805816625],
    "scf_converged": [true, true, true, true, true, true, true, true, true, true, true, true, true, true, true, true, true],
    "cc_converged": [true, true, true, true, true, true, true, true, true, true, true, true, true, true, true, true, true],
    "scf_spin_squared": [0.7565035176357169, 0.7564444981538196, 0.7563035763176327, 0.7560817414771499, 0.7557976603511056, 0.7554725111450482, 0.755121821298582, 0.7547558608242158, 0.754383469813436, 0.7540143427156987, 0.7536586841684327, 0.7533253730443961, 0.7530437838056656, 0.7530321319472844, 0.7530205304566167, 0.7530089794158328, 0.7529974788997369],
    "cc_spin_squared": [0.7501645016212053, 0.7501601017302852, 0.7501524866651241, 0.750141919096226, 0.7501291639979684, 0.7501152839672407, 0.7501012864460392, 0.750087901123667, 0.7500755521935272, 0.7500644254656286, 0.7500546285397554, 0.7500461351828527, 0.7500394248195494, 0.7500391559539961, 0.7500388889391529, 0.7500386237677641, 0.7500383604323249]
}