{
    "schema_name": "pyscf_apdft_output",
    "provenance": {
        "creator": "PySCF",
        "version": "1.7.6"
    },
    "molecule": {
        "geometry": [[0.0, 0.0, 0.0], [1.7, 0.0, 0.0]],
        "symbols": [ "F", "H" ]
    },
    "molecular_charge": 2,
    "molecular_multiplicity": 1,
    "name": "f.h.chrg2.mult1.sep1.70-pyscf-ccsdt.ccpv5z",
    "atomic_numbers": [ 9, 1 ],
    "n_electrons": 8,
    "model": {
        "method": "CCSD(T)",
        "basis": "cc-pV5Z",
        "scf_conv_tol": 1e-09,
        "scf_conv_tol_grad": 1e-06,
        "cc_conv_tol": 1e-05,
        "cc_conv_tol_normt": 1e-07
    },
    "broken_symmetry": false,
    "finite_diff_delta": 0.01,
    "finite_diff_acc": 2,
    "apdft_lambdas": [-3.0, -2.75, -2.5, -2.25, -2.0, -1.75, -1.5, -1.25, -1.0, -0.75, -0.5, -0.25, -0.02, -0.01, 0.0, 0.01, 0.02],
    "electronic_energies": [-38.36713693506696, -41.89683600930782, -46.29573736498457, -50.5620869824238, -55.034395328455, -59.71568724866303, -64.60939876761495, -69.72027863005486, -75.05456123863429, -80.61737772207722, -86.40958342286258, -92.42884032038131, -98.16469921963164, -98.41836286356737, -98.6723820178406, -98.92675657013841, -99.18148640968946],
    "apdft_energies": {
        "0": [-98.67238201784082, -98.67238201784082, -98.67238201784082, -98.67238201784082, -98.67238201784082, -98.67238201784082, -98.67238201784082, -98.67238201784082, -98.67238201784082, -98.67238201784082, -98.67238201784082, -98.67238201784082, -98.67238201784082, -98.67238201784082, -98.67238201784082, -98.67238201784082, -98.67238201784082],
        "1": [-22.413326032184585, -28.768247364322605, -35.123168696460624, -41.47809002859864, -47.83301136073666, -54.18793269287468, -60.5428540250127, -66.89777535715072, -73.25269668928874, -79.60761802142676, -85.96253935356478, -92.3174606857028, -98.16398831126978, -98.4181851645553, -98.67238201784082, -98.92657887112634, -99.18077572441186],
        "2": [-38.40623711851342, -42.20673515214058, -46.229356950855646, -50.47410251465861, -54.94097184354948, -59.62996493752824, -64.54108179659491, -69.67432242074948, -75.02968680999194, -80.60717496432231, -86.40678688374058, -92.42852256824675, -98.16469910731806, -98.41836286356737, -98.67238201784082, -98.92675657013841, -99.18148652046014],
        "3": [-38.90817672838941, -42.59335646044205, -46.51983126212647, -50.685858287575044, -55.08969469092014, -59.72959762629414, -64.60382424782941, -69.71063170965833, -75.04827716591328, -80.61501777072662, -86.40911067823075, -92.42881304255802, -98.1646992560409, -98.41836288215772, -98.67238201784082, -98.92675655154805, -99.1814863717373],
        "4": [-39.42892017675169, -42.96103609139653, -46.770961397332044, -50.85062476928342, -55.19255759430035, -59.789893971756996, -64.63637071335205, -69.72632734310868, -75.05470609737453, -80.6170519248218, -86.40951248644707, -92.42883815557154, -98.16469925706953, -98.41836288222201, -98.67238201784082, -98.92675655161234, -99.18148637276592]
    },
    "apdft_poly_coeff": [ -98.67238201784082, -25.419685328552077, -1.7769901207032035, 0.018590355921332954, -0.0064289314612627395 ],
    "hf_energies": [-38.13758256408286, -41.640168889087576, -46.03953408540312, -50.29240075002567, -54.75341604255069, -59.42767590932563, -64.32001095451179, -69.43464212825835, -74.77468228436236, -80.3416200126184, -86.13518310471382, -92.1539089076997, -97.88847762551627, -98.14207615999112, -98.39602969538915, -98.65033814272789, -98.90500141382367],
    "triples_corrections": [-0.009579772253998413, -0.015552585279411113, -0.011979721391452078, -0.01303234676350647, -0.013838060003249398, -0.014368138986992034, -0.014517491366559549, -0.014083715104183894, -0.013154900834364413, -0.01228790790783582, -0.011866679389669458, -0.01183900748083383, -0.012013417955258076, -0.012023648460669834, -0.012034047152068784, -0.012044608820936227, -0.01205532840484232],
    "scf_converged": [true, true, true, true, true, true, true, true, true, true, true, true, true, true, true, true, true],
    "cc_converged": [true, true, true, true, true, true, true, true, true, true, true, true, true, true, true, true, true],
    "t1_diagnostic": [0.02268606438467134, 0.026514799731154764, 0.0253867196715711, 0.02211942233034225, 0.017330770319867708, 0.016198626640820255, 0.019832223509925223, 0.021525249277137972, 0.017990477634751034, 0.011930885211679412, 0.007163204530323627, 0.004627582562088666, 0.003579848423162142, 0.003550528739902034, 0.003522175286508139, 0.0034947502902830272, 0.003468217251208471]
}