{
    "schema_name": "pyscf_qa_output",
    "provenance": {
        "creator": "PySCF",
        "version": "1.7.6"
    },
    "molecule": {
        "geometry": [[0.0, 0.0, 0.0], [1.2, 0.0, 0.0]],
        "symbols": [ "O", "H" ]
    },
    "molecular_charge": 2,
    "molecular_multiplicity": 2,
    "name": "o.h.chrg2.mult2.sep1.20-pyscf-uccsdt.ccpv5z",
    "atomic_numbers": [ 8, 1 ],
    "n_electrons": 7,
    "model": {
        "method": "UCCSD(T)",
        "basis": "cc-pV5Z",
        "scf_conv_tol": 1e-09,
        "scf_conv_tol_grad": 1e-06,
        "cc_conv_tol": 1e-05,
        "cc_conv_tol_normt": 1e-07
    },
    "broken_symmetry": false,
    "finite_diff_delta": 0.01,
    "finite_diff_acc": 2,
    "qa_lambdas": [-3.0, -2.75, -2.5, -2.25, -2.0, -1.75, -1.5, -1.25, -1.0, -0.75, -0.5, -0.25, -0.02, -0.01, 0.0, 0.01, 0.02],
    "electronic_energies": [-25.224949762774244, -28.261800821491118, -31.477268978459968, -34.8747373517834, -38.45741738864208, -42.22824399624301, -46.18989298829346, -50.34486434334898, -54.695577038031715, -59.24442585302905, -63.9937527103062, -68.94570650336753, -73.6819613201124, -73.8918246753574, -74.10201679975212, -74.3125377405352, -74.52338754295138],
    "qats_energies": {
        "0": [-74.10201679975208, -74.10201679975208, -74.10201679975208, -74.10201679975208, -74.10201679975208, -74.10201679975208, -74.10201679975208, -74.10201679975208, -74.10201679975208, -74.10201679975208, -74.10201679975208, -74.10201679975208, -74.10201679975208, -74.10201679975208, -74.10201679975208, -74.10201679975208, -74.10201679975208],
        "1": [-10.995057023080989, -16.25397033780358, -21.51288365252617, -26.77179696724876, -32.03071028197135, -37.28962359669394, -42.548536911416534, -47.807450226139125, -53.066363540861715, -58.325276855584306, -63.5841901703069, -68.84310348502949, -73.68130373457427, -73.89166026716318, -74.10201679975208, -74.31237333234098, -74.52272986492989],
        "2": [-25.7917945031638, -28.68734002592872, -31.788395791472567, -35.09496179979534, -38.607038050897046, -42.32462454477768, -46.24772128143724, -50.376328260875724, -54.71044548309314, -59.25007294808948, -63.99521065586475, -68.94585860641895, -73.68196136735116, -73.8918246753574, -74.10201679975208, -74.3125377405352, -74.52338749770678],
        "3": [-25.58370693998333, -28.52705961702062, -31.667974747965346, -35.00717485907858, -38.54538247662135, -42.283320126854704, -46.22171033603968, -50.36127563043732, -54.70273853630867, -59.24682157991479, -63.99424728751669, -68.94573818537545, -73.6819613056956, -73.89182466765045, -74.10201679975208, -74.31253774824215, -74.52338755936235],
        "4": [-24.91067570923653, -28.05185464743323, -31.34340335968082, -34.7942235712251, -38.41243803598001, -42.20539053652759, -46.179645884118, -50.340989918669536, -54.69442950876859, -59.244192551669684, -63.99372797329544, -68.94570572823662, -73.68196130436614, -73.89182466756736, -74.10201679975208, -74.31253774815906, -74.52338755803291]
    },
    "qats_poly_coeffs": [ -74.10201679975208, -21.035653258890363, -1.6440819422314235, -0.007706946784461857, 0.008309027540083965 ],
    "hf_energies": [-25.064811500297687, -28.09632080945591, -31.306668822482834, -34.69931019047984, -38.27748660460977, -42.044160906910925, -46.0020860206465, -50.15389653063412, -54.5021534713283, -59.04931839624077, -63.79765757147064, -68.74909610454056, -73.48503666637284, -73.69488618633491, -73.90506432678944, -74.1155711207073, -74.32640659938079],
    "triples_corrections": [-0.003773552463113626, -0.003951961610416555, -0.0041054688368726815, -0.004220893186848496, -0.004293603651677236, -0.004325471121702221, -0.004321209471772534, -0.00428608218990792, -0.0042264660591578304, -0.004152532514288648, -0.004081065990788218, -0.004036732325429375, -0.004045838337116801, -0.004047705306087659, -0.004049710219461106, -0.004051854795570119, -0.004054140729305853],
    "scf_converged": [true, true, true, true, true, true, true, true, true, true, true, true, true, true, true, true, true],
    "cc_converged": [true, true, true, true, true, true, true, true, true, true, true, true, true, true, true, true, true],
    "scf_spin_squared": [0.7630385622080378, 0.7615797510962157, 0.7605836316089132, 0.7599279519018607, 0.7595609535081684, 0.7594500751267188, 0.7594998592833484, 0.7594971590364858, 0.7591839422191202, 0.7584475262491441, 0.7574134753384905, 0.756317808475135, 0.7554085698797639, 0.7553723406138815, 0.7553364073915745, 0.755300771304912, 0.7552654332635074],
    "cc_spin_squared": [0.7502228474592385, 0.7502067564095289, 0.7501979723856746, 0.7501920798080184, 0.7501877395556642, 0.7501839967025346, 0.7501794024710873, 0.7501719754683212, 0.7501600181129924, 0.7501434476353883, 0.7501242724768924, 0.7501054352084282, 0.7500903799338281, 0.7500897904410826, 0.7500892066373726, 0.7500886285323993, 0.7500880561330039]
}