{
    "schema_name": "pyscf_qa_output",
    "provenance": {
        "creator": "PySCF",
        "version": "1.7.6"
    },
    "molecule": {
        "geometry": [[0.0, 0.0, 0.0], [1.2, 0.0, 0.0]],
        "symbols": [ "Ne", "H" ]
    },
    "molecular_charge": 1,
    "molecular_multiplicity": 1,
    "name": "ne.h.chrg1.mult1.sep1.20-pyscf-ccsdt.ccpv5z",
    "atomic_numbers": [ 10, 1 ],
    "n_electrons": 10,
    "model": {
        "method": "CCSD(T)",
        "basis": "cc-pV5Z",
        "scf_conv_tol": 1e-09,
        "scf_conv_tol_grad": 1e-06,
        "cc_conv_tol": 1e-05,
        "cc_conv_tol_normt": 1e-07
    },
    "broken_symmetry": false,
    "finite_diff_delta": 0.01,
    "finite_diff_acc": 2,
    "qa_lambdas": [-2.0, -1.75, -1.5, -1.25, -1.0, -0.75, -0.5, -0.25, -0.02, -0.01, 0.0, 0.01, 0.02],
    "electronic_energies": [-75.71648665960316, -81.52408006937448, -87.56803002400615, -93.85173904378918, -100.37840986934103, -107.15104409285179, -114.17238015629333, -121.44472099874078, -128.35837886591625, -128.66383584524644, -128.96969841255995, -129.2759665926882, -129.58264040835635],
    "qats_energies": {
        "0": [-128.96969841255543, -128.96969841255543, -128.96969841255543, -128.96969841255543, -128.96969841255543, -128.96969841255543, -128.96969841255543, -128.96969841255543, -128.96969841255543, -128.96969841255543, -128.96969841255543, -128.96969841255543, -128.96969841255543],
        "1": [-67.75662366837867, -75.40825801140076, -83.05989235442286, -90.71152669744495, -98.36316104046705, -106.01479538348914, -113.66642972651124, -121.31806406953334, -128.35756766511366, -128.66363303883455, -128.96969841255543, -129.27576378627631, -129.5818291599972],
        "2": [-75.86888014404838, -81.61920437558538, -87.62303662198707, -93.88037688325343, -100.39122515938448, -107.1555814503802, -114.1734457562406, -121.44481807696567, -128.35837889076123, -128.66383584524644, -128.96969841255543, -129.2759665926882, -129.58264038564477],
        "3": [-75.83717576507436, -81.5979649185774, -87.60966133710741, -93.87263655635547, -100.38726211201272, -107.15390953977024, -114.17295037531913, -121.44475615435049, -128.35837885905684, -128.6638358412834, -128.96969841255543, -129.27596659665124, -129.58264041734915],
        "4": [-75.69494974152337, -81.51459463475271, -87.56466013434323, -93.85093458742986, -100.37837298554079, -107.15109696459749, -114.17239480491463, -121.44472143120021, -128.3583788576346, -128.6638358411945, -128.96969841255543, -129.27596659656237, -129.58264041592687]
    },
    "qats_poly_coeffs": [ -128.96969841255543, -30.606537372088383, -2.0280641189174275, -0.0039630473717503865, 0.00888912647193744 ],
    "hf_energies": [-75.35868385140733, -81.16000342894253, -87.19952189775145, -93.48079474327558, -100.00706810932144, -106.7811910638363, -113.80550499620252, -121.08173663859563, -127.99927626725896, -128.30490251966512, -128.61093420172392, -128.91737131827674, -129.2242138726761],
    "triples_corrections": [-0.012077914992912346, -0.011892953873427372, -0.011573280791675758, -0.011126205745816756, -0.01054875297355589, -0.009832076528926287, -0.0089863279520061, -0.008062533318363704, -0.007213387043352452, -0.007177508158976135, -0.007141753025287581, -0.007106125468078414, -0.007070629208215769],
    "scf_converged": [true, true, true, true, true, true, true, true, true, true, true, true, true],
    "cc_converged": [true, true, true, true, true, true, true, true, true, true, true, true, true],
    "t1_diagnostic": [0.013906106897990402, 0.012484861707709434, 0.011149640229885125, 0.010294026612145648, 0.010023706180737923, 0.009980070640280338, 0.009683745853177606, 0.00892495678720171, 0.007903626963649798, 0.007855140992810624, 0.007806454611140958, 0.007757584172501878, 0.00770854587816085]
}