{
    "schema_name": "pyscf_qa_output",
    "provenance": {
        "creator": "PySCF",
        "version": "1.7.6"
    },
    "molecule": {
        "geometry": [[0.0, 0.0, 0.0], [0.8, 0.0, 0.0]],
        "symbols": [ "N", "H" ]
    },
    "molecular_charge": 2,
    "molecular_multiplicity": 3,
    "name": "n.h.chrg2.mult3.sep0.80-pyscf-uccsdt.ccpv5z",
    "atomic_numbers": [ 7, 1 ],
    "n_electrons": 6,
    "model": {
        "method": "UCCSD(T)",
        "basis": "cc-pV5Z",
        "scf_conv_tol": 1e-09,
        "scf_conv_tol_grad": 1e-06,
        "cc_conv_tol": 1e-05,
        "cc_conv_tol_normt": 1e-07
    },
    "broken_symmetry": false,
    "finite_diff_delta": 0.01,
    "finite_diff_acc": 2,
    "qa_lambdas": [-3.0, -2.75, -2.5, -2.25, -2.0, -1.75, -1.5, -1.25, -1.0, -0.75, -0.5, -0.25, -0.02, -0.01, 0.0, 0.01, 0.02],
    "electronic_energies": [-14.983340692945443, -17.26158798660267, -19.703155067342152, -22.310931632682458, -25.087493451774847, -28.034916266448246, -31.154778231047036, -34.44833363186656, -37.91672556669515, -41.56112264799762, -45.38275590361068, -49.382886660186564, -53.221710981537974, -53.39208097013906, -53.562740251327284, -53.73368889138064, -53.90492695607045],
    "qats_energies": {
        "0": [-53.56274025132727, -53.56274025132727, -53.56274025132727, -53.56274025132727, -53.56274025132727, -53.56274025132727, -53.56274025132727, -53.56274025132727, -53.56274025132727, -53.56274025132727, -53.56274025132727, -53.56274025132727, -53.56274025132727, -53.56274025132727, -53.56274025132727, -53.56274025132727, -53.56274025132727],
        "1": [-2.3215520650909838, -6.591651080610674, -10.861750096130365, -15.131849111650055, -19.401948127169746, -23.672047142689436, -27.942146158209127, -32.21224517372882, -36.48234418924851, -40.7524432047682, -45.02254222028789, -49.29264123580758, -53.221132330085695, -53.39193629070648, -53.56274025132727, -53.73354421194806, -53.904348172568845],
        "2": [-15.34270099730172, -17.533033169482195, -19.90421463238782, -22.456245386018594, -25.189125430374517, -28.10285476545559, -31.19743339126181, -34.47286130779318, -37.9291385150497, -41.56626501303137, -45.38424080173819, -49.383065881170154, -53.221711047816015, -53.39208097013906, -53.56274025132727, -53.73368889138064, -53.904926890299166],
        "3": [-15.04559002147964, -17.304182064841463, -19.732275410268556, -22.330901693093654, -25.101092548649458, -28.043879612268682, -31.16029451928405, -34.451368905028275, -37.91813440483407, -41.56162265403415, -45.38286528796123, -49.38289394194803, -53.22171095978313, -53.39208095913495, -53.56274025132727, -53.73368890238475, -53.90492697833205],
        "4": [-14.874563628431972, -17.18342601639379, -19.64979740436209, -22.276787873418414, -25.067309557430164, -28.02407664305054, -31.14960536971857, -34.44621402965912, -37.91602296788286, -41.560954582186305, -45.38273332315178, -49.38288569414745, -53.2217109594453, -53.39208095911384, -53.56274025132727, -53.73368890236363, -53.904926977994215]
    },
    "qats_poly_coeffs": [ -53.56274025132727, -17.080396062078762, -1.4467943258011928, -0.011004110215632558, 0.0021114369512057842 ],
    "hf_energies": [-14.877241844544999, -17.15429713885071, -19.59453952008618, -22.201047346341745, -24.976494713443916, -27.922946526093646, -31.041904342442532, -34.334541143951334, -37.80194851908532, -41.445278359967304, -45.26577185392845, -49.26471785983756, -53.10244427841184, -53.27276686637289, -53.4433787966713, -53.61428013820153, -53.78547095934728],
    "triples_corrections": [-0.0013191489223366932, -0.001334212887835349, -0.0013575439751708116, -0.0013780818376964961, -0.0013901500156630231, -0.0013945870546895214, -0.001395991314141194, -0.0013987043579964447, -0.0014047840944397686, -0.0014141290157732762, -0.0014253400828039414, -0.0014364729748735847, -0.0014449267779155714, -0.0014452323072202597, -0.0014455317788301292, -0.0014458250933676545, -0.0014461121526625517],
    "scf_converged": [true, true, true, true, true, true, true, true, true, true, true, true, true, true, true, true, true],
    "cc_converged": [true, true, true, true, true, true, true, true, true, true, true, true, true, true, true, true, true],
    "scf_spin_squared": [2.0022599823661773, 2.0021226854555936, 2.0020944745742444, 2.002138471419114, 2.0022130987541873, 2.002281038278046, 2.002322029838186, 2.0023346016922874, 2.002328081650711, 2.0023140416255827, 2.002301458441777, 2.0022954678790805, 2.002297088683173, 2.002297305346236, 2.002297533185299, 2.002297772047862, 2.002298021777153],
    "cc_spin_squared": [2.000087187872196, 2.000078218965523, 2.0000740261569314, 2.0000717250305344, 2.0000695101735113, 2.0000666161992173, 2.0000630539841455, 2.0000591642304615, 2.0000552612446887, 2.000051521803085, 2.000047992058693, 2.0000446491358934, 2.000041700107741, 2.0000415740885407, 2.0000414482324644, 2.000041322537421, 2.000041197001254]
}