{
    "schema_name": "pyscf_apdft_output",
    "provenance": {
        "creator": "PySCF",
        "version": "1.7.6"
    },
    "molecule": {
        "geometry": [[0.0, 0.0, 0.0], [1.9, 0.0, 0.0]],
        "symbols": [ "Be", "H" ]
    },
    "molecular_charge": -1,
    "molecular_multiplicity": 1,
    "name": "be.h.chrg-1.mult1.sep1.90-pyscf-ccsdt.ccpv5z",
    "atomic_numbers": [ 4, 1 ],
    "n_electrons": 6,
    "model": {
        "method": "CCSD(T)",
        "basis": "cc-pV5Z",
        "scf_conv_tol": 1e-09,
        "scf_conv_tol_grad": 1e-06,
        "cc_conv_tol": 1e-05,
        "cc_conv_tol_normt": 1e-07
    },
    "broken_symmetry": false,
    "finite_diff_delta": 0.01,
    "finite_diff_acc": 2,
    "apdft_lambdas": [-0.02, -0.01, 0.0, 0.01, 0.02, 0.25, 0.5, 0.75, 1.0, 1.25, 1.5, 1.75, 2.0, 2.25, 2.5, 2.75, 3.0],
    "electronic_energies": [-15.053855543702245, -15.139700196991257, -15.22581010867011, -15.312185419701095, -15.398826264620029, -17.465074887130363, -19.871225767205548, -22.44439494277503, -25.18452606561064, -28.091194413972882, -31.162962537328067, -34.397146982469415, -37.790459341499556, -41.340391054388554, -45.04642901053049, -48.90810146514949, -52.919660496833195],
    "apdft_energies": {
        "0": [-15.225810108670133, -15.225810108670133, -15.225810108670133, -15.225810108670133, -15.225810108670133, -15.225810108670133, -15.225810108670133, -15.225810108670133, -15.225810108670133, -15.225810108670133, -15.225810108670133, -15.225810108670133, -15.225810108670133, -15.225810108670133, -15.225810108670133, -15.225810108670133, -15.225810108670133],
        "1": [-15.053324885960295, -15.139567497315214, -15.225810108670133, -15.312052720025052, -15.398295331379972, -17.381875392543108, -19.537940676416085, -21.69400596028906, -23.850071244162038, -26.006136528035015, -28.16220181190799, -30.318267095780968, -32.474332379653944, -34.63039766352692, -36.7864629473999, -38.942528231272874, -41.09859351514585],
        "2": [-15.053855684664464, -15.139700196991257, -15.225810108670133, -15.312185419701095, -15.39882613008414, -17.464812690069508, -19.869689866521675, -22.44044163802664, -25.1770680045844, -28.079568966194955, -31.147944522858303, -34.38219467457445, -37.78231942134339, -41.348318763165125, -45.08019270003965, -48.97794123196698, -53.0415643589471],
        "3": [-15.05385550099906, -15.13970017403308, -15.225810108670133, -15.31218544265927, -15.398826313749545, -17.465171411564146, -19.872559638478783, -22.45012711838188, -25.20002618024126, -28.124409153024757, -31.225428365700203, -34.50523614723542, -37.96598482659826, -41.609826732756524, -45.43891419467806, -49.455399541330706, -53.66143510168227],
        "4": [-15.053855496714842, -15.139700173765318, -15.225810108670133, -15.312185442391506, -15.398826309465328, -17.46506681641216, -19.87088611604704, -22.441654911071172, -25.17324982133335, -28.059037183034746, -31.08987304872891, -34.25410318732179, -37.53756308407171, -40.92357794058936, -44.39296267483785, -47.92402192113264, -51.4925500301416]
    },
    "apdft_poly_coeff": [ -15.225810108670133, -8.624261135491906, -1.326996760422361, -0.022958175656858273, 0.026776358907909525 ],
    "hf_energies": [-14.940987486976052, -15.026640851402826, -15.112559179484954, -15.198742616413174, -15.285191300073132, -17.34693460893028, -19.747849761144536, -22.314975694804666, -25.047827091676993, -27.946148202174818, -31.009759797278594, -34.238259801573655, -37.63068269093482, -41.1851233543985, -44.89828701098334, -48.7649561859079, -52.77765033840393],
    "triples_corrections": [-0.0024392596081449455, -0.002451635142833514, -0.0024639922429520256, -0.0024763302720524002, -0.002488648794372698, -0.0027683822019043377, -0.003086859746347163, -0.0034580461449344683, -0.0038880739231290217, -0.004323311011279654, -0.004657114406095791, -0.004785949300099693, -0.004653478146325981, -0.004259877179234404, -0.003752024836737048, -0.0034363582827257218, -0.0034012580267468147],
    "scf_converged": [true, true, true, true, true, true, true, true, true, true, true, true, true, true, true, true, true],
    "cc_converged": [true, true, true, true, true, true, true, true, true, true, true, true, true, true, true, true, true],
    "t1_diagnostic": [0.019927173517378136, 0.019844398513292363, 0.019764088155204394, 0.019686199811084413, 0.019610693443126548, 0.01848660388272041, 0.01866158681619191, 0.020112524401219568, 0.021654907092061, 0.02179462581559348, 0.0204317132824588, 0.020657371022673343, 0.024632125201103548, 0.027169355140802078, 0.022608068902795552, 0.01332709326851635, 0.006645117249368842]
}