{
    "schema_name": "pyscf_apdft_output",
    "provenance": {
        "creator": "PySCF",
        "version": "1.7.6"
    },
    "molecule": {
        "geometry": [[0.0, 0.0, 0.0], [1.3, 0.0, 0.0]],
        "symbols": [ "Li", "H" ]
    },
    "molecular_charge": -1,
    "molecular_multiplicity": 2,
    "name": "li.h.chrg-1.mult2.sep1.30-pyscf-uccsdt.ccpv5z",
    "atomic_numbers": [ 3, 1 ],
    "n_electrons": 5,
    "model": {
        "method": "UCCSD(T)",
        "basis": "cc-pV5Z",
        "scf_conv_tol": 1e-09,
        "scf_conv_tol_grad": 1e-06,
        "cc_conv_tol": 1e-05,
        "cc_conv_tol_normt": 1e-07
    },
    "broken_symmetry": false,
    "finite_diff_delta": 0.01,
    "finite_diff_acc": 2,
    "apdft_lambdas": [-0.02, -0.01, 0.0, 0.01, 0.02, 0.25, 0.5, 0.75, 1.0, 1.25, 1.5, 1.75, 2.0, 2.25, 2.5, 2.75, 3.0],
    "electronic_energies": [-7.925092922914877, -7.984247278368599, -8.043639758637545, -8.10327074731597, -8.163140620990367, -9.606760816561687, -11.321704941934179, -13.187032398214185, -15.199726979581346, -17.356013695683476, -19.651204980642294, -22.079718367135925, -24.635263378485234, -27.311112894270774, -30.100404165161493, -32.99641762815939, -35.99274995745262],
    "apdft_energies": {
        "0": [-8.043639758637553, -8.043639758637553, -8.043639758637553, -8.043639758637553, -8.043639758637553, -8.043639758637553, -8.043639758637553, -8.043639758637553, -8.043639758637553, -8.043639758637553, -8.043639758637553, -8.043639758637553, -8.043639758637553, -8.043639758637553, -8.043639758637553, -8.043639758637553, -8.043639758637553],
        "1": [-7.924616289690183, -7.984128024163868, -8.043639758637553, -8.103151493111238, -8.162663227584924, -9.53143312047968, -11.019226482321807, -12.507019844163935, -13.99481320600606, -15.482606567848187, -16.970399929690316, -18.458193291532442, -19.945986653374568, -21.433780015216694, -22.92157337705882, -24.40936673890095, -25.897160100743076],
        "2": [-7.9250933065091065, -7.984247278368599, -8.043639758637553, -8.10327074731597, -8.163140244403847, -9.60596699843643, -11.31736199414881, -13.17782474577469, -15.18735525331407, -17.345953516766954, -19.653619536133334, -22.11035331141322, -24.716154842606606, -27.47102412971349, -30.374961172733883, -33.427965971667774, -36.630038526515165],
        "3": [-7.9250927997219405, -7.984247215020203, -8.043639758637553, -8.103270810664364, -8.163140751191012, -9.606956817119466, -11.325280543613093, -13.20454985021665, -15.250703649028345, -17.4696808521464, -19.86742037166902, -22.44986111969442, -25.222942008320818, -28.19260194964642, -31.364779855769445, -34.74541463878811, -38.340445210800624],
        "4": [-7.925092795050136, -7.9842472147282155, -8.043639758637553, -8.103270810372377, -8.163140746519208, -9.606842759397866, -11.323455620067481, -13.195311174766987, -15.221504872298546, -17.398394776145913, -19.71960156447441, -22.17600853013095, -24.755761580644023, -27.444269238223704, -30.224202639761646, -33.07549553683109, -35.97534429568685]
    },
    "apdft_poly_coeff": [ -8.043639758637553, -5.951173447368507, -1.1925420473080095, -0.06334839571427626, 0.029198776729799647 ],
    "hf_energies": [-7.853550020462195, -7.91278008978124, -7.972246874629215, -8.03195081535371, -8.091892347581869, -9.536949711935115, -11.253393993403341, -13.120206408422801, -15.134185338732474, -17.291364758253092, -19.58689851474685, -22.01513195844018, -24.569829833642512, -27.244438512581898, -30.032322577663376, -32.926972061893984, -35.92213072865144],
    "triples_corrections": [-0.0004696401767825833, -0.0004718955983765176, -0.00047421048958030113, -0.0004765794928351039, -0.0004789971707062564, -0.0005367200022577087, -0.0005849236293309772, -0.000628866136899382, -0.0006800331773204126, -0.000741122512912252, -0.0008093656589097981, -0.0008772690761411428, -0.0009344172974842387, -0.0009712939957367905, -0.000982428901732438, -0.0009655493382677998, -0.0009199117731519119],
    "scf_converged": [true, true, true, true, true, true, true, true, true, true, true, true, true, true, true, true, true],
    "cc_converged": [true, true, true, true, true, true, true, true, true, true, true, true, true, true, true, true, true],
    "scf_spin_squared": [0.750355168078507, 0.7503612792468981, 0.7503675203905766, 0.7503738884928082, 0.7503803802008084, 0.7505529362683128, 0.7507723194175413, 0.7511048354694498, 0.7516870058376179, 0.7526844927453422, 0.754286976581803, 0.7565907331367827, 0.7593418647328938, 0.7617459749525217, 0.7627908525546272, 0.7620250414277137, 0.7599398297960773],
    "cc_spin_squared": [0.7500109566027056, 0.7500111777379312, 0.7500114028619149, 0.7500116318255746, 0.7500118644579525, 0.7500176031709395, 0.7500226705308306, 0.7500269649389264, 0.7500317204517954, 0.7500372997326323, 0.7500435177524646, 0.7500496721165241, 0.7500545903646899, 0.750056756228382, 0.7500553370367352, 0.7500502805391607, 0.750042602216638]
}