{
    "schema_name": "pyscf_apdft_output",
    "provenance": {
        "creator": "PySCF",
        "version": "1.7.6"
    },
    "molecule": {
        "geometry": [[0.0, 0.0, 0.0], [0.9, 0.0, 0.0]],
        "symbols": [ "B", "H" ]
    },
    "molecular_charge": -1,
    "molecular_multiplicity": 4,
    "name": "b.h.chrg-1.mult4.sep0.90-pyscf-uccsdt.ccpv5z",
    "atomic_numbers": [ 5, 1 ],
    "n_electrons": 7,
    "model": {
        "method": "UCCSD(T)",
        "basis": "cc-pV5Z",
        "scf_conv_tol": 1e-09,
        "scf_conv_tol_grad": 1e-06,
        "cc_conv_tol": 1e-05,
        "cc_conv_tol_normt": 1e-07
    },
    "broken_symmetry": false,
    "finite_diff_delta": 0.01,
    "finite_diff_acc": 2,
    "apdft_lambdas": [-0.02, -0.01, 0.0, 0.01, 0.02, 0.25, 0.5, 0.75, 1.0, 1.25, 1.5, 1.75, 2.0, 2.25, 2.5, 2.75, 3.0],
    "electronic_energies": [-24.93813953882492, -25.054809040012476, -25.171775527551745, -25.289039168083793, -25.406600122795286, -28.192847821518424, -31.400973887136146, -34.79600896514122, -38.3770312783346, -42.14279958843128, -46.091754733999245, -50.22190981855837, -54.530774405322994, -59.01532381576761, -63.67199811355965, -68.4967190753468, -73.48491866031712],
    "apdft_energies": {
        "0": [-25.1717755275517, -25.1717755275517, -25.1717755275517, -25.1717755275517, -25.1717755275517, -25.1717755275517, -25.1717755275517, -25.1717755275517, -25.1717755275517, -25.1717755275517, -25.1717755275517, -25.1717755275517, -25.1717755275517, -25.1717755275517, -25.1717755275517, -25.1717755275517, -25.1717755275517],
        "1": [-24.93754539948038, -25.05466046351604, -25.1717755275517, -25.288890591587357, -25.406005655623016, -28.099652128443164, -31.02752872933463, -33.9554053302261, -36.883281931117565, -39.81115853200903, -42.7390351329005, -45.66691173379196, -48.59478833468343, -51.522664935574895, -54.45054153646636, -57.378418137357826, -60.30629473824929],
        "2": [-24.938139705466124, -25.054809040012476, -25.1717755275517, -25.289039168083793, -25.40659996160876, -28.1925124387155, -31.398969970423973, -34.791148122677114, -38.36904689547494, -42.13266628881742, -46.082006302704585, -50.21706693713641, -54.53784819211292, -59.044350067634085, -63.73657256369994, -68.61451568031045, -73.67817941746564],
        "3": [-24.938139486914302, -25.054809012693497, -25.1717755275517, -25.289039195402772, -25.40660018016058, -28.19293929774048, -31.402384842623803, -34.802673316351544, -38.39636587307356, -42.18602366693975, -46.174207852099954, -50.36347958270407, -54.756400012901956, -59.35553029684348, -64.16343158867852, -69.18266504255696, -74.41579181262865],
        "4": [-24.93813948327784, -25.05480901246622, -25.1717755275517, -25.28903919517549, -25.406600176524115, -28.192850516905942, -31.400964349271227, -34.79548206875414, -38.37363797943239, -42.13053564535483, -46.05914789054148, -50.150316798983475, -54.39275371464308, -58.773039241453716, -63.27562324331994, -67.88282484411745, -72.5748324276931]
    },
    "apdft_poly_coeff": [ -25.1717755275517, -11.711506403565863, -1.4857649643573723, -0.02731897759863007, 0.022727893641179737 ],
    "hf_energies": [-24.8167091558486, -24.93329689329532, -25.050183622856995, -25.16736947483465, -25.2848545727561, -28.06979388507915, -31.277059596948682, -34.67143545942714, -38.25186675797332, -42.017098021232094, -45.96559702142822, -50.09542536589169, -54.404155308290505, -58.88882923209461, -63.54594670218371, -68.37147123627204, -73.36085340930285],
    "triples_corrections": [-0.002863171217339724, -0.002862739983698348, -0.002862089359641189, -0.002861223851126262, -0.0028601481545080082, -0.0027903985576181417, -0.0026709843059791434, -0.002556825358103281, -0.00245857450377297, -0.0023719839614991483, -0.00229099974426594, -0.002210121314187561, -0.0021246102740851876, -0.0020307770993778502, -0.0019263796108226897, -0.0018109011352370945, -0.001685564646070259],
    "scf_converged": [true, true, true, true, true, true, true, true, true, true, true, true, true, true, true, true, true],
    "cc_converged": [true, true, true, true, true, true, true, true, true, true, true, true, true, true, true, true, true],
    "scf_spin_squared": [3.7526570444628042, 3.752678948795659, 3.7527009536077065, 3.7527230450549505, 3.752745212507606, 3.753248374896888, 3.7536938738208723, 3.753981803035604, 3.754131913911467, 3.754179703446926, 3.754156348331474, 3.7540897406060765, 3.754005651156608, 3.753925221961132, 3.7538613076857885, 3.75381660448644, 3.753784453330621],
    "cc_spin_squared": [3.750203443554202, 3.7502032051631717, 3.7502029526865446, 3.7502026863151228, 3.7502024062503745, 3.7501928310577224, 3.7501785187428887, 3.750163460267074, 3.7501493099198067, 3.750136562680747, 3.7501251361656784, 3.750114743142615, 3.750105061949471, 3.7500958079904136, 3.7500867514579204, 3.750077791361104, 3.7500689503189566]
}