{
    "schema_name": "pyscf_apdft_output",
    "provenance": {
        "creator": "PySCF",
        "version": "1.7.6"
    },
    "molecule": {
        "geometry": [[0.0, 0.0, 0.0], [1.7, 0.0, 0.0]],
        "symbols": [ "C", "H" ]
    },
    "molecular_charge": 2,
    "molecular_multiplicity": 4,
    "name": "c.h.chrg2.mult4.sep1.70-pyscf-uccsdt.ccpv5z",
    "atomic_numbers": [ 6, 1 ],
    "n_electrons": 5,
    "model": {
        "method": "UCCSD(T)",
        "basis": "cc-pV5Z",
        "scf_conv_tol": 1e-09,
        "scf_conv_tol_grad": 1e-06,
        "cc_conv_tol": 1e-05,
        "cc_conv_tol_normt": 1e-07
    },
    "broken_symmetry": false,
    "finite_diff_delta": 0.01,
    "finite_diff_acc": 2,
    "apdft_lambdas": [-3.0, -2.75, -2.5, -2.25, -2.0, -1.75, -1.5, -1.25, -1.0, -0.75, -0.5, -0.25, -0.02, -0.01, 0.0, 0.01, 0.02],
    "electronic_energies": [-7.865430242760269, -9.440373633958513, -11.159218980768244, -13.025460717948087, -15.04284075421299, -17.214772432521308, -19.543956913644053, -22.032464175617523, -24.682277501124073, -27.49605751464307, -30.477801577053814, -33.632676335028805, -36.69189657868777, -36.8283420409602, -36.96507401291651, -37.10209245645052, -37.239397325507355],
    "apdft_energies": {
        "0": [-36.96507401291651, -36.96507401291651, -36.96507401291651, -36.96507401291651, -36.96507401291651, -36.96507401291651, -36.96507401291651, -36.96507401291651, -36.96507401291651, -36.96507401291651, -36.96507401291651, -36.96507401291651, -36.96507401291651, -36.96507401291651, -36.96507401291651, -36.96507401291651, -36.96507401291651],
        "1": [4.09748831063137, 0.6756081170023762, -2.74627207662661, -6.1681522702556, -9.59003246388459, -13.01191265751358, -16.43379285114257, -19.85567304477156, -23.27755323840055, -26.69943343202954, -30.12131362565853, -33.543193819287524, -36.69132359742619, -36.828198805171354, -36.96507401291651, -37.101949220661666, -37.23882442840683],
        "2": [-8.793732685968969, -10.156598414863183, -11.69850887982129, -13.41946408084329, -15.319464017929185, -17.398508691078973, -19.656598100292655, -22.09373224557023, -24.7099111269117, -27.50513474431706, -30.479403097786317, -33.63271618731947, -36.691896540581595, -36.8283420409602, -36.96507401291651, -37.10209245645052, -37.239397371562234],
        "3": [-8.983095051756784, -10.302455653788869, -11.808093582244794, -13.499351328910024, -15.37557138557002, -17.436096244010237, -19.68026839601613, -22.107430333373166, -24.716924547866803, -27.508093531282498, -30.480279775405705, -33.63282577202189, -36.69189659668896, -36.82834204797362, -36.96507401291651, -37.1020924494371, -37.239397315454866],
        "4": [-6.300406580389684, -8.408298540108035, -10.514358787025323, -12.65053192976653, -14.845657613448122, -17.12547051967804, -19.512600366555688, -22.02657190867195, -24.683804937109187, -27.49761427944122, -30.478209799733353, -33.63269639854237, -36.69189659138983, -36.82834204764243, -36.96507401291651, -37.1020924491059, -37.23939731015573]
    },
    "apdft_poly_coeff": [ -36.96507401291651, -13.68752077451596, -1.4323578885111488, 0.007013420955104265, 0.033119610757618524 ],
    "hf_energies": [-7.815661657365938, -9.390366471807175, -11.108939602179632, -12.975027207115868, -14.992491830930925, -17.164783644673804, -19.49451293968685, -21.983566242886113, -24.63372103073513, -27.447485376720465, -30.428915176693284, -33.583635146260754, -36.64330285961833, -36.779781838017485, -36.91654836026103, -37.053602364617404, -37.19094378061863],
    "triples_corrections": [-0.0001308221405582084, -0.00013137803967829226, -0.00013925374657548485, -0.00014965325374040775, -0.00015876521558774154, -0.0001643886137581462, -0.00016676940791289534, -0.0001679572455488587, -0.0001700210750410432, -0.00017330791983890083, -0.00017511827255745728, -0.0001703921140790917, -0.0001581536215836248, -0.00015748738204632594, -0.0001568134293243696, -0.00015613223128517408, -0.00015544438432948585],
    "scf_converged": [true, true, true, true, true, true, true, true, true, true, true, true, true, true, true, true, true],
    "cc_converged": [true, true, true, true, true, true, true, true, true, true, true, true, true, true, true, true, true],
    "scf_spin_squared": [3.7500097042567533, 3.7500082593702486, 3.7500080254595667, 3.750008351663371, 3.7500089633146545, 3.7500096386149373, 3.7500101581811522, 3.7500103587888294, 3.7500101680341795, 3.750009607329032, 3.750008862892108, 3.750008377296538, 3.750008452872432, 3.750008465927906, 3.750008479566522, 3.7500084937565576, 3.7500085084662746],
    "cc_spin_squared": [3.750000470330873, 3.7500003633865573, 3.7500003341990515, 3.750000332246596, 3.7500003349125106, 3.750000330622231, 3.750000316983019, 3.7500002978731306, 3.750000278508822, 3.7500002622947353, 3.75000024951179, 3.7500002363264953, 3.750000219319631, 3.7500002184618584, 3.75000021759611, 3.7500002167227535, 3.7500002158420225]
}