{
    "schema_name": "pyscf_apdft_output",
    "provenance": {
        "creator": "PySCF",
        "version": "1.7.6"
    },
    "molecule": {
        "geometry": [[0.0, 0.0, 0.0], [1.9, 0.0, 0.0]],
        "symbols": [ "C", "H" ]
    },
    "molecular_charge": 0,
    "molecular_multiplicity": 4,
    "name": "c.h.chrg0.mult4.sep1.90-pyscf-uccsdt.ccpv5z",
    "atomic_numbers": [ 6, 1 ],
    "n_electrons": 7,
    "model": {
        "method": "UCCSD(T)",
        "basis": "cc-pV5Z",
        "scf_conv_tol": 1e-09,
        "scf_conv_tol_grad": 1e-06,
        "cc_conv_tol": 1e-05,
        "cc_conv_tol_normt": 1e-07
    },
    "broken_symmetry": false,
    "finite_diff_delta": 0.01,
    "finite_diff_acc": 2,
    "apdft_lambdas": [-1.0, -0.75, -0.5, -0.25, -0.02, -0.01, 0.0, 0.01, 0.02, 0.25, 0.5, 0.75, 1.0, 1.25, 1.5, 1.75, 2.0],
    "electronic_energies": [-25.17128496950149, -28.17750448447275, -31.37258160421511, -34.75863652247505, -38.04334634002417, -38.18985270202945, -38.33666710888679, -38.48378960430183, -38.631220233785605, -42.10731350997717, -46.07203288484743, -50.23491182350533, -54.60378313714559, -59.18394258868403, -63.971451381239085, -68.95889796631108, -74.13985830800857],
    "apdft_energies": {
        "0": [-38.33666710888683, -38.33666710888683, -38.33666710888683, -38.33666710888683, -38.33666710888683, -38.33666710888683, -38.33666710888683, -38.33666710888683, -38.33666710888683, -38.33666710888683, -38.33666710888683, -38.33666710888683, -38.33666710888683, -38.33666710888683, -38.33666710888683, -38.33666710888683, -38.33666710888683],
        "1": [-23.639821995267567, -27.314033273672383, -30.988244552077198, -34.66245583048202, -38.04273020661444, -38.18969865775064, -38.33666710888683, -38.48363556002302, -38.630604011159214, -42.01087838729164, -45.68508966569646, -49.35930094410128, -53.03351222250609, -56.7077235009109, -60.38193477931572, -64.05614605772054, -67.73035733612535],
        "2": [-25.180264783386946, -28.180532341989533, -31.373355249107043, -34.758733504739475, -38.04334638372969, -38.18985270202945, -38.33666710888683, -38.48378960430183, -38.63122018827446, -42.107156061549105, -46.070200362726304, -50.225800012418425, -54.57395501062547, -59.114665357347434, -63.84793105258432, -68.77375209633612, -73.89212848860286],
        "3": [-25.172830061511767, -28.177395818698443, -31.372425908872646, -34.758617337210175, -38.043346324251914, -38.18985269459473, -38.33666710888683, -38.483789611736555, -38.63122024775224, -42.107272229078404, -46.071129702960704, -50.228936535709515, -54.581389732500654, -59.12918629850989, -63.873023238913056, -68.81359755888593, -73.9516062636043],
        "4": [-25.18035346563368, -28.17977627078389, -31.372896121630266, -34.758646725507525, -38.04334632545566, -38.18985269466996, -38.33666710888683, -38.48378961181179, -38.631220248955984, -42.107301617375754, -46.07159991571832, -50.23131698779497, -54.588913136622566, -59.14755398435441, -63.911110472280235, -68.8841588608262, -74.0719807295549]
    },
    "apdft_poly_coeff": [ -38.33666710888683, -14.696845113619261, -1.5404427881193783, -0.007434721875180608, -0.007523404121911881 ],
    "hf_energies": [-25.04028257549217, -28.042581440809315, -31.2362574288813, -34.62183356760143, -37.90605361608821, -38.0525284197233, -38.19931005699994, -38.34639852819068, -38.493793835003544, -41.968606092976664, -45.93032295057564, -50.08764406128113, -54.45169411602831, -59.033673302764484, -63.8240982322903, -68.81388347194958, -73.9969411582247],
    "triples_corrections": [-0.004530883249350548, -0.004667010240273854, -0.00451716684407728, -0.004188372753709463, -0.0038860291386603393, -0.0038743779291331194, -0.0038628888349354924, -0.0038515651677624245, -0.00384041009426887, -0.003635995286727715, -0.003542324013724913, -0.0035844417659733037, -0.003647059759767693, -0.003238369060359224, -0.00274190111120664, -0.0023899870008064357, -0.0021286773567491084],
    "scf_converged": [true, true, true, true, true, true, true, true, true, true, true, true, true, true, true, true, true],
    "cc_converged": [true, true, true, true, true, true, true, true, true, true, true, true, true, true, true, true, true],
    "scf_spin_squared": [3.80072316381602, 3.834164987591067, 3.8250285596192306, 3.804420822915353, 3.7887270601333434, 3.788174805598775, 3.7876335126059884, 3.7871031096915875, 3.7865835165000155, 3.777344955666638, 3.771745007992651, 3.767600792174612, 3.757946407098883, 3.754908174075022, 3.7559283551272378, 3.755954306513584, 3.755582382353971],
    "cc_spin_squared": [3.7511541728438793, 3.7511296552525293, 3.7509212003233303, 3.7506793529844984, 3.75050889536052, 3.7505029924181015, 3.7504972127145995, 3.750491555561191, 3.7504860202253827, 3.750390369446831, 3.750348467630396, 3.7503671384212405, 3.750356105609732, 3.7502041461085867, 3.750134307639893, 3.750104713823542, 3.750085452238921]
}