{
    "schema_name": "pyscf_apdft_output",
    "provenance": {
        "creator": "PySCF",
        "version": "1.7.6"
    },
    "molecule": {
        "geometry": [[0.0, 0.0, 0.0], [1.3, 0.0, 0.0]],
        "symbols": [ "C", "H" ]
    },
    "molecular_charge": 1,
    "molecular_multiplicity": 1,
    "name": "c.h.chrg1.mult1.sep1.30-pyscf-ccsdt.ccpv5z",
    "atomic_numbers": [ 6, 1 ],
    "n_electrons": 6,
    "model": {
        "method": "CCSD(T)",
        "basis": "cc-pV5Z",
        "scf_conv_tol": 1e-09,
        "scf_conv_tol_grad": 1e-06,
        "cc_conv_tol": 1e-05,
        "cc_conv_tol_normt": 1e-07
    },
    "broken_symmetry": false,
    "finite_diff_delta": 0.01,
    "finite_diff_acc": 2,
    "apdft_lambdas": [-2.0, -1.75, -1.5, -1.25, -1.0, -0.75, -0.5, -0.25, -0.02, -0.01, 0.0, 0.01, 0.02, 0.25, 0.5, 0.75, 1.0],
    "electronic_energies": [-15.22654509249214, -17.489363328720263, -19.91545893509739, -22.508041780489304, -25.269803413716165, -28.203012721973, -31.3097173196525, -34.59191997258013, -37.76829741131069, -37.90983431516874, -38.05165845227616, -38.19376995503314, -38.33616895575968, -41.690997696805546, -45.51195901625867, -49.516369419017, -53.70558299954373],
    "apdft_energies": {
        "0": [-38.05165845227614, -38.05165845227614, -38.05165845227614, -38.05165845227614, -38.05165845227614, -38.05165845227614, -38.05165845227614, -38.05165845227614, -38.05165845227614, -38.05165845227614, -38.05165845227614, -38.05165845227614, -38.05165845227614, -38.05165845227614, -38.05165845227614, -38.05165845227614, -38.05165845227614],
        "1": [-9.658094465835859, -13.207289964140895, -16.75648546244593, -20.305680960750966, -23.854876459056, -27.404071957361037, -30.953267455666072, -34.502462953971104, -37.76772281241174, -37.90969063234394, -38.05165845227614, -38.19362627220835, -38.335594092140546, -41.60085395058118, -45.150049448886215, -48.69924494719125, -52.248440445496286],
        "2": [-15.405407457650938, -17.607576473499314, -19.989349020341912, -22.55072509817873, -25.29170470700977, -28.212287846835032, -31.312474517654515, -34.59226471946822, -37.76829754371092, -37.90983431516874, -38.05165845227614, -38.19376995503314, -38.33616882343973, -41.69065571607829, -45.50925651087466, -49.507460836665246, -53.685268693450055],
        "3": [-15.22892733409903, -17.48934857822919, -19.91489646821845, -22.50763913051469, -25.26964469156578, -28.2029812778196, -31.309717015724015, -34.59192003172691, -37.7682973672308, -37.90983429310872, -38.05165845227614, -38.193769977093154, -38.33616899991985, -41.6910004038196, -45.51201401280515, -49.51676740568068, -53.707328708894046],
        "4": [-15.223577420993916, -17.48621255738803, -19.913203722275036, -22.506822798558957, -25.269310321996713, -28.202875481198134, -31.30969611762595, -34.591918725595775, -37.7682973671773, -37.909834293105376, -38.05165845227614, -38.193769977089815, -38.33616899986635, -41.690999097688476, -45.51199311470709, -49.51666160905921, -53.70699433932497]
    },
    "apdft_poly_coeff": [ -38.05165845227614, -14.196781993220142, -1.4368282479537697, -0.02206001544398835, 0.00033436956906977383 ],
    "hf_energies": [-15.099532582517673, -17.35929016090545, -19.781911278464886, -22.370737335294155, -25.12855905867736, -28.057721847342595, -31.160376142882793, -34.43870222050471, -37.61188555511226, -37.75329519595789, -37.894993179266805, -38.03697965299595, -38.17925476471645, -41.531577916657525, -45.35062325060349, -49.35386770621216, -53.542338844404306],
    "triples_corrections": [-0.0023294930134178365, -0.0024494111078007517, -0.002591724502047956, -0.002736634702714345, -0.0028712320806355248, -0.002990599678874094, -0.0030925454556335976, -0.003173140681973726, -0.003223781223083268, -0.0032254162580178103, -0.003227002825961122, -0.0032285408824202725, -0.0032300304015110675, -0.0032511481344457693, -0.003249507170287767, -0.003235527283965972, -0.0032305059259683413],
    "scf_converged": [true, true, true, true, true, true, true, true, true, true, true, true, true, true, true, true, true],
    "cc_converged": [true, true, true, true, true, true, true, true, true, true, true, true, true, true, true, true, true],
    "t1_diagnostic": [0.017640504315729468, 0.015746037896830236, 0.014331664072763164, 0.013233088640000678, 0.012367318160549357, 0.011677475623971562, 0.011099009974556122, 0.010575809030741793, 0.010121955052190528, 0.010102668960907009, 0.010083407311220264, 0.01006416754500946, 0.010044946897972282, 0.009598285014121856, 0.00903243571888261, 0.008251927374839799, 0.007217778873830982]
}