{
    "schema_name": "pyscf_qa_output",
    "provenance": {
        "creator": "PySCF",
        "version": "1.7.6"
    },
    "molecule": {
        "geometry": [[0.0, 0.0, 0.0], [0.9, 0.0, 0.0]],
        "symbols": [ "C", "H" ]
    },
    "molecular_charge": 1,
    "molecular_multiplicity": 1,
    "name": "c.h.chrg1.mult1.sep0.90-pyscf-ccsdt.ccpv5z",
    "atomic_numbers": [ 6, 1 ],
    "n_electrons": 6,
    "model": {
        "method": "CCSD(T)",
        "basis": "cc-pV5Z",
        "scf_conv_tol": 1e-09,
        "scf_conv_tol_grad": 1e-06,
        "cc_conv_tol": 1e-05,
        "cc_conv_tol_normt": 1e-07
    },
    "broken_symmetry": false,
    "finite_diff_delta": 0.01,
    "finite_diff_acc": 2,
    "qa_lambdas": [-2.0, -1.75, -1.5, -1.25, -1.0, -0.75, -0.5, -0.25, -0.02, -0.01, 0.0, 0.01, 0.02, 0.25, 0.5, 0.75, 1.0],
    "electronic_energies": [-15.114452771648175, -17.385958000014174, -19.822414815884326, -22.426590834207644, -25.200606820035613, -28.145982158167516, -31.263860009008695, -34.55524168449999, -37.7373964771059, -37.87911300795329, -38.02111022134439, -38.16338817856921, -38.30594694073777, -41.66243771197652, -45.48012109873114, -49.47488711197265, -53.64718705620015],
    "qats_energies": {
        "0": [-38.02111022134435, -38.02111022134435, -38.02111022134435, -38.02111022134435, -38.02111022134435, -38.02111022134435, -38.02111022134435, -38.02111022134435, -38.02111022134435, -38.02111022134435, -38.02111022134435, -38.02111022134435, -38.02111022134435, -38.02111022134435, -38.02111022134435, -38.02111022134435, -38.02111022134435],
        "1": [-9.593593159753006, -13.147032792451924, -16.700472425150842, -20.25391205784976, -23.80735169054868, -27.360791323247597, -30.914230955946515, -34.46767058864543, -37.73683505072844, -37.878972636036394, -38.02111022134435, -38.16324780665231, -38.305385391960264, -41.57454985404327, -45.12798948674219, -48.681429119441106, -52.234868752140024],
        "2": [-15.208469835716393, -17.445922747486392, -19.858840555380247, -22.44722325939796, -25.211070859539525, -28.150383355804948, -31.265160748194226, -34.55540303670736, -37.737396538396034, -37.87911300795329, -38.02111022134435, -38.16338817856921, -38.30594687962786, -41.6622823021052, -45.4789192789899, -49.47102115199846, -53.63858792113087],
        "3": [-15.12686980528002, -17.391257102096404, -19.824415542539903, -22.4273013769672, -25.200870855734976, -28.146080229199903, -31.263885747718657, -34.555243661647914, -37.737396456796006, -37.87911299775329, -38.02111022134435, -38.16338818876921, -38.30594696122789, -41.662441677164644, -45.480194279465465, -49.4753242786035, -53.64878792493542],
        "4": [-15.114855475008632, -17.384214522266905, -19.82061413335247, -22.42546813565382, -25.20011996009302, -28.14584264112569, -31.263838816741035, -34.55524072846181, -37.73739645667586, -37.87911299774578, -38.02111022134435, -38.1633881887617, -38.30594696110775, -41.66243874397854, -45.48014734848785, -49.47508669052928, -53.648037029293455]
    },
    "qats_poly_coeffs": [ -38.02111022134435, -14.213758530795673, -1.4037191689908468, -0.010200003804546515, 0.0007508956419618092 ],
    "hf_energies": [-14.984530683893531, -17.25326769773474, -19.686803669229853, -22.288057598992378, -25.059235141683807, -28.00189250594463, -31.1171779921277, -34.406086755758324, -37.586072479254085, -37.72769714847793, -37.869602714092686, -38.01178923881796, -38.15425678522435, -41.50871316814712, -45.32434148782152, -49.31724289577821, -53.487890254810075],
    "triples_corrections": [-0.0024046550147222012, -0.0024624944603834887, -0.0025341760924028735, -0.002606288804301413, -0.0026681814587774543, -0.002716330300634645, -0.002752253003642746, -0.0027786061265680285, -0.0027959763247225595, -0.002796595127369757, -0.0027972029025029412, -0.002797799682432962, -0.002798385498542579, -0.002808896963679655, -0.0028141591891310542, -0.00281366590631992, -0.0028084452381928375],
    "scf_converged": [true, true, true, true, true, true, true, true, true, true, true, true, true, true, true, true, true],
    "cc_converged": [true, true, true, true, true, true, true, true, true, true, true, true, true, true, true, true, true],
    "t1_diagnostic": [0.01838516291475987, 0.016159155138736475, 0.014254244037594264, 0.01267211105994337, 0.011337580435640168, 0.010211759909411828, 0.009281425612059371, 0.008520477271362351, 0.007935683483263139, 0.007912245632981232, 0.00788895301084689, 0.007865803312801692, 0.007842794259557832, 0.007347541809235982, 0.0068653931483869685, 0.006420857492038317, 0.005999314351489733]
}