{
    "schema_name": "pyscf_apdft_output",
    "provenance": {
        "creator": "PySCF",
        "version": "1.7.6"
    },
    "molecule": {
        "geometry": [[0.0, 0.0, 0.0], [0.7, 0.0, 0.0]],
        "symbols": [ "Li", "H" ]
    },
    "molecular_charge": -1,
    "molecular_multiplicity": 2,
    "name": "li.h.chrg-1.mult2.sep0.70-pyscf-uccsdt.ccpv5z",
    "atomic_numbers": [ 3, 1 ],
    "n_electrons": 5,
    "model": {
        "method": "UCCSD(T)",
        "basis": "cc-pV5Z",
        "scf_conv_tol": 1e-09,
        "scf_conv_tol_grad": 1e-06,
        "cc_conv_tol": 1e-05,
        "cc_conv_tol_normt": 1e-07
    },
    "broken_symmetry": false,
    "finite_diff_delta": 0.01,
    "finite_diff_acc": 2,
    "apdft_lambdas": [-0.02, -0.01, 0.0, 0.01, 0.02, 0.25, 0.5, 0.75, 1.0, 1.25, 1.5, 1.75, 2.0, 2.25, 2.5, 2.75, 3.0],
    "electronic_energies": [-7.597376100693521, -7.65593350003402, -7.714747239394547, -7.773817403375974, -7.833144077300382, -9.268585591935205, -10.982570196604243, -12.85413809261696, -14.879774456531788, -17.055480515230528, -19.376528931480916, -21.837359499363256, -24.431649684376538, -27.152513664431453, -29.992763922056113, -32.94517161890292, -36.00268000382582],
    "apdft_energies": {
        "0": [-7.714747239394699, -7.714747239394699, -7.714747239394699, -7.714747239394699, -7.714747239394699, -7.714747239394699, -7.714747239394699, -7.714747239394699, -7.714747239394699, -7.714747239394699, -7.714747239394699, -7.714747239394699, -7.714747239394699, -7.714747239394699, -7.714747239394699, -7.714747239394699, -7.714747239394699],
        "1": [-7.596863336052745, -7.655805287723721, -7.714747239394699, -7.773689191065676, -7.832631142736653, -9.188296031169125, -10.66184482294355, -12.135393614717977, -13.608942406492403, -15.08249119826683, -16.556039990041256, -18.029588781815683, -19.50313757359011, -20.976686365364536, -22.450235157138962, -23.92378394891339, -25.39733274068781],
        "2": [-7.597376185293936, -7.65593350003402, -7.714747239394699, -7.773817403375974, -7.8331439919778445, -9.268428725105322, -10.98237559868834, -12.856587860143748, -14.891065509471552, -17.08580854667175, -19.44081697174434, -21.956090784689323, -24.631629985506706, -27.467434574196474, -30.463504550758643, -33.619839915193204, -36.93644066750015],
        "3": [-7.597376072011968, -7.655933485873773, -7.714747239394699, -7.77381741753622, -7.833144105259813, -9.268649978950428, -10.984145629449188, -12.862561713961618, -14.905225755558355, -17.113465277310034, -19.488607802287298, -22.03198085356079, -24.74491195420113, -27.628728627278967, -30.68475839586494, -33.91432878302968, -37.31876731184383],
        "4": [-7.597376072493383, -7.655933485903862, -7.714747239394699, -7.773817417566308, -7.833144105741229, -9.268661732265763, -10.984333682494547, -12.863513732503742, -14.908234604284083, -17.12081109939433, -19.503840098961298, -22.060200563679814, -24.793053533812767, -27.705842129191062, -30.802291549213663, -34.086409072847545, -37.562484058627746]
    },
    "apdft_poly_coeff": [ -7.714747239394699, -5.894195167097704, -1.282123102979149, -0.014160246086802884, -0.0030088487257273755 ],
    "hf_energies": [-7.509001637145448, -7.567615397032137, -7.626484726335402, -7.685609760849855, -7.744990643394191, -9.181652864124516, -10.89732333313211, -12.770995355733175, -14.798983175573753, -16.977130862404685, -19.300561696922102, -21.763579380267576, -24.35975237418723, -27.082122309594062, -29.923468526662905, -32.876564624474256, -35.93438444440685],
    "triples_corrections": [-0.0010269591676726735, -0.001021741556511414, -0.0010167138805689255, -0.0010118666979749243, -0.001007190154964649, -0.0009258358616786046, -0.0008514199513017999, -0.0007870108358665085, -0.000736370212078666, -0.0006978488473103238, -0.000668977188578069, -0.0006476503777468524, -0.0006322653791290988, -0.0006215336933128069, -0.0006143130010170159, -0.0006094645554456206, -0.0006058134386230567],
    "scf_converged": [true, true, true, true, true, true, true, true, true, true, true, true, true, true, true, true, true],
    "cc_converged": [true, true, true, true, true, true, true, true, true, true, true, true, true, true, true, true, true],
    "scf_spin_squared": [0.7557892998426974, 0.7554307214478899, 0.7551130478838948, 0.7548300214887598, 0.7545765287757851, 0.7520708769134501, 0.7512224201449798, 0.7508240402479196, 0.7506180599805052, 0.7505075212352255, 0.7504498687589836, 0.7504245646522116, 0.7504207084242576, 0.7504318577925653, 0.7504535566268404, 0.7504820463286688, 0.7505136438067455],
    "cc_spin_squared": [0.7500863545450256, 0.7500829884786824, 0.7500799074218794, 0.7500770736781195, 0.7500744558540198, 0.7500420977560778, 0.7500280117329378, 0.7500211491254709, 0.7500173684915222, 0.7500150687283151, 0.750013561783861, 0.7500125111007874, 0.750011741425773, 0.7500111433280503, 0.7500106439009684, 0.7500101898956795, 0.7500097430290866]
}