{
    "schema_name": "pyscf_apdft_output",
    "provenance": {
        "creator": "PySCF",
        "version": "1.7.6"
    },
    "molecule": {
        "geometry": [[0.0, 0.0, 0.0], [1.5, 0.0, 0.0]],
        "symbols": [ "C", "H" ]
    },
    "molecular_charge": 2,
    "molecular_multiplicity": 4,
    "name": "c.h.chrg2.mult4.sep1.50-pyscf-uccsdt.ccpv5z",
    "atomic_numbers": [ 6, 1 ],
    "n_electrons": 5,
    "model": {
        "method": "UCCSD(T)",
        "basis": "cc-pV5Z",
        "scf_conv_tol": 1e-09,
        "scf_conv_tol_grad": 1e-06,
        "cc_conv_tol": 1e-05,
        "cc_conv_tol_normt": 1e-07
    },
    "broken_symmetry": false,
    "finite_diff_delta": 0.01,
    "finite_diff_acc": 2,
    "apdft_lambdas": [-3.0, -2.75, -2.5, -2.25, -2.0, -1.75, -1.5, -1.25, -1.0, -0.75, -0.5, -0.25, -0.02, -0.01, 0.0, 0.01, 0.02],
    "electronic_energies": [-7.860162183721313, -9.433479685758948, -11.151297988268599, -13.017171811519512, -15.034762394107117, -17.20736431564601, -19.537603282917832, -22.027502610426467, -24.678878772125525, -27.493827464509547, -30.47506419315374, -33.62589719175676, -36.67728450405302, -36.81330469389861, -36.94960515429233, -37.086185974651976, -37.22304723933513],
    "apdft_energies": {
        "0": [-36.94960515429235, -36.94960515429235, -36.94960515429235, -36.94960515429235, -36.94960515429235, -36.94960515429235, -36.94960515429235, -36.94960515429235, -36.94960515429235, -36.94960515429235, -36.94960515429235, -36.94960515429235, -36.94960515429235, -36.94960515429235, -36.94960515429235, -36.94960515429235, -36.94960515429235],
        "1": [3.982586958712723, 0.5715709492956336, -2.839445060121456, -6.250461069538545, -9.661477078955635, -13.072493088372724, -16.483509097789813, -19.894525107206903, -23.305541116623992, -26.71655712604108, -30.12757313545817, -33.53858914487526, -36.67672387353898, -36.813164513915666, -36.94960515429235, -37.08604579466903, -37.22248643504572],
        "2": [-8.633611506099378, -10.02954026072009, -11.600693994018748, -13.347072705995352, -15.268676396649902, -17.365505065982397, -19.63755871399284, -22.084837340681226, -24.70734094604756, -27.505069530091838, -30.478023092814063, -33.62620163421423, -36.67728459347075, -36.81330469389861, -36.94960515429235, -37.086185974651976, -37.223047154977486],
        "3": [-8.242616909399821, -9.728374862452085, -11.374423972780583, -13.182121860512726, -15.152826145775958, -17.287894448697706, -19.588684389405394, -22.056553588026453, -24.692859664688314, -27.498960239518407, -30.476212932644156, -33.625975364192996, -36.6772844776205, -36.81330467941733, -36.94960515429235, -37.086185989133256, -37.223047270827735],
        "4": [-6.534839789680454, -8.522570232349306, -10.550843185878882, -12.641770506226521, -14.815487455461021, -17.09015270176261, -19.481948319422933, -22.005079788845098, -24.67177599654363, -27.492289235144504, -30.474895203385113, -33.6258930061143, -36.67728447424712, -36.81330467920649, -36.94960515429235, -37.08618598892242, -37.22304726745435]
    },
    "apdft_poly_coeff": [ -36.94960515429235, -13.644064037668358, -1.4017998294235667, -0.01448128135924283, 0.021083668144683543 ],
    "hf_energies": [-7.809618288055758, -9.38267072491424, -11.10014259127521, -12.965756767482052, -14.983313004917193, -17.156161977292975, -19.486870717608436, -21.977328257870674, -24.629212352322646, -27.44453354048935, -30.426025952996234, -33.57715301677006, -36.62903745416749, -36.76508629535473, -36.90141603291546, -37.03802675731864, -37.17491855343063],
    "triples_corrections": [-0.00014317386525448437, -0.0001411580678791962, -0.00014760985397133203, -0.00015743231440337648, -0.00016643701811560596, -0.0001720071417701709, -0.00017375451608644114, -0.00017295760459715547, -0.0001711134658012782, -0.00016878677597771904, -0.00016524198077664767, -0.00015890864889611263, -0.00014966909642440086, -0.0001491952765912516, -0.000148716128839515, -0.00014823176868177657, -0.0001477423159962199],
    "scf_converged": [true, true, true, true, true, true, true, true, true, true, true, true, true, true, true, true, true],
    "cc_converged": [true, true, true, true, true, true, true, true, true, true, true, true, true, true, true, true, true],
    "scf_spin_squared": [3.7500117776183153, 3.7500085294323564, 3.750007546071388, 3.7500075284334553, 3.7500079588239217, 3.7500085346947545, 3.7500090283148295, 3.750009295063581, 3.7500092904327174, 3.75000905963001, 3.750008729876531, 3.750008494360669, 3.7500085010446202, 3.7500085067261035, 3.7500085128187695, 3.750008519314531, 3.750008526204831],
    "cc_spin_squared": [3.750000616152063, 3.750000429386901, 3.7500003660429195, 3.7500003483097846, 3.7500003434763043, 3.7500003361837067, 3.75000032185188, 3.750000302438982, 3.750000281698547, 3.7500002622438475, 3.7500002446876883, 3.750000227840233, 3.750000211314446, 3.7500002105579577, 3.7500002097981784, 3.7500002090351376, 3.750000208268868]
}