{
    "schema_name": "pyscf_apdft_output",
    "provenance": {
        "creator": "PySCF",
        "version": "1.7.6"
    },
    "molecule": {
        "geometry": [[0.0, 0.0, 0.0], [1.3, 0.0, 0.0]],
        "symbols": [ "B", "H" ]
    },
    "molecular_charge": -1,
    "molecular_multiplicity": 4,
    "name": "b.h.chrg-1.mult4.sep1.30-pyscf-uccsdt.ccpv5z",
    "atomic_numbers": [ 5, 1 ],
    "n_electrons": 7,
    "model": {
        "method": "UCCSD(T)",
        "basis": "cc-pV5Z",
        "scf_conv_tol": 1e-09,
        "scf_conv_tol_grad": 1e-06,
        "cc_conv_tol": 1e-05,
        "cc_conv_tol_normt": 1e-07
    },
    "broken_symmetry": false,
    "finite_diff_delta": 0.01,
    "finite_diff_acc": 2,
    "apdft_lambdas": [-0.02, -0.01, 0.0, 0.01, 0.02, 0.25, 0.5, 0.75, 1.0, 1.25, 1.5, 1.75, 2.0, 2.25, 2.5, 2.75, 3.0],
    "electronic_energies": [-25.00011870144827, -25.116244403000767, -25.23266674615146, -25.34938590859981, -25.466402064225544, -28.240073948745632, -31.43474751508133, -34.81725926588437, -38.387470027691805, -42.144805665927606, -46.088245120837485, -50.216274852363796, -54.52686170754704, -59.01735923812433, -63.684298507550544, -68.52316870203947, -73.5283714655032],
    "apdft_energies": {
        "0": [-25.23266674615148, -25.23266674615148, -25.23266674615148, -25.23266674615148, -25.23266674615148, -25.23266674615148, -25.23266674615148, -25.23266674615148, -25.23266674615148, -25.23266674615148, -25.23266674615148, -25.23266674615148, -25.23266674615148, -25.23266674615148, -25.23266674615148, -25.23266674615148, -25.23266674615148],
        "1": [-24.999525240552437, -25.11609599335196, -25.23266674615148, -25.349237498951002, -25.465808251750524, -28.146935566139522, -31.061204386127564, -33.97547320611561, -36.88974202610365, -39.804010846091685, -42.71827966607973, -45.632548486067776, -48.546817306055814, -51.46108612604385, -54.3753549460319, -57.28962376601994, -60.20389258600798],
        "2": [-25.00011887914767, -25.116244403000767, -25.23266674615148, -25.34938590859981, -25.466401890345757, -28.239691596644814, -31.432228508148732, -34.81027748066323, -38.37383851418832, -42.122911608723996, -46.05749676427025, -50.17759398082708, -54.48320325839451, -58.97432459697252, -63.65095799656111, -68.51310345716028, -73.56076097877005],
        "3": [-25.000118644761546, -25.1162443737025, -25.23266674615148, -25.349385937898077, -25.466402124731882, -28.240149382046994, -31.43589079136616, -34.82263768652206, -38.40313677992774, -42.1801347839963, -46.1563784111408, -50.33461437377431, -54.71758938430989, -59.30805015516063, -64.10874339873959, -69.12241582745985, -74.35181415373447],
        "4": [-25.000118642215135, -25.11624437354335, -25.23266674615148, -25.349385937738926, -25.466402122185475, -28.2400872138366, -31.43489609999985, -34.8176020614801, -38.38722171806677, -42.14127965249978, -46.07580841046961, -50.185348500617266, -54.462948394534294, -58.900164526762744, -63.48706129479525, -68.21221105907493, -73.06269414299547]
    },
    "apdft_poly_coeff": [ -25.23266674615148, -11.657075279952167, -1.484096488084674, -0.029298265739422878, 0.015915061860975282 ],
    "hf_energies": [-24.87871707349985, -24.994712633302914, -25.111006162954233, -25.227597797942515, -25.34448766829067, -28.11549428259163, -31.307424134409967, -34.687115525519175, -38.25460528436099, -42.00968757539166, -45.9516673992116, -50.07919940243791, -54.39026595884802, -58.88211262761864, -63.551064468611784, -68.39237427459518, -73.400261865671],
    "triples_corrections": [-0.0035427934598781822, -0.0035473901544872334, -0.0035517676402421084, -0.0035559291317588315, -0.0035598826635366058, -0.00360609002097794, -0.003609944727171102, -0.0036051652602267317, -0.0035859598502599225, -0.0035323287918348372, -0.0034300077148272765, -0.0032737402224620885, -0.0030642421600750127, -0.002808390207142076, -0.002523094004692333, -0.0022330234404636233, -0.0019601155043660876],
    "scf_converged": [true, true, true, true, true, true, true, true, true, true, true, true, true, true, true, true, true],
    "cc_converged": [true, true, true, true, true, true, true, true, true, true, true, true, true, true, true, true, true],
    "scf_spin_squared": [3.753406370770988, 3.7534218047851278, 3.7534371512057643, 3.7534523708016394, 3.7534674745715737, 3.7537283313621708, 3.75371848364279, 3.753518898114685, 3.7534605953906035, 3.753653561006912, 3.753811495950505, 3.753732081705234, 3.7536342974289534, 3.7538071725170314, 3.7542260747872582, 3.7546448203611833, 3.754874397983765],
    "cc_spin_squared": [3.75033146827444, 3.7503316012003793, 3.7503317205247813, 3.750331826091947, 3.750331918271414, 3.7503305143309333, 3.7503230789052786, 3.7503131641296745, 3.7503037217436312, 3.750294291839048, 3.7502805501979743, 3.7502575315903037, 3.7502240406896723, 3.750184370789875, 3.7501458479696668, 3.7501139760248554, 3.750089948599462]
}