{
    "schema_name": "pyscf_qa_output",
    "provenance": {
        "creator": "PySCF",
        "version": "1.7.6"
    },
    "molecule": {
        "geometry": [[0.0, 0.0, 0.0], [0.9, 0.0, 0.0]],
        "symbols": [ "N", "H" ]
    },
    "molecular_charge": 1,
    "molecular_multiplicity": 4,
    "name": "n.h.chrg1.mult4.sep0.90-pyscf-uccsdt.ccpv5z",
    "atomic_numbers": [ 7, 1 ],
    "n_electrons": 7,
    "model": {
        "method": "UCCSD(T)",
        "basis": "cc-pV5Z",
        "scf_conv_tol": 1e-09,
        "scf_conv_tol_grad": 1e-06,
        "cc_conv_tol": 1e-05,
        "cc_conv_tol_normt": 1e-07
    },
    "broken_symmetry": false,
    "finite_diff_delta": 0.01,
    "finite_diff_acc": 2,
    "qa_lambdas": [-2.0, -1.75, -1.5, -1.25, -1.0, -0.75, -0.5, -0.25, -0.02, -0.01, 0.0, 0.01, 0.02, 0.25, 0.5, 0.75, 1.0],
    "electronic_energies": [-25.16006265950598, -28.19400932449209, -31.41028029083601, -34.81192360464296, -38.401353622466395, -42.18044981215157, -46.150758688408445, -50.31367603088741, -54.31481424294634, -54.492515703979464, -54.6705293956555, -54.84885539407264, -55.027493774927656, -59.222561368897395, -63.97085437115608, -68.91623232940746, -74.05916095199781],
    "qats_energies": {
        "0": [-54.67052939565549, -54.67052939565549, -54.67052939565549, -54.67052939565549, -54.67052939565549, -54.67052939565549, -54.67052939565549, -54.67052939565549, -54.67052939565549, -54.67052939565549, -54.67052939565549, -54.67052939565549, -54.67052939565549, -54.67052939565549, -54.67052939565549, -54.67052939565549, -54.67052939565549],
        "1": [-19.03656038633757, -23.49080651250231, -27.94505263866705, -32.39929876483179, -36.85354489099653, -41.30779101716127, -45.76203714332601, -50.21628326949075, -54.31418970556231, -54.4923595506089, -54.67052939565549, -54.84869924070208, -55.02686908574867, -59.12477552182023, -63.57902164798497, -68.03326777414972, -72.48751390031445],
        "2": [-25.282695208784972, -28.273003485938602, -31.458503476293714, -34.83919517985031, -38.41507859660838, -42.18615372656794, -46.152420569728974, -50.31387912609149, -54.31481431904456, -54.492515703979464, -54.67052939565549, -54.84885539407264, -55.02749369923092, -59.22237137842097, -63.969405074387936, -68.91163048355638, -74.0490476059263],
        "3": [-25.18149857075269, -28.205209644444317, -31.415811144623845, -34.81448896939321, -38.40242901685434, -42.180817185109206, -46.15083937225972, -50.31368147640784, -54.31481421784792, -54.492515691329885, -54.67052939565549, -54.84885540672222, -55.02749380042756, -59.22256902810463, -63.97098627185719, -68.91696702501511, -74.06169718568034],
        "4": [-25.15473479437239, -28.189521210096395, -31.407342918503517, -34.81040514121018, -38.40075628083058, -42.18028792097668, -46.15073482625824, -50.313674942282745, -54.314814217580285, -54.49251569131316, -54.67052939565549, -54.848855406705496, -55.02749380015992, -59.22256249397954, -63.970881725855705, -68.91643776088259, -74.06002444965657]
    },
    "qats_poly_coeffs": [ -54.67052939565549, -17.81698450465896, -1.5615337056118506, -0.01264957975403528, 0.0016727360237685691 ],
    "hf_energies": [-25.03132871615029, -28.062098201654806, -31.275713466847186, -34.6751667819137, -38.26270993160973, -42.0400688372334, -46.00871260613172, -50.17003932667918, -54.16982574269243, -54.34747177036824, -54.52543034823279, -54.70370155730525, -54.882285478188464, -59.076202311591295, -63.8235074248354, -68.7682201805188, -73.9108317972209],
    "triples_corrections": [-0.0023892338808116148, -0.002486453678455757, -0.00253640698210218, -0.0025400999218893167, -0.002511585682322861, -0.0024670988086263205, -0.002416665163355033, -0.0023631171793319643, -0.0023098708473666555, -0.002307433696580903, -0.0023049847544658517, -0.002302523832440789, -0.0023000507435535947, -0.0022394151077201633, -0.002164037651955834, -0.0020778727720993768, -0.0019815790770056534],
    "scf_converged": [true, true, true, true, true, true, true, true, true, true, true, true, true, true, true, true, true],
    "cc_converged": [true, true, true, true, true, true, true, true, true, true, true, true, true, true, true, true, true],
    "scf_spin_squared": [3.7539593094732324, 3.7538805440006335, 3.7539355532222443, 3.754048098309996, 3.7541479865580154, 3.7541933007492867, 3.754175154129131, 3.75410801138407, 3.754023192358182, 3.754019297763607, 3.75401539703094, 3.75401149136265, 3.754007581938923, 3.753918945888808, 3.7538324865422945, 3.7537600791453816, 3.7536977929319413],
    "cc_spin_squared": [3.7501766432615584, 3.750168915013603, 3.75016183627604, 3.750153764290303, 3.7501444048092827, 3.750134212686773, 3.7501237999986587, 3.75011359017626, 3.7501045542707274, 3.7501041695143082, 3.7501037854238035, 3.7501034019967427, 3.7501030192304876, 3.7500943961084934, 3.750085367864608, 3.7500766770857394, 3.7500683688099814]
}