{
    "schema_name": "pyscf_qa_output",
    "provenance": {
        "creator": "PySCF",
        "version": "1.7.6"
    },
    "molecule": {
        "geometry": [[0.0, 0.0, 0.0], [1.3, 0.0, 0.0]],
        "symbols": [ "B", "H" ]
    },
    "molecular_charge": 1,
    "molecular_multiplicity": 2,
    "name": "b.h.chrg1.mult2.sep1.30-pyscf-uccsdt.ccpv5z",
    "atomic_numbers": [ 5, 1 ],
    "n_electrons": 5,
    "model": {
        "method": "UCCSD(T)",
        "basis": "cc-pV5Z",
        "scf_conv_tol": 1e-09,
        "scf_conv_tol_grad": 1e-06,
        "cc_conv_tol": 1e-05,
        "cc_conv_tol_normt": 1e-07
    },
    "broken_symmetry": false,
    "finite_diff_delta": 0.01,
    "finite_diff_acc": 2,
    "qa_lambdas": [-2.0, -1.75, -1.5, -1.25, -1.0, -0.75, -0.5, -0.25, -0.02, -0.01, 0.0, 0.01, 0.02, 0.25, 0.5, 0.75, 1.0],
    "electronic_energies": [-8.031283139348428, -9.608637528682701, -11.332754720486799, -13.206708217597889, -15.233054248149067, -17.413899727768086, -19.75117106102305, -22.24683770613757, -24.6844986150113, -24.793588539934227, -24.902938229399407, -25.0125478049765, -25.12241738758876, -27.7214468466681, -30.704093459105916, -33.8522144581186, -37.166603046396844],
    "qats_energies": {
        "0": [-24.902938229399428, -24.902938229399428, -24.902938229399428, -24.902938229399428, -24.902938229399428, -24.902938229399428, -24.902938229399428, -24.902938229399428, -24.902938229399428, -24.902938229399428, -24.902938229399428, -24.902938229399428, -24.902938229399428, -24.902938229399428, -24.902938229399428, -24.902938229399428, -24.902938229399428],
        "1": [-3.0070117251721804, -5.744002538200586, -8.480993351228992, -11.217984164257398, -13.954974977285804, -16.69196579031421, -19.428956603342616, -22.165947416371022, -24.683978964357156, -24.793458596878292, -24.902938229399428, -25.012417861920564, -25.1218974944417, -27.639929042427834, -30.37691985545624, -33.11391066848465, -35.85090148151305],
        "2": [-8.204733962569964, -9.723508626208265, -11.404712109765246, -13.248344413240908, -15.25440553663525, -17.422895479948274, -19.753814243179978, -22.247161826330363, -24.684498736580895, -24.793588539934227, -24.902938229399428, -25.0125478049765, -25.12241726666544, -27.721143452387174, -30.7017774952936, -33.84484035811871, -37.150332040862494],
        "3": [-8.043072018294271, -9.615207753382947, -11.336510977023938, -13.208876165126725, -15.234197793600789, -17.41437033835561, -19.75128827530067, -22.24684608034545, -24.68449857491895, -24.793588519726484, -24.902938229399428, -25.012547825184242, -25.122417428327385, -27.721459198372088, -30.70430346317291, -33.85336549971137, -37.170539783896956],
        "4": [-7.999986838425986, -9.589952011961133, -11.322878556831238, -13.202301888413425, -15.23150496985902, -17.413518312093565, -19.75111997381681, -22.246835561502706, -24.6844985744881, -24.793588519699554, -24.902938229399428, -25.012547825157313, -25.122417427896533, -27.721448679529345, -30.70413516168905, -33.85251347344933, -37.16784696015519]
    },
    "qats_poly_coeffs": [ -24.902938229399428, -10.947963252113624, -1.299430559349446, -0.020207743034461597, 0.0026928237417678247 ],
    "hf_energies": [-7.949360292670297, -9.527400972352975, -11.251991452408973, -13.126198025334386, -15.152497430080986, -17.332883307791167, -19.669206544447817, -22.163454312105895, -24.59950324146842, -24.708518844811064, -24.817793978317315, -24.9273287780589, -25.037123379458375, -27.634404134039137, -30.615219347523446, -33.76170797421454, -37.07469376287355],
    "triples_corrections": [-0.0004896572194815006, -0.0005405035426365928, -0.0006001324163115729, -0.0006644746414404236, -0.0007364705859966744, -0.0008203413537834277, -0.0009162042227675179, -0.0010179191230042185, -0.0011073823834148698, -0.0011110380059197106, -0.0011146685831677995, -0.0011182735329407323, -0.0011218522874918615, -0.0011958623548906989, -0.001255632819739552, -0.0012933625758077508, -0.0013112373176831175],
    "scf_converged": [true, true, true, true, true, true, true, true, true, true, true, true, true, true, true, true, true],
    "cc_converged": [true, true, true, true, true, true, true, true, true, true, true, true, true, true, true, true, true],
    "scf_spin_squared": [0.7500998786924615, 0.7503027468245498, 0.7505999502528731, 0.7510159855353793, 0.7516473328830415, 0.7526551134876076, 0.7542345333383327, 0.7564904351810688, 0.7589678238002251, 0.7590764231948115, 0.7591846122564996, 0.7592923254525532, 0.7593994964282169, 0.7615566904903384, 0.7626328027071931, 0.7619656844774667, 0.7600114770910622],
    "cc_spin_squared": [0.7500064658301416, 0.7500119856034646, 0.7500183330115564, 0.7500246764890126, 0.750030907802253, 0.7500373122121529, 0.7500441576124378, 0.7500511947218345, 0.7500567559245196, 0.7500569605107305, 0.7500571608616315, 0.7500573568599929, 0.7500575483893946, 0.7500604735449437, 0.7500596960619006, 0.7500546640539518, 0.750046650916707]
}