{
    "schema_name": "pyscf_qa_output",
    "provenance": {
        "creator": "PySCF",
        "version": "1.7.6"
    },
    "molecule": {
        "geometry": [[0.0, 0.0, 0.0], [1.0, 0.0, 0.0]],
        "symbols": [ "C", "H" ]
    },
    "molecular_charge": 1,
    "molecular_multiplicity": 3,
    "name": "c.h.chrg1.mult3.sep1.00-pyscf-uccsdt.ccpv5z",
    "atomic_numbers": [ 6, 1 ],
    "n_electrons": 6,
    "model": {
        "method": "UCCSD(T)",
        "basis": "cc-pV5Z",
        "scf_conv_tol": 1e-09,
        "scf_conv_tol_grad": 1e-06,
        "cc_conv_tol": 1e-05,
        "cc_conv_tol_normt": 1e-07
    },
    "broken_symmetry": false,
    "finite_diff_delta": 0.01,
    "finite_diff_acc": 2,
    "qa_lambdas": [-2.0, -1.75, -1.5, -1.25, -1.0, -0.75, -0.5, -0.25, -0.02, -0.01, 0.0, 0.01, 0.02, 0.25, 0.5, 0.75, 1.0],
    "electronic_energies": [-15.146701270058168, -17.41037729426746, -19.83880163720638, -22.435292102065837, -25.202380547691916, -28.141892790230223, -31.255286661259763, -34.54395117352215, -37.72554155569547, -37.86728109206633, -38.00930549535774, -38.15161485250017, -38.2942092500562, -41.65274400719031, -45.4755158230115, -49.478588295516815, -53.6625118675887],
    "qats_energies": {
        "0": [-38.00930549535778, -38.00930549535778, -38.00930549535778, -38.00930549535778, -38.00930549535778, -38.00930549535778, -38.00930549535778, -38.00930549535778, -38.00930549535778, -38.00930549535778, -38.00930549535778, -38.00930549535778, -38.00930549535778, -38.00930549535778, -38.00930549535778, -38.00930549535778, -38.00930549535778],
        "1": [-9.575929451973906, -13.13010145739689, -16.684273462819874, -20.23844546824286, -23.792617473665842, -27.346789479088827, -30.90096148451181, -34.455133489934795, -37.72497173492394, -37.86713861514086, -38.00930549535778, -38.1514723755747, -38.29363925579162, -41.56347750078076, -45.11764950620375, -48.67182151162673, -52.225993517049716],
        "2": [-15.27500647070653, -17.493457299864055, -19.890004285856975, -22.46464742868529, -25.217386728349, -28.148222184848102, -31.2571537981826, -34.54418156835249, -37.725541642625814, -37.86728109206633, -38.00930549535778, -38.15161485250017, -38.29420916349349, -41.65252557919846, -45.473841819874536, -49.47325421738601, -53.65076277173287],
        "3": [-15.159344437866338, -17.415972773957442, -19.84120936575252, -22.436409627698914, -25.202928974243974, -28.142122819835045, -31.25534657891947, -34.5439556659446, -37.72554152696378, -37.867281077608574, -38.00930549535778, -38.15161486695792, -38.294209279155524, -41.65275148160635, -45.475649039137664, -49.479353582399064, -53.665220525837896],
        "4": [-15.134834976739029, -17.401605777823, -19.833454419067706, -22.432669780725142, -25.201397132923518, -28.141638135667243, -31.255250838836943, -34.54394968218944, -37.725541526718686, -37.867281077593255, -38.00930549535778, -38.1516148669426, -38.29420927891043, -41.65274549785119, -45.475553299055136, -49.47886889823126, -53.66368868451744]
    },
    "qats_poly_coeffs": [ -38.00930549535778, -14.216688021691937, -1.4247692546831559, -0.014457754105023922, 0.001531841320456806 ],
    "hf_energies": [-15.047143281279725, -17.309261252557864, -19.736152430230696, -22.33124866001715, -25.09703500378179, -28.035217348208896, -31.14716842890918, -34.43426598189905, -37.61434756451524, -37.75602104808528, -37.89797941062442, -38.040222745293896, -38.1827511449125, -41.539789285227926, -45.361041236850355, -49.36278687849497, -53.545632932752675],
    "triples_corrections": [-0.0013065164911981548, -0.001389642322467275, -0.0014626138258856997, -0.0015174815416487324, -0.0015580538801086012, -0.0015935649852307381, -0.0016299069707331113, -0.0016672661508932002, -0.001699537993787901, -0.0017008354872977663, -0.00170212148942017, -0.00170339568026683, -0.001704657741179709, -0.0017296337251420904, -0.0017453471237084415, -0.001746274536929298, -0.0017314255449860827],
    "scf_converged": [true, true, true, true, true, true, true, true, true, true, true, true, true, true, true, true, true],
    "cc_converged": [true, true, true, true, true, true, true, true, true, true, true, true, true, true, true, true, true],
    "scf_spin_squared": [2.001915501475468, 2.0019522453297847, 2.002097176884147, 2.0022812744513434, 2.0024385351707155, 2.0025425872033558, 2.0026071967569608, 2.002660290436275, 2.0027173930421727, 2.0027201855774663, 2.0027230049686118, 2.002725851068923, 2.0027287236924893, 2.002801153056862, 2.0028865403510716, 2.002965309093456, 2.0030276705373726],
    "cc_spin_squared": [2.0000918585486422, 2.000094429147376, 2.000097830143913, 2.0000995237225014, 2.000098690609061, 2.000095921765962, 2.000092145934791, 2.0000879324995715, 2.000083814726117, 2.0000836301621003, 2.000083445087845, 2.000083259496101, 2.000083073379593, 2.000078630598595, 2.000073374327477, 2.0000676046379775, 2.0000613626188324]
}