{
    "schema_name": "pyscf_qa_output",
    "provenance": {
        "creator": "PySCF",
        "version": "1.7.6"
    },
    "molecule": {
        "geometry": [[0.0, 0.0, 0.0], [1.1, 0.0, 0.0]],
        "symbols": [ "C", "H" ]
    },
    "molecular_charge": 0,
    "molecular_multiplicity": 4,
    "name": "c.h.chrg0.mult4.sep1.10-pyscf-uccsdt.ccpv5z",
    "atomic_numbers": [ 6, 1 ],
    "n_electrons": 7,
    "model": {
        "method": "UCCSD(T)",
        "basis": "cc-pV5Z",
        "scf_conv_tol": 1e-09,
        "scf_conv_tol_grad": 1e-06,
        "cc_conv_tol": 1e-05,
        "cc_conv_tol_normt": 1e-07
    },
    "broken_symmetry": false,
    "finite_diff_delta": 0.01,
    "finite_diff_acc": 2,
    "qa_lambdas": [-1.0, -0.75, -0.5, -0.25, -0.02, -0.01, 0.0, 0.01, 0.02, 0.25, 0.5, 0.75, 1.0, 1.25, 1.5, 1.75, 2.0],
    "electronic_energies": [-25.229955747036623, -28.24854663901736, -31.452739029370207, -34.845056687239804, -38.133693620384065, -38.28034173084075, -38.42729585650881, -38.574556076705086, -38.722122470278755, -42.20082829944246, -46.166808199681064, -50.32619886019546, -54.67968450864051, -59.22754000332393, -63.969487681334414, -68.90455612159373, -74.03096554552684],
    "qats_energies": {
        "0": [-38.42729585650883, -38.42729585650883, -38.42729585650883, -38.42729585650883, -38.42729585650883, -38.42729585650883, -38.42729585650883, -38.42729585650883, -38.42729585650883, -38.42729585650883, -38.42729585650883, -38.42729585650883, -38.42729585650883, -38.42729585650883, -38.42729585650883, -38.42729585650883, -38.42729585650883],
        "1": [-23.71657856329218, -27.394257886596343, -31.071937209900504, -34.749616533204666, -38.133081510644494, -38.28018868357666, -38.42729585650883, -38.574403029440994, -38.72151020237316, -42.10497517981299, -45.78265450311715, -49.46033382642131, -53.138013149725474, -56.815692473029635, -60.4933717963338, -64.17105111963795, -67.84873044294213],
        "2": [-25.247051204214834, -28.255148747115335, -31.454555370131168, -34.84527107326233, -38.13369369970086, -38.28034173084075, -38.42729585650883, -38.574556076705086, -38.72212239142953, -42.200629719870655, -46.165272663347814, -50.321224686940305, -54.66848579064813, -59.20705597447128, -63.93693523840977, -68.85812358246358, -73.97062100663274],
        "3": [-25.233870702191687, -28.249588222824322, -31.452907807378274, -34.84506512791822, -38.13369359425685, -38.28034171766025, -38.42729585650883, -38.57455608988559, -38.722122496873546, -42.20083566521477, -46.16692022610071, -50.32678521123132, -54.681666292671274, -59.23279914248524, -63.98141943273789, -68.92876283549388, -74.07606502281791],
        "4": [-25.231922394010233, -28.248971765938784, -31.452786038116933, -34.845057517339384, -38.13369359394512, -38.280341717640766, -38.42729585650883, -38.57455608986611, -38.722122496561816, -42.200828054635934, -46.166798456839366, -50.32616875434578, -54.67971798448982, -59.22804253071411, -63.971556122569275, -68.91048983571392, -74.04489209191465]
    },
    "qats_poly_coeffs": [ -38.42729585650883, -14.710717293216646, -1.5304726409226532, -0.013180502023146799, 0.0019483081814541947 ],
    "hf_energies": [-25.104650443202853, -28.120057647847997, -31.321587026179877, -34.711491117422874, -37.99797328099635, -38.14452860868811, -38.29139005321318, -38.43855769962736, -38.586031632864625, -42.06266054991757, -46.02659282463728, -50.18432913806325, -54.53670190094014, -59.08406010232918, -63.826118300389915, -68.7618355459847, -73.88933448593765],
    "triples_corrections": [-0.002892740317634425, -0.0030038273149540374, -0.0030406645094896846, -0.0030338894697729377, -0.0030117482059231373, -0.0030105975836528316, -0.003009433055107853, -0.0030082545828799536, -0.0030070620976421153, -0.002975222253155482, -0.0029267774696676006, -0.002856131410761318, -0.0027573003535588544, -0.0026286916184320784, -0.0024737167933090378, -0.0023000706530900356, -0.0021177607475230038],
    "scf_converged": [true, true, true, true, true, true, true, true, true, true, true, true, true, true, true, true, true],
    "cc_converged": [true, true, true, true, true, true, true, true, true, true, true, true, true, true, true, true, true],
    "scf_spin_squared": [3.7538927830623825, 3.7540827475024425, 3.7542868981378303, 3.7543784078295968, 3.7543297203701234, 3.7543251205660533, 3.754320350606288, 3.7543154157179774, 3.7543103212188953, 3.7541621533333602, 3.7539889454153665, 3.7538703705483707, 3.753837470876472, 3.753887762369653, 3.7539958207381736, 3.7541195441998787, 3.754211394753969],
    "cc_spin_squared": [3.750236656562981, 3.7502353122808914, 3.75022903675889, 3.7502186575758643, 3.750207124544863, 3.7502066021607914, 3.750206078749261, 3.7502055543788, 3.7502050291151257, 3.750192810934698, 3.7501793822167113, 3.7501654815299843, 3.7501504982610987, 3.7501341606735474, 3.7501169772722975, 3.7501000734260637, 3.7500845976786925]
}