{
    "schema_name": "pyscf_apdft_output",
    "provenance": {
        "creator": "PySCF",
        "version": "1.7.6"
    },
    "molecule": {
        "geometry": [[0.0, 0.0, 0.0], [0.9, 0.0, 0.0]],
        "symbols": [ "B", "H" ]
    },
    "molecular_charge": 2,
    "molecular_multiplicity": 3,
    "name": "b.h.chrg2.mult3.sep0.90-pyscf-uccsdt.ccpv5z",
    "atomic_numbers": [ 5, 1 ],
    "n_electrons": 4,
    "model": {
        "method": "UCCSD(T)",
        "basis": "cc-pV5Z",
        "scf_conv_tol": 1e-09,
        "scf_conv_tol_grad": 1e-06,
        "cc_conv_tol": 1e-05,
        "cc_conv_tol_normt": 1e-07
    },
    "broken_symmetry": false,
    "finite_diff_delta": 0.01,
    "finite_diff_acc": 2,
    "apdft_lambdas": [-2.0, -1.75, -1.5, -1.25, -1.0, -0.75, -0.5, -0.25, -0.02, -0.01, 0.0, 0.01, 0.02],
    "electronic_energies": [-7.784704642279707, -9.275023556875242, -10.907899653466245, -12.684873767291137, -14.607035020448958, -16.675107337474845, -18.889690089838034, -21.25139010585982, -23.55461459830702, -23.657598122862158, -23.760818870846133, -23.864276873306256, -23.96797216084855],
    "apdft_energies": {
        "0": [-23.760818870846126, -23.760818870846126, -23.760818870846126, -23.760818870846126, -23.760818870846126, -23.760818870846126, -23.760818870846126, -23.760818870846126, -23.760818870846126, -23.760818870846126, -23.760818870846126, -23.760818870846126, -23.760818870846126],
        "1": [-3.092943826436315, -5.676428206987541, -8.259912587538768, -10.843396968089994, -13.42688134864122, -16.010365729192447, -18.593850109743673, -21.1773344902949, -23.554140120402028, -23.657479495624077, -23.760818870846126, -23.864158246068175, -23.967497621290224],
        "2": [-7.838033349662258, -9.309387373207404, -10.92902544435336, -12.696947563100128, -14.613153729447706, -16.677643943396095, -18.890418204945295, -21.251476514095305, -23.55461462935435, -23.657598122862158, -23.760818870846126, -23.864276873306256, -23.967972130242547],
        "3": [-7.796931126407699, -9.281852094738039, -10.911685443917843, -12.68691284062587, -14.608015951540887, -16.675476443341655, -18.889775982706944, -21.25139623631551, -23.55461458825213, -23.65759811772438, -23.760818870846126, -23.864276878444034, -23.96797217134477],
        "4": [-7.767507078024714, -9.264604257783073, -10.902375491109165, -12.682423087149463, -14.60617694851695, -16.674894571291112, -18.889661045017945, -21.25138905270995, -23.554614587957886, -23.65759811770599, -23.760818870846126, -23.864276878425645, -23.96797217105053]
    },
    "apdft_poly_coeff": [ -23.760818870846126, -10.333937522204906, -1.1862723808064857, -0.005137777906819943, 0.0018390030239364326 ],
    "hf_energies": [-7.738874106219472, -9.230591632154203, -10.864917865241297, -12.643395043532957, -14.56709451414617, -16.63671298879935, -18.85282757571371, -21.21603569762513, -23.52062928918503, -23.62367206811348, -23.72695205502831, -23.830469281917143, -23.934223780335223],
    "triples_corrections": [-0.0001186176841593505, -9.698814243733774e-05, -8.176626951142724e-05, -7.047233931076137e-05, -6.173687823999338e-05, -5.4819222824272805e-05, -4.9252926053759645e-05, -4.469199512007668e-05, -4.114796250944442e-05, -4.100515469247364e-05, -4.086317792760542e-05, -4.072201995020916e-05, -4.058166861617026e-05],
    "scf_converged": [true, true, true, true, true, true, true, true, true, true, true, true, true],
    "cc_converged": [true, true, true, true, true, true, true, true, true, true, true, true, true],
    "scf_spin_squared": [2.0001166762221714, 2.0000737150012498, 2.0000504100631993, 2.0000371662798617, 2.000029168814246, 2.0000240226344443, 2.00002051893317, 2.0000180232552127, 2.0000163134942337, 2.000016248994516, 2.0000161852198715, 2.000016122160269, 2.000016059805892],
    "cc_spin_squared": [2.0000019607013098, 2.000001121813402, 2.000000689073207, 2.000000454506031, 2.0000003201770995, 2.0000002390807574, 2.0000001876977045, 2.000000153614585, 2.0000001315705616, 2.0000001307573343, 2.000000129954412, 2.000000129161588, 2.0000001283787094]
}