{
    "schema_name": "pyscf_qa_output",
    "provenance": {
        "creator": "PySCF",
        "version": "1.7.6"
    },
    "molecule": {
        "geometry": [[0.0, 0.0, 0.0], [1.8, 0.0, 0.0]],
        "symbols": [ "Be", "H" ]
    },
    "molecular_charge": -1,
    "molecular_multiplicity": 1,
    "name": "be.h.chrg-1.mult1.sep1.80-pyscf-ccsdt.ccpv5z",
    "atomic_numbers": [ 4, 1 ],
    "n_electrons": 6,
    "model": {
        "method": "CCSD(T)",
        "basis": "cc-pV5Z",
        "scf_conv_tol": 1e-09,
        "scf_conv_tol_grad": 1e-06,
        "cc_conv_tol": 1e-05,
        "cc_conv_tol_normt": 1e-07
    },
    "broken_symmetry": false,
    "finite_diff_delta": 0.01,
    "finite_diff_acc": 2,
    "qa_lambdas": [-0.02, -0.01, 0.0, 0.01, 0.02, 0.25, 0.5, 0.75, 1.0, 1.25, 1.5, 1.75, 2.0, 2.25, 2.5, 2.75, 3.0],
    "electronic_energies": [-15.058726868219184, -15.144615740178306, -15.230770058323754, -15.317189981195636, -15.40387556162108, -17.471250107503714, -19.878884001191313, -22.45368547427365, -25.195329548331515, -28.103197210732322, -31.175917928611685, -34.4111068213199, -37.805715684302534, -41.35696716450003, -45.06319019480604, -48.922817927702155, -52.93106980054181],
    "qats_energies": {
        "0": [-15.230770058323762, -15.230770058323762, -15.230770058323762, -15.230770058323762, -15.230770058323762, -15.230770058323762, -15.230770058323762, -15.230770058323762, -15.230770058323762, -15.230770058323762, -15.230770058323762, -15.230770058323762, -15.230770058323762, -15.230770058323762, -15.230770058323762, -15.230770058323762, -15.230770058323762],
        "1": [-15.058195817306432, -15.144482937815097, -15.230770058323762, -15.317057178832426, -15.403344299341091, -17.387948071040384, -19.545126083757005, -21.702304096473625, -23.859482109190246, -26.016660121906867, -28.173838134623487, -30.331016147340108, -32.48819416005673, -34.64537217277335, -36.80255018548997, -38.95972819820659, -41.11690621092321],
        "2": [-15.05872702675927, -15.144615740178306, -15.230770058323762, -15.317189981195636, -15.403875508793929, -17.47094954804629, -19.87713199178063, -22.44931738952678, -25.187505741284745, -28.09169704705452, -31.16189130683611, -34.398088520629514, -37.800288688434726, -41.368491810251754, -45.10269788608059, -49.002906915921244, -53.069118899773706],
        "3": [-15.05872688584778, -15.14461572256437, -15.230770058323762, -15.317189998809573, -15.40387564970542, -17.47122476580228, -19.879333733828567, -22.456748268938576, -25.20511967766826, -28.126099266553577, -31.22133834213048, -34.492488210934916, -37.94120017950286, -41.569125554370245, -45.377915642073035, -49.369221749147194, -53.544695182128656],
        "4": [-15.058726815372484, -15.144615718159663, -15.230770058323762, -15.317189994404867, -15.403875579230125, -17.469504177547076, -19.851804321745284, -22.31738062026696, -24.76464908433574, -27.050731607050352, -28.991455963384595, -30.361355810187337, -30.89367068618253, -30.280346011969208, -28.172033090021458, -24.178089104688475, -17.866577122194506]
    },
    "qats_poly_coeffs": [ -15.230770058323762, -8.628712050866483, -1.3280236320944994, -0.017613936383516677, 0.44047059333252037 ],
    "hf_energies": [-14.946116139897327, -15.031817135749838, -15.117783349608931, -15.204014948166476, -15.290512090752502, -17.353497710083463, -19.756173398445462, -22.32551335112063, -25.060863359214725, -27.96168409113637, -31.027452552440177, -34.25741682940241, -37.65031600463747, -41.20406469700934, -44.915382854296446, -48.77937748247109, -52.78924600777377],
    "triples_corrections": [-0.0024028104859553237, -0.0024143345557864435, -0.0024258354570229758, -0.002437311687802106, -0.00244875623956432, -0.002704399151578409, -0.002978150194145669, -0.0032752421194796036, -0.003603228156600859, -0.0039305573802272085, -0.004188444953157455, -0.004301150103908681, -0.004222447947728708, -0.003955726973916094, -0.0035928581257940106, -0.003320010174057781, -0.0032387358769068236],
    "scf_converged": [true, true, true, true, true, true, true, true, true, true, true, true, true, true, true, true, true],
    "cc_converged": [true, true, true, true, true, true, true, true, true, true, true, true, true, true, true, true, true],
    "t1_diagnostic": [0.01983880721684355, 0.019741268242348998, 0.01964615229227183, 0.019553400524364217, 0.01946293953026301, 0.017923910275679977, 0.017341836129605766, 0.017837686145274093, 0.01866863243506959, 0.018799609210560432, 0.018022853333740978, 0.018017619420467177, 0.02033873483744265, 0.022264258367490512, 0.019808399050529446, 0.01338461121030525, 0.007501626635136024]
}