{
    "schema_name": "pyscf_qa_output",
    "provenance": {
        "creator": "PySCF",
        "version": "1.7.6"
    },
    "molecule": {
        "geometry": [[0.0, 0.0, 0.0], [0.9, 0.0, 0.0]],
        "symbols": [ "F", "H" ]
    },
    "molecular_charge": 2,
    "molecular_multiplicity": 3,
    "name": "f.h.chrg2.mult3.sep0.90-pyscf-uccsdt.ccpv5z",
    "atomic_numbers": [ 9, 1 ],
    "n_electrons": 8,
    "model": {
        "method": "UCCSD(T)",
        "basis": "cc-pV5Z",
        "scf_conv_tol": 1e-09,
        "scf_conv_tol_grad": 1e-06,
        "cc_conv_tol": 1e-05,
        "cc_conv_tol_normt": 1e-07
    },
    "broken_symmetry": false,
    "finite_diff_delta": 0.01,
    "finite_diff_acc": 2,
    "qa_lambdas": [-3.0, -2.75, -2.5, -2.25, -2.0, -1.75, -1.5, -1.25, -1.0, -0.75, -0.5, -0.25, -0.02, -0.01, 0.0, 0.01, 0.02],
    "electronic_energies": [-38.423289313954385, -42.31436544783891, -46.40276860139368, -50.69144572853377, -55.183013702149466, -59.879735428178414, -64.78357520029827, -69.89628900498631, -75.21950701943003, -80.75478031064137, -86.50358291461443, -92.46727561207686, -98.14468812795165, -98.39569313788972, -98.6470453703277, -98.8987448771549, -99.15079170946842],
    "qats_energies": {
        "0": [-98.64704537032763, -98.64704537032763, -98.64704537032763, -98.64704537032763, -98.64704537032763, -98.64704537032763, -98.64704537032763, -98.64704537032763, -98.64704537032763, -98.64704537032763, -98.64704537032763, -98.64704537032763, -98.64704537032763, -98.64704537032763, -98.64704537032763, -98.64704537032763, -98.64704537032763],
        "1": [-23.18928448055145, -29.477431221366132, -35.765577962180814, -42.053724702995495, -48.34187144381018, -54.63001818462486, -60.91816492543954, -67.20631166625422, -73.4944584070689, -79.78260514788359, -86.07075188869827, -92.35889862951295, -98.14399363106246, -98.39551950069504, -98.64704537032763, -98.89857123996022, -99.1500971095928],
        "2": [-38.81663200154149, -42.60874406886471, -46.61790262953501, -50.844107683552394, -55.28735923091686, -59.947657271628415, -64.82500180568705, -69.91939283309277, -75.23083035384558, -80.75931436794546, -86.50484487539244, -92.46742187618649, -98.14468817984117, -98.39569313788972, -98.64704537032763, -98.8987448771549, -99.15079165837152],
        "3": [-38.58491255790851, -42.430261094631206, -46.48380572928444, -50.746351043269726, -55.21870161798857, -59.901662034842474, -64.79603687523293, -69.90263072056145, -75.22224815222954, -80.7556937516387, -86.50377210019043, -92.46728777928624, -98.14468811118356, -98.39569312930752, -98.64704537032763, -98.8987448857371, -99.15079172702913],
        "4": [-38.317435317551926, -42.24140431048476, -46.354814004575445, -50.661719572688156, -55.16586660754776, -59.87069112173984, -64.77931954771064, -69.89456873776714, -75.218945964077, -80.75464891866855, -86.5035657134309, -92.46727488011378, -98.14468811065521, -98.3956931292745, -98.64704537032763, -98.89874488570408, -99.15079172650078]
    },
    "qats_poly_coeffs": [ -98.64704537032763, -25.152586963258727, -1.7363719467766714, -0.008582201616036398, 0.003302188152550419 ],
    "hf_energies": [-38.22574047299714, -42.1117075202906, -46.195877097848495, -50.48112782740583, -54.969938741439854, -59.66442763780327, -64.56645284861422, -69.67771934410766, -74.99985053490603, -80.53441164757291, -86.28288912107534, -92.24663971464919, -97.92442247922675, -98.17544999229821, -98.42682523720744, -98.67854826274112, -98.93061911687369],
    "triples_corrections": [-0.004582336995569364, -0.004647616811169957, -0.004641388098051481, -0.004566124773444854, -0.0044359529858398515, -0.004269395810940993, -0.00408282286450477, -0.0038872763349383625, -0.0036886058956815864, -0.0034892327489659094, -0.003290046446291287, -0.003091767559873939, -0.002911231939584703, -0.0029034460040984647, -0.0028956664926526113, -0.0028878935507591374, -0.0028801273250811106],
    "scf_converged": [true, true, true, true, true, true, true, true, true, true, true, true, true, true, true, true, true],
    "cc_converged": [true, true, true, true, true, true, true, true, true, true, true, true, true, true, true, true, true],
    "scf_spin_squared": [2.0184589419261476, 2.016620997992484, 2.0152105111392156, 2.014106300639436, 2.013227453274647, 2.0125032980039825, 2.011867611895557, 2.0112602091008167, 2.0106329726549843, 2.0099569038171192, 2.0092256783790594, 2.00845370131063, 2.0077313368621983, 2.007700066378127, 2.007668824283801, 2.0076376125589035, 2.00760643316984],
    "cc_spin_squared": [2.0004019079159834, 2.0003607563846275, 2.0003260171869437, 2.0002926116185646, 2.0002610142345603, 2.0002319309371126, 2.0002055614858953, 2.000181734653267, 2.0001600295634177, 2.000140075683942, 2.0001216521575875, 2.000104718178469, 2.0000905245841336, 2.000089939134704, 2.000089356389157, 2.000088776354893, 2.0000881990389354]
}