{
    "schema_name": "pyscf_qa_output",
    "provenance": {
        "creator": "PySCF",
        "version": "1.7.6"
    },
    "molecule": {
        "geometry": [[0.0, 0.0, 0.0], [1.6, 0.0, 0.0]],
        "symbols": [ "F", "H" ]
    },
    "molecular_charge": 0,
    "molecular_multiplicity": 1,
    "name": "f.h.chrg0.mult1.sep1.60-pyscf-ccsdt.ccpv5z",
    "atomic_numbers": [ 9, 1 ],
    "n_electrons": 10,
    "model": {
        "method": "CCSD(T)",
        "basis": "cc-pV5Z",
        "scf_conv_tol": 1e-09,
        "scf_conv_tol_grad": 1e-06,
        "cc_conv_tol": 1e-05,
        "cc_conv_tol_normt": 1e-07
    },
    "broken_symmetry": false,
    "finite_diff_delta": 0.01,
    "finite_diff_acc": 2,
    "qa_lambdas": [-1.0, -0.75, -0.5, -0.25, -0.02, -0.01, 0.0, 0.01, 0.02, 0.25, 0.5, 0.75, 1.0],
    "electronic_energies": [-75.65718366622383, -81.45193305107853, -87.48586848206428, -93.76209128790492, -99.75314645974451, -100.01839368736582, -100.2840406509922, -100.5500877162712, -100.81653514647672, -107.0561595215905, -114.08391246918106, -121.37105499573268, -128.9170526647194],
    "qats_energies": {
        "0": [-100.28404065076982, -100.28404065076982, -100.28404065076982, -100.28404065076982, -100.28404065076982, -100.28404065076982, -100.28404065076982, -100.28404065076982, -100.28404065076982, -100.28404065076982, -100.28404065076982, -100.28404065076982, -100.28404065076982],
        "1": [-73.69933920550095, -80.34551456681817, -86.99168992813539, -93.6378652894526, -99.75234662186445, -100.01819363631714, -100.28404065076982, -100.54988766522251, -100.8157346796752, -106.93021601208704, -113.57639137340426, -120.22256673472148, -126.8687420960387],
        "2": [-75.69984969229579, -81.47080171564026, -87.4918175498341, -93.76289719487728, -99.75314682605917, -100.01839368736582, -100.28404065076982, -100.5500877162712, -100.81653488386992, -107.05524791751172, -114.07651899510297, -121.34785388354358, -128.86925258283355],
        "3": [-75.64743957101587, -81.4486911957253, -87.48526628467411, -93.76207828673229, -99.7531464067782, -100.0183936349557, -100.28404065076982, -100.55008776868131, -100.81653530315089, -107.05606682565671, -114.08307026026296, -121.36996440345854, -128.92166270411346],
        "4": [-75.21532342074663, -81.31196694505417, -87.45825902528227, -93.7603903330203, -99.7531463376396, -100.01839363063453, -100.28404065076982, -100.55008776436016, -100.8165352340123, -107.05437887194473, -114.05606300087113, -121.23324015278742, -128.4895465538442]
    },
    "qats_poly_coeffs": [ -100.28404065076982, -26.584701445268877, -2.0005104867948376, -0.05241012127991476, 0.4321161502692424 ],
    "hf_energies": [-75.28789627714801, -81.06976450793611, -87.09489566288175, -93.36819638046595, -99.36259615493421, -99.62811648740433, -99.89404637177994, -100.16038598839212, -100.42713551364922, -106.67585173657115, -113.71550407562746, -121.01300390271855, -128.56666539920676],
    "triples_corrections": [-0.016401838566985093, -0.016409457014407835, -0.016018992792140512, -0.015565816500357108, -0.01499413152865232, -0.014958374997260592, -0.014921295471643963, -0.014882853378781294, -0.014842990474301147, -0.013472463444681542, -0.011161158450709153, -0.008873669882740678, -0.007198697957884893],
    "scf_converged": [true, true, true, true, true, true, true, true, true, true, true, true, true],
    "cc_converged": [true, true, true, true, true, true, true, true, true, true, true, true, true],
    "t1_diagnostic": [0.042368495557425806, 0.033499775177423086, 0.022623915505073172, 0.017352223487119005, 0.020768813653444882, 0.020966811955796662, 0.021162029686708196, 0.021353882315981676, 0.021541665402181154, 0.023821382617096272, 0.020958311658555006, 0.015362780330739855, 0.010472800651542382]
}