{
    "schema_name": "pyscf_qa_output",
    "provenance": {
        "creator": "PySCF",
        "version": "1.7.6"
    },
    "molecule": {
        "geometry": [[0.0, 0.0, 0.0], [1.9, 0.0, 0.0]],
        "symbols": [ "B", "H" ]
    },
    "molecular_charge": 2,
    "molecular_multiplicity": 1,
    "name": "b.h.chrg2.mult1.sep1.90-pyscf-ccsdt.ccpv5z",
    "atomic_numbers": [ 5, 1 ],
    "n_electrons": 4,
    "model": {
        "method": "CCSD(T)",
        "basis": "cc-pV5Z",
        "scf_conv_tol": 1e-09,
        "scf_conv_tol_grad": 1e-06,
        "cc_conv_tol": 1e-05,
        "cc_conv_tol_normt": 1e-07
    },
    "broken_symmetry": false,
    "finite_diff_delta": 0.01,
    "finite_diff_acc": 2,
    "qa_lambdas": [-2.0, -1.75, -1.5, -1.25, -1.0, -0.75, -0.5, -0.25, -0.02, -0.01, 0.0, 0.01, 0.02],
    "electronic_energies": [-8.05539733650428, -9.551049146031191, -11.184580206515498, -12.959887324843738, -14.880971761232912, -16.951556100900316, -19.17598242112754, -21.560409795088926, -23.900729231448665, -24.005709061445312, -24.11095760364398, -24.216474723910395, -24.32226027351543],
    "qats_energies": {
        "0": [-24.110957603643993, -24.110957603643993, -24.110957603643993, -24.110957603643993, -24.110957603643993, -24.110957603643993, -24.110957603643993, -24.110957603643993, -24.110957603643993, -24.110957603643993, -24.110957603643993, -24.110957603643993, -24.110957603643993],
        "1": [-3.034391357135771, -5.668962137949297, -8.303532918762826, -10.938103699576354, -13.572674480389882, -16.20724526120341, -18.841816042016937, -21.476386822830463, -23.90019194117891, -24.00557477241145, -24.110957603643993, -24.216340434876535, -24.321723266109075],
        "2": [-8.40595271157272, -9.781563799940088, -11.32503618063361, -13.036369853653287, -14.915564818999119, -16.962621076671105, -19.177538626669246, -21.560317468993542, -23.900729097314354, -24.005709061445312, -24.110957603643993, -24.216474723910395, -24.32226042224452],
        "3": [-8.594528311744916, -9.907894719586693, -11.404591511956255, -13.082408818539077, -14.939136769020644, -16.972565493086435, -19.180485120421938, -21.560685780712628, -23.900729285889955, -24.005709085017262, -24.110957603643993, -24.216474700338445, -24.322260233668917],
        "4": [-7.621542353275409, -9.337548214145949, -11.096732673534262, -12.933942943528471, -14.8783251466163, -16.953324315685062, -19.176684394021667, -21.560448235312613, -23.900729276160096, -24.005709084409148, -24.110957603643993, -24.216474699730327, -24.322260223939058]
    },
    "qats_poly_coeffs": [ -24.110957603643993, -10.53828312325411, -1.3428903386092372, 0.023571950021524415, 0.060811622404344234 ],
    "hf_energies": [-7.9787074324178935, -9.474117984778669, -11.106442862055449, -12.879467693627527, -14.797938632963959, -16.867211587238746, -19.092695955647624, -21.479153646455995, -23.81967131703347, -23.924603922794894, -24.029800839592095, -24.135262025221863, -24.240987429903356],
    "triples_corrections": [-0.0001486880543910082, -0.00017931196589360385, -0.00023713386785353022, -0.0003260028610150581, -0.00043002055456385944, -0.0005084492044320361, -0.0005304292695509594, -0.0005174049712132547, -0.0005169520854828359, -0.0005174015138217657, -0.0005178803418208207, -0.0005183866547397599, -0.0005189184860910271],
    "scf_converged": [true, true, true, true, true, true, true, true, true, true, true, true, true],
    "cc_converged": [true, true, true, true, true, true, true, true, true, true, true, true, true],
    "t1_diagnostic": [0.011026379540057949, 0.01467810165090017, 0.019004289051570814, 0.022738275444252113, 0.024049896718805593, 0.022982171661506595, 0.020735786912512492, 0.016814392898984166, 0.014779144328831406, 0.014775353334633371, 0.014776697699898896, 0.014782680652015863, 0.0147927908471696]
}