{
    "schema_name": "pyscf_qa_output",
    "provenance": {
        "creator": "PySCF",
        "version": "1.7.6"
    },
    "molecule": {
        "geometry": [[0.0, 0.0, 0.0], [0.8, 0.0, 0.0]],
        "symbols": [ "Ne", "H" ]
    },
    "molecular_charge": 1,
    "molecular_multiplicity": 3,
    "name": "ne.h.chrg1.mult3.sep0.80-pyscf-uccsdt.ccpv5z",
    "atomic_numbers": [ 10, 1 ],
    "n_electrons": 10,
    "model": {
        "method": "UCCSD(T)",
        "basis": "cc-pV5Z",
        "scf_conv_tol": 1e-09,
        "scf_conv_tol_grad": 1e-06,
        "cc_conv_tol": 1e-05,
        "cc_conv_tol_normt": 1e-07
    },
    "broken_symmetry": false,
    "finite_diff_delta": 0.01,
    "finite_diff_acc": 2,
    "qa_lambdas": [-2.0, -1.75, -1.5, -1.25, -1.0, -0.75, -0.5, -0.25, -0.02, -0.01, 0.0, 0.01, 0.02],
    "electronic_energies": [-75.58302001794705, -81.34014691557805, -87.32503112209028, -93.54057422113516, -99.9897816946525, -106.67563155347482, -113.60066872676448, -120.76653145289342, -127.5723397570911, -127.87287892829714, -128.17380410653305, -128.47511526009487, -128.77681235626036],
    "qats_energies": {
        "0": [-128.17380410653305, -128.17380410653305, -128.17380410653305, -128.17380410653305, -128.17380410653305, -128.17380410653305, -128.17380410653305, -128.17380410653305, -128.17380410653305, -128.17380410653305, -128.17380410653305, -128.17380410653305, -128.17380410653305],
        "1": [-67.95017092676039, -75.47812507423197, -83.00607922170356, -90.53403336917515, -98.06198751664672, -105.5899416641183, -113.11789581158989, -120.64584995906148, -127.57156777473533, -127.8726859406342, -128.17380410653305, -128.4749222724319, -128.77604043833077],
        "2": [-75.66967744500266, -81.3883722522612, -87.34830163821483, -93.54946560286353, -99.99186414620729, -106.67549726824612, -113.60036496898003, -120.76646724840901, -127.57233972538715, -127.87287892829715, -128.17380410653305, -128.47511526009487, -128.7768123889826],
        "3": [-75.71262823755487, -81.41714592774052, -87.36642150382279, -93.55995163620148, -99.99723299527632, -106.67776225144712, -113.60103607511365, -120.76655113667572, -127.57233976833794, -127.872878933666, -128.17380410653305, -128.47511525472603, -128.77681234603182],
        "4": [-75.64474582675129, -81.3773545048061, -87.34494308477947, -93.54959360232641, -99.9929903446011, -106.6764198502569, -113.60077090944645, -120.76653456382151, -127.57233976765912, -127.87287893362357, -128.17380410653305, -128.4751152546836, -128.776812345353]
    },
    "qats_poly_coeffs": [ -128.17380410653305, -30.11181658988633, -1.9298766295605674, 0.005368849069024386, 0.004242650675223558 ],
    "hf_energies": [-75.29508631934337, -81.04983869112462, -87.03272773191973, -93.24654422406176, -99.69429301210478, -106.37908206329244, -113.3036493629434, -120.46973016451503, -127.27628475248285, -127.57686629044309, -127.8778345712935, -128.17918955271497, -128.48093119145386],
    "triples_corrections": [-0.0064446392548375515, -0.0061761064766347774, -0.005892745699288768, -0.005608504241654884, -0.005324995467305455, -0.005033961367819406, -0.004727155430319494, -0.004407582698563658, -0.004113766441784197, -0.004101181359484964, -0.004088618786938509, -0.004076079418466978, -0.004063563930201141],
    "scf_converged": [true, true, true, true, true, true, true, true, true, true, true, true, true],
    "cc_converged": [true, true, true, true, true, true, true, true, true, true, true, true, true],
    "scf_spin_squared": [2.004905495192938, 2.004659588457774, 2.004406356421443, 2.00414777720329, 2.0038838052694334, 2.0036164514575363, 2.0033527994281846, 2.0031020867398412, 2.0028878503747736, 2.002878916582398, 2.0028700145340474, 2.002861144178718, 2.002852305459997],
    "cc_spin_squared": [2.0001070646633567, 2.000096890023329, 2.0000873262370322, 2.00007882442115, 2.0000714143924205, 2.0000647082495053, 2.000058110867672, 2.000051350416181, 2.000045196923447, 2.0000449362569515, 2.000044676388484, 2.0000444173415066, 2.000044159139056]
}