{
    "schema_name": "pyscf_apdft_output",
    "provenance": {
        "creator": "PySCF",
        "version": "1.7.6"
    },
    "molecule": {
        "geometry": [[0.0, 0.0, 0.0], [1.6, 0.0, 0.0]],
        "symbols": [ "O", "H" ]
    },
    "molecular_charge": 2,
    "molecular_multiplicity": 4,
    "name": "o.h.chrg2.mult4.sep1.60-pyscf-uccsdt.ccpv5z",
    "atomic_numbers": [ 8, 1 ],
    "n_electrons": 7,
    "model": {
        "method": "UCCSD(T)",
        "basis": "cc-pV5Z",
        "scf_conv_tol": 1e-09,
        "scf_conv_tol_grad": 1e-06,
        "cc_conv_tol": 1e-05,
        "cc_conv_tol_normt": 1e-07
    },
    "broken_symmetry": false,
    "finite_diff_delta": 0.01,
    "finite_diff_acc": 2,
    "apdft_lambdas": [-3.0, -2.75, -2.5, -2.25, -2.0, -1.75, -1.5, -1.25, -1.0, -0.75, -0.5, -0.25, -0.02, -0.01, 0.0, 0.01, 0.02],
    "electronic_energies": [-25.178046574866027, -28.19855483837216, -31.401961178542198, -34.79231761166548, -38.37285121163543, -42.1462993452977, -46.11549482600533, -50.28399291927091, -54.65619002079811, -59.236169619880144, -64.02596656215339, -69.02526353468957, -73.80837099408305, -74.02030585000452, -74.23257098536982, -74.44516630085462, -74.65809169774887],
    "apdft_energies": {
        "0": [-74.23257098536973, -74.23257098536973, -74.23257098536973, -74.23257098536973, -74.23257098536973, -74.23257098536973, -74.23257098536973, -74.23257098536973, -74.23257098536973, -74.23257098536973, -74.23257098536973, -74.23257098536973, -74.23257098536973, -74.23257098536973, -74.23257098536973, -74.23257098536973, -74.23257098536973],
        "1": [-10.503503357854044, -15.814258993480351, -21.12501462910666, -26.435770264732966, -31.746525900359273, -37.05728153598558, -42.36803717161189, -47.678792807238196, -52.9895484428645, -58.30030407849081, -63.61105971411712, -68.92181534974343, -73.80771053451963, -74.02014075994468, -74.23257098536973, -74.44500121079479, -74.65743143621984],
        "2": [-25.361608743254266, -28.299194768712482, -31.443143368967924, -34.79345454402059, -38.35012829387048, -42.1131646185176, -46.082563517961944, -50.25832499220351, -54.640449041242306, -59.228935665078325, -64.02378486371157, -69.02499663714204, -73.80837089475898, -74.02030585000452, -74.23257098536973, -74.44516630085462, -74.65809179645919],
        "3": [-25.80718611025739, -28.64240279850481, -31.70100064153918, -34.98143249572503, -38.48215121742697, -42.20160966300954, -46.138260688837335, -50.290557151274925, -54.65695190668687, -59.23589781143775, -64.02584772189213, -69.02525449441461, -73.8083710267819, -74.02030586650739, -74.23257098536973, -74.44516628435176, -74.65809166443627],
        "4": [-26.01432281804344, -28.788655139298385, -31.80089295817983, -35.04697184467297, -38.52306711032298, -42.22559380823496, -46.15120673307396, -50.29680042106496, -54.65950914999287, -59.236706939202534, -64.02600754959876, -69.02526448364627, -73.80837102719106, -74.02030586653295, -74.23257098536973, -74.44516628437734, -74.65809166484543]
    },
    "apdft_poly_coeff": [ -74.23257098536973, -21.24302254250523, -1.6509005983778025, 0.01650286544456018, -0.0025572433060006006 ],
    "hf_energies": [-25.048885575484405, -28.060898672937874, -31.256311108550857, -34.64083702067687, -38.21746987402382, -41.98788338884185, -45.954210131348624, -50.12012949441135, -54.49110029169294, -59.07162797650882, -63.86266145763612, -68.86309114452374, -73.64707045600161, -73.8590409832383, -74.07134167709422, -74.28397244653677, -74.49693320102466],
    "triples_corrections": [-0.0030692450073684977, -0.003603762673833507, -0.003974044414907918, -0.004147186632361745, -0.004167205795533677, -0.0040910105159981044, -0.0039830817265040334, -0.0038676391211914683, -0.0036825531983168468, -0.0033459306084963705, -0.0029491843978478155, -0.002605909095945192, -0.0023557150606958567, -0.002346058672557087, -0.0023364919347209604, -0.002327013408431, -0.0023176216675266418],
    "scf_converged": [true, true, true, true, true, true, true, true, true, true, true, true, true, true, true, true, true],
    "cc_converged": [true, true, true, true, true, true, true, true, true, true, true, true, true, true, true, true, true],
    "scf_spin_squared": [3.755420215862776, 3.7537956666783074, 3.7662189662347325, 3.7842300058758673, 3.7884257075765535, 3.782924538689705, 3.7738844056991208, 3.763771178861365, 3.7560182886088564, 3.7542038912865956, 3.7549898884115374, 3.7554747889271276, 3.7554199107139996, 3.755410620919907, 3.755400927360701, 3.7553908479166287, 3.7553803999966613],
    "cc_spin_squared": [3.7504028994871077, 3.750427842956884, 3.7504806026314625, 3.7505290492572456, 3.7505406093847315, 3.7505143188123897, 3.750471653416445, 3.7504154515882453, 3.7503233614985274, 3.750217156035168, 3.750147010889906, 3.750109804751669, 3.7500890016545507, 3.7500882563171363, 3.750087521137493, 3.7500867958491373, 3.7500860801976046]
}