{
    "schema_name": "pyscf_qa_output",
    "provenance": {
        "creator": "PySCF",
        "version": "1.7.6"
    },
    "molecule": {
        "geometry": [[0.0, 0.0, 0.0], [1.3, 0.0, 0.0]],
        "symbols": [ "C", "H" ]
    },
    "molecular_charge": -1,
    "molecular_multiplicity": 1,
    "name": "c.h.chrg-1.mult1.sep1.30-pyscf-ccsdt.ccpv5z",
    "atomic_numbers": [ 6, 1 ],
    "n_electrons": 8,
    "model": {
        "method": "CCSD(T)",
        "basis": "cc-pV5Z",
        "scf_conv_tol": 1e-09,
        "scf_conv_tol_grad": 1e-06,
        "cc_conv_tol": 1e-05,
        "cc_conv_tol_normt": 1e-07
    },
    "broken_symmetry": false,
    "finite_diff_delta": 0.01,
    "finite_diff_acc": 2,
    "qa_lambdas": [-0.02, -0.01, 0.0, 0.01, 0.02, 0.25, 0.5, 0.75, 1.0, 1.25, 1.5, 1.75, 2.0, 2.25, 2.5, 2.75, 3.0],
    "electronic_energies": [-38.14045262761154, -38.290107262315516, -38.44008211089303, -38.59037737736869, -38.74099324758002, -42.29404601233671, -46.3506636830412, -50.61138322685145, -55.076866396899725, -59.74729537269126, -64.6225541572765, -69.70228013868997, -74.98579626831625, -80.47188425353544, -86.15842604645093, -92.0421059878419, -98.11839248468445],
    "qats_energies": {
        "0": [-38.440082110893066, -38.440082110893066, -38.440082110893066, -38.440082110893066, -38.440082110893066, -38.440082110893066, -38.440082110893066, -38.440082110893066, -38.440082110893066, -38.440082110893066, -38.440082110893066, -38.440082110893066, -38.440082110893066, -38.440082110893066, -38.440082110893066, -38.440082110893066, -38.440082110893066],
        "1": [-38.13981199583989, -38.289947053366475, -38.440082110893066, -38.590217168419656, -38.74035222594624, -42.19345854905774, -45.9468349872224, -49.70021142538707, -53.45358786355174, -57.20696430171641, -60.960340739881076, -64.71371717804574, -68.4670936162104, -72.22047005437508, -75.97384649253975, -79.72722293070441, -83.4805993688691],
        "2": [-38.14045283163604, -38.290107262315516, -38.440082110893066, -38.59037737736869, -38.74099306174239, -42.293589142205796, -46.34735735981465, -50.60138676371963, -55.055677353920736, -59.710229130417964, -64.56504209321132, -69.6201162423008, -74.87545157768639, -80.33104809936813, -85.98690580734598, -91.84302470161995, -97.89940478219006],
        "3": [-38.14045257172795, -38.290107229827, -38.440082110893066, -38.5903774098572, -38.74099332165048, -42.29409677519699, -46.351418423744235, -50.61509285448197, -55.088165865357404, -59.7736832543177, -64.67469081931007, -69.79423435828168, -75.13535966917973, -80.70111254995143, -86.49453879854391, -92.51868421290442, -98.7765945909801],
        "4": [-38.140452559603354, -38.290107229069214, -38.440082110893066, -38.59037740909941, -38.740993309525884, -42.29380076464296, -46.34668225487973, -50.591115999605435, -55.012387163525375, -59.58867665804811, -64.29106114128544, -69.08351301805241, -73.92290043986732, -78.75898730495172, -83.5344332582304, -88.18479369133138, -92.63851974258597]
    },
    "qats_poly_coeffs": [ -38.440082110893066, -15.013505752658673, -1.6020894903689964, -0.03248851143666797, 0.07577870183202624 ],
    "hf_energies": [-37.917013492719114, -38.06641247995605, -38.21613299910635, -38.366175220459496, -38.51653931140707, -42.06409254974508, -46.11515306965239, -50.37062318023788, -54.83134851090691, -59.4979193084366, -64.37065453974593, -69.4494353772555, -74.7334786296923, -80.22111784012716, -85.90964988902418, -91.79530017636161, -97.87333133217012],
    "triples_corrections": [-0.009728817068565309, -0.009742172327941308, -0.00975541322674745, -0.009768547714021065, -0.00978157528992386, -0.010059914589194729, -0.010354503664326234, -0.010676964784121735, -0.01102276686117456, -0.011360435549982062, -0.011650071400091954, -0.011854419650992475, -0.011953265332068532, -0.011959835694482567, -0.011920960294196929, -0.011892329441530652, -0.011910108036816525],
    "scf_converged": [true, true, true, true, true, true, true, true, true, true, true, true, true, true, true, true, true],
    "cc_converged": [true, true, true, true, true, true, true, true, true, true, true, true, true, true, true, true, true],
    "t1_diagnostic": [0.01035656464330334, 0.01036246856888863, 0.010370191139038577, 0.010379605887183164, 0.010390585670203244, 0.010813099414811393, 0.010939435364192158, 0.010432224804521098, 0.009579639114519338, 0.008870252141151199, 0.008651900890137397, 0.008750953444339744, 0.008636479667878144, 0.007975427316031314, 0.006854582121431852, 0.005600284048340491, 0.004502612419810576]
}