{
    "schema_name": "pyscf_apdft_output",
    "provenance": {
        "creator": "PySCF",
        "version": "1.7.6"
    },
    "molecule": {
        "geometry": [[0.0, 0.0, 0.0], [1.0, 0.0, 0.0]],
        "symbols": [ "C", "H" ]
    },
    "molecular_charge": 2,
    "molecular_multiplicity": 2,
    "name": "c.h.chrg2.mult2.sep1.00-pyscf-uccsdt.ccpv5z",
    "atomic_numbers": [ 6, 1 ],
    "n_electrons": 5,
    "model": {
        "method": "UCCSD(T)",
        "basis": "cc-pV5Z",
        "scf_conv_tol": 1e-09,
        "scf_conv_tol_grad": 1e-06,
        "cc_conv_tol": 1e-05,
        "cc_conv_tol_normt": 1e-07
    },
    "broken_symmetry": false,
    "finite_diff_delta": 0.01,
    "finite_diff_acc": 2,
    "apdft_lambdas": [-3.0, -2.75, -2.5, -2.25, -2.0, -1.75, -1.5, -1.25, -1.0, -0.75, -0.5, -0.25, -0.02, -0.01, 0.0, 0.01, 0.02],
    "electronic_energies": [-7.937375044832842, -9.526439150946981, -11.262672590160987, -13.148413883682702, -15.18598483812289, -17.377329868825434, -19.723988759364733, -22.227325955751272, -24.888754873024645, -27.709835749350734, -30.69226602910263, -33.83780832795794, -36.8772501319185, -37.012584115531446, -37.1481842689738, -37.28405068468848, -37.42018345434251],
    "apdft_energies": {
        "0": [-37.14818426897381, -37.14818426897381, -37.14818426897381, -37.14818426897381, -37.14818426897381, -37.14818426897381, -37.14818426897381, -37.14818426897381, -37.14818426897381, -37.14818426897381, -37.14818426897381, -37.14818426897381, -37.14818426897381, -37.14818426897381, -37.14818426897381, -37.14818426897381, -37.14818426897381],
        "1": [3.5718011045813824, 0.1784689901184464, -3.2148631243444825, -6.608195238807415, -10.001527353270347, -13.39485946773328, -16.788191582196212, -20.181523696659145, -23.574855811122077, -26.96818792558501, -30.361520040047942, -33.75485215451087, -36.87671769981677, -37.01245098439529, -37.14818426897381, -37.28391755355233, -37.41965083813084],
        "2": [-8.410001149467163, -9.889573181686231, -11.535559134100417, -13.347959006709722, -15.326772799514146, -17.472000512513688, -19.78364214570835, -22.26169769909813, -24.906167172683027, -27.717050566463044, -30.69434788043818, -33.838059114608434, -36.8772502243614, -37.012584115531446, -37.14818426897381, -37.28405068468848, -37.420183362675466],
        "3": [-7.9957537930499, -9.570497237593997, -11.295832654692283, -13.173198403221189, -15.204032842057178, -17.389774330076698, -19.73186122615619, -22.23173188917211, -24.890824678000904, -27.710577951519024, -30.692430068602913, -33.83781938812903, -36.87725010162144, -37.01258410018895, -37.14818426897381, -37.284050700030974, -37.42018348541542],
        "4": [-7.73390964668458, -9.385617793779634, -11.169557506946653, -13.090349278785286, -15.152310541540572, -17.35945566710297, -19.71549596700836, -22.22383969243801, -24.88759203421862, -27.709555122822284, -30.69222802836652, -33.83780676061425, -36.87725010110422, -37.01258410015662, -37.14818426897381, -37.28405069999865, -37.4201834848982]
    },
    "apdft_poly_coeff": [ -37.14818426897381, -13.57332845785173, -1.3313113615609495, -0.01534249468212086, 0.0032326437822878993 ],
    "hf_energies": [-7.848264086886551, -9.43809730722535, -11.174806117011217, -13.060799808077887, -15.09848051751644, -17.28981643647081, -19.636308451539076, -22.139259124291986, -24.800034188020646, -27.62017753750157, -30.601403892232288, -33.74552069965458, -36.783507944111435, -36.91877639626334, -37.05431086178846, -37.190111437139144, -37.326178217969186],
    "triples_corrections": [-0.0006850209486453226, -0.0006518959188602647, -0.0006462703176399168, -0.0006585519184824193, -0.0006811012825434019, -0.0007105253291092648, -0.0007468547118118137, -0.0007908120048343289, -0.0008420280352583904, -0.0008986434558776108, -0.0009576257317347902, -0.0010153816863561261, -0.001064466014843686, -0.0010664750881276568, -0.0010684724351933046, -0.0010704579180886903, -0.001072431401867012],
    "scf_converged": [true, true, true, true, true, true, true, true, true, true, true, true, true, true, true, true, true],
    "cc_converged": [true, true, true, true, true, true, true, true, true, true, true, true, true, true, true, true, true],
    "scf_spin_squared": [0.7517313662092633, 0.7509642709506497, 0.7506862336836715, 0.7506001033982372, 0.7506206790045993, 0.750718684796124, 0.7508842246152403, 0.7511172061770546, 0.7514186057744376, 0.7517794842312964, 0.7521717548588065, 0.7525465363176629, 0.7528251859942532, 0.7528351802257749, 0.752844974433438, 0.7528545663315942, 0.7528639537245823],
    "cc_spin_squared": [0.7500159659830237, 0.7500139834065986, 0.750013787221403, 0.7500146280422768, 0.7500159387889909, 0.7500172849376889, 0.7500184797639289, 0.7500195210066224, 0.7500204386787745, 0.7500212009719102, 0.7500217101869169, 0.7500218498057756, 0.750021564985794, 0.7500215429075803, 0.7500215200128212, 0.7500214963019756, 0.7500214717756422]
}