{
    "schema_name": "pyscf_qa_output",
    "provenance": {
        "creator": "PySCF",
        "version": "1.7.6"
    },
    "molecule": {
        "geometry": [[0.0, 0.0, 0.0], [1.7, 0.0, 0.0]],
        "symbols": [ "B", "H" ]
    },
    "molecular_charge": 2,
    "molecular_multiplicity": 1,
    "name": "b.h.chrg2.mult1.sep1.70-pyscf-ccsdt.ccpv5z",
    "atomic_numbers": [ 5, 1 ],
    "n_electrons": 4,
    "model": {
        "method": "CCSD(T)",
        "basis": "cc-pV5Z",
        "scf_conv_tol": 1e-09,
        "scf_conv_tol_grad": 1e-06,
        "cc_conv_tol": 1e-05,
        "cc_conv_tol_normt": 1e-07
    },
    "broken_symmetry": false,
    "finite_diff_delta": 0.01,
    "finite_diff_acc": 2,
    "qa_lambdas": [-2.0, -1.75, -1.5, -1.25, -1.0, -0.75, -0.5, -0.25, -0.02, -0.01, 0.0, 0.01, 0.02],
    "electronic_energies": [-8.062247821981876, -9.562922193772355, -11.200733122673586, -12.97887474171638, -14.901046599410861, -16.971110430122245, -19.193064872624753, -21.57140729751621, -23.901651509629442, -24.006105250535274, -24.11082185737438, -24.215801423883434, -24.321044033505352],
    "qats_energies": {
        "0": [-24.11082185737439, -24.11082185737439, -24.11082185737439, -24.11082185737439, -24.11082185737439, -24.11082185737439, -24.11082185737439, -24.11082185737439, -24.11082185737439, -24.11082185737439, -24.11082185737439, -24.11082185737439, -24.11082185737439],
        "1": [-3.1412045225583967, -5.762406689410398, -8.383608856262395, -11.004811023114394, -13.626013189966393, -16.247215356818394, -18.86841752367039, -21.48961969052239, -23.90112568402623, -24.005973770700308, -24.11082185737439, -24.21566994404847, -24.32051803072255],
        "2": [-8.40039792113079, -9.788976635192384, -11.341905142959366, -13.059183444431735, -14.940811539609491, -16.986789428492635, -19.197117111081166, -21.571794587375084, -23.901651603366087, -24.006105250535274, -24.11082185737439, -24.215801423883434, -24.321043950062407],
        "3": [-8.282278194390354, -9.709845646379941, -11.292073383240744, -13.030345620520496, -14.926046573766937, -16.98056045852781, -19.195271490350848, -21.571563884783796, -23.90165148524636, -24.00610523577031, -24.11082185737439, -24.2158014386484, -24.321044068182132],
        "4": [-7.596031520089255, -9.307580444964675, -11.074940646450163, -12.92563268804047, -14.883156156623118, -16.966989662478397, -19.192590839279358, -21.571396344091827, -23.901651478383894, -24.006105235341405, -24.11082185737439, -24.215801438219497, -24.321044061319668]
    },
    "qats_poly_coeffs": [ -24.11082185737439, -10.484808667407997, -1.3147983496430982, -0.014764965842554524, 0.04289041714381862 ],
    "hf_energies": [-7.985577184133263, -9.486789267296237, -11.124594058374024, -12.902009406795615, -14.822860621193618, -16.89161373543643, -19.113003666363092, -21.49150653615902, -23.821579680749892, -23.926002264494137, -24.030685261877228, -24.13562873636417, -24.240832745711785],
    "triples_corrections": [-0.00015350026421631364, -0.00016601463028496758, -0.0001952723706950314, -0.00024373466632549148, -0.0003092779647794492, -0.000378741615993538, -0.0004322669708974172, -0.0004621280760419729, -0.00047922871704598764, -0.00047994624630384687, -0.00048066607342465224, -0.00048138833822180594, -0.00048211311971233694],
    "scf_converged": [true, true, true, true, true, true, true, true, true, true, true, true, true],
    "cc_converged": [true, true, true, true, true, true, true, true, true, true, true, true, true],
    "t1_diagnostic": [0.008222694248865585, 0.010194330386800642, 0.012684509978616478, 0.01544161860160782, 0.017701276900540457, 0.018660757958032584, 0.018254843604808457, 0.016943264709312112, 0.015793931236643084, 0.015762939522572236, 0.015733916472888004, 0.015706849003587597, 0.015681713415516156]
}