{
    "schema_name": "pyscf_qa_output",
    "provenance": {
        "creator": "PySCF",
        "version": "1.7.6"
    },
    "molecule": {
        "geometry": [[0.0, 0.0, 0.0], [0.6, 0.0, 0.0]],
        "symbols": [ "O", "H" ]
    },
    "molecular_charge": 1,
    "molecular_multiplicity": 1,
    "name": "o.h.chrg1.mult1.sep0.60-pyscf-ccsdt.ccpv5z",
    "atomic_numbers": [ 8, 1 ],
    "n_electrons": 8,
    "model": {
        "method": "CCSD(T)",
        "basis": "cc-pV5Z",
        "scf_conv_tol": 1e-09,
        "scf_conv_tol_grad": 1e-06,
        "cc_conv_tol": 1e-05,
        "cc_conv_tol_normt": 1e-07
    },
    "broken_symmetry": false,
    "finite_diff_delta": 0.01,
    "finite_diff_acc": 2,
    "qa_lambdas": [-2.0, -1.75, -1.5, -1.25, -1.0, -0.75, -0.5, -0.25, -0.02, -0.01, 0.0, 0.01, 0.02, 0.25, 0.5, 0.75, 1.0],
    "electronic_energies": [-37.95978679212595, -41.84893755320346, -45.93801492450051, -50.229184304693426, -54.72410986934155, -59.423961662611674, -64.32956442403618, -69.44155474596573, -74.32734670656312, -74.54375208990534, -74.76048937877407, -74.97755860473713, -75.19495979893384, -80.2868797163174, -86.02117497388942, -91.96371987166269, -98.11470884326113],
    "qats_energies": {
        "0": [-74.76048937879406, -74.76048937879406, -74.76048937879406, -74.76048937879406, -74.76048937879406, -74.76048937879406, -74.76048937879406, -74.76048937879406, -74.76048937879406, -74.76048937879406, -74.76048937879406, -74.76048937879406, -74.76048937879406, -74.76048937879406, -74.76048937879406, -74.76048937879406, -74.76048937879406],
        "1": [-31.379837895615395, -36.80241933101273, -42.22500076641006, -47.647582201807396, -53.07016363720473, -58.49274507260206, -63.915326507999396, -69.33790794339673, -74.32668286396228, -74.54358612137817, -74.76048937879406, -74.97739263620996, -75.19429589362585, -80.1830708141914, -85.60565224958873, -91.02823368498606, -96.4508151203834],
        "2": [-38.018578982432786, -41.88520547560729, -45.959292627744844, -50.24084043884544, -54.72984890890908, -59.42631803793576, -64.33024782592548, -69.44163827287825, -74.32734673807096, -74.54375208990534, -74.76048937879406, -74.97755860473713, -75.19495976773453, -80.28680114367292, -86.02057356751482, -91.96180665031976, -98.11050039208774],
        "3": [-37.97677421952215, -41.85719955045427, -45.94165624339192, -50.23063419790046, -54.72462331354525, -59.42411348989164, -64.329594626505, -69.44155662295069, -74.32734669626619, -74.54375208467974, -74.76048937879406, -74.97755860996273, -75.1949598095393, -80.28688279360048, -86.0212267669353, -91.96401119836388, -98.11572598745157],
        "4": [-37.956203533626734, -41.84514139204731, -45.93514754980782, -50.22749536033097, -54.72333764567678, -59.42370669654264, -64.32951427226322, -69.44155160081058, -74.32734669606049, -74.54375208466689, -74.76048937879406, -74.97755860994987, -75.19495980933358, -80.28687777146037, -86.02114641269351, -91.96360440501488, -98.11444031958311]
    },
    "qats_poly_coeffs": [ -74.76048937879406, -21.690325741589334, -1.6596852717043475, -0.0052255953638299, 0.0012856678684632545 ],
    "hf_energies": [-37.730678405094906, -41.614797253987454, -45.69955428995508, -49.98696068117572, -54.47850739026014, -59.1752373320601, -64.0778963523472, -69.18708292404094, -74.07040680193332, -74.28670726183105, -74.5033398274102, -74.72030453032943, -74.93760140211644, -80.0271782396565, -85.7590545568177, -91.69932496284686, -97.84819495675333],
    "triples_corrections": [-0.007875784491705723, -0.008153249504400252, -0.00844445767247325, -0.008757185804464803, -0.00910257286303683, -0.009482745112736373, -0.009896797594424684, -0.010341207469451585, -0.010773658462696163, -0.010792926739486418, -0.010812231730172374, -0.010831573305910818, -0.010850951170416805, -0.011306067196962965, -0.011818704852547383, -0.012345485729758809, -0.012882345574779467],
    "scf_converged": [true, true, true, true, true, true, true, true, true, true, true, true, true, true, true, true, true],
    "cc_converged": [true, true, true, true, true, true, true, true, true, true, true, true, true, true, true, true, true],
    "t1_diagnostic": [0.009251505641172057, 0.007811597187220475, 0.0066993826535433265, 0.005896151841570836, 0.005312587412006665, 0.004863556824653377, 0.004497694537649876, 0.004187344820077035, 0.0039376113717591085, 0.003927402385093281, 0.0039172431614336, 0.0039071332344719, 0.0038970721487926363, 0.0036781977959259755, 0.003464148969481924, 0.003270823962804844, 0.0030951456004498753]
}