{
    "schema_name": "pyscf_apdft_output",
    "provenance": {
        "creator": "PySCF",
        "version": "1.7.6"
    },
    "molecule": {
        "geometry": [[0.0, 0.0, 0.0], [1.1, 0.0, 0.0]],
        "symbols": [ "N", "H" ]
    },
    "molecular_charge": 1,
    "molecular_multiplicity": 4,
    "name": "n.h.chrg1.mult4.sep1.10-pyscf-uccsdt.ccpv5z",
    "atomic_numbers": [ 7, 1 ],
    "n_electrons": 7,
    "model": {
        "method": "UCCSD(T)",
        "basis": "cc-pV5Z",
        "scf_conv_tol": 1e-09,
        "scf_conv_tol_grad": 1e-06,
        "cc_conv_tol": 1e-05,
        "cc_conv_tol_normt": 1e-07
    },
    "broken_symmetry": false,
    "finite_diff_delta": 0.01,
    "finite_diff_acc": 2,
    "apdft_lambdas": [-2.0, -1.75, -1.5, -1.25, -1.0, -0.75, -0.5, -0.25, -0.02, -0.01, 0.0, 0.01, 0.02, 0.25, 0.5, 0.75, 1.0],
    "electronic_energies": [-25.21989005176829, -28.246151644485053, -31.45485164877529, -34.8494300720037, -38.432760825873416, -42.20723982992615, -46.17494724687477, -50.33778835525775, -54.341482039224005, -54.519356836910525, -54.69754924832433, -54.87605937160114, -55.05488730420477, -59.25585798730999, -64.01407220826628, -68.97312425350289, -74.13336722418717],
    "apdft_energies": {
        "0": [-54.69754924832435, -54.69754924832435, -54.69754924832435, -54.69754924832435, -54.69754924832435, -54.69754924832435, -54.69754924832435, -54.69754924832435, -54.69754924832435, -54.69754924832435, -54.69754924832435, -54.69754924832435, -54.69754924832435, -54.69754924832435, -54.69754924832435, -54.69754924832435, -54.69754924832435],
        "1": [-19.02729577926314, -23.486077462895793, -27.944859146528444, -32.403640830161095, -36.862422513793746, -41.3212041974264, -45.77998588105905, -50.2387675646917, -54.34084671363374, -54.519197980979044, -54.69754924832435, -54.875900515669656, -55.05425178301496, -59.156330931957, -63.61511261558965, -68.0738942992223, -72.53267598285495],
        "2": [-25.381533038508252, -28.35104036450533, -31.519117604853818, -34.885764759553716, -38.45098182860502, -42.21476881200774, -46.17712570976187, -50.338052521867404, -54.34148213735966, -54.519356836910525, -54.69754924832435, -54.87605937160114, -55.05488720674089, -59.255615889132706, -64.01225244429247, -68.96745891380365, -74.12123529766623],
        "3": [-25.25113334509466, -28.263682757394275, -31.46410523419496, -34.85392889690391, -38.43468186692833, -42.20789226567538, -46.17508821455228, -50.3377978349662, -54.34148200695997, -54.51935682061056, -54.69754924832435, -54.8760593879011, -55.05488733714058, -59.25587057603391, -64.01428993950206, -68.974335460136, -74.13753525934293],
        "4": [-25.20634688906939, -28.2374297591236, -31.449934519593214, -34.847095026050454, -38.431882713426745, -42.207006596012775, -46.17491326745843, -50.33778690077284, -54.3414820065121, -54.51935682058257, -54.69754924832435, -54.876059387873106, -55.054887336692715, -59.25585964184054, -64.01411499240821, -68.9734497904734, -74.13473610584136]
    },
    "apdft_poly_coeff": [ -54.69754924832435, -17.835126734530604, -1.5885593148112775, -0.016299961676698633, 0.002799153501579591 ],
    "hf_energies": [-25.09208100384985, -28.114285670779033, -31.319315684711142, -34.710591561735896, -38.2908948881947, -42.0625695928877, -46.02773877239015, -50.18842079216482, -54.19056558398821, -54.36838365640068, -54.546520256381676, -54.72497548433006, -54.90374943977459, -59.103733900230786, -63.86141718696998, -68.82044236382288, -73.98107526790862],
    "triples_corrections": [-0.0025780777891087118, -0.002754906047553941, -0.002883578452732703, -0.002960210854797004, -0.002992844238862644, -0.0029920363191327523, -0.0029633341331368286, -0.0029067218650797914, -0.00282824363931857, -0.002824242339956817, -0.0028201920463465377, -0.0028160928337090992, -0.0028119447878748437, -0.0027034250693930544, -0.0025598875794467894, -0.002397080658545514, -0.0022249645129270297],
    "scf_converged": [true, true, true, true, true, true, true, true, true, true, true, true, true, true, true, true, true],
    "cc_converged": [true, true, true, true, true, true, true, true, true, true, true, true, true, true, true, true, true],
    "scf_spin_squared": [3.754816773620101, 3.7545950908824395, 3.7544866778178148, 3.7544067033768993, 3.7542939742653862, 3.75414149694784, 3.753988218525635, 3.753882518872116, 3.753852024649855, 3.7538522536446646, 3.753852609867098, 3.753853092644901, 3.753853701247604, 3.7538998801345795, 3.7540022600026512, 3.7541181481750874, 3.7541988557592134],
    "cc_spin_squared": [3.750217143614107, 3.750214201499575, 3.75021131758355, 3.7502064688818355, 3.750199031291723, 3.7501893177107504, 3.7501778493832796, 3.750164799944404, 3.750151276550465, 3.7501506548309744, 3.7501500303609303, 3.750149403161182, 3.75014877325435, 3.7501336202097413, 3.750116282892521, 3.7500992743536634, 3.7500838091279505]
}