{
    "schema_name": "pyscf_apdft_output",
    "provenance": {
        "creator": "PySCF",
        "version": "1.7.6"
    },
    "molecule": {
        "geometry": [[0.0, 0.0, 0.0], [1.2, 0.0, 0.0]],
        "symbols": [ "N", "H" ]
    },
    "molecular_charge": 0,
    "molecular_multiplicity": 3,
    "name": "n.h.chrg0.mult3.sep1.20-pyscf-uccsdt.ccpv5z",
    "atomic_numbers": [ 7, 1 ],
    "n_electrons": 8,
    "model": {
        "method": "UCCSD(T)",
        "basis": "cc-pV5Z",
        "scf_conv_tol": 1e-09,
        "scf_conv_tol_grad": 1e-06,
        "cc_conv_tol": 1e-05,
        "cc_conv_tol_normt": 1e-07
    },
    "broken_symmetry": false,
    "finite_diff_delta": 0.01,
    "finite_diff_acc": 2,
    "apdft_lambdas": [-1.0, -0.75, -0.5, -0.25, -0.02, -0.01, 0.0, 0.01, 0.02, 0.25, 0.5, 0.75, 1.0, 1.25, 1.5, 1.75, 2.0],
    "electronic_energies": [-38.4867001335144, -42.35552493580329, -46.42579434257, -50.70021032296033, -54.814868214087845, -54.99775103456008, -55.18096684268974, -55.36451574618528, -55.548397852169224, -59.8698886194053, -64.76856130362292, -69.8784010154706, -75.20063778381831, -80.73618968997668, -86.48543398514182, -92.4479427486528, -98.62230560056035],
    "apdft_energies": {
        "0": [-55.18096684268976, -55.18096684268976, -55.18096684268976, -55.18096684268976, -55.18096684268976, -55.18096684268976, -55.18096684268976, -55.18096684268976, -55.18096684268976, -55.18096684268976, -55.18096684268976, -55.18096684268976, -55.18096684268976, -55.18096684268976, -55.18096684268976, -55.18096684268976, -55.18096684268976],
        "1": [-36.8427312614297, -41.42729015674472, -46.01184905205973, -50.59640794737474, -54.81420213106456, -54.99758448687716, -55.18096684268976, -55.36434919850237, -55.547731554314964, -59.76552573800478, -64.3500846333198, -68.93464352863481, -73.51920242394982, -78.10376131926485, -82.68832021457986, -87.27287910989489, -91.8574380052099],
        "2": [-38.50820809062541, -42.3641208731673, -46.42821825935866, -50.70050024919948, -54.81486832179624, -54.99775103456008, -55.18096684268976, -55.36451574618528, -55.54839774504664, -59.86961803982951, -64.76645384061872, -69.8714742450574, -75.18467925314553, -80.70606886488315, -86.43564308027021, -92.37340189930674, -98.51934532199274],
        "3": [-38.49030550928211, -42.356568221663096, -46.42598043669074, -50.70022052136599, -54.81486817857559, -54.9977510166575, -55.18096684268976, -55.36451576408786, -55.548397888267296, -59.869897767663, -64.76869166328663, -69.87902689656161, -75.20258183448884, -80.74103484406928, -86.49606429230386, -92.46934854619352, -98.66256597273916],
        "4": [-38.48786455813719, -42.3557958894649, -46.42582787724419, -50.70021098640058, -54.81486817818504, -54.99775101663309, -55.18096684268976, -55.364515764063455, -55.54839788787674, -59.86988823269759, -64.76853910384008, -69.8782545643634, -75.20014088334392, -80.73507549068813, -86.48370697713273, -92.44645509424453, -98.62351075442052]
    },
    "apdft_poly_coeff": [ -55.18096684268976, -18.338235581260065, -1.6654768291957112, -0.017902581343302394, 0.0024409511449145307 ],
    "hf_energies": [-38.28821146373735, -42.15269141806174, -46.21932776274767, -50.490608511610645, -54.602774669418906, -54.78555863356878, -54.96867645149146, -55.1521282417485, -55.33591412251591, -59.65546444537037, -64.55274611277817, -69.66212294860141, -74.98493240527336, -80.52204861971643, -86.27363412430708, -92.23895917209104, -98.4163504564784],
    "triples_corrections": [-0.006161002596337429, -0.006150165403113347, -0.006033440787243312, -0.005852142081216209, -0.005653420185475137, -0.005644277324948999, -0.005635096129475331, -0.0056258767902877625, -0.005616619467949451, -0.005393209086938613, -0.005125573812811703, -0.004827550310308503, -0.004496022454344237, -0.004133369699969546, -0.003751643532212828, -0.003371968944500031, -0.003016261890881009],
    "scf_converged": [true, true, true, true, true, true, true, true, true, true, true, true, true, true, true, true, true],
    "cc_converged": [true, true, true, true, true, true, true, true, true, true, true, true, true, true, true, true, true],
    "scf_spin_squared": [2.0201043755246606, 2.020813858713462, 2.02286317864606, 2.0262991656838985, 2.030264614588848, 2.030438903716074, 2.03061237509737, 2.0307848951252216, 2.0309563281783207, 2.0342704004278196, 2.0352152853058287, 2.0324476784262195, 2.0270036466589842, 2.020962365681768, 2.015812916648609, 2.0119867256560724, 2.009310909320152],
    "cc_spin_squared": [2.000634901444176, 2.000636321068896, 2.0006549961476328, 2.0006855409901103, 2.0007141151489334, 2.0007151482719774, 2.0007161530260236, 2.0007171280091445, 2.0007180718133872, 2.0007279536370968, 2.0007013047252693, 2.000628147910051, 2.0005193282769405, 2.0003988989692747, 2.0002898757822525, 2.0002043878144207, 2.000143743785902]
}