{
    "schema_name": "pyscf_apdft_output",
    "provenance": {
        "creator": "PySCF",
        "version": "1.7.6"
    },
    "molecule": {
        "geometry": [[0.0, 0.0, 0.0], [1.2, 0.0, 0.0]],
        "symbols": [ "Be", "H" ]
    },
    "molecular_charge": 0,
    "molecular_multiplicity": 4,
    "name": "be.h.chrg0.mult4.sep1.20-pyscf-uccsdt.ccpv5z",
    "atomic_numbers": [ 4, 1 ],
    "n_electrons": 5,
    "model": {
        "method": "UCCSD(T)",
        "basis": "cc-pV5Z",
        "scf_conv_tol": 1e-09,
        "scf_conv_tol_grad": 1e-06,
        "cc_conv_tol": 1e-05,
        "cc_conv_tol_normt": 1e-07
    },
    "broken_symmetry": false,
    "finite_diff_delta": 0.01,
    "finite_diff_acc": 2,
    "apdft_lambdas": [-1.0, -0.75, -0.5, -0.25, -0.02, -0.01, 0.0, 0.01, 0.02, 0.25, 0.5, 0.75, 1.0, 1.25, 1.5, 1.75, 2.0],
    "electronic_energies": [-7.8815172081430935, -9.426968239224038, -11.125230425477119, -12.979789535101247, -14.825368119218856, -14.908647843354684, -14.992180782470776, -15.075966944577726, -15.160006337015378, -17.162812217995498, -19.491694787341963, -21.97854591226498, -24.622645742778765, -27.422722643341796, -30.376900411050478, -33.48267026297406, -36.736848150288075],
    "apdft_energies": {
        "0": [-14.992180782470736, -14.992180782470736, -14.992180782470736, -14.992180782470736, -14.992180782470736, -14.992180782470736, -14.992180782470736, -14.992180782470736, -14.992180782470736, -14.992180782470736, -14.992180782470736, -14.992180782470736, -14.992180782470736, -14.992180782470736, -14.992180782470736, -14.992180782470736, -14.992180782470736],
        "1": [-6.6262257213186615, -8.717714486606681, -10.809203251894699, -12.900692017182717, -14.824861681247695, -14.908521231859215, -14.992180782470736, -15.075840333082258, -15.159499883693778, -17.083669547758756, -19.175158313046772, -21.266647078334792, -23.35813584362281, -25.44962460891083, -27.54111337419885, -29.632602139486867, -31.724090904774886],
        "2": [-7.892340676001979, -9.429904148616046, -11.125731990565528, -12.979824201850425, -14.825368127229568, -14.908647843354684, -14.992180782470736, -15.075966944577726, -15.160006329675651, -17.162801732426463, -19.491687051717605, -21.978836740344157, -24.62425079830613, -27.427929225603513, -30.38987202223631, -33.51007918820453, -36.78855072350815],
        "3": [-7.891061472740144, -9.42936448473996, -11.1255720901578, -12.97980421429946, -14.825368116995943, -14.908647842075482, -14.992180782470736, -15.075966945856928, -15.160006339909277, -17.16282171997743, -19.491846952125332, -21.979376404220247, -24.625530001567967, -27.430427669474287, -30.39418933324501, -33.516934918185925, -36.79878434960284],
        "4": [-7.888265731323993, -9.428479894682505, -11.12539735631929, -12.979793293434552, -14.825368116548624, -14.908647842047523, -14.992180782470736, -15.075966945828972, -15.160006339461958, -17.16281079911252, -19.491672218286823, -21.978491814162794, -24.622734260151816, -27.42360212890751, -30.380035892325743, -33.49071392154461, -36.75405248694443]
    },
    "apdft_poly_coeff": [ -14.992180782470736, -8.365955061152075, -1.2661149546833173, -0.0012792032618354672, 0.0027957414161505767 ],
    "hf_energies": [-7.836966889353483, -9.382218700878573, -11.080498703001245, -12.935542169222218, -14.781908446238614, -14.865228066431293, -14.948801307813907, -15.032628171744385, -15.116708659074257, -17.12055550664057, -19.45073758258703, -21.939019707873108, -24.58464747146823, -27.3863179045237, -30.34213003506634, -33.449564296385205, -36.705443049469835],
    "triples_corrections": [-0.0001463834928899821, -0.00016223163377686965, -0.00017189217308075943, -0.0001733593788367452, -0.0001704440144871379, -0.00017025786619937, -0.00017006758130020256, -0.00016987323169270714, -0.00016967488655672091, -0.000164141980346136, -0.0001564753480459867, -0.00014769090797614015, -0.0001382286697883229, -0.00012828108237499154, -0.00011785018987827875, -0.00010688846263463637, -9.545215052245733e-05],
    "scf_converged": [true, true, true, true, true, true, true, true, true, true, true, true, true, true, true, true, true],
    "cc_converged": [true, true, true, true, true, true, true, true, true, true, true, true, true, true, true, true, true],
    "scf_spin_squared": [3.7500251651243732, 3.7500143727037902, 3.7500100608223796, 3.750008554472148, 3.750008184821185, 3.7500081800054192, 3.7500081758537442, 3.750008172340988, 3.750008169442915, 3.7500082277715148, 3.75000843205263, 3.7500086548729583, 3.7500088146344397, 3.7500088605158655, 3.75000877167867, 3.7500085567205867, 3.7500082442829745],
    "cc_spin_squared": [3.7500008779766656, 3.7500006343165726, 3.7500005297268775, 3.7500004648028535, 3.75000041881614, 3.750000417019868, 3.7500004152376976, 3.7500004134692904, 3.7500004117144066, 3.7500003744561243, 3.7500003386964464, 3.7500003059553744, 3.750000275255922, 3.7500002460167083, 3.750000217821257, 3.750000190400457, 3.7500001637309865]
}