{
    "schema_name": "pyscf_qa_output",
    "provenance": {
        "creator": "PySCF",
        "version": "1.7.6"
    },
    "molecule": {
        "geometry": [[0.0, 0.0, 0.0], [0.9, 0.0, 0.0]],
        "symbols": [ "Li", "H" ]
    },
    "molecular_charge": 0,
    "molecular_multiplicity": 3,
    "name": "li.h.chrg0.mult3.sep0.90-pyscf-uccsdt.ccpv5z",
    "atomic_numbers": [ 3, 1 ],
    "n_electrons": 4,
    "model": {
        "method": "UCCSD(T)",
        "basis": "cc-pV5Z",
        "scf_conv_tol": 1e-09,
        "scf_conv_tol_grad": 1e-06,
        "cc_conv_tol": 1e-05,
        "cc_conv_tol_normt": 1e-07
    },
    "broken_symmetry": false,
    "finite_diff_delta": 0.01,
    "finite_diff_acc": 2,
    "qa_lambdas": [-0.02, -0.01, 0.0, 0.01, 0.02, 0.25, 0.5, 0.75, 1.0, 1.25, 1.5, 1.75, 2.0],
    "electronic_energies": [-7.670674969805338, -7.726856375908151, -7.783269168009545, -7.839913303266944, -7.896788737537838, -9.268643013389791, -10.897637092048432, -12.668661209212823, -14.579147582963182, -16.62531143892241, -18.80207203117853, -21.103167766361132, -23.52144120368201],
    "qats_energies": {
        "0": [-7.783269168009512, -7.783269168009512, -7.783269168009512, -7.783269168009512, -7.783269168009512, -7.783269168009512, -7.783269168009512, -7.783269168009512, -7.783269168009512, -7.783269168009512, -7.783269168009512, -7.783269168009512, -7.783269168009512],
        "1": [-7.670212240650719, -7.7267407043301155, -7.783269168009512, -7.839797631688908, -7.8963260953683045, -9.19648075999442, -10.60969235197933, -12.022903943964238, -13.436115535949146, -14.849327127934055, -16.262538719918965, -17.675750311903872, -19.08896190388878],
        "2": [-7.670674926962863, -7.726856375908151, -7.783269168009512, -7.839913303266944, -7.896788781680448, -9.26877549626688, -10.89887129706917, -12.67355657041638, -14.592831316308509, -16.65669553474556, -18.86514922572753, -21.218192389254423, -23.715825025326232],
        "3": [-7.67067498495292, -7.726856383156909, -7.783269168009512, -7.839913296018187, -7.896788723690391, -9.26866223443641, -10.89796520242541, -12.67049850099369, -14.585582559158428, -16.642537805936808, -18.84068467034601, -21.17934358140321, -23.65783496812559],
        "4": [-7.670674984086163, -7.726856383102736, -7.783269168009512, -7.839913295964014, -7.896788722823634, -9.268641073368721, -10.897626625342372, -12.668784454510817, -14.580165325829842, -16.62931213863069, -18.81325992662004, -21.128535857880024, -23.57115923486821]
    },
    "qats_poly_coeffs": [ -7.783269168009512, -5.652846367939635, -1.156715780359363, 0.007248757150080109, 0.005417233328586235 ],
    "hf_energies": [-7.631779965844039, -7.688049707757781, -7.744551085741274, -7.801284061363791, -7.858248594779768, -9.232232113856982, -10.863739625486755, -12.63748900927249, -14.550860854056008, -16.599968304125937, -18.779603502779445, -21.08338476028648, -23.50406713250879],
    "triples_corrections": [-9.740949865189231e-05, -9.654388050595455e-05, -9.568968983758656e-05, -9.484675481523497e-05, -9.401490638456462e-05, -7.758444084438021e-05, -6.427321068269218e-05, -5.406322445340918e-05, -4.5807299527832174e-05, -3.881188069422845e-05, -3.271526786995237e-05, -2.7358970765044303e-05, -2.2680243738315873e-05],
    "scf_converged": [true, true, true, true, true, true, true, true, true, true, true, true, true],
    "cc_converged": [true, true, true, true, true, true, true, true, true, true, true, true, true],
    "scf_spin_squared": [2.0001160685848505, 2.0001138563966436, 2.0001116977927067, 2.0001095913803004, 2.0001075358045517, 2.0000716590497807, 2.0000492905586946, 2.000036321369648, 2.000028442024198, 2.0000233416927724, 2.000019758324004, 2.0000170111936897, 2.00001475152981],
    "cc_spin_squared": [2.000001964891214, 2.0000019202072163, 2.0000018766809635, 2.000001834282404, 2.0000017929821716, 2.0000010882352957, 2.000000672457401, 2.000000444975078, 2.000000313624253, 2.00000023246554, 2.000000178459337, 2.000000139971126, 2.000000111094282]
}