{
    "schema_name": "pyscf_apdft_output",
    "provenance": {
        "creator": "PySCF",
        "version": "1.7.6"
    },
    "molecule": {
        "geometry": [[0.0, 0.0, 0.0], [0.7, 0.0, 0.0]],
        "symbols": [ "Be", "H" ]
    },
    "molecular_charge": 1,
    "molecular_multiplicity": 1,
    "name": "be.h.chrg1.mult1.sep0.70-pyscf-ccsdt.ccpv5z",
    "atomic_numbers": [ 4, 1 ],
    "n_electrons": 4,
    "model": {
        "method": "CCSD(T)",
        "basis": "cc-pV5Z",
        "scf_conv_tol": 1e-09,
        "scf_conv_tol_grad": 1e-06,
        "cc_conv_tol": 1e-05,
        "cc_conv_tol_normt": 1e-07
    },
    "broken_symmetry": false,
    "finite_diff_delta": 0.01,
    "finite_diff_acc": 2,
    "apdft_lambdas": [-1.0, -0.75, -0.5, -0.25, -0.02, -0.01, 0.0, 0.01, 0.02, 0.25, 0.5, 0.75, 1.0],
    "electronic_energies": [-7.711898922641355, -9.21560287432749, -10.864583962240918, -12.65753993655062, -14.433549458366263, -14.513510418739646, -14.593699749068064, -14.67411742431283, -14.754763419655307, -16.67258232533468, -18.893795031233758, -21.25685013606137, -23.760994511194006],
    "apdft_energies": {
        "0": [-14.593699749068112, -14.593699749068112, -14.593699749068112, -14.593699749068112, -14.593699749068112, -14.593699749068112, -14.593699749068112, -14.593699749068112, -14.593699749068112, -14.593699749068112, -14.593699749068112, -14.593699749068112, -14.593699749068112],
        "1": [-6.563349470408941, -8.570937040073733, -10.578524609738526, -12.586112179403319, -14.433092743494928, -14.51339624628152, -14.593699749068112, -14.674003251854703, -14.754306754641295, -16.601287318732904, -18.608874888397697, -20.61646245806249, -22.624050027727282],
        "2": [-7.705074051668436, -9.2131571170322, -10.8639557550534, -12.657469965732037, -14.433549433327432, -14.513510418739646, -14.593699749068112, -14.67411742431283, -14.754763444473799, -16.672645105061623, -18.89430603371257, -21.258682535020956, -23.765774608986778],
        "3": [-7.70922882863535, -9.214909913565116, -10.864475102174264, -12.657534884122146, -14.433549466565648, -14.513510422894424, -14.593699749068112, -14.674117420158051, -14.754763411235583, -16.672580186671514, -18.893786686591707, -21.25692973848804, -23.761619832019864],
        "4": [-7.710146938667794, -9.21520040931757, -10.864532484051292, -12.65753847048946, -14.433549466712545, -14.513510422903604, -14.593699749068112, -14.674117420167233, -14.75476341138248, -16.67258377303883, -18.893844068468734, -21.257220234240492, -23.762537942052308]
    },
    "apdft_poly_coeff": [ -14.593699749068112, -8.03035027865917, -1.1417245812594956, 0.004154776966913686, -0.0009181100324440195 ],
    "hf_energies": [-7.625089443986077, -9.130733361854638, -10.781566765444223, -12.57629095028935, -14.353857159067868, -14.433884384973146, -14.514139868212233, -14.594623584412219, -14.675335509418792, -16.5946415194481, -18.817411379220346, -21.181961458548887, -23.687523519117264],
    "triples_corrections": [-0.00046204598198560526, -0.0003590654581221381, -0.0002939744482126341, -0.000250216860724202, -0.00022187967869839216, -0.0002208441192826456, -0.00021982294210669886, -0.0002188159390618208, -0.0002178229061540893, -0.0001984238444807079, -0.00018340305678847595, -0.0001731015355760618, -0.00016643170138528916],
    "scf_converged": [true, true, true, true, true, true, true, true, true, true, true, true, true],
    "cc_converged": [true, true, true, true, true, true, true, true, true, true, true, true, true],
    "t1_diagnostic": [0.006510800771495859, 0.004808020129548557, 0.004079997744407485, 0.00375992681966823, 0.0036433141407091803, 0.0036409117082799075, 0.003638702552371947, 0.003636684117865525, 0.0036348539676642547, 0.003640622241163775, 0.0037427183859246637, 0.003946281769767955, 0.004264807526921558]
}