{
    "schema_name": "pyscf_qa_output",
    "provenance": {
        "creator": "PySCF",
        "version": "1.7.6"
    },
    "molecule": {
        "geometry": [[0.0, 0.0, 0.0], [1.9, 0.0, 0.0]],
        "symbols": [ "C", "H" ]
    },
    "molecular_charge": -1,
    "molecular_multiplicity": 1,
    "name": "c.h.chrg-1.mult1.sep1.90-pyscf-ccsdt.ccpv5z",
    "atomic_numbers": [ 6, 1 ],
    "n_electrons": 8,
    "model": {
        "method": "CCSD(T)",
        "basis": "cc-pV5Z",
        "scf_conv_tol": 1e-09,
        "scf_conv_tol_grad": 1e-06,
        "cc_conv_tol": 1e-05,
        "cc_conv_tol_normt": 1e-07
    },
    "broken_symmetry": false,
    "finite_diff_delta": 0.01,
    "finite_diff_acc": 2,
    "qa_lambdas": [-0.02, -0.01, 0.0, 0.01, 0.02, 0.25, 0.5, 0.75, 1.0, 1.25, 1.5, 1.75, 2.0, 2.25, 2.5, 2.75, 3.0],
    "electronic_energies": [-38.08032686524921, -38.2295822999868, -38.37915933423772, -38.52905819973498, -38.67927912583728, -42.22373631772782, -46.27237199006451, -50.52664193234911, -54.98676136499409, -59.652291217435334, -64.52322304618319, -69.60195716049805, -74.89469030745497, -80.40419273943301, -86.12333265446006, -92.04195022454577, -98.15141916148927],
    "qats_energies": {
        "0": [-38.379159334237734, -38.379159334237734, -38.379159334237734, -38.379159334237734, -38.379159334237734, -38.379159334237734, -38.379159334237734, -38.379159334237734, -38.379159334237734, -38.379159334237734, -38.379159334237734, -38.379159334237734, -38.379159334237734, -38.379159334237734, -38.379159334237734, -38.379159334237734, -38.379159334237734],
        "1": [-38.07968343448955, -38.22942138436365, -38.379159334237734, -38.52889728411182, -38.678635233985915, -42.12260808108999, -45.86605682794226, -49.609505574794525, -53.352954321646784, -57.09640306849904, -60.83985181535131, -64.58330056220358, -68.32674930905583, -72.0701980559081, -75.81364680276036, -79.55709554961263, -83.30054429646489],
        "2": [-38.08032709698219, -38.2295822999868, -38.379159334237734, -38.52905819973498, -38.67927889647855, -42.22318034556424, -46.268345885839224, -50.51465595506269, -54.962110553234645, -59.61070968035508, -64.460453336424, -69.5113415214414, -74.76337423540727, -80.21655147832163, -85.87087325018449, -91.72633955099582, -97.78295038075564],
        "3": [-38.080326789587716, -38.22958226156249, -38.379159334237734, -38.529058238159294, -38.67927920387302, -42.223780725393425, -46.27314892447271, -50.5308662104507, -55.00053486230251, -59.68575715900325, -64.59013537952804, -69.71727180285197, -75.07076870795018, -80.65422837379778, -86.47125307936986, -92.52544510364154, -98.82040672558796],
        "4": [-38.080326788004875, -38.22958226146356, -38.379159334237734, -38.529058238060365, -38.67927920229018, -42.223742081883735, -46.27253062831769, -50.52773608616593, -54.990642123822255, -59.66160496544795, -64.54005339097176, -69.62448873608994, -74.91248489226616, -80.40068830673165, -86.08481798248505, -91.9596654782925, -98.0190949086876]
    },
    "qats_poly_coeffs": [ -38.379159334237734, -14.97379498740905, -1.6091562315878605, -0.03842430906786375, 0.009892738480251259 ],
    "hf_energies": [-37.85339551173784, -38.00221500529719, -38.1513532013678, -38.300810280507385, -38.45058642277076, -41.9839107411127, -46.01861020481262, -50.25852906078287, -54.7069985909477, -59.36726916163192, -64.24199279269739, -69.33257118599063, -74.6382995511903, -80.15553517222834, -85.87788925722086, -91.7978318717097, -97.90806608579793],
    "triples_corrections": [-0.011772439932644176, -0.011823611153110241, -0.011875047343822288, -0.011926745378495345, -0.011978701692760349, -0.013229133479283074, -0.014577240571041995, -0.015651356797718563, -0.016347568175620653, -0.016747695036630587, -0.01663405035204132, -0.015330918511711028, -0.013189898788338955, -0.011754024832995213, -0.011273415219532104, -0.01126143916570777, -0.011421947179037906],
    "scf_converged": [true, true, true, true, true, true, true, true, true, true, true, true, true, true, true, true, true],
    "cc_converged": [true, true, true, true, true, true, true, true, true, true, true, true, true, true, true, true, true],
    "t1_diagnostic": [0.03707432041270681, 0.03728997837136204, 0.03750203861204537, 0.03771035861485975, 0.0379147948388744, 0.04119994628420591, 0.04024089533531719, 0.03335271573213286, 0.02357413832678432, 0.022485699860211483, 0.031081521404032014, 0.03316585924015445, 0.0239006486052557, 0.012865851538662305, 0.006741398838431062, 0.004266648134353789, 0.0033138156313191128]
}