{
    "schema_name": "pyscf_apdft_output",
    "provenance": {
        "creator": "PySCF",
        "version": "1.7.6"
    },
    "molecule": {
        "geometry": [[0.0, 0.0, 0.0], [1.7, 0.0, 0.0]],
        "symbols": [ "Be", "H" ]
    },
    "molecular_charge": 0,
    "molecular_multiplicity": 4,
    "name": "be.h.chrg0.mult4.sep1.70-pyscf-uccsdt.ccpv5z",
    "atomic_numbers": [ 4, 1 ],
    "n_electrons": 5,
    "model": {
        "method": "UCCSD(T)",
        "basis": "cc-pV5Z",
        "scf_conv_tol": 1e-09,
        "scf_conv_tol_grad": 1e-06,
        "cc_conv_tol": 1e-05,
        "cc_conv_tol_normt": 1e-07
    },
    "broken_symmetry": false,
    "finite_diff_delta": 0.01,
    "finite_diff_acc": 2,
    "apdft_lambdas": [-1.0, -0.75, -0.5, -0.25, -0.02, -0.01, 0.0, 0.01, 0.02, 0.25, 0.5, 0.75, 1.0, 1.25, 1.5, 1.75, 2.0],
    "electronic_energies": [-7.926737610832679, -9.472993217727694, -11.170783060841288, -13.024120381847661, -14.868198512417441, -14.95140622350814, -15.034866582570322, -15.118579594792875, -15.202545264404627, -17.203487113631855, -19.52992672883175, -22.01388138733566, -24.654903194022566, -27.452694022189927, -30.407491652942962, -33.519835008917276, -36.788737981898265],
    "apdft_energies": {
        "0": [-15.03486658257028, -15.03486658257028, -15.03486658257028, -15.03486658257028, -15.03486658257028, -15.03486658257028, -15.03486658257028, -15.03486658257028, -15.03486658257028, -15.03486658257028, -15.03486658257028, -15.03486658257028, -15.03486658257028, -15.03486658257028, -15.03486658257028, -15.03486658257028, -15.03486658257028],
        "1": [-6.676198018333553, -8.765865159392735, -10.855532300451916, -12.945199441511097, -14.867693211285545, -14.951279896927911, -15.03486658257028, -15.118453268212647, -15.202039953855014, -17.12453372362946, -19.214200864688642, -21.303868005747823, -23.393535146807004, -25.483202287866185, -27.57286942892537, -29.662536569984553, -31.752203711043734],
        "2": [-7.939463820618416, -9.47645217317797, -11.171348751023132, -13.024153554153902, -14.868198517606459, -14.95140622350814, -15.03486658257028, -15.118579594792875, -15.202545260175928, -17.203487836272267, -19.530017315259858, -22.01445501953306, -24.656800949091867, -27.457055103936284, -30.41521748406631, -33.53128808948195, -36.805266920183186],
        "3": [-7.938679010919706, -9.476121081586326, -11.171250649810792, -13.02414129150236, -14.86819851132798, -14.95140622272333, -15.03486658257028, -15.118579595577685, -15.202545266454406, -17.203500098923808, -19.530115416472196, -22.014786111124703, -24.657585758790578, -27.45858793537908, -30.417866216799457, -33.53549417896097, -36.81154539777286],
        "4": [-7.934677670919628, -9.474855032601926, -11.171000566060789, -13.024125661267984, -14.868198510687767, -14.951406222683318, -15.03486658257028, -15.118579595537671, -15.20254526581419, -17.20348446868943, -19.529865332722192, -22.0135200621403, -24.6535844187905, -27.448819038894513, -30.397609433049062, -33.497965986225864, -36.74752395777162]
    },
    "apdft_poly_coeff": [ -15.03486658257028, -8.358668564236726, -1.263265802284863, -0.000784809698709902, 0.004001340000077865 ],
    "hf_energies": [-7.88528805232494, -9.431709862986024, -11.129806601520091, -12.98384251058349, -14.828879912109375, -14.912134505550942, -14.995642098797346, -15.079402687661625, -15.163416267037952, -17.16553118437114, -19.493315629288453, -21.978557935488773, -24.620672296647122, -27.41925216009479, -30.37460977587015, -33.487727686873164, -36.75807912802814],
    "triples_corrections": [-0.00010742426302843958, -0.00012942154793678078, -0.0001474249693218429, -0.0001571642611631605, -0.00016001818364199001, -0.00016003853249986738, -0.0001600513969900794, -0.00016005691446910165, -0.00016005522249861367, -0.00015834954286883665, -0.0001542893123268345, -0.00014997462669474223, -0.0001466802082368603, -0.0001439774004438567, -0.00013906331767842876, -0.00012813810899430696, -0.00011070286166140865],
    "scf_converged": [true, true, true, true, true, true, true, true, true, true, true, true, true, true, true, true, true],
    "cc_converged": [true, true, true, true, true, true, true, true, true, true, true, true, true, true, true, true, true],
    "scf_spin_squared": [3.7500050701180947, 3.7500050413518, 3.750005947893157, 3.7500071577714453, 3.750008201003395, 3.7500082421546335, 3.750008282899669, 3.7500083232345025, 3.7500083631554246, 3.750009161774026, 3.750009756636947, 3.7500100391330102, 3.7500099617967377, 3.7500095007778125, 3.750008781257583, 3.750008180271666, 3.7500079592551674],
    "cc_spin_squared": [3.7500002552533336, 3.750000284750417, 3.7500003236891795, 3.750000343622815, 3.7500003458096325, 3.750000345612338, 3.7500003453974067, 3.7500003451611787, 3.7500003449039703, 3.750000333930557, 3.7500003143461185, 3.750000291661456, 3.7500002693989725, 3.750000248998881, 3.750000229362082, 3.7500002063576785, 3.7500001766157696]
}