{
    "schema_name": "pyscf_qa_output",
    "provenance": {
        "creator": "PySCF",
        "version": "1.7.6"
    },
    "molecule": {
        "geometry": [[0.0, 0.0, 0.0], [1.3, 0.0, 0.0]],
        "symbols": [ "N", "H" ]
    },
    "molecular_charge": 1,
    "molecular_multiplicity": 2,
    "name": "n.h.chrg1.mult2.sep1.30-pyscf-uccsdt.ccpv5z",
    "atomic_numbers": [ 7, 1 ],
    "n_electrons": 7,
    "model": {
        "method": "UCCSD(T)",
        "basis": "cc-pV5Z",
        "scf_conv_tol": 1e-09,
        "scf_conv_tol_grad": 1e-06,
        "cc_conv_tol": 1e-05,
        "cc_conv_tol_normt": 1e-07
    },
    "broken_symmetry": false,
    "finite_diff_delta": 0.01,
    "finite_diff_acc": 2,
    "qa_lambdas": [-2.0, -1.75, -1.5, -1.25, -1.0, -0.75, -0.5, -0.25, -0.02, -0.01, 0.0, 0.01, 0.02, 0.25, 0.5, 0.75, 1.0],
    "electronic_energies": [-25.246320552334495, -28.27207621619582, -31.478402160832395, -34.868798540095355, -38.44633537407342, -42.2137014910926, -46.173330195257066, -50.32753839448879, -54.32324309232677, -54.50077745279542, -54.67863038880503, -54.85680204777531, -55.03529257687774, -59.22891542731966, -63.98056958260392, -68.93530538738267, -74.09395025653808],
    "qats_energies": {
        "0": [-54.678630388805004, -54.678630388805004, -54.678630388805004, -54.678630388805004, -54.678630388805004, -54.678630388805004, -54.678630388805004, -54.678630388805004, -54.678630388805004, -54.678630388805004, -54.678630388805004, -54.678630388805004, -54.678630388805004, -54.678630388805004, -54.678630388805004, -54.678630388805004, -54.678630388805004],
        "1": [-19.076170890815746, -23.526478328064403, -27.97678576531306, -32.42709320256172, -36.877400639810375, -41.32770807705903, -45.77801551430769, -50.22832295155635, -54.32260579382511, -54.50061809131506, -54.678630388805004, -54.85664268629495, -55.0346549837849, -59.12893782605366, -63.57924526330232, -68.02955270055098, -72.47986013779963],
        "2": [-25.45063010522901, -28.40692366409956, -31.56241907342052, -34.9171163331919, -38.47101544341369, -42.2241164040859, -46.17641921520852, -50.327923876781554, -54.32324323974655, -54.50077745279542, -54.678630388805004, -54.85680204777531, -55.03529242970634, -59.22853875127887, -63.97764896420315, -68.92596102757784, -74.07347494140295],
        "3": [-25.25423598411503, -28.275354946243908, -31.479565303575562, -34.869168549716804, -38.44646617827445, -42.213759682855276, -46.173350557066115, -50.32754029451375, -54.323243043352434, -54.50077742824615, -54.678630388805004, -54.85680207232458, -55.03529262610046, -59.22892233354667, -63.98071762234555, -68.93631774880846, -74.09802420654219],
        "4": [-25.23767702250572, -28.265648386960713, -31.474325944628866, -34.8666418526939, -38.44543124317386, -42.213432222921114, -46.173285873622326, -50.32753625179852, -54.32324304318684, -54.50077742823581, -54.678630388805004, -54.856802072314224, -55.03529262593487, -59.22891829083143, -63.98065293890177, -68.9359902888743, -74.09698927144161]
    },
    "qats_poly_coeffs": [ -54.678630388805004, -17.80122974899463, -1.593614803603316, -0.024549265139247226, 0.0010349351005819092 ],
    "hf_energies": [-25.087439859735223, -28.107940915464876, -31.3092603948683, -34.69490390238293, -38.267918329992, -42.03106096170102, -45.98697471529924, -50.13826600499746, -54.13220053866591, -54.309679355525695, -54.48747853561593, -54.66559822204255, -54.84403855689825, -59.036974367490856, -63.78870754421136, -68.74394225240573, -73.90303311552361],
    "triples_corrections": [-0.004074777900928576, -0.004290390372002164, -0.004455104047947855, -0.004563721351542896, -0.004622500673773712, -0.004639421088660921, -0.00461800788482642, -0.004558787531812479, -0.00447405762466024, -0.004469838494357687, -0.004465583235710594, -0.004461293079343088, -0.004456969292714558, -0.004351726774286237, -0.004244525659705459, -0.004185499948798785, -0.0042211537144460475],
    "scf_converged": [true, true, true, true, true, true, true, true, true, true, true, true, true, true, true, true, true],
    "cc_converged": [true, true, true, true, true, true, true, true, true, true, true, true, true, true, true, true, true],
    "scf_spin_squared": [0.7635043750290693, 0.7622343712757145, 0.7614429953065636, 0.7611137402169286, 0.7614082073333628, 0.7624735536880358, 0.7639917525640421, 0.7648657546478166, 0.7641641771997243, 0.7640988576568994, 0.7640310078055732, 0.7639606964097969, 0.7638879949922313, 0.7617447467947942, 0.7591650993083929, 0.7570655692773856, 0.7555783853118503],
    "cc_spin_squared": [0.7502486939261814, 0.7502412132971743, 0.7502378705841901, 0.750238580260836, 0.7502437932074941, 0.750252406700127, 0.750259395522852, 0.7502556023887788, 0.7502364651907547, 0.7502352961988563, 0.7502341019528018, 0.7502328830128329, 0.7502316399617504, 0.7501979801604552, 0.7501577149322636, 0.7501227802485213, 0.7500969713413661]
}