{
    "schema_name": "pyscf_qa_output",
    "provenance": {
        "creator": "PySCF",
        "version": "1.7.6"
    },
    "molecule": {
        "geometry": [[0.0, 0.0, 0.0], [1.3, 0.0, 0.0]],
        "symbols": [ "C", "H" ]
    },
    "molecular_charge": 2,
    "molecular_multiplicity": 2,
    "name": "c.h.chrg2.mult2.sep1.30-pyscf-uccsdt.ccpv5z",
    "atomic_numbers": [ 6, 1 ],
    "n_electrons": 5,
    "model": {
        "method": "UCCSD(T)",
        "basis": "cc-pV5Z",
        "scf_conv_tol": 1e-09,
        "scf_conv_tol_grad": 1e-06,
        "cc_conv_tol": 1e-05,
        "cc_conv_tol_normt": 1e-07
    },
    "broken_symmetry": false,
    "finite_diff_delta": 0.01,
    "finite_diff_acc": 2,
    "qa_lambdas": [-3.0, -2.75, -2.5, -2.25, -2.0, -1.75, -1.5, -1.25, -1.0, -0.75, -0.5, -0.25, -0.02, -0.01, 0.0, 0.01, 0.02],
    "electronic_energies": [-8.015168736458733, -9.600882544670446, -11.331165450034018, -13.2090566565808, -15.237559618433139, -17.41939637942958, -19.757011270980172, -22.252741574438993, -24.908955164646866, -27.728074751350167, -30.712539284039398, -33.864758114782276, -36.914934620047134, -37.05084117748314, -37.18702292076143, -37.323479961048676, -37.46021240723321],
    "qats_energies": {
        "0": [-37.187022920761436, -37.187022920761436, -37.187022920761436, -37.187022920761436, -37.187022920761436, -37.187022920761436, -37.187022920761436, -37.187022920761436, -37.187022920761436, -37.187022920761436, -37.187022920761436, -37.187022920761436, -37.187022920761436, -37.187022920761436, -37.187022920761436, -37.187022920761436, -37.187022920761436],
        "1": [3.7087946140685233, 0.3008098194993636, -3.1071749750698032, -6.5151597696389665, -9.92314456420813, -13.331129358777293, -16.739114153346456, -20.14709894791562, -23.555083742484783, -26.963068537053946, -30.37105333162311, -33.779038126192276, -36.9143841371959, -37.05070352897867, -37.187022920761436, -37.3233423125442, -37.45966170432697],
        "2": [-8.679570788567247, -10.10885833132653, -11.710206504677977, -13.483615308621587, -15.429084743157361, -17.546614808285298, -19.8362055040054, -22.297856830317663, -24.93156878722209, -27.73734137471868, -30.715174592807436, -33.865068441488354, -36.9149347312138, -37.05084117748314, -37.187022920761436, -37.323479961048676, -37.460212298344864],
        "3": [-8.184447022580542, -9.72748695833561, -11.42367654750975, -13.274734969845944, -15.282381405087225, -17.448335032976598, -19.77431503325706, -22.262040585671635, -24.91323086996332, -27.72960506587514, -30.71288235315009, -33.86478191153119, -36.91493458451046, -37.05084115914523, -37.187022920761436, -37.32347997938659, -37.4602124450482],
        "4": [-7.415521299486926, -9.18457407678596, -11.052859744320308, -13.031442065273357, -15.130494842500834, -17.35930191853081, -19.72625717556371, -22.238864535472295, -24.903737959801674, -27.726601449769305, -30.71228904626499, -33.86474482985086, -36.91493458299159, -37.05084115905029, -37.187022920761436, -37.32347997929166, -37.460212443529336]
    },
    "qats_poly_coeffs": [ -37.187022920761436, -13.631939178276653, -1.3764850447373078, -0.01833791725876684, 0.009492910161649585 ],
    "hf_energies": [-7.930423432348773, -9.516435123965586, -11.246672132375837, -13.124208446761715, -15.152065643330223, -17.332936350736386, -19.669210570733277, -22.1632121379165, -24.817387760778626, -27.634320647167225, -30.616623410598518, -33.766819943244556, -36.81528399903491, -36.95111896940865, -37.087229336132324, -37.22361520587968, -37.36027668354909],
    "triples_corrections": [-0.000508957867221096, -0.0005337410078909484, -0.0005820010974391424, -0.0006489022379333238, -0.0007303654610179652, -0.0008241514426156315, -0.0009282130879360262, -0.0010373374899956753, -0.0011423324067014768, -0.0012336063976589394, -0.0013055758574194631, -0.0013573024981894085, -0.0013882542677165184, -0.0013892661910397952, -0.0013902515074731513, -0.0013912105654046256, -0.001392143548074224],
    "scf_converged": [true, true, true, true, true, true, true, true, true, true, true, true, true, true, true, true, true],
    "cc_converged": [true, true, true, true, true, true, true, true, true, true, true, true, true, true, true, true, true],
    "scf_spin_squared": [0.7508806149922305, 0.7506915852945402, 0.7507245857056741, 0.750990116567734, 0.7515682566672599, 0.7525870722017989, 0.754200629486125, 0.7564837071207007, 0.7591888434109242, 0.7615588276979128, 0.762623800135851, 0.7619415843242496, 0.7601582830311036, 0.7600673416082164, 0.7599758335155355, 0.7598838223771045, 0.759791371042803],
    "cc_spin_squared": [0.7500093106247032, 0.7500110934342131, 0.75001467121613, 0.7500201752567096, 0.7500272193628408, 0.7500351150057638, 0.7500432696597377, 0.7500511242113196, 0.7500576401477879, 0.7500612087311633, 0.7500604646073377, 0.750055326413817, 0.7500478935579717, 0.7500475393160676, 0.7500471818203299, 0.7500468229318009, 0.750046462791528]
}