{
    "schema_name": "pyscf_apdft_output",
    "provenance": {
        "creator": "PySCF",
        "version": "1.7.6"
    },
    "molecule": {
        "geometry": [[0.0, 0.0, 0.0], [1.6, 0.0, 0.0]],
        "symbols": [ "N", "H" ]
    },
    "molecular_charge": -1,
    "molecular_multiplicity": 2,
    "name": "n.h.chrg-1.mult2.sep1.60-pyscf-uccsdt.ccpv5z",
    "atomic_numbers": [ 7, 1 ],
    "n_electrons": 9,
    "model": {
        "method": "UCCSD(T)",
        "basis": "cc-pV5Z",
        "scf_conv_tol": 1e-09,
        "scf_conv_tol_grad": 1e-06,
        "cc_conv_tol": 1e-05,
        "cc_conv_tol_normt": 1e-07
    },
    "broken_symmetry": false,
    "finite_diff_delta": 0.01,
    "finite_diff_acc": 2,
    "apdft_lambdas": [-0.02, -0.01, 0.0, 0.01, 0.02, 0.25, 0.5, 0.75, 1.0, 1.25, 1.5, 1.75, 2.0, 2.25, 2.5, 2.75, 3.0],
    "electronic_energies": [-54.63120882398851, -54.940696925679546, -55.12741832513936, -55.31446953287896, -55.50186184063975, -59.90845257152001, -64.91043179078724, -70.13533904513069, -75.58445887990658, -81.25907727696577, -87.02319475533899, -93.29387574452402, -99.65965302063826, -106.25554809215218, -113.07701226224464, -120.11802704617901, -127.37265446194073],
    "apdft_energies": {
        "0": [-55.1274183251394, -55.1274183251394, -55.1274183251394, -55.1274183251394, -55.1274183251394, -55.1274183251394, -55.1274183251394, -55.1274183251394, -55.1274183251394, -55.1274183251394, -55.1274183251394, -55.1274183251394, -55.1274183251394, -55.1274183251394, -55.1274183251394, -55.1274183251394, -55.1274183251394],
        "1": [-54.75364571793999, -54.940532021539696, -55.1274183251394, -55.31430462873911, -55.501190932338815, -59.79957591513207, -64.47173350512473, -69.1438910951174, -73.81604868511006, -78.48820627510273, -83.16036386509539, -87.83252145508806, -92.50467904508072, -97.17683663507339, -101.84899422506605, -106.52115181505872, -111.19330940505138],
        "2": [-54.75430533449939, -54.940696925679546, -55.1274183251394, -55.31446953287896, -55.50185054889822, -59.90264100253883, -64.88399385475178, -70.07147688177825, -75.46509008361825, -81.06483346027177, -86.87070701173882, -92.88271073801938, -99.10084463911348, -105.52510871502109, -112.15550296574223, -118.99202739127689, -126.03468199162508],
        "3": [-54.672233466331114, -54.93043794215851, -55.1274183251394, -55.32472851639999, -55.583922417066496, -220.19925851870158, -1347.256933984054, -4398.080149818174, -10334.448611118036, -20118.14202298062, -34710.940090502896, -55074.62251878185, -82170.96901291444, -116961.75927799767, -160408.7730191285, -213473.78994140393, -277118.5897499209],
        "4": [-54.59017665381823, -54.92530939137646, -55.1274183251394, -55.31959996561794, -55.50186560455361, 1783.1408907216285, 30706.185453861228, 157872.47193864855, 502520.62959440646, 1231969.451252226, 2561617.8933249647, 4754945.07580725, 8123510.2822754765, 13026952.959887806, 19872992.71938417, 29117429.335086275, 41264142.74489756]
    },
    "apdft_poly_coeff": [ -55.1274183251394, -18.68863035997066, -1.6490413985081886, -10258.983521034417, 512855.0782055245 ],
    "hf_energies": [-54.36689780554085, -54.66177400290737, -54.848094132789385, -55.03475727289786, -55.221765723161724, -59.61957094602191, -64.61253784787857, -69.83052851698065, -75.27671606227732, -80.95370461262767, -86.80937985143918, -93.01288835956598, -99.38480732902981, -105.98802448412928, -112.815413633419, -119.86146091102187, -127.12072233164768],
    "triples_corrections": [-0.01116136228487139, -0.01247103457255708, -0.01248107362176253, -0.012492084162587685, -0.012503176972358473, -0.012663582335181445, -0.012599056784482155, -0.01233104162561136, -0.011925935385693903, -0.01129998923611307, -0.0040429393133686094, -0.0076772137324626795, -0.006603012653797266, -0.005351776988810558, -0.004461003286212103, -0.003833940832448135, -0.003363821230711074],
    "scf_converged": [true, true, true, true, true, true, true, true, true, true, true, true, true, true, true, true, true],
    "cc_converged": [true, true, true, true, true, true, true, true, true, true, true, true, true, true, true, true, true],
    "scf_spin_squared": [0.7673872473077452, 0.8546902670501448, 0.8403769847070754, 0.8313665836099053, 0.8246762692303831, 0.7815913176451996, 0.772112159108687, 0.7691316311915264, 0.7699101938844, 0.7783989221883627, 1.7558068450294457, 0.9200823405254099, 0.7674020810993714, 0.7566010980408349, 0.754283561004542, 0.7533898151042933, 0.7529084854980508],
    "cc_spin_squared": [0.7508754835444575, 0.750582313118275, 0.7507697421221458, 0.7509092770803987, 0.7510275378017035, 0.7527114668619155, 0.7541511241837004, 0.7551050621613418, 0.7549725764286555, 0.7534154273096028, 1.9383161849985695, 0.7534308555819775, 0.750758160809395, 0.75025416385358, 0.7501131909071841, 0.7500651100892135, 0.7500447607233804]
}