{
    "schema_name": "pyscf_apdft_output",
    "provenance": {
        "creator": "PySCF",
        "version": "1.7.6"
    },
    "molecule": {
        "geometry": [[0.0, 0.0, 0.0], [1.6, 0.0, 0.0]],
        "symbols": [ "N", "H" ]
    },
    "molecular_charge": -1,
    "molecular_multiplicity": 2,
    "name": "n.h.chrg-1.mult2.sep1.60-pyscf-uccsdt.ccpv5z",
    "atomic_numbers": [ 7, 1 ],
    "n_electrons": 9,
    "model": {
        "method": "UCCSD(T)",
        "basis": "cc-pV5Z",
        "scf_conv_tol": 1e-09,
        "scf_conv_tol_grad": 1e-06,
        "cc_conv_tol": 1e-05,
        "cc_conv_tol_normt": 1e-07
    },
    "broken_symmetry": false,
    "finite_diff_delta": 0.01,
    "finite_diff_acc": 2,
    "apdft_lambdas": [-0.02, -0.01, 0.0, 0.01, 0.02, 0.25, 0.5, 0.75, 1.0, 1.25, 1.5, 1.75, 2.0, 2.25, 2.5, 2.75, 3.0],
    "electronic_energies": [-54.631208823989276, -54.94069692567953, -55.12741832513931, -55.314469532879045, -55.501861840639776, -59.90845257151999, -64.9104317907872, -70.13533904513069, -75.58445887990658, -81.25907727696578, -87.16079388113462, -93.29387574452417, -99.65965302063793, -106.25554809215205, -113.077012262245, -120.11802704617989, -127.37265446194101],
    "apdft_energies": {
        "0": [-55.12741832513934, -55.12741832513934, -55.12741832513934, -55.12741832513934, -55.12741832513934, -55.12741832513934, -55.12741832513934, -55.12741832513934, -55.12741832513934, -55.12741832513934, -55.12741832513934, -55.12741832513934, -55.12741832513934, -55.12741832513934, -55.12741832513934, -55.12741832513934, -55.12741832513934],
        "1": [-54.753645717939825, -54.94053202153958, -55.12741832513934, -55.314304628739094, -55.50119093233885, -59.799575915133246, -64.47173350512716, -69.14389109512106, -73.81604868511496, -78.48820627510888, -83.1603638651028, -87.8325214550967, -92.5046790450906, -97.17683663508451, -101.84899422507843, -106.52115181507233, -111.19330940506623],
        "2": [-54.75430533449963, -54.94069692567953, -55.12741832513934, -55.314469532879045, -55.50185054889865, -59.90264100260218, -64.8839938550029, -70.07147688234147, -75.46509008461791, -81.06483346183224, -86.87070701398443, -92.88271074107448, -99.10084464310239, -105.52510872006819, -112.15550297197186, -118.99202739881338, -126.03468200059277],
        "3": [-54.672233466331974, -54.93043794215858, -55.12741832513934, -55.3247285164, -55.583922417066304, -220.19925851754368, -1347.256933974535, -4398.080149785762, -10334.448611040874, -20118.142022829525, -34710.94009024135, -55074.622518366006, -82170.96901229315, -116961.75927711243, -160408.77301791348, -213473.789939786, -277118.5897478195],
        "4": [-54.59017665381917, -54.92530939137652, -55.12741832513934, -55.319599965617954, -55.501865604553494, 1783.1408907209357, 30706.185453841135, 157872.4719385311, 502520.62959400984, 1231969.4512512204, 2561617.8933228278, 4754945.075803222, 8123510.282268518, 13026952.95987655, 19872992.719366882, 29117429.335060798, 41264142.7448613]
    },
    "apdft_poly_coeff": [ -55.12741832513934, -18.688630359975633, -1.6490413995029485, -10258.983520956257, 512855.0782050507 ],
    "hf_energies": [-54.36689780554081, -54.66177400290735, -54.84809413278932, -55.034757272897906, -55.22176572316173, -59.61957094602188, -64.61253784787854, -69.83052851698066, -75.27671606227733, -80.95370461262769, -86.86216158266151, -93.01288835956612, -99.38480732902958, -105.98802448412916, -112.81541363341937, -119.86146091102265, -127.12072233164794],
    "triples_corrections": [-0.011161362284975508, -0.012471034572557107, -0.012481073621762248, -0.01249208416254251, -0.012503176972381489, -0.012663582335183325, -0.012599056784484712, -0.012331041625611007, -0.011925935385693559, -0.0112999892361131, -0.010122610195118046, -0.0076772137324517585, -0.006603012653797131, -0.005351776988810449, -0.004461003286212071, -0.0038339408324481244, -0.0033638212307110843],
    "scf_converged": [true, true, true, true, true, true, true, true, true, true, false, true, true, true, true, true, true],
    "cc_converged": [true, true, true, true, true, true, true, true, true, true, true, true, true, true, true, true, true],
    "scf_spin_squared": [0.7673872473077505, 0.8546902670501915, 0.8403769847070328, 0.8313665835979811, 0.8246762692277283, 0.7815913176485809, 0.7721121591088047, 0.7691316311914971, 0.7699101938843742, 0.7783989221883729, 0.9012120780360942, 0.9200823405294152, 0.7674020810993802, 0.7566010980408358, 0.7542835610045415, 0.7533898151043061, 0.7529084854980672],
    "cc_spin_squared": [0.7508754829434767, 0.7505823131182741, 0.7507697421221593, 0.7509092770805905, 0.7510275378017321, 0.7527114668617849, 0.7541511241836951, 0.7551050621613427, 0.7549725764286603, 0.7534154273096121, 0.7502201862289564, 0.753430855581978, 0.7507581608093972, 0.7502541638535756, 0.7501131909071801, 0.7500651100892082, 0.7500447607233951]
}