{
    "schema_name": "pyscf_qa_output",
    "provenance": {
        "creator": "PySCF",
        "version": "1.7.6"
    },
    "molecule": {
        "geometry": [[0.0, 0.0, 0.0], [1.1, 0.0, 0.0]],
        "symbols": [ "N", "H" ]
    },
    "molecular_charge": -1,
    "molecular_multiplicity": 2,
    "name": "n.h.chrg-1.mult2.sep1.10-pyscf-uccsdt.ccpv5z",
    "atomic_numbers": [ 7, 1 ],
    "n_electrons": 9,
    "model": {
        "method": "UCCSD(T)",
        "basis": "cc-pV5Z",
        "scf_conv_tol": 1e-09,
        "scf_conv_tol_grad": 1e-06,
        "cc_conv_tol": 1e-05,
        "cc_conv_tol_normt": 1e-07
    },
    "broken_symmetry": false,
    "finite_diff_delta": 0.01,
    "finite_diff_acc": 2,
    "qa_lambdas": [-0.02, -0.01, 0.0, 0.01, 0.02, 0.25, 0.5, 0.75, 1.0, 1.25, 1.5, 1.75, 2.0, 2.25, 2.5, 2.75, 3.0],
    "electronic_energies": [-54.81869570222172, -55.00544394538193, -55.192539650763734, -55.37998300407692, -55.56777418887063, -59.983366572008926, -64.99391474709593, -70.22593379281601, -75.68051270523088, -81.35824049196802, -87.2593279314422, -93.38363168839899, -99.73058171877581, -106.29904727042302, -113.08719841355249, -120.09242487281436, -127.31135078433047],
    "qats_energies": {
        "0": [-55.1925396507638, -55.1925396507638, -55.1925396507638, -55.1925396507638, -55.1925396507638, -55.1925396507638, -55.1925396507638, -55.1925396507638, -55.1925396507638, -55.1925396507638, -55.1925396507638, -55.1925396507638, -55.1925396507638, -55.1925396507638, -55.1925396507638, -55.1925396507638, -55.1925396507638],
        "1": [-54.818000592068806, -55.0052701214163, -55.1925396507638, -55.379809180111295, -55.56707870945879, -59.8742778844512, -64.55601611813861, -69.23775435182601, -73.91949258551341, -78.60123081920082, -83.28296905288823, -87.96470728657563, -92.64644552026303, -97.32818375395044, -102.00992198763785, -106.69166022132525, -111.37339845501265],
        "2": [-54.818695887931305, -55.00544394538193, -55.1925396507638, -55.37998300407692, -55.56777400532129, -59.982917862966715, -64.99057603220066, -70.21551415846562, -75.65773224176161, -81.31723028208863, -87.19400827944668, -93.28806623383574, -99.59940414525582, -106.12802201370694, -112.87391983918909, -119.83709762170224, -127.01755536124642],
        "3": [-54.81869564175869, -55.00544391461035, -55.1925396507638, -55.37998303484849, -55.56777425149391, -59.98339866886181, -64.99442247936145, -70.22849591763327, -75.68850381904787, -81.37733101897585, -87.2978623527878, -93.45298265585427, -99.84557676354589, -106.47852951123323, -113.35472573428689, -120.47705026807742, -127.84838794797543],
        "4": [-54.81869564031854, -55.00544391452034, -55.1925396507638, -55.37998303475849, -55.56777425005376, -59.98336350890816, -64.993859920103, -70.22564796138744, -75.6795028709129, -81.35535604794319, -87.25229505285446, -93.3685636071352, -99.70156159338626, -106.24784505532078, -113.00312619776432, -119.96227338665474, -127.11931114904223]
    },
    "qats_poly_coeffs": [ -55.1925396507638, -18.72695293474962, -1.7382396562481972, -0.03077157728625934, 0.009000948134977685 ],
    "hf_energies": [-54.54837985519607, -54.73498763320403, -54.92194478075526, -55.10925146217865, -55.29690783985807, -59.709865663679544, -64.71837768301758, -69.94904002290491, -75.40292982296846, -81.08075100158604, -86.98284829650277, -93.10913422619267, -99.45896906509842, -106.03104322274127, -112.82330279308003, -119.83294010008774, -127.05644983955294],
    "triples_corrections": [-0.009670433898063572, -0.009655875159065725, -0.00964103684550112, -0.009625923897675068, -0.00961054102152713, -0.00919407970774164, -0.00865765471157562, -0.008101765409597238, -0.007561575479309929, -0.007040728436464033, -0.006527269341334695, -0.006008054058028283, -0.005478404914677485, -0.004946105031851421, -0.004428419333092639, -0.003944142797697354, -0.0035062946951163083],
    "scf_converged": [true, true, true, true, true, true, true, true, true, true, true, true, true, true, true, true, true],
    "cc_converged": [true, true, true, true, true, true, true, true, true, true, true, true, true, true, true, true, true],
    "scf_spin_squared": [0.7643673666717383, 0.7643089906974176, 0.7642506776918694, 0.7641923931760388, 0.7641341968368485, 0.7629195448010946, 0.7620326069719496, 0.761466397357196, 0.7608800135874052, 0.7600049895432281, 0.7588100124985644, 0.7574721880019455, 0.756207935830278, 0.7551448111982264, 0.7543092502314428, 0.7536718533220226, 0.7531875156455041],
    "cc_spin_squared": [0.7505099297367779, 0.7505082743435156, 0.750506576884977, 0.7505048380167745, 0.7505030590671025, 0.7504541255576858, 0.7503947523678938, 0.7503397451429636, 0.7502914531634628, 0.7502476687492896, 0.7502062549645201, 0.7501671464886128, 0.7501318350959414, 0.7501019225443895, 0.7500780897064425, 0.7500600317960235, 0.7500467219658762]
}