{
    "schema_name": "pyscf_apdft_output",
    "provenance": {
        "creator": "PySCF",
        "version": "1.7.6"
    },
    "molecule": {
        "geometry": [[0.0, 0.0, 0.0], [0.6, 0.0, 0.0]],
        "symbols": [ "O", "H" ]
    },
    "molecular_charge": 2,
    "molecular_multiplicity": 2,
    "name": "o.h.chrg2.mult2.sep0.60-pyscf-uccsdt.ccpv5z",
    "atomic_numbers": [ 8, 1 ],
    "n_electrons": 7,
    "model": {
        "method": "UCCSD(T)",
        "basis": "cc-pV5Z",
        "scf_conv_tol": 1e-09,
        "scf_conv_tol_grad": 1e-06,
        "cc_conv_tol": 1e-05,
        "cc_conv_tol_normt": 1e-07
    },
    "broken_symmetry": false,
    "finite_diff_delta": 0.01,
    "finite_diff_acc": 2,
    "apdft_lambdas": [-3.0, -2.75, -2.5, -2.25, -2.0, -1.75, -1.5, -1.25, -1.0, -0.75, -0.5, -0.25, -0.02, -0.01, 0.0, 0.01, 0.02],
    "electronic_energies": [-24.485586659481818, -27.7455225837581, -30.973745082224703, -34.38684134295056, -37.98647756471833, -41.77393430631111, -45.75017111935196, -49.915947133585384, -54.27194023324891, -58.81882434418887, -63.55729846417736, -68.48807843667039, -73.19484685339313, -73.40320287202333, -73.61186872531339, -73.82084445287563, -74.03013001429984],
    "apdft_energies": {
        "0": [-73.61186872531347, -73.61186872531347, -73.61186872531347, -73.61186872531347, -73.61186872531347, -73.61186872531347, -73.61186872531347, -73.61186872531347, -73.61186872531347, -73.61186872531347, -73.61186872531347, -73.61186872531347, -73.61186872531347, -73.61186872531347, -73.61186872531347, -73.61186872531347, -73.61186872531347],
        "1": [-10.965631597467777, -16.186151358121585, -21.406671118775392, -26.6271908794292, -31.847710640083008, -37.068230400736816, -42.288750161390624, -47.50926992204443, -52.72978968269824, -57.95030944335205, -63.170829204005855, -68.39134896465967, -73.19422714446117, -73.40304793488733, -73.61186872531347, -73.82068951573962, -74.02951030616578],
        "2": [-24.909973838358027, -27.903272268869642, -31.090242119393622, -34.470883389929966, -38.045196080478675, -41.81318019103975, -45.77483572161319, -49.93016267219899, -54.279161042797156, -58.82183083340769, -63.558172044030584, -68.48818467466585, -73.1948468930052, -73.40320287202333, -73.61186872531347, -73.82084445287563, -74.03013005470982],
        "3": [-24.91176910629234, -27.904655082307464, -31.091281047596354, -34.47164076858975, -38.045728011718474, -41.813536543413285, -45.775060130104976, -49.930292538224336, -54.279227534202136, -58.821858884469165, -63.55818035545621, -68.48818571359405, -73.19484689353713, -73.40320287208982, -73.61186872531347, -73.82084445280914, -74.03013005417789],
        "4": [2.0956863657244327, -8.83558893812355, -18.066852289872216, -25.926313060646947, -32.71092199255467, -38.68637119868372, -44.08709416310393, -49.116265740866574, -53.9458021580044, -58.716361011531596, -63.53734126944385, -68.48688327071828, -73.19484684018907, -73.40320286875557, -73.61186872531347, -73.82084444947489, -74.03013000082983]
    },
    "apdft_poly_coeff": [ -73.61186872531347, -20.88207904261523, -1.5493713600989167, 6.649140497453723e-05, 0.33342537619773793 ],
    "hf_energies": [-24.30979609097475, -27.575039409983145, -30.799619271208766, -34.20974362111497, -37.80698177412037, -41.59247342962606, -45.567045588450625, -49.731360728559665, -54.08603847909258, -58.631723408003005, -63.36910286784826, -68.29889127363968, -73.00484106982992, -73.2131635927871, -73.42179612803082, -73.63073871553193, -73.83999139502008],
    "triples_corrections": [-0.012239825915435779, -0.0037193425446500495, -0.0037346576610888535, -0.0037099171883595615, -0.003653308835660427, -0.0035779135319057684, -0.003495597965862763, -0.0034141379061187775, -0.0033374453557659294, -0.0032669349392485916, -0.0032028038479132133, -0.0031447207206151727, -0.003096340959796224, -0.0030943442285080057, -0.00309235630941962, -0.003090377196414813, -0.0030883968701003366],
    "scf_converged": [true, true, true, true, true, true, true, true, true, true, true, true, true, true, true, true, true],
    "cc_converged": [true, true, true, true, true, true, true, true, true, true, true, true, true, true, true, true, true],
    "scf_spin_squared": [0.7865517501638797, 0.761178881263878, 0.7597583221294744, 0.7586017152881372, 0.7576383867986634, 0.7568186959247858, 0.7561147801745505, 0.7555098449757622, 0.754990756935416, 0.7545454148969624, 0.7541621659183586, 0.7538302662828995, 0.7535621545689852, 0.7535512029064764, 0.7535403060244428, 0.7535294634692464, 0.753518674791263],
    "cc_spin_squared": [0.8975318800966778, 0.7501994702110186, 0.7501766621877741, 0.7501557129412566, 0.75013664541973, 0.7501198497834385, 0.7501054595790801, 0.7500934183477086, 0.7500835147212994, 0.750075456494899, 0.7500689326531818, 0.7500636537686709, 0.7500596846600567, 0.7500595286887632, 0.7500593739978962, 0.7500592205758367, 0.7500590629803798]
}