{
    "schema_name": "pyscf_apdft_output",
    "provenance": {
        "creator": "PySCF",
        "version": "1.7.6"
    },
    "molecule": {
        "geometry": [[0.0, 0.0, 0.0], [1.4, 0.0, 0.0]],
        "symbols": [ "Li", "H" ]
    },
    "molecular_charge": 0,
    "molecular_multiplicity": 1,
    "name": "li.h.chrg0.mult1.sep1.40-pyscf-ccsdt.ccpv5z",
    "atomic_numbers": [ 3, 1 ],
    "n_electrons": 4,
    "model": {
        "method": "CCSD(T)",
        "basis": "cc-pV5Z",
        "scf_conv_tol": 1e-09,
        "scf_conv_tol_grad": 1e-06,
        "cc_conv_tol": 1e-05,
        "cc_conv_tol_normt": 1e-07
    },
    "broken_symmetry": false,
    "finite_diff_delta": 0.01,
    "finite_diff_acc": 2,
    "apdft_lambdas": [-0.02, -0.01, 0.0, 0.01, 0.02, 0.25, 0.5, 0.75, 1.0, 1.25, 1.5, 1.75, 2.0],
    "electronic_energies": [-7.933638697943299, -7.990905657450963, -8.048389324123411, -8.106089717906642, -8.164006858772753, -9.555966486225302, -11.199223430803466, -12.978035544333716, -14.891596078830872, -16.938131634544153, -19.11471650768886, -21.417265685903423, -23.840715732163947],
    "apdft_energies": {
        "0": [-8.048389324123423, -8.048389324123423, -8.048389324123423, -8.048389324123423, -8.048389324123423, -8.048389324123423, -8.048389324123423, -8.048389324123423, -8.048389324123423, -8.048389324123423, -8.048389324123423, -8.048389324123423, -8.048389324123423],
        "1": [-7.933205263667745, -7.990797293895584, -8.048389324123423, -8.105981354351263, -8.163573384579102, -9.48819007981941, -10.927990835515395, -12.36779159121138, -13.807592346907366, -15.247393102603352, -16.687193858299338, -18.126994613995322, -19.56679536969131],
        "2": [-7.933638717889259, -7.990905657450963, -8.048389324123423, -8.106089717906642, -8.164006838800617, -9.555917301931089, -11.198899723962114, -12.977336590216499, -14.891227900694243, -16.940573655395347, -19.12537385431981, -21.445628497467634, -23.901337584838817],
        "3": [-7.933638691277195, -7.990905654124455, -8.048389324123423, -8.10608972123315, -8.164006865412683, -9.555969278620246, -11.199315537475366, -12.978739960823722, -14.894554408800253, -16.947070741539896, -19.13660081917759, -21.463456501848277, -23.927949649686887],
        "4": [-7.933638691294643, -7.990905654125545, -8.048389324123423, -8.106089721234241, -8.16400686543013, -9.555969704610508, -11.19932235331955, -12.97877446603491, -14.894663462307218, -16.947336985453386, -19.137152902556604, -21.464479304466337, -23.929694505798338]
    },
    "apdft_poly_coeff": [ -8.048389324123423, -5.759203022783943, -1.083635553786877, -0.0033265081060089106, -0.0001090535069655137 ],
    "hf_energies": [-7.865799746430154, -7.923181521816887, -7.9807792629535665, -8.038592996054748, -8.096622747212741, -9.490983139818598, -11.136470969298523, -12.917126815695905, -14.83210335271378, -16.879584225242134, -19.056653352008087, -21.35926257206248, -23.78227219902037],
    "triples_corrections": [-0.0001579599478693101, -0.00015720754475429034, -0.00015647763474507678, -0.00015576979162665327, -0.00015508360281880936, -0.00014449918011564687, -0.00014199919289402228, -0.00014681420533865696, -0.0001577033688848512, -0.00017286013084254426, -0.00018848647673838764, -0.00019894470696814762, -0.00019959195944972311],
    "scf_converged": [true, true, true, true, true, true, true, true, true, true, true, true, true],
    "cc_converged": [true, true, true, true, true, true, true, true, true, true, true, true, true],
    "t1_diagnostic": [0.005612921632173333, 0.005610354957242567, 0.005609415960256772, 0.005610039144221093, 0.0056121621411141165, 0.005970493861196784, 0.006805377500974796, 0.008012423037147965, 0.009595085494297476, 0.011456893783720496, 0.013321567584848247, 0.014857727882457213, 0.015910747544370194]
}