{
    "schema_name": "pyscf_apdft_output",
    "provenance": {
        "creator": "PySCF",
        "version": "1.7.6"
    },
    "molecule": {
        "geometry": [[0.0, 0.0, 0.0], [1.0, 0.0, 0.0]],
        "symbols": [ "B", "H" ]
    },
    "molecular_charge": 1,
    "molecular_multiplicity": 4,
    "name": "b.h.chrg1.mult4.sep1.00-pyscf-uccsdt.ccpv5z",
    "atomic_numbers": [ 5, 1 ],
    "n_electrons": 5,
    "model": {
        "method": "UCCSD(T)",
        "basis": "cc-pV5Z",
        "scf_conv_tol": 1e-09,
        "scf_conv_tol_grad": 1e-06,
        "cc_conv_tol": 1e-05,
        "cc_conv_tol_normt": 1e-07
    },
    "broken_symmetry": false,
    "finite_diff_delta": 0.01,
    "finite_diff_acc": 2,
    "apdft_lambdas": [-2.0, -1.75, -1.5, -1.25, -1.0, -0.75, -0.5, -0.25, -0.02, -0.01, 0.0, 0.01, 0.02, 0.25, 0.5, 0.75, 1.0],
    "electronic_energies": [-7.803373212361178, -9.35790485715089, -11.061687659400617, -12.91853380821853, -14.93149516560073, -17.10256247682552, -19.432935605892737, -21.9234468689224, -24.356761879857498, -24.465654308457623, -24.574805068634195, -24.684214196667952, -24.793881728435096, -27.387629983916693, -30.362379488698473, -33.49924324179816, -36.79802832875056],
    "apdft_energies": {
        "0": [-24.574805068634213, -24.574805068634213, -24.574805068634213, -24.574805068634213, -24.574805068634213, -24.574805068634213, -24.574805068634213, -24.574805068634213, -24.574805068634213, -24.574805068634213, -24.574805068634213, -24.574805068634213, -24.574805068634213, -24.574805068634213, -24.574805068634213, -24.574805068634213, -24.574805068634213],
        "1": [-2.718816247601289, -5.450814850230405, -8.18281345285952, -10.914812055488635, -13.64681065811775, -16.378809260746866, -19.11080786337598, -21.842806466005097, -24.356245180423883, -24.465525124529048, -24.574805068634213, -24.684085012739377, -24.793364956844542, -27.306803671263328, -30.038802273892443, -32.77080087652156, -35.502799479150674],
        "2": [-7.886173390595722, -9.407072662835517, -11.089451845793889, -12.933310939470836, -14.93864994386636, -17.10546885898046, -19.433767684813134, -21.923546421364385, -24.356761916138183, -24.465654308457623, -24.574805068634213, -24.684214196667952, -24.79388169255884, -27.387543626622616, -30.361762095329595, -33.49746047475515, -36.79463876489928],
        "3": [-7.838068763943294, -9.37484632115235, -11.069157706424896, -12.92156664585452, -14.932636865534805, -17.102932091559335, -19.43301605002169, -21.923452467015455, -24.356761868033555, -24.465654302444545, -24.574805068634213, -24.68421420268103, -24.79388174066347, -27.387637580971546, -30.36251373012104, -33.49999724217628, -36.80065184323084],
        "4": [-7.811107693530037, -9.359042236664498, -11.06062705523945, -12.917452712991171, -14.930951798633977, -17.102398925860243, -19.43291073334039, -21.923445884722874, -24.356761867763947, -24.465654302427694, -24.574805068634213, -24.68421420266418, -24.793881740393857, -27.387630998678965, -30.362408413439738, -33.49946407647718, -36.798966776330005]
    },
    "apdft_poly_coeff": [ -24.574805068634213, -10.927994410516462, -1.2918392857486083, -0.006013078331553363, 0.0016850669008287393 ],
    "hf_energies": [-7.752005629714184, -9.30665355487617, -11.010571603028172, -12.867776790064498, -14.881388192740884, -17.05332971077172, -19.384712904011117, -21.876315554974404, -24.310687222052756, -24.419626658002212, -24.52882451492691, -24.63828082935448, -24.747995637431305, -27.342856979432803, -30.318877955417637, -33.45708843687204, -36.757307610335324],
    "triples_corrections": [-0.0002026693571074667, -0.00019676757744809816, -0.00019466650146026475, -0.00019074513640400366, -0.0001832584202777276, -0.00017349335067259175, -0.00016312288996777347, -0.00015298794787748035, -0.00014404030790542773, -0.00014365892978045544, -0.0001432781288471642, -0.00014289789677861234, -0.00014251822514559336, -0.00013392017897515104, -0.00012477940599102107, -0.00011572754318519126, -0.00010666692744988654],
    "scf_converged": [true, true, true, true, true, true, true, true, true, true, true, true, true, true, true, true, true],
    "cc_converged": [true, true, true, true, true, true, true, true, true, true, true, true, true, true, true, true, true],
    "scf_spin_squared": [3.75005909143068, 3.7500331442480013, 3.7500205946416156, 3.750014676599011, 3.7500119618262184, 3.750010704481638, 3.7500100942159533, 3.7500097797719936, 3.7500096159141947, 3.7500096103948364, 3.750009604975414, 3.7500095996524667, 3.7500095944226093, 3.7500094930013237, 3.750009400533171, 3.7500092995564422, 3.750009170178195],
    "cc_spin_squared": [3.750001936108618, 3.7500012025548073, 3.750000848588482, 3.7500006590815302, 3.7500005398678606, 3.7500004548320205, 3.7500003904140238, 3.750000339843049, 3.75000030176965, 3.7500003002571534, 3.7500002987633145, 3.750000297271553, 3.750000295789978, 3.7500002642209513, 3.750000234282334, 3.7500002076546197, 3.7500001834755166]
}