{
    "schema_name": "pyscf_qa_output",
    "provenance": {
        "creator": "PySCF",
        "version": "1.7.6"
    },
    "molecule": {
        "geometry": [[0.0, 0.0, 0.0], [1.7, 0.0, 0.0]],
        "symbols": [ "N", "H" ]
    },
    "molecular_charge": 0,
    "molecular_multiplicity": 3,
    "name": "n.h.chrg0.mult3.sep1.70-pyscf-uccsdt.ccpv5z",
    "atomic_numbers": [ 7, 1 ],
    "n_electrons": 8,
    "model": {
        "method": "UCCSD(T)",
        "basis": "cc-pV5Z",
        "scf_conv_tol": 1e-09,
        "scf_conv_tol_grad": 1e-06,
        "cc_conv_tol": 1e-05,
        "cc_conv_tol_normt": 1e-07
    },
    "broken_symmetry": false,
    "finite_diff_delta": 0.01,
    "finite_diff_acc": 2,
    "qa_lambdas": [-1.0, -0.75, -0.5, -0.25, -0.02, -0.01, 0.0, 0.01, 0.02, 0.25, 0.5, 0.75, 1.0, 1.25, 1.5, 1.75, 2.0],
    "electronic_energies": [-38.44274170471422, -42.30078578073444, -46.2386484975675, -50.629914272219125, -54.73997873496586, -54.92269321043149, -55.10574312897505, -55.289128579211244, -55.472849649702, -59.79127719122117, -64.6881546322548, -69.79903095960431, -75.12972544765476, -80.68455628803214, -86.46327912613654, -92.46201647041795, -98.67534967540077],
    "qats_energies": {
        "0": [-55.10574312897515, -55.10574312897515, -55.10574312897515, -55.10574312897515, -55.10574312897515, -55.10574312897515, -55.10574312897515, -55.10574312897515, -55.10574312897515, -55.10574312897515, -55.10574312897515, -55.10574312897515, -55.10574312897515, -55.10574312897515, -55.10574312897515, -55.10574312897515, -55.10574312897515],
        "1": [-36.78397468998743, -41.36441679973436, -45.94485890948129, -50.52530101922822, -54.739307760195395, -54.922525444585276, -55.10574312897515, -55.28896081336502, -55.4721784977549, -59.686185238722075, -64.266627348469, -68.84706945821594, -73.42751156796287, -78.00795367770979, -82.58839578745673, -87.16883789720366, -91.74928000695058],
        "2": [-38.461633152165476, -42.30809968470951, -46.3642735250258, -50.63015467311435, -54.739978823580266, -54.92269321043149, -55.10574312897515, -55.289128579211244, -55.472849561139775, -59.791038892608206, -64.68604196401353, -69.79075234319109, -75.10517003014091, -80.62929502486298, -86.36312732735732, -92.30666693762392, -98.45991385566276],
        "3": [-38.44686843294046, -42.301870818786455, -46.362427935122675, -50.62992397437645, -54.73997870546251, -54.92269319566677, -55.10574312897515, -55.28912859397596, -55.47284967925753, -59.791269591346094, -64.68788755391665, -69.79698120911414, -75.11993474936592, -80.65813236709934, -86.41295825474174, -92.38579660472047, -98.57803160946287],
        "4": [-38.44665097725738, -42.30180201444923, -46.36241434414248, -50.62992312494019, -54.73997870542772, -54.92269319566459, -55.10574312897515, -55.289128593973786, -55.47284967922273, -59.79126874190983, -64.68787396293645, -69.79691240477692, -75.11971729368284, -80.65760146943555, -86.41185738534611, -92.38375710825525, -98.57455231853342]
    },
    "qats_poly_coeffs": [ -55.10574312897515, -18.321768438987718, -1.6776584621780444, -0.014764719225013321, 0.000217455683089914 ],
    "hf_energies": [-38.2446328204251, -42.0998953254325, -46.037980816363195, -50.39658275413292, -54.49721506896324, -54.67956915806716, -54.86226433347909, -55.045300861201135, -55.22867900607992, -59.54125004712134, -64.43725744994259, -69.55121164554097, -74.91564431581297, -80.46909076301978, -86.2524636571307, -92.25519825984486, -98.4717607351101],
    "triples_corrections": [-0.007433611326535931, -0.007789627371562944, -0.006977488968571162, -0.009785334458864392, -0.009991737628343994, -0.00999674109767942, -0.010001394925015549, -0.010005698976458335, -0.010009653242658345, -0.010003781103690488, -0.009775877528095825, -0.009059185690425407, -0.005529477205970497, -0.00482687561768064, -0.0039706193721399325, -0.003335206840925927, -0.0029026139315520283],
    "scf_converged": [true, true, true, true, true, true, true, true, true, true, true, false, true, true, true, true, true],
    "cc_converged": [true, true, true, true, true, true, true, true, true, true, true, true, true, true, true, true, true],
    "scf_spin_squared": [2.1319586735013023, 2.3554995433242683, 2.02959361031272, 2.082087132671387, 2.064199949001114, 2.063859002916119, 2.0635438481718795, 2.0632539563207986, 2.0629888715000537, 2.063633160636524, 2.0903597963950498, 2.194948410981054, 2.372996506968946, 2.074548544400637, 2.0201744019667434, 2.0104394895118274, 2.0072851169318473],
    "cc_spin_squared": [2.0062131782253, 2.0143525782435185, 2.0009408040060497, 2.0116680249468217, 2.0177157720963077, 2.017933569304788, 2.018145652618461, 2.0183517599456797, 2.0185516279468017, 2.0208449595233597, 2.0165851722642243, 2.007304000723912, 2.01074202784032, 2.0028196328314967, 2.0007858533753486, 2.0002835485437513, 2.000138156285842]
}