{
    "schema_name": "pyscf_qa_output",
    "provenance": {
        "creator": "PySCF",
        "version": "1.7.6"
    },
    "molecule": {
        "geometry": [[0.0, 0.0, 0.0], [0.9, 0.0, 0.0]],
        "symbols": [ "B", "H" ]
    },
    "molecular_charge": -1,
    "molecular_multiplicity": 2,
    "name": "b.h.chrg-1.mult2.sep0.90-pyscf-uccsdt.ccpv5z",
    "atomic_numbers": [ 5, 1 ],
    "n_electrons": 7,
    "model": {
        "method": "UCCSD(T)",
        "basis": "cc-pV5Z",
        "scf_conv_tol": 1e-09,
        "scf_conv_tol_grad": 1e-06,
        "cc_conv_tol": 1e-05,
        "cc_conv_tol_normt": 1e-07
    },
    "broken_symmetry": false,
    "finite_diff_delta": 0.01,
    "finite_diff_acc": 2,
    "qa_lambdas": [-0.02, -0.01, 0.0, 0.01, 0.02, 0.25, 0.5, 0.75, 1.0, 1.25, 1.5, 1.75, 2.0, 2.25, 2.5, 2.75, 3.0],
    "electronic_energies": [-24.956156674183617, -25.072926361885028, -25.189990654334274, -25.30734973908645, -25.425003798706058, -28.212801835424724, -31.421571414418217, -34.81644758278944, -38.39656096562443, -42.16053562107518, -46.10661802835506, -50.232643824931046, -54.535993648061435, -59.01357878059361, -63.66185357925569, -68.47684344965931, -73.45417868673061],
    "qats_energies": {
        "0": [-25.18999065433426, -25.18999065433426, -25.18999065433426, -25.18999065433426, -25.18999065433426, -25.18999065433426, -25.18999065433426, -25.18999065433426, -25.18999065433426, -25.18999065433426, -25.18999065433426, -25.18999065433426, -25.18999065433426, -25.18999065433426, -25.18999065433426, -25.18999065433426, -25.18999065433426],
        "1": [-24.955567277132836, -25.072778965733548, -25.18999065433426, -25.30720234293497, -25.424414031535683, -28.120282869352053, -31.050575084369846, -33.98086729938764, -36.91115951440543, -39.84145172942323, -42.77174394444102, -45.702036159458814, -48.63232837447661, -51.5626205894944, -54.492912804512194, -57.42320501952999, -60.35349723454778],
        "2": [-24.956156861738755, -25.072926361885028, -25.18999065433426, -25.30734973908645, -25.425003616141602, -28.21240546402689, -31.419065463069195, -34.80997065146117, -38.38512102920283, -42.14451659629415, -46.08815735273516, -50.21604329852583, -54.52817443366619, -59.02455075815622, -63.70517227199591, -68.5700389751853, -73.61915086772433],
        "3": [-24.95615661499236, -25.072926331041728, -25.18999065433426, -25.30734976992975, -25.425003862887998, -28.21288739058111, -31.422920875502946, -34.822982668425084, -38.415964328672835, -42.204757415571514, -46.19225348844643, -50.381344106622905, -54.77492082942624, -59.37587521618176, -64.18709882621476, -69.21148321885059, -74.45191995341452],
        "4": [-24.956156611665246, -25.072926330833784, -25.18999065433426, -25.307349769721807, -25.425003859560885, -28.21280616221217, -31.42162122159993, -34.816403170541065, -38.39516986622458, -42.15398968498495, -46.08698152230214, -50.18631479280157, -54.44220943025415, -58.842935887576274, -63.374815136829795, -68.02221866922204, -72.76756849510582]
    },
    "qats_poly_coeffs": [ -25.18999065433426, -11.721168860071174, -1.473961514797395, -0.030843299470006965, 0.02079446244825552 ],
    "hf_energies": [-24.804252788255717, -24.920880818693835, -25.037805711761212, -25.155027640893536, -25.272546771202563, -28.057781214413083, -31.264547814488253, -34.657815531921855, -38.23656985660294, -41.9994096866519, -45.94458602211367, -50.06995218246251, -54.372918034345744, -58.85043155263647, -63.498983603648355, -68.31462694306049, -73.29300261125645],
    "triples_corrections": [-0.004392587233133122, -0.004392332158486062, -0.004391773838435228, -0.004390916173091077, -0.0043897635531723435, -0.004297042995289394, -0.004125395095274811, -0.003954203399571225, -0.0038024919782444094, -0.0036670821424004815, -0.003542219291128071, -0.003423545893942346, -0.003308128918708972, -0.0031942170703878844, -0.0030811691204841525, -0.0029693915956834588, -0.002860121389620384],
    "scf_converged": [true, true, true, true, true, true, true, true, true, true, true, true, true, true, true, true, true],
    "cc_converged": [true, true, true, true, true, true, true, true, true, true, true, true, true, true, true, true, true],
    "scf_spin_squared": [0.7643657424810364, 0.7643236922414451, 0.7642826673371368, 0.764242485837106, 0.7642029709769522, 0.7631978545543348, 0.7616595239437793, 0.7601101739872838, 0.7588359089639183, 0.7578434574726263, 0.7570663645846922, 0.7564417244971207, 0.7559229209237133, 0.7554761982688287, 0.7550766981637347, 0.7547067246026504, 0.7543553633021061],
    "cc_spin_squared": [0.7504813793821046, 0.7504772924804222, 0.7504732122346267, 0.7504691382792017, 0.7504650704015992, 0.7503743622646604, 0.7502908686391394, 0.750229203085695, 0.7501859572607126, 0.7501556206859439, 0.7501337364940011, 0.7501173161592134, 0.7501044779547483, 0.7500940409441581, 0.7500852465947458, 0.7500775948592728, 0.7500707486526781]
}