{
    "schema_name": "pyscf_apdft_output",
    "provenance": {
        "creator": "PySCF",
        "version": "1.7.6"
    },
    "molecule": {
        "geometry": [[0.0, 0.0, 0.0], [1.8, 0.0, 0.0]],
        "symbols": [ "Ne", "H" ]
    },
    "molecular_charge": 1,
    "molecular_multiplicity": 3,
    "name": "ne.h.chrg1.mult3.sep1.80-pyscf-uccsdt.ccpv5z",
    "atomic_numbers": [ 10, 1 ],
    "n_electrons": 10,
    "model": {
        "method": "UCCSD(T)",
        "basis": "cc-pV5Z",
        "scf_conv_tol": 1e-09,
        "scf_conv_tol_grad": 1e-06,
        "cc_conv_tol": 1e-05,
        "cc_conv_tol_normt": 1e-07
    },
    "broken_symmetry": false,
    "finite_diff_delta": 0.01,
    "finite_diff_acc": 2,
    "apdft_lambdas": [-2.0, -1.75, -1.5, -1.25, -1.0, -0.75, -0.5, -0.25, -0.02, -0.01, 0.0, 0.01, 0.02],
    "electronic_energies": [-75.55183231722562, -81.38815990328357, -87.41660488560603, -93.68445538084958, -100.19069954761258, -106.93492768311735, -113.91686658391112, -121.13623310944284, -127.9874888384087, -128.2899187514386, -128.59272760612473, -128.89591538324873, -129.19948206358222],
    "apdft_energies": {
        "0": [-128.5927276061247, -128.5927276061247, -128.5927276061247, -128.5927276061247, -128.5927276061247, -128.5927276061247, -128.5927276061247, -128.5927276061247, -128.5927276061247, -128.5927276061247, -128.5927276061247, -128.5927276061247, -128.5927276061247],
        "1": [-67.99306442511039, -75.56802232273718, -83.14298022036397, -90.71793811799076, -98.29289601561754, -105.86785391324433, -113.44281181087112, -121.01776970849791, -127.98673097431455, -128.2897292902196, -128.5927276061247, -128.89572592202978, -129.19872423793484],
        "2": [-75.5715131837465, -81.37027215356795, -87.40585764709678, -93.67826966433299, -100.18750820527657, -106.93357326992754, -113.91646485828588, -121.1361829703516, -127.98748881919042, -128.2899187514386, -128.5927276061247, -128.89591538324873, -129.1994820828107],
        "3": [-75.59714435500601, -81.38744303587657, -87.41667079747188, -93.68452727450376, -100.19071210168401, -106.93492491372442, -113.9168653453368, -121.13623303123296, -127.98748884482158, -128.28991875464249, -128.5927276061247, -128.89591538004484, -129.19948205717952],
        "4": [-75.59646223397968, -81.38704318905425, -87.4164549701159, -93.6844231910952, -100.19066946911987, -106.93491142451467, -113.91686268080154, -121.13623286469951, -127.98748884481476, -128.28991875464206, -128.5927276061247, -128.8959153800444, -129.1994820571727]
    },
    "apdft_poly_coeff": [ -128.5927276061247, -30.299831590507154, -1.8946121896590284, 0.003203896407436938, 4.263256414560601e-05 ],
    "hf_energies": [-75.26189764382853, -81.08874395138379, -87.12054267201817, -93.39099913904292, -99.8993640006018, -106.64545021243808, -113.62908509582778, -120.85004549972051, -127.70271782556647, -128.00520873760937, -128.30807856046448, -128.61132727690142, -128.9149548696605],
    "triples_corrections": [-0.007310580103488161, -0.00797283471342433, -0.00704276845849537, -0.006207731828922081, -0.005519055152888122, -0.004945348351446663, -0.004463684072017129, -0.004056218943312935, -0.0037339519013668125, -0.0037209223753568387, -0.003707968651442662, -0.003695090057059894, -0.0036822859375041338],
    "scf_converged": [true, true, true, true, true, true, true, true, true, true, true, true, true],
    "cc_converged": [true, true, true, true, true, true, true, true, true, true, true, true, true],
    "scf_spin_squared": [2.0065907475310603, 2.016717550879436, 2.009348404233527, 2.006358783737756, 2.004872637586682, 2.004009604863877, 2.003444766493428, 2.003040541159436, 2.002753810924263, 2.0027427016711643, 2.0027316903491954, 2.0027207754000202, 2.0027099444676155],
    "cc_spin_squared": [2.0002002244098342, 2.0004891767586126, 2.000311727535151, 2.0001822530999838, 2.0001156437207235, 2.000080423840548, 2.000059832330245, 2.00004663208211, 2.0000381624568697, 2.0000378504932055, 2.0000375425059054, 2.000037238422903, 2.000036938139308]
}