{
    "schema_name": "pyscf_apdft_output",
    "provenance": {
        "creator": "PySCF",
        "version": "1.7.6"
    },
    "molecule": {
        "geometry": [[0.0, 0.0, 0.0], [1.9, 0.0, 0.0]],
        "symbols": [ "C", "H" ]
    },
    "molecular_charge": 0,
    "molecular_multiplicity": 2,
    "name": "c.h.chrg0.mult2.sep1.90-pyscf-uccsdt.ccpv5z",
    "atomic_numbers": [ 6, 1 ],
    "n_electrons": 7,
    "model": {
        "method": "UCCSD(T)",
        "basis": "cc-pV5Z",
        "scf_conv_tol": 1e-09,
        "scf_conv_tol_grad": 1e-06,
        "cc_conv_tol": 1e-05,
        "cc_conv_tol_normt": 1e-07
    },
    "broken_symmetry": false,
    "finite_diff_delta": 0.01,
    "finite_diff_acc": 2,
    "apdft_lambdas": [-1.0, -0.75, -0.5, -0.25, -0.02, -0.01, 0.0, 0.01, 0.02, 0.25, 0.5, 0.75, 1.0, 1.25, 1.5, 1.75, 2.0],
    "electronic_energies": [-25.223201705483135, -28.228648933727147, -31.418588844529253, -34.796661293405975, -38.07290247672066, -38.21903416681827, -38.36547379205634, -38.512221423088334, -38.65927712828916, -42.12671733012409, -46.08127681126717, -50.2303017739983, -54.57687471550697, -59.127414486872674, -63.887866803374756, -68.85481116072066, -74.02030213480656],
    "apdft_energies": {
        "0": [-38.36547379205636, -38.36547379205636, -38.36547379205636, -38.36547379205636, -38.36547379205636, -38.36547379205636, -38.36547379205636, -38.36547379205636, -38.36547379205636, -38.36547379205636, -38.36547379205636, -38.36547379205636, -38.36547379205636, -38.36547379205636, -38.36547379205636, -38.36547379205636, -38.36547379205636],
        "1": [-23.706110978553056, -27.370951681928883, -31.03579238530471, -34.70063308868053, -38.0722865357863, -38.21888016392133, -38.36547379205636, -38.5120674201914, -38.65866104832643, -42.030314495432194, -45.69515519880802, -49.35999590218384, -53.02483660555967, -56.6896773089355, -60.354518012311324, -64.01935871568715, -67.68419941906298],
        "2": [-25.24613994793316, -28.23721797720519, -31.420799627649735, -34.79688489926679, -38.07290254737405, -38.21903416681827, -38.36547379205636, -38.512221423088334, -38.65927705991418, -42.12656630601845, -46.08016244115304, -50.22626219746015, -54.56486557493977, -59.09597257359191, -63.819583193416555, -68.73569743441371, -73.84431529658339],
        "3": [-25.23455425019864, -28.23233026097344, -31.41935141543292, -34.79670387273969, -38.07290245468847, -38.21903415523257, -38.36547379205636, -38.51222143467403, -38.65927715259976, -42.12674733254555, -46.08161065336986, -50.2311499136919, -54.57645127267429, -59.11860088947964, -63.85868492327055, -68.79778953320965, -73.93700087845953],
        "4": [-25.225060836735885, -28.229326485619993, -31.4187580770915, -34.79666678909335, -38.07290245316952, -38.219034155137635, -38.36547379205636, -38.5122214345791, -38.659277151080815, -42.12671024889921, -46.08101731502843, -50.22814613833845, -54.56695785921154, -59.095423610517834, -63.81062451761536, -68.70875169834999, -73.78510626305547]
    },
    "apdft_poly_coeff": [ -38.36547379205636, -14.659362813503307, -1.5400289693801028, -0.011585697734517451, 0.009493413462754082 ],
    "hf_energies": [-25.066885576086833, -28.0657903305845, -31.246585050348788, -34.61417294789466, -37.87951694655371, -38.02517209685104, -38.171136415239815, -38.317410170678805, -38.46399363280388, -41.92151918675271, -45.86955082753002, -50.01922101946818, -54.373542539378825, -58.93279570222389, -63.70388219137813, -68.67230679744672, -73.83739888719455],
    "triples_corrections": [-0.005143401993196559, -0.005674084907514854, -0.006484852981873842, -0.007205182139980547, -0.007848071149616562, -0.007872453135997286, -0.007896432468876025, -0.007919998639790113, -0.007943141494705331, -0.008341510536581893, -0.008447258549740802, -0.008148754182239861, -0.007322980890412096, -0.006083556118414156, -0.0053621587963698395, -0.005660141674400884, -0.006336177611819316],
    "scf_converged": [true, true, true, true, true, true, true, true, true, true, true, true, true, false, true, true, true],
    "cc_converged": [true, true, true, true, true, true, true, true, true, true, true, true, true, true, true, true, true],
    "scf_spin_squared": [0.7675427447145533, 0.8107782871411056, 0.8040065186396177, 0.7742387741787691, 0.768868690248369, 0.7687147570249242, 0.7685651189838945, 0.768419620850084, 0.7682781137264771, 0.7659152764157708, 0.7650031508394401, 0.7667372228724432, 0.7807296734879081, 0.7954031075521559, 0.7714938882129658, 0.7569525933650851, 0.7547102676574808],
    "cc_spin_squared": [0.7505196760227408, 0.7515219695497741, 0.7506079542860558, 0.7520041030756812, 0.7541022725948721, 0.7542146192919426, 0.7543284620553701, 0.7544437388540641, 0.7545603828686052, 0.7573840698982739, 0.759226786645079, 0.757588726630704, 0.7533124872826846, 0.7508794592905172, 0.7506117827961427, 0.7501804227028004, 0.7501017962891969]
}