{
    "schema_name": "pyscf_qa_output",
    "provenance": {
        "creator": "PySCF",
        "version": "1.7.6"
    },
    "molecule": {
        "geometry": [[0.0, 0.0, 0.0], [1.6, 0.0, 0.0]],
        "symbols": [ "F", "H" ]
    },
    "molecular_charge": 1,
    "molecular_multiplicity": 4,
    "name": "f.h.chrg1.mult4.sep1.60-pyscf-uccsdt.ccpv5z",
    "atomic_numbers": [ 9, 1 ],
    "n_electrons": 9,
    "model": {
        "method": "UCCSD(T)",
        "basis": "cc-pV5Z",
        "scf_conv_tol": 1e-09,
        "scf_conv_tol_grad": 1e-06,
        "cc_conv_tol": 1e-05,
        "cc_conv_tol_normt": 1e-07
    },
    "broken_symmetry": false,
    "finite_diff_delta": 0.01,
    "finite_diff_acc": 2,
    "qa_lambdas": [-2.0, -1.75, -1.5, -1.25, -1.0, -0.75, -0.5, -0.25, -0.02, -0.01, 0.0, 0.01, 0.02, 0.25, 0.5, 0.75, 1.0],
    "electronic_energies": [-55.09133222685104, -59.86611714242566, -64.86114680380332, -70.07925413576129, -75.52146268718899, -81.18761741835955, -87.0771200681835, -93.18930092690744, -99.00864657251297, -99.26591845128023, -99.52354478442912, -99.78152553871996, -100.03986068097763, -106.07930464418254, -112.85606547352445, -119.85329400345178, -127.07039438032122],
    "qats_energies": {
        "0": [-99.52354478442905, -99.52354478442905, -99.52354478442905, -99.52354478442905, -99.52354478442905, -99.52354478442905, -99.52354478442905, -99.52354478442905, -99.52354478442905, -99.52354478442905, -99.52354478442905, -99.52354478442905, -99.52354478442905, -99.52354478442905, -99.52354478442905, -99.52354478442905, -99.52354478442905],
        "1": [-47.962836040455755, -54.40792463345242, -60.85301322644908, -67.29810181944575, -73.7431904124424, -80.18827900543906, -86.63336759843573, -93.0784561914324, -99.00793769698932, -99.26574124070919, -99.52354478442905, -99.78134832814891, -100.03915187186878, -105.9686333774257, -112.41372197042237, -118.85881056341904, -125.3038991564157],
        "2": [-55.051258882287954, -59.834998371730194, -64.84025107497969, -70.06701699203644, -75.51529612290045, -81.18508846757172, -87.07639402605024, -93.18921279833602, -99.0086465392735, -99.26591845128023, -99.52354478442905, -99.78152553871996, -100.03986071415297, -106.07938998432934, -112.85674839803688, -119.85562002555169, -127.07600486687375],
        "3": [-55.095535424424334, -59.864660195856715, -64.85893024119348, -70.07782669470646, -75.5208306906675, -81.18742336334844, -87.07708584702112, -93.18929927595738, -99.00864658355005, -99.2659184568148, -99.52354478442905, -99.78152553318539, -100.03986066987642, -106.07930350670797, -112.856056577066, -119.85328512977496, -127.0704702991067],
        "4": [-55.09981478647424, -59.86716867932396, -64.86028425809208, -70.07847967353487, -75.52109815079562, -81.1875079894046, -87.07710256327913, -93.1893003207235, -99.00864658359284, -99.26591845681747, -99.52354478442905, -99.78152553318807, -100.03986066991922, -106.07930455147411, -112.85607329332402, -119.85336975583112, -127.07073775923482]
    },
    "qats_poly_coeffs": [ -99.52354478442905, -25.780354371986647, -1.7721057104580495, 0.005534567767047822, -0.000267460128119031 ],
    "hf_energies": [-54.861363861906185, -59.63190532539424, -64.6262851102284, -69.8462169235074, -75.29083278797651, -80.95919208085618, -86.8505611627934, -92.96433771846228, -98.78499939930276, -99.04232633996897, -99.30000759729998, -99.55804314264266, -99.81643294736126, -105.8571080143126, -112.6351823472889, -119.63373334363341, -126.8521844061596],
    "triples_corrections": [-0.006216975532440218, -0.006081300769384116, -0.005811887580626459, -0.005319281365294236, -0.004743709460814916, -0.00421562255698685, -0.0037716415651731817, -0.003405517527103451, -0.00312355819843236, -0.003112295158293531, -0.0031011076905833055, -0.0030899949716369874, -0.003078956072173349, -0.002843754828075057, -0.0026225868341463966, -0.002430055006169748, -0.0022609965731305286],
    "scf_converged": [true, true, true, true, true, true, true, true, true, true, true, true, true, true, true, true, true],
    "cc_converged": [true, true, true, true, true, true, true, true, true, true, true, true, true, true, true, true, true],
    "scf_spin_squared": [3.786773604982571, 3.7734519961905946, 3.7693649328202494, 3.7648809462906883, 3.761292612176662, 3.758868168781193, 3.7572565532780295, 3.756147791704038, 3.7554029572161736, 3.755374920991687, 3.7553471948382264, 3.755319773335346, 3.7552926755688643, 3.7547407840163336, 3.7542617972294208, 3.75387015588029, 3.7535409445406454],
    "cc_spin_squared": [3.7509502648619573, 3.7506136045916465, 3.7504368965344863, 3.7503433259135237, 3.7502558179199794, 3.7501843713005343, 3.7501345794857075, 3.7501014617700017, 3.750080640585896, 3.750079887621501, 3.7500791454335918, 3.75007841382157, 3.7500776926467974, 3.7500635728824925, 3.7500522795192617, 3.7500438021621934, 3.7500372618387536]
}