{
    "schema_name": "pyscf_qa_output",
    "provenance": {
        "creator": "PySCF",
        "version": "1.7.6"
    },
    "molecule": {
        "geometry": [[0.0, 0.0, 0.0], [1.2, 0.0, 0.0]],
        "symbols": [ "C", "H" ]
    },
    "molecular_charge": 2,
    "molecular_multiplicity": 4,
    "name": "c.h.chrg2.mult4.sep1.20-pyscf-uccsdt.ccpv5z",
    "atomic_numbers": [ 6, 1 ],
    "n_electrons": 5,
    "model": {
        "method": "UCCSD(T)",
        "basis": "cc-pV5Z",
        "scf_conv_tol": 1e-09,
        "scf_conv_tol_grad": 1e-06,
        "cc_conv_tol": 1e-05,
        "cc_conv_tol_normt": 1e-07
    },
    "broken_symmetry": false,
    "finite_diff_delta": 0.01,
    "finite_diff_acc": 2,
    "qa_lambdas": [-3.0, -2.75, -2.5, -2.25, -2.0, -1.75, -1.5, -1.25, -1.0, -0.75, -0.5, -0.25, -0.02, -0.01, 0.0, 0.01, 0.02],
    "electronic_energies": [-7.832276602250467, -9.401876043641936, -11.117192001651198, -12.98186550045149, -14.999379240616655, -17.172687719374906, -19.50405724631008, -21.99518757259291, -24.647507260019566, -27.462450796578974, -30.441610103266907, -33.58674925737981, -36.62844190024223, -36.76393238483711, -36.89969398300718, -37.03572679208597, -37.17203090822609],
    "qats_energies": {
        "0": [-36.899693983007204, -36.899693983007204, -36.899693983007204, -36.899693983007204, -36.899693983007204, -36.899693983007204, -36.899693983007204, -36.899693983007204, -36.899693983007204, -36.899693983007204, -36.899693983007204, -36.899693983007204, -36.899693983007204, -36.899693983007204, -36.899693983007204, -36.899693983007204, -36.899693983007204],
        "1": [3.869467104321039, 0.4720370137103558, -2.9253930769003347, -6.322823167511022, -9.720253258121708, -13.117683348732395, -16.515113439343082, -19.91254352995377, -23.309973620564456, -26.707403711175143, -30.10483380178583, -33.50226389239651, -36.62789957575835, -36.76379677938277, -36.899693983007204, -37.035591186631635, -37.17148839025606],
        "2": [-8.335023785898649, -9.78312547043258, -11.40073397288623, -13.187849293259596, -15.144471431552681, -17.270600387765484, -19.566236161898004, -22.031378753950243, -24.6660281639222, -27.470184391813874, -30.443847437625266, -33.587017301356376, -36.62844199757569, -36.76393238483711, -36.899693983007204, -37.03572679208597, -37.1720308120734],
        "3": [-7.899679944922106, -9.447799861439655, -11.148798879728503, -13.004188610347619, -15.015480663855929, -17.184186650812382, -19.511818181775936, -21.999886867305527, -24.649904317960107, -27.463382144298613, -30.441831956880005, -33.586765366263215, -36.62844186858492, -36.76393236871326, -36.899693983007204, -37.035726808209816, -37.17203094106417],
        "4": [-7.501169120582269, -9.166424621318146, -10.956615804718936, -12.87809729483384, -14.93676247633201, -17.138043494502586, -19.486911255254697, -21.98787542511743, -24.644984431239862, -27.461825461391037, -30.44152446395999, -33.586746147955715, -36.62844186779774, -36.763932368664065, -36.899693983007204, -37.03572680816061, -37.17203094027699]
    },
    "qats_poly_coeffs": [ -36.899693983007204, -13.589720362442748, -1.3560545433577431, -0.016123845962094187, 0.004919886720244904 ],
    "hf_energies": [-7.780172368448322, -9.349543829919673, -11.064508716734926, -12.928908803290565, -14.946385677358771, -17.119952871877658, -19.45183206712057, -21.943629088700824, -24.596684581285416, -27.412377328021655, -30.392281043730776, -33.538176498747696, -36.580612590740685, -36.71613712097941, -36.851932938122374, -36.98800014297332, -37.12433883512718],
    "triples_corrections": [-0.00017242498685444765, -0.00016443286471393807, -0.00016544006932372196, -0.00016987538629757194, -0.0001735649797998572, -0.00017431139809328134, -0.00017193154410447253, -0.00016735943935487587, -0.00016160015346289495, -0.00015523111517988338, -0.00014838942436814421, -0.0001409477906501821, -0.0001334120736818832, -0.00013306799667670168, -0.0001327225226527768, -0.00013237566440298226, -0.00013202743054812485],
    "scf_converged": [true, true, true, true, true, true, true, true, true, true, true, true, true, true, true, true, true],
    "cc_converged": [true, true, true, true, true, true, true, true, true, true, true, true, true, true, true, true, true],
    "scf_spin_squared": [3.750027400612712, 3.7500159264645156, 3.7500111228547137, 3.7500091893526353, 3.7500085694971528, 3.7500085303691133, 3.7500086857420647, 3.7500088405491576, 3.750008920657933, 3.750008922277392, 3.7500088771583298, 3.750008830824257, 3.750008822896473, 3.7500088236515694, 3.7500088245142384, 3.7500088254735315, 3.7500088265297604],
    "cc_spin_squared": [3.750001205599013, 3.7500007398309334, 3.7500005436443242, 3.7500004550647605, 3.7500004078888622, 3.7500003740046655, 3.750000343388707, 3.750000314116349, 3.7500002866809385, 3.750000261601089, 3.7500002388881613, 3.7500002181306744, 3.7500002002726758, 3.7500001995161103, 3.750000198760741, 3.7500001980067044, 3.7500001972540113]
}