{
    "schema_name": "pyscf_qa_output",
    "provenance": {
        "creator": "PySCF",
        "version": "1.7.6"
    },
    "molecule": {
        "geometry": [[0.0, 0.0, 0.0], [1.2, 0.0, 0.0]],
        "symbols": [ "B", "H" ]
    },
    "molecular_charge": 1,
    "molecular_multiplicity": 4,
    "name": "b.h.chrg1.mult4.sep1.20-pyscf-uccsdt.ccpv5z",
    "atomic_numbers": [ 5, 1 ],
    "n_electrons": 5,
    "model": {
        "method": "UCCSD(T)",
        "basis": "cc-pV5Z",
        "scf_conv_tol": 1e-09,
        "scf_conv_tol_grad": 1e-06,
        "cc_conv_tol": 1e-05,
        "cc_conv_tol_normt": 1e-07
    },
    "broken_symmetry": false,
    "finite_diff_delta": 0.01,
    "finite_diff_acc": 2,
    "qa_lambdas": [-2.0, -1.75, -1.5, -1.25, -1.0, -0.75, -0.5, -0.25, -0.02, -0.01, 0.0, 0.01, 0.02, 0.25, 0.5, 0.75, 1.0],
    "electronic_energies": [-7.8610918464378035, -9.419036588250375, -11.125016841657361, -12.98313613661034, -14.996767136322037, -17.168190989906364, -19.498840206577597, -21.98976045671797, -24.423777357229895, -24.532710975524335, -24.641903988414118, -24.751356454485023, -24.86106843215594, -27.456200217340005, -30.433505364973087, -33.574491370971764, -36.87947321263143],
    "qats_energies": {
        "0": [-24.641903988414132, -24.641903988414132, -24.641903988414132, -24.641903988414132, -24.641903988414132, -24.641903988414132, -24.641903988414132, -24.641903988414132, -24.641903988414132, -24.641903988414132, -24.641903988414132, -24.641903988414132, -24.641903988414132, -24.641903988414132, -24.641903988414132, -24.641903988414132, -24.641903988414132],
        "1": [-2.77735609234529, -5.510424579353895, -8.2434930663625, -10.976561553371106, -13.709630040379711, -16.442698527388316, -19.17576701439692, -21.908835501405527, -24.423258509453444, -24.532581248933788, -24.641903988414132, -24.751226727894476, -24.86054946737482, -27.374972475422737, -30.108040962431343, -32.84110944943995, -35.57417793644855],
        "2": [-7.966419714229605, -9.483301414859074, -11.162341353672428, -13.003539530669666, -15.00689594585079, -17.172410599215798, -19.50008349076469, -21.98991462049747, -24.423777415815632, -24.532710975524335, -24.641903988414132, -24.751356454485023, -24.86106837373701, -27.45605159451468, -30.432357438799112, -33.57082152126743, -36.87144384191963],
        "3": [-7.888416602704101, -9.431045424130074, -11.129433790997606, -12.984495802269885, -14.997145556910102, -17.168297153881447, -19.498864692147105, -21.98976227067027, -24.42377733781252, -24.532710965773944, -24.641903988414132, -24.751356464235414, -24.86106845174012, -27.45620394434188, -30.4335762374167, -33.57493496660178, -36.88119423086032],
        "4": [-7.877296372041876, -9.424526949076364, -11.125915280514636, -12.982798989729872, -14.996450542493713, -17.16807724697626, -19.49882125374608, -21.989759555770206, -24.423777337701317, -24.532710965766995, -24.641903988414132, -24.75135646422846, -24.861068451628917, -27.456201229441813, -30.433532799015673, -33.5747150596966, -36.88049921644393]
    },
    "qats_poly_coeffs": [ -24.641903988414132, -10.932273948034421, -1.297265905471079, -0.009750388940688024, 0.0006950144163890096 ],
    "hf_energies": [-7.811517462672039, -9.369481050963328, -11.075538936096896, -12.933961001733008, -14.948180984069316, -17.12041604829777, -19.45200471143526, -21.943927577981164, -24.378895350794856, -24.48787077833485, -24.59710563874178, -24.70659999085543, -24.81635389339825, -27.412462096392552, -30.39086692470437, -33.53302356806724, -36.839290449785864],
    "triples_corrections": [-0.0001685393170110212, -0.0001706479468497707, -0.00017577624774810276, -0.00017881951196655415, -0.00017754824184563155, -0.00017276989080208005, -0.000166162353492577, -0.00015880864422345987, -0.000151750115780535, -0.0001514382993673245, -0.00015112606486160552, -0.0001508134081918717, -0.00015050032487229717, -0.00014316595405180864, -0.00013480414265539868, -0.0001258484017001222, -0.00011614969350270753],
    "scf_converged": [true, true, true, true, true, true, true, true, true, true, true, true, true, true, true, true, true],
    "cc_converged": [true, true, true, true, true, true, true, true, true, true, true, true, true, true, true, true, true],
    "scf_spin_squared": [3.750026007722328, 3.7500150847914053, 3.7500104824681406, 3.7500087597071636, 3.7500083145132903, 3.750008344252148, 3.750008490841306, 3.7500086249837588, 3.7500087067204593, 3.750008709294966, 3.7500087117901044, 3.750008714206341, 3.750008716544201, 3.7500087501932065, 3.7500087513913183, 3.7500087302482363, 3.7500086971787803],
    "cc_spin_squared": [3.7500010330019844, 3.75000068884923, 3.7500005421688725, 3.7500004697854816, 3.7500004211228606, 3.7500003801375246, 3.75000034373574, 3.750000311352138, 3.7500002846084595, 3.750000283503352, 3.750000282402653, 3.7500002813063436, 3.7500002802143633, 3.7500002561909307, 3.7500002320159576, 3.7500002091809392, 3.750000187115784]
}