{
    "schema_name": "pyscf_qa_output",
    "provenance": {
        "creator": "PySCF",
        "version": "1.7.6"
    },
    "molecule": {
        "geometry": [[0.0, 0.0, 0.0], [1.8, 0.0, 0.0]],
        "symbols": [ "Li", "H" ]
    },
    "molecular_charge": 0,
    "molecular_multiplicity": 3,
    "name": "li.h.chrg0.mult3.sep1.80-pyscf-uccsdt.ccpv5z",
    "atomic_numbers": [ 3, 1 ],
    "n_electrons": 4,
    "model": {
        "method": "UCCSD(T)",
        "basis": "cc-pV5Z",
        "scf_conv_tol": 1e-09,
        "scf_conv_tol_grad": 1e-06,
        "cc_conv_tol": 1e-05,
        "cc_conv_tol_normt": 1e-07
    },
    "broken_symmetry": false,
    "finite_diff_delta": 0.01,
    "finite_diff_acc": 2,
    "qa_lambdas": [-0.02, -0.01, 0.0, 0.01, 0.02, 0.25, 0.5, 0.75, 1.0, 1.25, 1.5, 1.75, 2.0],
    "electronic_energies": [-7.828331880381205, -7.885002046448905, -7.941900517104017, -7.999027247110957, -8.056382188069813, -9.43838170105659, -11.07623106460951, -12.853295717285931, -14.766392756079195, -16.81128467903687, -18.982925367886132, -21.27620872996831, -23.686999843184488],
    "qats_energies": {
        "0": [-7.94190051710402, -7.94190051710402, -7.94190051710402, -7.94190051710402, -7.94190051710402, -7.94190051710402, -7.94190051710402, -7.94190051710402, -7.94190051710402, -7.94190051710402, -7.94190051710402, -7.94190051710402, -7.94190051710402],
        "1": [-7.827875316441967, -7.8848879167729935, -7.94190051710402, -7.998913117435046, -8.055925717766073, -9.36721552537967, -10.792530533655324, -12.217845541930973, -13.643160550206627, -15.068475558482277, -16.49379056675793, -17.91910557503358, -19.344420583309233],
        "2": [-7.828331835145614, -7.885002046448905, -7.94190051710402, -7.999027247110957, -8.05638223646972, -9.438546572824505, -11.077854723434658, -12.859824968934477, -14.784457309323965, -16.85175174460312, -19.06170827477194, -21.41432689983043, -23.909607619778587],
        "3": [-7.828331897569278, -7.8850020542518635, -7.94190051710402, -7.999027239307999, -8.056382174046055, -9.438424651606013, -11.076879353686726, -12.856533096035207, -14.776654351340511, -16.83651159229169, -19.035373291577788, -21.37250792188786, -23.847183955910964],
        "4": [-7.828331895459733, -7.885002054120017, -7.94190051710402, -7.9990272391761525, -8.05638217193651, -9.43837314905379, -11.076055312851159, -12.852361389305148, -14.76346969797143, -16.80432249715233, -18.968625983896818, -21.24885029400051, -23.636229502005676]
    },
    "qats_poly_coeffs": [ -7.94190051710402, -5.701260033102606, -1.1412967591173384, 0.0078029579834530205, 0.013184653369080479 ],
    "hf_energies": [-7.798192148050075, -7.8549505667498964, -7.911937444763383, -7.96915274176013, -8.026596414142837, -9.410691757954684, -11.050964535987523, -12.830592710842541, -14.746301429041306, -16.79369803744183, -18.967560067163884, -21.26264821591749, -23.67484053196],
    "triples_corrections": [-3.9658097579711786e-05, -3.9613034990853634e-05, -3.9567347496111105e-05, -3.952102426143698e-05, -3.947405591146149e-05, -3.82018565891286e-05, -3.63466938624971e-05, -3.396486031707565e-05, -3.115788912082082e-05, -2.8140585414701526e-05, -2.514559762807983e-05, -2.224135031690981e-05, -1.9159826239864996e-05],
    "scf_converged": [true, true, true, true, true, true, true, true, true, true, true, true, true],
    "cc_converged": [true, true, true, true, true, true, true, true, true, true, true, true, true],
    "scf_spin_squared": [2.0000111815264923, 2.000011257399579, 2.000011334008868, 2.000011411241071, 2.000011488988857, 2.000013243353052, 2.000014704903492, 2.0000155719857586, 2.0000158737964298, 2.000015558182569, 2.0000145226174517, 2.000012782013792, 2.000010681015704],
    "cc_spin_squared": [2.000000153478811, 2.0000001528587443, 2.0000001522816815, 2.000000151745331, 2.000000151247506, 2.000000146659402, 2.0000001466885697, 2.0000001446719304, 2.000000139087307, 2.0000001309722975, 2.0000001218955084, 2.0000001124985687, 2.0000001014688316]
}