{
    "schema_name": "pyscf_qa_output",
    "provenance": {
        "creator": "PySCF",
        "version": "1.7.6"
    },
    "molecule": {
        "geometry": [[0.0, 0.0, 0.0], [1.0, 0.0, 0.0]],
        "symbols": [ "Be", "H" ]
    },
    "molecular_charge": 0,
    "molecular_multiplicity": 2,
    "name": "be.h.chrg0.mult2.sep1.00-pyscf-uccsdt.ccpv5z",
    "atomic_numbers": [ 4, 1 ],
    "n_electrons": 5,
    "model": {
        "method": "UCCSD(T)",
        "basis": "cc-pV5Z",
        "scf_conv_tol": 1e-09,
        "scf_conv_tol_grad": 1e-06,
        "cc_conv_tol": 1e-05,
        "cc_conv_tol_normt": 1e-07
    },
    "broken_symmetry": false,
    "finite_diff_delta": 0.01,
    "finite_diff_acc": 2,
    "qa_lambdas": [-1.0, -0.75, -0.5, -0.25, -0.02, -0.01, 0.0, 0.01, 0.02, 0.25, 0.5, 0.75, 1.0, 1.25, 1.5, 1.75, 2.0],
    "electronic_energies": [-7.958533256989253, -9.534621138091815, -11.261664958202333, -13.142109837907785, -15.008580684025658, -15.092703241259645, -15.177073532867412, -15.261691567345329, -15.346557352901696, -17.3668652871699, -19.71157318817611, -22.211131784011652, -24.86517062576485, -27.672850524599482, -30.632733571490988, -33.74269472550732, -36.99987824161963],
    "qats_energies": {
        "0": [-15.17707353286741, -15.17707353286741, -15.17707353286741, -15.17707353286741, -15.17707353286741, -15.17707353286741, -15.17707353286741, -15.17707353286741, -15.17707353286741, -15.17707353286741, -15.17707353286741, -15.17707353286741, -15.17707353286741, -15.17707353286741, -15.17707353286741, -15.17707353286741, -15.17707353286741],
        "1": [-6.727657228583237, -8.84001130465428, -10.952365380725324, -13.064719456796368, -15.008085206781727, -15.09257936982457, -15.17707353286741, -15.261567695910252, -15.346061858953094, -17.289427608938453, -19.401781685009496, -21.514135761080542, -23.626489837151585, -25.738843913222627, -27.851197989293674, -29.963552065364716, -32.07590614143576],
        "2": [-7.966371579347406, -9.536788126959125, -11.262043968416366, -13.142139103719128, -15.008580692522033, -15.092703241259645, -15.17707353286741, -15.261691567345329, -15.3465573446934, -17.366847255861217, -19.711460272700542, -22.210912583385387, -24.865204187915754, -27.67433508629164, -30.63830527851305, -33.75711476457998, -37.03076354449244],
        "3": [-7.964979523395415, -9.53620085335438, -11.261869961422367, -13.142117352844878, -15.008580681385585, -15.092703239867589, -15.17707353286741, -15.261691568737385, -15.346557355829848, -17.366869006735463, -19.71163427969454, -22.211499856990134, -24.866596243867747, -27.677053945572876, -30.643003467351022, -33.76457531444769, -37.04189999210837],
        "4": [-7.963779194670111, -9.535821061843638, -11.261794940877035, -13.142112664060795, -15.008580681193532, -15.092703239855586, -15.17707353286741, -15.261691568725382, -15.346557355637795, -17.366864317951382, -19.711559259149208, -22.211120065479392, -24.865395915142443, -27.674123455520864, -30.636926803179172, -33.75331754386388, -37.02269473250351]
    },
    "qats_poly_coeffs": [ -15.17707353286741, -8.449416304284174, -1.2387143507641696, -0.0013920559519912479, 0.0012003287253037342 ],
    "hf_energies": [-7.875283939914355, -9.453256199319993, -11.181734301041034, -13.063362132466745, -14.93075621231415, -15.014915165453145, -15.099321525589675, -15.183975299421995, -15.26887649339007, -17.289903987697723, -19.635177929209533, -22.13507095530859, -24.78921314939096, -27.596769266853656, -30.556307743189354, -33.665711505127454, -36.922132669163425],
    "triples_corrections": [-0.0006721881845970814, -0.0006454457796283444, -0.0006461130672125993, -0.0006549768365779555, -0.000667212938910084, -0.0006678541655710626, -0.00066850554193978, -0.000669167172269573, -0.000669839156742092, -0.0006883220990569956, -0.0007152646097135858, -0.0007488988707089227, -0.0007877577322480575, -0.0008294999085892215, -0.0008711236560653382, -0.0009093209733276583, -0.0009408913823858836],
    "scf_converged": [true, true, true, true, true, true, true, true, true, true, true, true, true, true, true, true, true],
    "cc_converged": [true, true, true, true, true, true, true, true, true, true, true, true, true, true, true, true, true],
    "scf_spin_squared": [0.7507235238521235, 0.7506293173878267, 0.7505906058740206, 0.7505890312534222, 0.750626571881007, 0.7506291800741356, 0.7506318749597578, 0.7506346571394444, 0.7506375272080992, 0.7507290823922168, 0.7508891717058139, 0.7511190605740428, 0.7514212246704082, 0.7517867743754332, 0.7521879294210334, 0.7525761502486279, 0.752891967127725],
    "cc_spin_squared": [0.7500153007948066, 0.7500152821620211, 0.7500157704591732, 0.7500165236563082, 0.7500171909052423, 0.750017219006575, 0.7500172470848891, 0.7500172751474699, 0.7500173032015947, 0.7500179606760441, 0.7500187371237699, 0.7500195730714948, 0.7500203972569575, 0.7500210985054654, 0.7500215423837555, 0.750021597665105, 0.7500211764252303]
}