{
    "schema_name": "pyscf_qa_output",
    "provenance": {
        "creator": "PySCF",
        "version": "1.7.6"
    },
    "molecule": {
        "geometry": [[0.0, 0.0, 0.0], [0.6, 0.0, 0.0]],
        "symbols": [ "F", "H" ]
    },
    "molecular_charge": 2,
    "molecular_multiplicity": 3,
    "name": "f.h.chrg2.mult3.sep0.60-pyscf-uccsdt.ccpv5z",
    "atomic_numbers": [ 9, 1 ],
    "n_electrons": 8,
    "model": {
        "method": "UCCSD(T)",
        "basis": "cc-pV5Z",
        "scf_conv_tol": 1e-09,
        "scf_conv_tol_grad": 1e-06,
        "cc_conv_tol": 1e-05,
        "cc_conv_tol_normt": 1e-07
    },
    "broken_symmetry": false,
    "finite_diff_delta": 0.01,
    "finite_diff_acc": 2,
    "qa_lambdas": [-3.0, -2.75, -2.5, -2.25, -2.0, -1.75, -1.5, -1.25, -1.0, -0.75, -0.5, -0.25, -0.02, -0.01, 0.0, 0.01, 0.02],
    "electronic_energies": [-37.99530714000777, -41.895418904817184, -45.99422733964813, -50.29392686425763, -54.79633978411746, -59.50288353802306, -64.41464758138024, -69.53251808240852, -74.85729206925014, -80.38974860913362, -86.1306738044948, -92.0808520151396, -97.7404780423615, -97.99058947617125, -98.24103799728044, -98.49182364720808, -98.74294646720736],
    "qats_energies": {
        "0": [-98.24103799728046, -98.24103799728046, -98.24103799728046, -98.24103799728046, -98.24103799728046, -98.24103799728046, -98.24103799728046, -98.24103799728046, -98.24103799728046, -98.24103799728046, -98.24103799728046, -98.24103799728046, -98.24103799728046, -98.24103799728046, -98.24103799728046, -98.24103799728046, -98.24103799728046],
        "1": [-23.055912341756326, -29.32133947971667, -35.586766617677014, -41.85219375563736, -48.1176208935977, -54.38304803155805, -60.64847516951839, -66.91390230747874, -73.17932944543908, -79.44475658339942, -85.71018372135977, -91.97561085932011, -97.73980382624363, -97.99042091176204, -98.24103799728046, -98.49165508279887, -98.74227216831729],
        "2": [-38.22670917045481, -42.06902292605359, -46.12204219316207, -50.38576697178026, -54.86019726190814, -59.545333063545726, -64.44117437669301, -69.54772120135, -74.86497353751669, -80.39293138519308, -86.13159474437917, -92.08096361507496, -97.74047808388046, -97.99058947617125, -98.24103799728046, -98.49182364720808, -98.74294642595412],
        "3": [-38.04047171299909, -41.92557266223787, -46.01426588676409, -50.307198044416126, -54.805015793032375, -59.50836579045122, -64.41789469451105, -69.53424916305025, -74.85807585390722, -80.39002142492033, -86.13073253392798, -92.08085583876857, -97.74047802869899, -97.99058946927357, -98.24103799728046, -98.49182365410576, -98.74294648113559],
        "4": [-37.95078825234124, -41.86225015319603, -45.97101576106104, -50.278821636942354, -54.787300541544404, -59.497981435269914, -64.41228947821993, -69.53154603019381, -74.85696865068923, -80.38967109890214, -86.13066333372686, -92.080851513756, -97.74047802852184, -97.9905894692625, -98.24103799728046, -98.49182365409469, -98.74294648095844]
    },
    "qats_poly_coeffs": [ -98.24103799728046, -25.061708551841377, -1.6856440920776095, -0.006897683609471034, 0.0011072032179981761 ],
    "hf_energies": [-37.79418096921687, -41.69037788971611, -45.78620495912563, -50.083743999863685, -54.58462618729106, -59.290073475357794, -64.20102234844086, -69.31826215483869, -74.64254078805445, -80.17462023711767, -85.91528769893897, -91.86533732881541, -97.5249702468138, -97.77508486799499, -98.0255368241123, -98.2763261574965, -98.52745291020896],
    "triples_corrections": [-0.004344133294363222, -0.004297488206680502, -0.004193387996872946, -0.004034083267125112, -0.0038380977124699736, -0.0036270978574351772, -0.0034176130400343776, -0.0032188345674521225, -0.003034190171746841, -0.002863794803838238, -0.0027063028696551563, -0.002559955740825258, -0.002433704881202575, -0.0024283790762351875, -0.0024230661517344715, -0.0024177660248077487, -0.002412478613319465],
    "scf_converged": [true, true, true, true, true, true, true, true, true, true, true, true, true, true, true, true, true],
    "cc_converged": [true, true, true, true, true, true, true, true, true, true, true, true, true, true, true, true, true],
    "scf_spin_squared": [2.018240791587288, 2.0157446296799173, 2.0138165157420755, 2.012180856304132, 2.010797707703129, 2.0096504862359623, 2.008710085690535, 2.0079383297176907, 2.007297238193668, 2.006754523323254, 2.0062851379508344, 2.0058704582620046, 2.0055256292714305, 2.0055113020494972, 2.005497025575503, 2.005482799336155, 2.005468622825435],
    "cc_spin_squared": [2.000453353340668, 2.00034929778299, 2.0002914755980976, 2.0002445253764534, 2.000203932010426, 2.000169706160972, 2.000141735158267, 2.0001192457499997, 2.0001012211032076, 2.0000866868877782, 2.0000748311763275, 2.000065051751455, 2.0000574769051496, 2.00005717386452, 2.0000568728437482, 2.000056573823995, 2.0000562767866343]
}