{
    "schema_name": "pyscf_qa_output",
    "provenance": {
        "creator": "PySCF",
        "version": "1.7.6"
    },
    "molecule": {
        "geometry": [[0.0, 0.0, 0.0], [1.3, 0.0, 0.0]],
        "symbols": [ "N", "H" ]
    },
    "molecular_charge": 2,
    "molecular_multiplicity": 1,
    "name": "n.h.chrg2.mult1.sep1.30-pyscf-ccsdt.ccpv5z",
    "atomic_numbers": [ 7, 1 ],
    "n_electrons": 6,
    "model": {
        "method": "CCSD(T)",
        "basis": "cc-pV5Z",
        "scf_conv_tol": 1e-09,
        "scf_conv_tol_grad": 1e-06,
        "cc_conv_tol": 1e-05,
        "cc_conv_tol_normt": 1e-07
    },
    "broken_symmetry": false,
    "finite_diff_delta": 0.01,
    "finite_diff_acc": 2,
    "qa_lambdas": [-3.0, -2.75, -2.5, -2.25, -2.0, -1.75, -1.5, -1.25, -1.0, -0.75, -0.5, -0.25, -0.02, -0.01, 0.0, 0.01, 0.02],
    "electronic_energies": [-15.197280867888784, -17.47226499750958, -19.907775826182732, -22.506825121492497, -25.272488500430093, -28.207719831127495, -31.31528311888525, -34.59778173787611, -38.05774339139443, -41.69771448091041, -45.52031413469553, -49.528183404021966, -53.38116250151934, -53.55231273008059, -53.72376633577231, -53.895523415025586, -54.06758406179408],
    "qats_energies": {
        "0": [-53.72376633577228, -53.72376633577228, -53.72376633577228, -53.72376633577228, -53.72376633577228, -53.72376633577228, -53.72376633577228, -53.72376633577228, -53.72376633577228, -53.72376633577228, -53.72376633577228, -53.72376633577228, -53.72376633577228, -53.72376633577228, -53.72376633577228, -53.72376633577228, -53.72376633577228],
        "1": [-2.2421635940223723, -6.532297155834868, -10.822430717647357, -15.112564279459846, -19.402697841272342, -23.692831403084835, -27.982964964897327, -32.273098526709816, -36.56323208852231, -40.85336565033481, -45.1434992121473, -49.433632773959786, -53.38055565082728, -53.55216099329978, -53.72376633577228, -53.895371678244786, -54.06697702071728],
        "2": [-15.8984738663965, -18.007391204149236, -20.30597951790717, -22.794238807670297, -25.47216907343862, -28.339770315212142, -31.39704253299086, -34.64398572677477, -38.08059989656388, -41.70688504235819, -45.52284116415769, -49.52846826196239, -53.3811625979505, -53.55231273008059, -53.72376633577228, -53.895523415025586, -54.0675839678405],
        "3": [-15.470108203455368, -17.677440569094465, -20.058082722223638, -22.613522043617007, -25.345245914048657, -28.25474171429269, -31.343496825123218, -34.61299862731433, -38.06473450164014, -41.700191828874736, -45.52085798979222, -49.5282203651667, -53.38116247102734, -53.55231271421519, -53.72376633577228, -53.89552343089098, -54.06758409476366],
        "4": [-14.633928278154428, -17.08704173198359, -19.65483237244502, -22.348949489127257, -25.180074570779336, -28.157921305310843, -31.29123557979191, -34.58779548045317, -38.054411292685806, -41.69692550104153, -45.52021278923257, -49.52818004013173, -53.381162469375624, -53.55231271411196, -53.72376633577228, -53.89552343078775, -54.06758409311195]
    },
    "qats_poly_coeffs": [ -53.72376633577228, -17.16053424724997, -1.5173678080415698, -0.015865394923745647, 0.010323208954332586 ],
    "hf_energies": [-15.0643433212929, -17.336562675580545, -19.76890234726671, -22.364316070080154, -25.125959863132223, -28.056923376621658, -31.160141974365697, -34.43843974260874, -37.89461192088896, -41.53146052687326, -45.35173478900789, -49.35797483003522, -53.209787365464436, -53.38088875877645, -53.552293458073166, -53.724001533909025, -53.89601305471256],
    "triples_corrections": [-0.0024524653525489874, -0.0025020721359267292, -0.00259362936877814, -0.0027164169406159074, -0.002854027675806199, -0.002990675480966346, -0.0031138884146193818, -0.00321450671216599, -0.0032862979905233644, -0.0033273842103714864, -0.003343315652682336, -0.0033493755941733194, -0.0033662986542189726, -0.003367604845638891, -0.003368971704388237, -0.003370400692772578, -0.003371893249641689],
    "scf_converged": [true, true, true, true, true, true, true, true, true, true, true, true, true, true, true, true, true],
    "cc_converged": [true, true, true, true, true, true, true, true, true, true, true, true, true, true, true, true, true],
    "t1_diagnostic": [0.019248566702940915, 0.016281240539309124, 0.014376336060830162, 0.013166669973648033, 0.01235333382514291, 0.01174518832197297, 0.011218991651309834, 0.010708904958467496, 0.010199540497633216, 0.009679923713021085, 0.009074808073581632, 0.008263121265915453, 0.007307292535419802, 0.007262636493931798, 0.0072178388505015735, 0.007172916223111779, 0.007127885519724956]
}