{
    "schema_name": "pyscf_qa_output",
    "provenance": {
        "creator": "PySCF",
        "version": "1.7.6"
    },
    "molecule": {
        "geometry": [[0.0, 0.0, 0.0], [0.9, 0.0, 0.0]],
        "symbols": [ "C", "H" ]
    },
    "molecular_charge": -1,
    "molecular_multiplicity": 3,
    "name": "c.h.chrg-1.mult3.sep0.90-pyscf-uccsdt.ccpv5z",
    "atomic_numbers": [ 6, 1 ],
    "n_electrons": 8,
    "model": {
        "method": "UCCSD(T)",
        "basis": "cc-pV5Z",
        "scf_conv_tol": 1e-09,
        "scf_conv_tol_grad": 1e-06,
        "cc_conv_tol": 1e-05,
        "cc_conv_tol_normt": 1e-07
    },
    "broken_symmetry": false,
    "finite_diff_delta": 0.01,
    "finite_diff_acc": 2,
    "qa_lambdas": [-0.02, -0.01, 0.0, 0.01, 0.02, 0.25, 0.5, 0.75, 1.0, 1.25, 1.5, 1.75, 2.0, 2.25, 2.5, 2.75, 3.0],
    "electronic_energies": [-38.15085107365391, -38.30123604215958, -38.45194284467273, -38.602971675914596, -38.754322648246784, -42.324578479114365, -46.39995996936201, -50.67863422841625, -55.1604511721822, -59.84485412451268, -64.73098288511886, -69.81765417128697, -75.103307642165, -80.58595928270408, -86.2631705916081, -92.13203068525571, -98.18914855508754],
    "qats_energies": {
        "0": [-38.45194284467274, -38.45194284467274, -38.45194284467274, -38.45194284467274, -38.45194284467274, -38.45194284467274, -38.45194284467274, -38.45194284467274, -38.45194284467274, -38.45194284467274, -38.45194284467274, -38.45194284467274, -38.45194284467274, -38.45194284467274, -38.45194284467274, -38.45194284467274, -38.45194284467274],
        "1": [-38.15020721091773, -38.301075027795235, -38.45194284467274, -38.60281066155025, -38.75367847842776, -42.223638266610436, -45.99533368854813, -49.76702911048582, -53.538724532423515, -57.31041995436121, -61.0821153762989, -64.8538107982366, -68.62550622017429, -72.39720164211198, -76.16889706404967, -79.94059248598737, -83.71228790792506],
        "2": [-38.150851268375106, -38.30123604215958, -38.45194284467274, -38.602971675914596, -38.75432253588514, -42.32427224432586, -46.39786959940983, -50.67273490992465, -55.14886817587032, -59.82626939724684, -64.70493857405421, -69.78487570629244, -75.0660807939615, -80.54855383706143, -86.2322948355922, -92.11730378955383, -98.2035806989463],
        "3": [-38.150851063653214, -38.30123601656934, -38.45194284467274, -38.602971701504835, -38.75432274060703, -42.32467209177731, -46.40106837902139, -50.68353079111367, -55.1744584127628, -59.87625032867748, -64.79130562356636, -69.92202338213811, -75.2708026891014, -80.84004262916493, -86.63214228703733, -92.6495007474273, -98.89451709504348],
        "4": [-38.15085100874684, -38.3012360131377, -38.45194284467274, -38.60297169807318, -38.754322685700664, -42.32333160421839, -46.37962057807872, -50.57495129884139, -54.83129359768006, -59.038445604354365, -63.05403374720994, -66.70351275317842, -69.78016564777744, -72.04510375511057, -73.22726669786746, -73.02342239732367, -71.09816707334082]
    },
    "qats_poly_coeffs": [ -38.45194284467274, -15.086781687750772, -1.6101436434468042, -0.025590236892488363, 0.34316481508274893 ],
    "hf_energies": [-37.957060627189534, -38.107358041049764, -38.257979248659765, -38.408924350962344, -38.560193445721495, -42.12898502835009, -46.203354244568054, -50.481295743475684, -54.962554300991265, -59.64659560490291, -64.53262801977218, -69.61954648102721, -74.9058634947197, -80.38965320139981, -86.06851289744817, -91.93954049311151, -97.99932703585459],
    "triples_corrections": [-0.006029184546947637, -0.006017274543742243, -0.006005111968400427, -0.005992699426125228, -0.005980047619835519, -0.005641524337598861, -0.005238077164595694, -0.0048616715873465895, -0.004528916023355388, -0.004233171083933691, -0.003963228886978808, -0.0037097079185923203, -0.003466014107997825, -0.003227980485050304, -0.002993467473073579, -0.0027620780649704997, -0.002534871278291769],
    "scf_converged": [true, true, true, true, true, true, true, true, true, true, true, true, true, true, true, true, true],
    "cc_converged": [true, true, true, true, true, true, true, true, true, true, true, true, true, true, true, true, true],
    "scf_spin_squared": [2.0212194785559294, 2.0211316710821694, 2.021042963842581, 2.0209534142413372, 2.0208630798403044, 2.018694085311477, 2.016534887719516, 2.014849943326832, 2.0136075230961934, 2.0126797785936805, 2.011941418994122, 2.011292076029606, 2.0106588285621316, 2.00999701331506, 2.009290109689939, 2.0085456885177413, 2.00778688680803],
    "cc_spin_squared": [2.0007770285634976, 2.0007707262311722, 2.000764404656943, 2.000758072539611, 2.0007517296537944, 2.0006082064659743, 2.0004742448189017, 2.0003736715472, 2.000302491776167, 2.0002519879112226, 2.000214793317477, 2.0001858015993106, 2.000161887565465, 2.000141138971454, 2.000122546699365, 2.000105660333671, 2.000090355374429]
}