{
    "schema_name": "pyscf_qa_output",
    "provenance": {
        "creator": "PySCF",
        "version": "1.7.6"
    },
    "molecule": {
        "geometry": [[0.0, 0.0, 0.0], [0.9, 0.0, 0.0]],
        "symbols": [ "N", "H" ]
    },
    "molecular_charge": -1,
    "molecular_multiplicity": 2,
    "name": "n.h.chrg-1.mult2.sep0.90-pyscf-uccsdt.ccpv5z",
    "atomic_numbers": [ 7, 1 ],
    "n_electrons": 9,
    "model": {
        "method": "UCCSD(T)",
        "basis": "cc-pV5Z",
        "scf_conv_tol": 1e-09,
        "scf_conv_tol_grad": 1e-06,
        "cc_conv_tol": 1e-05,
        "cc_conv_tol_normt": 1e-07
    },
    "broken_symmetry": false,
    "finite_diff_delta": 0.01,
    "finite_diff_acc": 2,
    "qa_lambdas": [-0.02, -0.01, 0.0, 0.01, 0.02, 0.25, 0.5, 0.75, 1.0, 1.25, 1.5, 1.75, 2.0, 2.25, 2.5, 2.75, 3.0],
    "electronic_energies": [-54.8031049950539, -54.99013042234056, -55.17750286567882, -55.36522249637418, -55.553289483711644, -59.975058546356536, -64.99177772895118, -70.22905468183404, -75.68754278808925, -81.36734958280701, -87.26819164456192, -93.38945289387037, -99.73016787079615, -106.28897153053418, -113.06404548446503, -120.05307696374167, -127.25323955431763],
    "qats_energies": {
        "0": [-55.17750286567878, -55.17750286567878, -55.17750286567878, -55.17750286567878, -55.17750286567878, -55.17750286567878, -55.17750286567878, -55.17750286567878, -55.17750286567878, -55.17750286567878, -55.17750286567878, -55.17750286567878, -55.17750286567878, -55.17750286567878, -55.17750286567878, -55.17750286567878, -55.17750286567878],
        "1": [-54.802410791645165, -54.989956828661974, -55.17750286567878, -55.36504890269559, -55.5525949397124, -59.866153791098995, -64.55480471651921, -69.24345564193942, -73.93210656735963, -78.62075749277984, -83.30940841820006, -87.99805934362027, -92.68671026904047, -97.3753611944607, -102.06401211988091, -106.75266304530112, -111.44131397072132],
        "2": [-54.80310516635952, -54.99013042234056, -55.17750286567878, -55.36522249637418, -55.553289314426756, -59.97464984021722, -64.9887889129921, -70.21992008400343, -75.66804335325119, -81.33315872073541, -87.21526618645609, -93.3143657504132, -99.63045741260675, -106.16354117303675, -112.91361703170321, -119.8806849886061, -127.06474504374543],
        "3": [-54.80310493929918, -54.99013039395802, -55.17750286567878, -55.365222524756724, -55.553289541487096, -59.97509331744438, -64.9923367308094, -70.23189396913683, -75.69642589578964, -81.38859337413083, -87.31105726752335, -93.46647843933022, -99.85751775291436, -106.4868360716388, -113.35709425886651, -120.47095317796047, -127.83107369228364],
        "4": [-54.80310493795203, -54.99013039387383, -55.17750286567878, -55.365222524672525, -55.55328954013994, -59.97506042801246, -64.9918104998987, -70.22922992515143, -75.68800620121847, -81.36803747918167, -87.26843256375676, -93.3875109132935, -99.72280263977551, -106.27104850882044, -113.02819993967987, -119.98941900523928, -127.14907843201817]
    },
    "qats_poly_coeffs": [ -55.17750286567878, -18.75460370168085, -1.7359367858915675, -0.028382542538452068, 0.008419694571178601 ],
    "hf_energies": [-54.53663087359891, -54.72355465892167, -54.9108274878891, -55.098449506502135, -55.28642085851877, -59.70647532272223, -64.72213512116559, -69.95888366812585, -75.41721953403938, -81.09723598462267, -86.99870752935186, -93.12108914226646, -99.46346525337076, -106.02448576102947, -112.80231241715826, -119.7945868328278, -126.9984240263739],
    "triples_corrections": [-0.008789577192070179, -0.008772438641812944, -0.00875502276902566, -0.008737334712376546, -0.00871937972182791, -0.008246053629193029, -0.007659836255086573, -0.007076366417955289, -0.0065369359415358985, -0.0060489135000299414, -0.005603500894835914, -0.0051886678910436365, -0.0047948111288034926, -0.004416272576782208, -0.0040511457032043246, -0.0037003786550923114, -0.0033665692233230023],
    "scf_converged": [true, true, true, true, true, true, true, true, true, true, true, true, true, true, true, true, true],
    "cc_converged": [true, true, true, true, true, true, true, true, true, true, true, true, true, true, true, true, true],
    "scf_spin_squared": [0.7623370174027171, 0.7622435218249684, 0.7621501073046937, 0.7620568357395601, 0.7619637663458967, 0.759977158846298, 0.7583297055631055, 0.757181275123274, 0.7563721209154282, 0.7557651622585815, 0.7552698154483553, 0.754832791591209, 0.7544272864490256, 0.7540438669521681, 0.7536829470567534, 0.7533486031248855, 0.7530446633746566],
    "cc_spin_squared": [0.7504207711315862, 0.750418112373374, 0.7504154212420513, 0.7504126992644906, 0.7504099479728701, 0.7503420098015514, 0.7502701730655614, 0.7502112858875685, 0.7501671330216353, 0.7501349803617807, 0.7501111621225585, 0.7500928308446233, 0.7500781202613414, 0.7500659078992613, 0.7500556255877746, 0.7500469058949482, 0.7500395353325087]
}