{
    "schema_name": "pyscf_qa_output",
    "provenance": {
        "creator": "PySCF",
        "version": "1.7.6"
    },
    "molecule": {
        "geometry": [[0.0, 0.0, 0.0], [1.4, 0.0, 0.0]],
        "symbols": [ "O", "H" ]
    },
    "molecular_charge": -1,
    "molecular_multiplicity": 1,
    "name": "o.h.chrg-1.mult1.sep1.40-pyscf-ccsdt.ccpv5z",
    "atomic_numbers": [ 8, 1 ],
    "n_electrons": 10,
    "model": {
        "method": "CCSD(T)",
        "basis": "cc-pV5Z",
        "scf_conv_tol": 1e-09,
        "scf_conv_tol_grad": 1e-06,
        "cc_conv_tol": 1e-05,
        "cc_conv_tol_normt": 1e-07
    },
    "broken_symmetry": false,
    "finite_diff_delta": 0.01,
    "finite_diff_acc": 2,
    "qa_lambdas": [-0.02, -0.01, 0.0, 0.01, 0.02, 0.25, 0.5, 0.75, 1.0, 1.25, 1.5, 1.75, 2.0],
    "electronic_energies": [-75.24117389524665, -75.4675899009496, -75.69438407448482, -75.92155684376337, -76.14910829678038, -81.48773274620252, -87.52036880883519, -93.79462555867704, -100.31260872969588, -107.07643365003528, -114.08809249104073, -121.34868333808446, -128.85751944254076],
    "qats_energies": {
        "0": [-75.69438407580058, -75.69438407580058, -75.69438407580058, -75.69438407580058, -75.69438407580058, -75.69438407580058, -75.69438407580058, -75.69438407580058, -75.69438407580058, -75.69438407580058, -75.69438407580058, -75.69438407580058, -75.69438407580058],
        "1": [-75.24041713298682, -75.4674006043937, -75.69438407580058, -75.92136754720747, -76.14835101861435, -81.36897086097264, -87.04355764614469, -92.71814443131674, -98.3927312164888, -104.06731800166085, -109.7419047868329, -115.41649157200496, -121.09107835717701],
        "2": [-75.24117431921043, -75.4675899009496, -75.69438407580058, -75.92155684376337, -76.14910820483796, -81.48728120841156, -87.51679903590038, -93.78293755826704, -100.28569677551154, -107.02507668763388, -114.00107729463407, -121.2136985965121, -128.662940593268],
        "3": [-75.24117397527296, -75.46758985795742, -75.69438407580058, -75.92155688675555, -76.14910854877543, -81.4879529612871, -87.52217305890476, -93.80107488590681, -100.32868895954657, -107.1090457970773, -114.1461759157523, -121.44410983282484, -129.00687806554822],
        "4": [-75.2411737539254, -75.4675898441232, -75.69438407580058, -75.92155687292133, -76.14910832742787, -81.48254896806198, -87.4357091673027, -93.36335143467143, -98.94526669391375, -103.73155003137218, -107.14260069598616, -108.46912209929205, -106.87212181542314]
    },
    "qats_poly_coeffs": [ -75.69438407580058, -22.698347140688213, -1.8929655590227412, -0.042992184035028906, 1.3834222656328166 ],
    "hf_energies": [-74.8769597315171, -75.10310807155646, -75.32963719136923, -75.55654731696607, -75.78383867369962, -81.11726800096415, -87.14639519955729, -93.42008340311686, -99.94091440850538, -106.71073247113303, -113.73034622445238, -120.99929559254255, -128.51581954710693],
    "triples_corrections": [-0.015250039416409471, -0.015232725753377176, -0.015215061190156413, -0.015197062132886845, -0.015178731882341643, -0.014682493454786486, -0.014047483045679134, -0.013361315899831505, -0.012546129800916708, -0.011445645223792298, -0.010030761735294515, -0.008510636821900869, -0.0071484523568034],
    "scf_converged": [true, true, true, true, true, true, true, true, true, true, true, true, true],
    "cc_converged": [true, true, true, true, true, true, true, true, true, true, true, true, true],
    "t1_diagnostic": [0.027677416079577313, 0.027517268288929655, 0.02735415774570805, 0.02718820764012338, 0.02701949402141529, 0.022543943815357542, 0.01749053147530702, 0.01457885917010455, 0.0147590926106954, 0.015541183908693844, 0.014796507660439119, 0.01256789346295998, 0.009892000268354849]
}