{
    "schema_name": "pyscf_qa_output",
    "provenance": {
        "creator": "PySCF",
        "version": "1.7.6"
    },
    "molecule": {
        "geometry": [[0.0, 0.0, 0.0], [1.5, 0.0, 0.0]],
        "symbols": [ "Li", "H" ]
    },
    "molecular_charge": -1,
    "molecular_multiplicity": 4,
    "name": "li.h.chrg-1.mult4.sep1.50-pyscf-uccsdt.ccpv5z",
    "atomic_numbers": [ 3, 1 ],
    "n_electrons": 5,
    "model": {
        "method": "UCCSD(T)",
        "basis": "cc-pV5Z",
        "scf_conv_tol": 1e-09,
        "scf_conv_tol_grad": 1e-06,
        "cc_conv_tol": 1e-05,
        "cc_conv_tol_normt": 1e-07
    },
    "broken_symmetry": false,
    "finite_diff_delta": 0.01,
    "finite_diff_acc": 2,
    "qa_lambdas": [-0.02, -0.01, 0.0, 0.01, 0.02, 0.25, 0.5, 0.75, 1.0, 1.25, 1.5, 1.75, 2.0, 2.25, 2.5, 2.75, 3.0],
    "electronic_energies": [-7.809125206911657, -7.867149876853977, -7.925418441583396, -7.983931217912955, -8.042688515391603, -9.462171913686694, -11.154157272034448, -13.00040775283749, -14.997792276665821, -17.14187758612567, -19.426990866062138, -21.846430778641437, -24.39287538971526, -27.05893613899293, -29.837725450858354, -32.723144034372126, -35.70950595713921],
    "qats_energies": {
        "0": [-7.92541844158338, -7.92541844158338, -7.92541844158338, -7.92541844158338, -7.92541844158338, -7.92541844158338, -7.92541844158338, -7.92541844158338, -7.92541844158338, -7.92541844158338, -7.92541844158338, -7.92541844158338, -7.92541844158338, -7.92541844158338, -7.92541844158338, -7.92541844158338, -7.92541844158338],
        "1": [-7.808637100524402, -7.867027771053891, -7.92541844158338, -7.983809112112869, -8.042199782642358, -9.385185204820605, -10.84495196805783, -12.304718731295054, -13.764485494532279, -15.224252257769503, -16.684019021006726, -18.143785784243953, -19.60355254748118, -21.063319310718402, -22.523086073955625, -23.98285283719285, -25.442619600430078],
        "2": [-7.809125523724747, -7.867149876853977, -7.92541844158338, -7.983931217912955, -8.042688205842703, -9.461501329874482, -11.150216468273337, -12.991563856779946, -14.985543495394309, -17.132155384116423, -19.431399522946293, -21.88327591188392, -24.487784550929298, -27.244925440082426, -30.15469857934331, -33.21710396871195, -36.432141608188346],
        "3": [-7.809125106150086, -7.867149824657145, -7.92541844158338, -7.983931270109788, -8.042688623417364, -9.462316905384387, -11.156741072352576, -13.013584395547376, -15.03774032802822, -17.234102322854532, -19.60756383308574, -22.163018311781286, -24.905359212000583, -27.839479986803063, -30.970274089248164, -34.30263497239531, -37.84145608930393],
        "4": [-7.809125101307293, -7.86714982435447, -7.92541844158338, -7.983931269807114, -8.042688618574571, -9.462198673137477, -11.154849356402023, -13.004007583547704, -15.007472872819376, -17.16020716853607, -19.454334841090976, -21.879142686951468, -24.42107992865909, -27.063758214829548, -29.787951620152725, -32.571596645392674, -35.38979221738762]
    },
    "qats_poly_coeffs": [ -7.92541844158338, -5.839067052948899, -1.2210580008620298, -0.05219683263391061, 0.03026745520884333 ],
    "hf_energies": [-7.772403081227798, -7.830431900586839, -7.88870545141613, -7.947224102811926, -8.005988212650077, -9.425944823584253, -11.119127355614923, -12.967131076863726, -14.966646237158212, -17.113037588871325, -19.400427893111374, -21.821937062645155, -24.370120262015362, -27.037558582227692, -29.817471717480935, -32.70401555908227, -35.69177181373608],
    "triples_corrections": [-0.00014393480974592124, -0.0001450349379316432, -0.00014609537895080433, -0.00014711554191364513, -0.0001480950211474463, -0.0001605201096222328, -0.0001613192225938262, -0.00015649298188150456, -0.0001480448923720227, -0.00013753095176618037, -0.0001260874565008836, -0.00011441926293574569, -0.00010284811660217568, -9.127610597702239e-05, -7.936254730628011e-05, -6.70313783734653e-05, -5.477584477175196e-05],
    "scf_converged": [true, true, true, true, true, true, true, true, true, true, true, true, true, true, true, true, true],
    "cc_converged": [true, true, true, true, true, true, true, true, true, true, true, true, true, true, true, true, true],
    "scf_spin_squared": [3.750007919744574, 3.750007773514549, 3.7500076335718706, 3.750007499695579, 3.750007371677086, 3.7500056975300655, 3.750005657567579, 3.75000639059731, 3.7500072386679033, 3.7500078305676747, 3.7500079685587306, 3.750007604189834, 3.750006817647387, 3.750005784950048, 3.750004741305622, 3.750003924765981, 3.750003464372754],
    "cc_spin_squared": [3.7500004410267183, 3.7500004397515676, 3.750000438560156, 3.75000043744165, 3.7500004363858292, 3.750000415987716, 3.750000393270054, 3.750000372579592, 3.7500003476733066, 3.7500003153457255, 3.7500002763364852, 3.7500002339228646, 3.750000192193564, 3.7500001543551345, 3.7500001218799515, 3.750000094605872, 3.7500000716478255]
}