{
    "schema_name": "pyscf_qa_output",
    "provenance": {
        "creator": "PySCF",
        "version": "1.7.6"
    },
    "molecule": {
        "geometry": [[0.0, 0.0, 0.0], [1.2, 0.0, 0.0]],
        "symbols": [ "C", "H" ]
    },
    "molecular_charge": 1,
    "molecular_multiplicity": 3,
    "name": "c.h.chrg1.mult3.sep1.20-pyscf-uccsdt.ccpv5z",
    "atomic_numbers": [ 6, 1 ],
    "n_electrons": 6,
    "model": {
        "method": "UCCSD(T)",
        "basis": "cc-pV5Z",
        "scf_conv_tol": 1e-09,
        "scf_conv_tol_grad": 1e-06,
        "cc_conv_tol": 1e-05,
        "cc_conv_tol_normt": 1e-07
    },
    "broken_symmetry": false,
    "finite_diff_delta": 0.01,
    "finite_diff_acc": 2,
    "qa_lambdas": [-2.0, -1.75, -1.5, -1.25, -1.0, -0.75, -0.5, -0.25, -0.02, -0.01, 0.0, 0.01, 0.02, 0.25, 0.5, 0.75, 1.0],
    "electronic_energies": [-15.194763231470764, -17.452083360322167, -19.87368943479149, -22.46324475232693, -25.22370091159857, -28.157393446004487, -31.2663357779696, -34.55245608352148, -37.733810624782336, -37.875591265727856, -38.01766127803878, -38.160020774819024, -38.302669868689044, -41.66377843532775, -45.492438339603716, -49.504909585100044, -53.701879416799386],
    "qats_energies": {
        "0": [-38.01766127803872, -38.01766127803872, -38.01766127803872, -38.01766127803872, -38.01766127803872, -38.01766127803872, -38.01766127803872, -38.01766127803872, -38.01766127803872, -38.01766127803872, -38.01766127803872, -38.01766127803872, -38.01766127803872, -38.01766127803872, -38.01766127803872, -38.01766127803872, -38.01766127803872],
        "1": [-9.574710368921863, -13.13007923256147, -16.68544809620108, -20.240816959840686, -23.796185823480293, -27.3515546871199, -30.906923550759508, -34.462292414399116, -37.733231768947554, -37.87544652349314, -38.01766127803872, -38.15987603258431, -38.30209078712989, -41.57303014167833, -45.12839900531794, -48.683767868957545, -52.23913673259715],
        "2": [-15.364399757599607, -17.562810170767868, -19.94214837733231, -22.50241437729293, -25.24360817064973, -28.16572975740271, -31.268779137551867, -34.552756311097205, -37.73381073788642, -37.875591265727856, -38.01766127803872, -38.160020774819024, -38.30266975606876, -41.66349403837642, -45.4902545921103, -49.49794293924035, -53.68655907976659],
        "3": [-15.213916843765997, -17.461998374976996, -19.878663398058755, -22.46567538465777, -25.224797806420526, -28.157794134993516, -31.266427842023216, -34.55246239915613, -37.73381058740351, -37.875591246917494, -38.01766127803872, -38.160020793629386, -38.30266990655167, -41.6637879503175, -45.492605887638945, -49.505878561649546, -53.70536944399579],
        "4": [-15.181661993123747, -17.4430911737094, -19.86845776172273, -22.460753685035847, -25.22278187825539, -28.15715628272251, -31.266301846512896, -34.552454524436726, -37.73381058708096, -37.87559124689733, -38.01766127803872, -38.16002079360923, -38.30266990622913, -41.663780075598105, -45.49247989212863, -49.50524070937855, -53.70335351583065]
    },
    "qats_poly_coeffs": [ -38.01766127803872, -14.22147545455843, -1.4474223471694359, -0.018810364229201088, 0.0020159281651406977 ],
    "hf_energies": [-15.097282354056928, -17.35254554074914, -19.77200915146384, -22.359415219358546, -25.11765729809175, -28.048984366042852, -31.155417589215716, -34.43901611931405, -37.61820963943099, -37.759902270364364, -37.90188486080574, -38.04415753367746, -38.18672041119335, -41.546032115373265, -45.37319034904302, -49.38463384630359, -53.580984246783196],
    "triples_corrections": [-0.0013159715662163737, -0.0014562048651519794, -0.0015910334147882061, -0.0017111105755382501, -0.0018174962353474375, -0.0019150556251716201, -0.002003308828436929, -0.0020751090261500946, -0.0021187385610252794, -0.0021200511629611805, -0.0021213120829735458, -0.002122521045562285, -0.0021236777884920187, -0.0021354669784974943, -0.0021159664870295984, -0.0020660647321823055, -0.001992956227401331],
    "scf_converged": [true, true, true, true, true, true, true, true, true, true, true, true, true, true, true, true, true],
    "cc_converged": [true, true, true, true, true, true, true, true, true, true, true, true, true, true, true, true, true],
    "scf_spin_squared": [2.0020403016229165, 2.002060747238416, 2.0022072913657345, 2.0024232885757, 2.002669979867605, 2.002965566204093, 2.003354890760721, 2.003820542434419, 2.004205239214792, 2.0042187603242048, 2.004231925845848, 2.004244726984399, 2.00425715532574, 2.0044275033459438, 2.0043681717752317, 2.004171800659802, 2.0039901989997313],
    "cc_spin_squared": [2.0001042278067374, 2.000114647094977, 2.000126534795214, 2.0001365868082246, 2.000143042546352, 2.000145862428883, 2.0001456800493753, 2.0001428216900896, 2.0001376345438238, 2.000137346871552, 2.0001370537117875, 2.000136755030425, 2.0001364507943036, 2.0001278606897004, 2.000115115617302, 2.0000997062814347, 2.00008352417359]
}