{
    "schema_name": "pyscf_apdft_output",
    "provenance": {
        "creator": "PySCF",
        "version": "1.7.6"
    },
    "molecule": {
        "geometry": [[0.0, 0.0, 0.0], [1.6, 0.0, 0.0]],
        "symbols": [ "N", "H" ]
    },
    "molecular_charge": -1,
    "molecular_multiplicity": 4,
    "name": "n.h.chrg-1.mult4.sep1.60-pyscf-uccsdt.ccpv5z",
    "atomic_numbers": [ 7, 1 ],
    "n_electrons": 9,
    "model": {
        "method": "UCCSD(T)",
        "basis": "cc-pV5Z",
        "scf_conv_tol": 1e-09,
        "scf_conv_tol_grad": 1e-06,
        "cc_conv_tol": 1e-05,
        "cc_conv_tol_normt": 1e-07
    },
    "broken_symmetry": false,
    "finite_diff_delta": 0.01,
    "finite_diff_acc": 2,
    "apdft_lambdas": [-0.02, -0.01, 0.0, 0.01, 0.02, 0.25, 0.5, 0.75, 1.0, 1.25, 1.5, 1.75, 2.0, 2.25, 2.5, 2.75, 3.0],
    "electronic_energies": [-54.72370946219669, -54.90954376409932, -55.09572689527997, -55.2822590858559, -55.46914056468239, -59.864319069229175, -64.85413658022166, -70.06678979512641, -75.50185303192889, -81.15737462606535, -87.03070033717847, -93.1189007552219, -99.41886742889348, -105.92729255347106, -112.64063972655866, -119.55513747592359, -126.66679662874203],
    "apdft_energies": {
        "0": [-55.095726895279896, -55.095726895279896, -55.095726895279896, -55.095726895279896, -55.095726895279896, -55.095726895279896, -55.095726895279896, -55.095726895279896, -55.095726895279896, -55.095726895279896, -55.095726895279896, -55.095726895279896, -55.095726895279896, -55.095726895279896, -55.095726895279896, -55.095726895279896, -55.095726895279896],
        "1": [-54.723011573523316, -54.90936923440161, -55.095726895279896, -55.28208455615818, -55.468442217036475, -59.75466841723714, -64.4136099391944, -69.07255146115165, -73.7314929831089, -78.39043450506614, -83.04937602702338, -87.70831754898065, -92.36725907093789, -97.02620059289514, -101.6851421148524, -106.34408363680964, -111.00302515876689],
        "2": [-54.723709692314166, -54.90954376409932, -55.095726895279896, -55.2822590858559, -55.469140335827326, -59.86374947830758, -64.84993418347614, -70.05428101078559, -75.47678996023589, -81.11746103182708, -86.97629422555914, -93.05328954143206, -99.34844697944588, -105.86176653960057, -112.59324822189612, -119.54289202633255, -126.71069795290987],
        "3": [-54.72370938633247, -54.909543725851606, -55.095726895279896, -55.28225912410361, -55.46914064180902, -59.86434709880697, -64.85471514747121, -70.07041676426894, -75.51503767219644, -81.19216359425003, -87.105380253426, -93.25827337272068, -99.65442867513033, -106.29743188365127, -113.1908687212798, -120.33832491101225, -127.74338617584488],
        "4": [-54.72370938549088, -54.909543725799004, -55.095726895279896, -55.28225912405101, -55.46914064096743, -59.864326552163874, -64.85438640118176, -70.0687524861786, -75.50977773156525, -81.1793219423184, -87.07875180398057, -93.20894088266007, -99.57026962503112, -106.16262535833366, -112.98540229037354, -120.03750150952236, -127.31733098471761]
    },
    "apdft_poly_coeff": [ -55.095726895279896, -18.635766087828998, -1.7452969771269977, -0.03824771196055583, 0.005259940631200759 ],
    "hf_energies": [-54.49849111683691, -54.684190425986735, -54.870241039720476, -55.056643343402314, -55.24339772381691, -59.636777993512425, -64.62779547125723, -69.84381462220682, -75.28266561433134, -80.94168460740966, -86.81814960501467, -92.9092468634411, -99.21199001702624, -105.72315967681546, -112.43927586956443, -119.35659992389044, -126.47115790103531],
    "triples_corrections": [-0.007035002735201096, -0.007020055135478741, -0.007004964539431463, -0.006989736835778719, -0.0069743782632147675, -0.00659722555566767, -0.006095652831570382, -0.005431841704909918, -0.0047481246368703, -0.004157341482294729, -0.0036755508496331035, -0.0032829005497566404, -0.002956974389525048, -0.0026808065346513314, -0.002442703570278879, -0.002234726674247215, -0.0020514723538457456],
    "scf_converged": [true, true, true, true, true, true, true, true, true, true, true, true, true, true, true, true, true],
    "cc_converged": [true, true, true, true, true, true, true, true, true, true, true, true, true, true, true, true, true],
    "scf_spin_squared": [3.796839400171337, 3.795710288719935, 3.794611583609991, 3.7935445046733682, 3.792510121602783, 3.7777227420209547, 3.7710608795797023, 3.765533540342589, 3.7615227120610273, 3.7589367011603327, 3.7572754725462243, 3.7561598036332424, 3.755365383188874, 3.7547674504408763, 3.754296275954878, 3.7539116080960993, 3.7535889926523383],
    "cc_spin_squared": [3.751430786959841, 3.7514116463506264, 3.7513922966603443, 3.751372753621114, 3.7513530340234174, 3.750900336800952, 3.750576654733104, 3.750403152470636, 3.7502798430388067, 3.7501935626659346, 3.750138108617243, 3.75010302637839, 3.7500801191036235, 3.750064393300378, 3.7500530489056545, 3.750044519528525, 3.7500379023042103]
}