{
    "schema_name": "pyscf_apdft_output",
    "provenance": {
        "creator": "PySCF",
        "version": "1.7.6"
    },
    "molecule": {
        "geometry": [[0.0, 0.0, 0.0], [1.1, 0.0, 0.0]],
        "symbols": [ "B", "H" ]
    },
    "molecular_charge": 2,
    "molecular_multiplicity": 1,
    "name": "b.h.chrg2.mult1.sep1.10-pyscf-ccsdt.ccpv5z",
    "atomic_numbers": [ 5, 1 ],
    "n_electrons": 4,
    "model": {
        "method": "CCSD(T)",
        "basis": "cc-pV5Z",
        "scf_conv_tol": 1e-09,
        "scf_conv_tol_grad": 1e-06,
        "cc_conv_tol": 1e-05,
        "cc_conv_tol_normt": 1e-07
    },
    "broken_symmetry": false,
    "finite_diff_delta": 0.01,
    "finite_diff_acc": 2,
    "apdft_lambdas": [-2.0, -1.75, -1.5, -1.25, -1.0, -0.75, -0.5, -0.25, -0.02, -0.01, 0.0, 0.01, 0.02],
    "electronic_energies": [-8.008353116864395, -9.525838237590314, -11.181198820217672, -12.975438004923237, -14.909920541073753, -16.986378051602035, -19.20687070641543, -21.57369420274873, -23.882451861008636, -23.985715481829317, -24.089220505884693, -24.192967067080453, -24.296955298241603],
    "apdft_energies": {
        "0": [-24.089220505884693, -24.089220505884693, -24.089220505884693, -24.089220505884693, -24.089220505884693, -24.089220505884693, -24.089220505884693, -24.089220505884693, -24.089220505884693, -24.089220505884693, -24.089220505884693, -24.089220505884693, -24.089220505884693],
        "1": [-3.3640619807711083, -5.954706796410306, -8.545351612049505, -11.135996427688703, -13.7266412433279, -16.3172860589671, -18.907930874606297, -21.498575690245495, -23.881968920633557, -23.985594713259125, -24.089220505884693, -24.19284629851026, -24.29647209113583],
        "2": [-8.194804788426605, -9.653244258521546, -11.262644441355722, -13.023005336929131, -14.934326945241775, -16.996609266293653, -19.209852300084766, -21.574056046615112, -23.882451994914323, -23.985715481829317, -24.089220505884693, -24.192967067080453, -24.296955165416595],
        "3": [-8.016984325479669, -9.534118440570769, -11.187626433549983, -12.979592137967476, -14.912099387373408, -16.987232015317936, -19.20707385535122, -21.57370874102342, -23.88245181709386, -23.98571545960176, -24.089220505884693, -24.19296708930801, -24.29695534323706],
        "4": [-7.944938134244538, -9.491886285991779, -11.164830568354493, -12.968598761619342, -14.907596500421212, -16.98580727374322, -19.206792424916706, -21.57369115162126, -23.882451816373397, -23.98571545955673, -24.089220505884693, -24.192967089262982, -24.296955342516597]
    },
    "apdft_poly_coeff": [ -24.089220505884693, -10.362579262556793, -1.2076857019138743, -0.0222275578683669, 0.004502886952195695 ],
    "hf_energies": [-7.927487675737453, -9.446690769891372, -11.103631797613083, -12.899253715239803, -14.834855731881339, -16.91210671974467, -19.13301486685768, -21.499837379566827, -23.808202868461255, -23.91144066797289, -24.014919130391227, -24.11863838860348, -24.222598574439647],
    "triples_corrections": [-0.0002400319358339735, -0.00020749080587646447, -0.00018888605714423434, -0.00018048172312342745, -0.00018027734624575265, -0.0001873784180640635, -0.00020152542692029112, -0.00022258367315039073, -0.0002474966747725641, -0.0002486817512909069, -0.0002498741439306036, -0.00025107368533105453, -0.00025228020410603455],
    "scf_converged": [true, true, true, true, true, true, true, true, true, true, true, true, true],
    "cc_converged": [true, true, true, true, true, true, true, true, true, true, true, true, true],
    "t1_diagnostic": [0.004643446417842118, 0.004521404987879159, 0.0046695759818591275, 0.005028425734363055, 0.005588019893522927, 0.006390631920051211, 0.007488509806595841, 0.008890272330944086, 0.010380859154137197, 0.010448094357824279, 0.010515424960446048, 0.010582836951558185, 0.010650316190361078]
}