{
    "schema_name": "pyscf_apdft_output",
    "provenance": {
        "creator": "PySCF",
        "version": "1.7.6"
    },
    "molecule": {
        "geometry": [[0.0, 0.0, 0.0], [1.5, 0.0, 0.0]],
        "symbols": [ "Ne", "H" ]
    },
    "molecular_charge": 1,
    "molecular_multiplicity": 1,
    "name": "ne.h.chrg1.mult1.sep1.50-pyscf-ccsdt.ccpv5z",
    "atomic_numbers": [ 10, 1 ],
    "n_electrons": 10,
    "model": {
        "method": "CCSD(T)",
        "basis": "cc-pV5Z",
        "scf_conv_tol": 1e-09,
        "scf_conv_tol_grad": 1e-06,
        "cc_conv_tol": 1e-05,
        "cc_conv_tol_normt": 1e-07
    },
    "broken_symmetry": false,
    "finite_diff_delta": 0.01,
    "finite_diff_acc": 2,
    "apdft_lambdas": [-2.0, -1.75, -1.5, -1.25, -1.0, -0.75, -0.5, -0.25, -0.02, -0.01, 0.0, 0.01, 0.02],
    "electronic_energies": [-75.66187757472503, -81.46307965774737, -87.50190141670453, -93.78181681018306, -100.30661883832032, -107.08070612890738, -114.10884356643399, -121.39464577312188, -128.32603368557426, -128.63235277488073, -128.93908506292263, -129.24622927797236, -129.553785292997],
    "apdft_energies": {
        "0": [-128.93908506288912, -128.93908506288912, -128.93908506288912, -128.93908506288912, -128.93908506288912, -128.93908506288912, -128.93908506288912, -128.93908506288912, -128.93908506288912, -128.93908506288912, -128.93908506288912, -128.93908506288912, -128.93908506288912],
        "1": [-67.55143475372594, -75.22489104237134, -82.89834733101674, -90.57180361966213, -98.24525990830753, -105.91871619695293, -113.59217248559833, -121.26562877424372, -128.3252085597975, -128.63214681134332, -128.93908506288912, -129.24602331443492, -129.55296156598075],
        "2": [-75.78997625073359, -81.53252437601782, -87.53252692308354, -93.78998389193075, -100.30489528255944, -107.07726109496963, -114.1070813291613, -121.39435598513447, -128.3260324139472, -128.63235277488073, -128.93908506288912, -129.24622927797236, -129.55378542013045],
        "3": [-76.72248327166787, -82.15723122793278, -87.92592832254019, -94.01764673883852, -100.42145866017623, -107.12643626990172, -114.1216517513634, -121.39617728790972, -128.3260333464542, -128.6323528914441, -128.93908506288912, -129.246229161409, -129.55378448762343],
        "4": [-153.0220591142841, -126.88264177434917, -112.06759099149298, -105.66003807224554, -105.19018215033974, -108.63529018671126, -114.41969696949862, -121.41480511404318, -128.32603410944998, -128.63235293913135, -128.93908506288912, -129.2462292090962, -129.5537852506192]
    },
    "apdft_poly_coeff": [ -128.93908506288912, -30.69382515458159, -2.0596353742519113, 0.11656337761678513, -4.768723490163514 ],
    "hf_energies": [-75.29729563409957, -81.08625602984628, -87.11645616157155, -93.3926410384286, -99.919119407676, -106.69945236012556, -113.73607904654587, -121.0300408480072, -127.96752434246402, -128.2740766296215, -128.5810383965523, -128.888409548106, -129.1961899883593],
    "triples_corrections": [-0.014184148788354407, -0.01433704872694895, -0.014200137890590854, -0.013911291246419955, -0.013373472814913951, -0.01228278451833451, -0.0106072188782431, -0.008805598019688447, -0.007418493873043593, -0.007366106608553957, -0.0073144483636605065, -0.0072634471574669, -0.007213098265041836],
    "scf_converged": [true, true, true, true, true, true, true, true, true, true, true, true, true],
    "cc_converged": [true, true, true, true, true, true, true, true, true, true, true, true, true],
    "t1_diagnostic": [0.03262944736978384, 0.025856027912542864, 0.01823478758909727, 0.014787274639296933, 0.01708393504089789, 0.0189968657183306, 0.017517671865053135, 0.0138470925241911, 0.01036928735310296, 0.010232818441164544, 0.010098357745882938, 0.009965526963281223, 0.009834347788934305]
}