{
    "schema_name": "pyscf_apdft_output",
    "provenance": {
        "creator": "PySCF",
        "version": "1.7.6"
    },
    "molecule": {
        "geometry": [[0.0, 0.0, 0.0], [1.1, 0.0, 0.0]],
        "symbols": [ "Be", "H" ]
    },
    "molecular_charge": 0,
    "molecular_multiplicity": 4,
    "name": "be.h.chrg0.mult4.sep1.10-pyscf-uccsdt.ccpv5z",
    "atomic_numbers": [ 4, 1 ],
    "n_electrons": 5,
    "model": {
        "method": "UCCSD(T)",
        "basis": "cc-pV5Z",
        "scf_conv_tol": 1e-09,
        "scf_conv_tol_grad": 1e-06,
        "cc_conv_tol": 1e-05,
        "cc_conv_tol_normt": 1e-07
    },
    "broken_symmetry": false,
    "finite_diff_delta": 0.01,
    "finite_diff_acc": 2,
    "apdft_lambdas": [-1.0, -0.75, -0.5, -0.25, -0.02, -0.01, 0.0, 0.01, 0.02, 0.25, 0.5, 0.75, 1.0, 1.25, 1.5, 1.75, 2.0],
    "electronic_energies": [-7.857699732520195, -9.40188501849523, -11.099462079933815, -12.953711728608686, -14.799205578702884, -14.882484794945505, -14.966017457644611, -15.04980357147965, -15.133843140560503, -17.136708535055543, -19.465753322341957, -21.952841508764262, -24.597230739512, -27.397613250241097, -30.352039495455085, -33.45788018381508, -36.7118080915822],
    "apdft_energies": {
        "0": [-14.966017457644687, -14.966017457644687, -14.966017457644687, -14.966017457644687, -14.966017457644687, -14.966017457644687, -14.966017457644687, -14.966017457644687, -14.966017457644687, -14.966017457644687, -14.966017457644687, -14.966017457644687, -14.966017457644687, -14.966017457644687, -14.966017457644687, -14.966017457644687, -14.966017457644687],
        "1": [-6.600078630937423, -8.69156333761424, -10.783048044291055, -12.874532750967871, -14.798698681110542, -14.882358069377615, -14.966017457644687, -15.04967684591176, -15.133336234178833, -17.057502164321505, -19.14898687099832, -21.240471577675137, -23.331956284351953, -25.42344099102877, -27.514925697705586, -29.6064104043824, -31.697895111059218],
        "2": [-7.867334309838048, -9.40439465699584, -11.099861964016212, -12.95373623089916, -14.799205583382102, -14.882484794945505, -14.966017457644687, -15.04980357147965, -15.133843136450393, -17.136705644252793, -19.465800790723478, -21.953302897056737, -24.59921196325258, -27.403527989310994, -30.366250975231992, -33.487380921015564, -36.76691782666172],
        "3": [-7.866601865806696, -9.404085657170114, -11.099770408512292, -12.953724786461171, -14.79920557752255, -14.882484794213061, -14.966017457644687, -15.049803572212094, -15.133843142309946, -17.136717088690784, -19.465892346227395, -21.953611896882464, -24.599944407283928, -27.404958544059728, -30.368722973837805, -33.491306363246096, -36.77277737891253],
        "4": [-7.864230547849886, -9.403335357347842, -11.099622201139992, -12.953715523500401, -14.79920557714314, -14.882484794189347, -14.966017457644687, -15.049803572188381, -15.133843141930534, -17.136707825730014, -19.465744138855094, -21.952861597060192, -24.59757308932712, -27.399169193579237, -30.356718176681454, -33.46906599444023, -36.73483629160357]
    },
    "apdft_poly_coeff": [ -14.966017457644687, -8.365938826707264, -1.267255678900625, -0.0007324440313520122, 0.002371317956810041 ],
    "hf_energies": [-7.8123634329077785, -9.3563815293312, -11.054038345358741, -12.908848767532664, -14.755193949717457, -14.838515549709669, -14.922090977352356, -15.005920230646062, -15.090003307182604, -17.09395854498304, -19.424344836104073, -21.912902598424083, -24.558864952907047, -27.360900411316553, -30.31703524700093, -33.42461980254613, -36.68031480756545],
    "triples_corrections": [-0.0001605471970712717, -0.00017380242787985956, -0.00018011358154534598, -0.0001781645917117674, -0.00017253462175807635, -0.00017224231879042412, -0.00017194690616812044, -0.00017164845780550249, -0.00017134700075673154, -0.00016372704798715547, -0.00015436886037278695, -0.00014437860261645095, -0.00013406965195241993, -0.00012356898601276713, -0.00011289103689277718, -0.00010203758015460582, -9.107975722568974e-05],
    "scf_converged": [true, true, true, true, true, true, true, true, true, true, true, true, true, true, true, true, true],
    "cc_converged": [true, true, true, true, true, true, true, true, true, true, true, true, true, true, true, true, true],
    "scf_spin_squared": [3.7500386124762337, 3.750021398696314, 3.7500138803917524, 3.7500107527890942, 3.7500095744913837, 3.7500095435416094, 3.7500095138454266, 3.750009485361893, 3.7500094580506547, 3.750009079906275, 3.7500089944865205, 3.750009040645978, 3.7500090971339115, 3.750009090494261, 3.7500089807886767, 3.7500087565491835, 3.7500084284359234],
    "cc_spin_squared": [3.7500012267434264, 3.750000838942193, 3.750000654164598, 3.7500005418895674, 3.7500004685813297, 3.7500004658407473, 3.750000463131295, 3.7500004604523154, 3.7500004578031736, 3.7500004038372596, 3.750000356150949, 3.7500003156284096, 3.750000279788214, 3.750000247153606, 3.7500002167974777, 3.75000018821377, 3.7500001612157714]
}