{
    "schema_name": "pyscf_apdft_output",
    "provenance": {
        "creator": "PySCF",
        "version": "1.7.6"
    },
    "molecule": {
        "geometry": [[0.0, 0.0, 0.0], [0.6, 0.0, 0.0]],
        "symbols": [ "C", "H" ]
    },
    "molecular_charge": 2,
    "molecular_multiplicity": 4,
    "name": "c.h.chrg2.mult4.sep0.60-pyscf-uccsdt.ccpv5z",
    "atomic_numbers": [ 6, 1 ],
    "n_electrons": 5,
    "model": {
        "method": "UCCSD(T)",
        "basis": "cc-pV5Z",
        "scf_conv_tol": 1e-09,
        "scf_conv_tol_grad": 1e-06,
        "cc_conv_tol": 1e-05,
        "cc_conv_tol_normt": 1e-07
    },
    "broken_symmetry": false,
    "finite_diff_delta": 0.01,
    "finite_diff_acc": 2,
    "apdft_lambdas": [-3.0, -2.75, -2.5, -2.25, -2.0, -1.75, -1.5, -1.25, -1.0, -0.75, -0.5, -0.25, -0.02, -0.01, 0.0, 0.01, 0.02],
    "electronic_energies": [-7.431797958114263, -8.950509062992404, -10.62321619083742, -12.45257773064084, -14.440811061296602, -16.589367254435214, -18.89898683695999, -21.370003363266235, -24.002636738399865, -26.797142752637182, -29.753841881123243, -32.873091169246166, -35.88666447241592, -36.020820797582424, -36.15523821803529, -36.28991674951866, -36.4248564074842],
    "apdft_energies": {
        "0": [-36.15523821803527, -36.15523821803527, -36.15523821803527, -36.15523821803527, -36.15523821803527, -36.15523821803527, -36.15523821803527, -36.15523821803527, -36.15523821803527, -36.15523821803527, -36.15523821803527, -36.15523821803527, -36.15523821803527, -36.15523821803527, -36.15523821803527, -36.15523821803527, -36.15523821803527],
        "1": [4.209154572400216, 0.8454551731972586, -2.5182442260056987, -5.881943625208656, -9.245643024411613, -12.60934242361457, -15.973041822817528, -19.336741222020486, -22.700440621223443, -26.0641400204264, -29.427839419629358, -32.791538818832315, -35.886142266099036, -36.020690242067154, -36.15523821803527, -36.28978619400339, -36.42433416997151],
        "2": [-7.5408418018771, -9.02780566907743, -10.677963930364946, -12.491316585739646, -14.467863635201532, -16.607605078750602, -18.910540916386857, -21.376671148110297, -24.005995773920922, -26.798514793818732, -29.754228207803727, -32.87313601587591, -35.886664488160115, -36.020820797582424, -36.15523821803527, -36.28991674951866, -36.42485639203259],
        "3": [-7.470651244510755, -8.973741067309717, -10.637344394852015, -12.461704944350721, -14.447066433018911, -16.593672578069665, -18.901767096716064, -21.371593706171183, -24.003396123648095, -26.79741806635988, -29.753903251519624, -32.873095396340396, -35.88666446736291, -36.020820794982775, -36.15523821803527, -36.28991675211831, -36.42485641282979],
        "4": [-7.371910229146643, -8.904023320109392, -10.589726235436451, -12.430462669958168, -14.427562034922296, -16.58223945799399, -18.895595783255807, -21.368617571207707, -24.002177098767056, -26.797032359268616, -29.75382706246456, -32.87309063452445, -35.88666446716787, -36.02082079497058, -36.15523821803527, -36.28991675210612, -36.424856412634746]
    },
    "apdft_poly_coeff": [ -36.15523821803527, -13.45479759681183, -1.3055551526974796, -0.0025996502728276023, 0.0012190248810384219 ],
    "hf_energies": [-7.371101341144124, -8.889940598768796, -10.562674614825953, -12.392166355029715, -14.3807699606343, -16.529948216399276, -18.840382342963675, -21.31234135192976, -23.946000674760054, -26.741590627145914, -29.699418713583096, -32.81983684066415, -35.8345206125583, -35.96872601548, -36.1031925821694, -36.23792032865748, -36.37290927068756],
    "triples_corrections": [-0.000349620914960036, -0.0003132520766030946, -0.00028654322692606144, -0.0002631332738932717, -0.00023997824508218213, -0.00021716072518155173, -0.00019584227338317444, -0.00017677195998851505, -0.00016005961371951593, -0.00014547410313495854, -0.0001326911072689496, -0.00012140132432971745, -0.00011210522312980211, -0.00011172185490568212, -0.00011134010939533269, -0.00011095997390725345, -0.00011058143585064302],
    "scf_converged": [true, true, true, true, true, true, true, true, true, true, true, true, true, true, true, true, true],
    "cc_converged": [true, true, true, true, true, true, true, true, true, true, true, true, true, true, true, true, true],
    "scf_spin_squared": [3.7501589271384024, 3.7501161482365006, 3.750083704136454, 3.7500609111990824, 3.750045489543295, 3.750035175640094, 3.7500282165492256, 3.7500234240292922, 3.750020042441466, 3.7500175962476727, 3.750015782336584, 3.75001440360956, 3.750013405868723, 3.7500133671313147, 3.7500133287369266, 3.7500132906807475, 3.750013252958036],
    "cc_spin_squared": [3.750005091452338, 3.7500034710288133, 3.7500024241191143, 3.7500017423657135, 3.7500012850631133, 3.750000969888525, 3.7500007482693487, 3.7500005896381614, 3.7500004738483206, 3.75000038751534, 3.7500003217106483, 3.7500002704639814, 3.7500002326844513, 3.7500002312073457, 3.750000229742728, 3.7500002282903875, 3.750000226850222]
}