{
    "schema_name": "pyscf_apdft_output",
    "provenance": {
        "creator": "PySCF",
        "version": "1.7.6"
    },
    "molecule": {
        "geometry": [[0.0, 0.0, 0.0], [1.7, 0.0, 0.0]],
        "symbols": [ "N", "H" ]
    },
    "molecular_charge": -1,
    "molecular_multiplicity": 4,
    "name": "n.h.chrg-1.mult4.sep1.70-pyscf-uccsdt.ccpv5z",
    "atomic_numbers": [ 7, 1 ],
    "n_electrons": 9,
    "model": {
        "method": "UCCSD(T)",
        "basis": "cc-pV5Z",
        "scf_conv_tol": 1e-09,
        "scf_conv_tol_grad": 1e-06,
        "cc_conv_tol": 1e-05,
        "cc_conv_tol_normt": 1e-07
    },
    "broken_symmetry": false,
    "finite_diff_delta": 0.01,
    "finite_diff_acc": 2,
    "apdft_lambdas": [-0.02, -0.01, 0.0, 0.01, 0.02, 0.25, 0.5, 0.75, 1.0, 1.25, 1.5, 1.75, 2.0, 2.25, 2.5, 2.75, 3.0],
    "electronic_energies": [-54.722879258864104, -54.90872747511904, -55.09492479463527, -55.28147148270233, -55.46836756980746, -59.864064111721696, -64.85509337509242, -70.06964498803971, -75.5068474343328, -81.16433239045554, -87.03926969299398, -93.12870854488068, -99.42957791264524, -105.93862016350796, -112.65234711777023, -119.56703310105142, -126.67873800963515],
    "apdft_energies": {
        "0": [-55.09492479463521, -55.09492479463521, -55.09492479463521, -55.09492479463521, -55.09492479463521, -55.09492479463521, -55.09492479463521, -55.09492479463521, -55.09492479463521, -55.09492479463521, -55.09492479463521, -55.09492479463521, -55.09492479463521, -55.09492479463521, -55.09492479463521, -55.09492479463521, -55.09492479463521],
        "1": [-54.722180787051926, -54.90855279084357, -55.09492479463521, -55.28129679842685, -55.4676688022185, -59.75422488942628, -64.41352498421736, -69.07282507900844, -73.73212517379952, -78.39142526859058, -83.05072536338166, -87.71002545817274, -92.3693255529638, -97.0286256477549, -101.68792574254596, -106.34722583733702, -111.00652593212811],
        "2": [-54.722879524153825, -54.90872747511904, -55.09492479463521, -55.28147148270233, -55.4683675393204, -59.863402561598065, -64.85023567290447, -70.05542412855445, -75.47896792854797, -81.12086707288505, -86.98112156156569, -93.05973139458987, -99.35669657195763, -105.87201709366894, -112.60569295972381, -119.55772417012224, -126.72811072486422],
        "3": [-54.7228793269693, -54.90872745047098, -55.09492479463521, -55.281471507350396, -55.46836773650492, -59.86378768762173, -64.85331668109379, -70.06582253119339, -75.5036159940625, -81.16900782584312, -87.06430878267724, -93.19182962070684, -99.55388109607392, -106.15277396492044, -112.99081898338844, -120.07032690761983, -127.39360849375669],
        "4": [-54.722879170434204, -54.908727440687535, -55.09492479463521, -55.281471497566955, -55.46836757996983, -59.859966030048, -64.79217015991406, -69.75626826772104, -74.52527165518694, -78.78047184226023, -82.11144056711973, -84.01602978617476, -83.90037167406498, -81.07887862366053, -74.77424324606191, -64.1174383706001, -48.14771704483643]
    },
    "apdft_poly_coeff": [ -55.09492479463521, -18.637200379164298, -1.7468427547484566, -0.02464806551453572, 0.9783443388755586 ],
    "hf_energies": [-54.49934022601026, -54.68501844636604, -54.87104730631639, -55.057427287955214, -55.24415888393352, -59.637243572797445, -64.62956747822763, -69.84790519661317, -75.28900016072983, -80.94988388559622, -86.82780843363709, -92.9200033564109, -99.22353605499895, -105.73523572344598, -112.45166418613822, -119.36912156724328, -126.48367617376708],
    "triples_corrections": [-0.006873528450994373, -0.006862226277392598, -0.006850792202877363, -0.00683923213357612, -0.006827510219218593, -0.006544237745939943, -0.006109675549650644, -0.005404653058673381, -0.00468874709010174, -0.004095112008902111, -0.0036222693722923966, -0.0032399592153803396, -0.002922553513062374, -0.0026527652584107473, -0.002419375160631764, -0.0022150121668033872, -0.002034770596082485],
    "scf_converged": [true, true, true, true, true, true, true, true, true, true, true, true, true, true, true, true, true],
    "cc_converged": [true, true, true, true, true, true, true, true, true, true, true, true, true, true, true, true, true],
    "scf_spin_squared": [3.791811157596422, 3.790994034152998, 3.7902174529852193, 3.7894814982269662, 3.7887863903700905, 3.7811028236396056, 3.7738146977871105, 3.7662177527249336, 3.761537304638375, 3.7588302775142832, 3.757183999672302, 3.756102462409073, 3.7553355291768997, 3.7547557845758046, 3.7542956370881635, 3.7539171890019816, 3.753597711845231],
    "cc_spin_squared": [3.7514543672007603, 3.7514341352528273, 3.751413712314961, 3.751393108896168, 3.751372476071073, 3.7509037461476926, 3.75060600118071, 3.750426671938569, 3.7502849397105065, 3.7501915094038685, 3.750135191392365, 3.7501008493824255, 3.750078710157683, 3.7500635139824934, 3.750052494604894, 3.7500441588567313, 3.75003765944591]
}