{
    "schema_name": "pyscf_apdft_output",
    "provenance": {
        "creator": "PySCF",
        "version": "1.7.6"
    },
    "molecule": {
        "geometry": [[0.0, 0.0, 0.0], [1.5, 0.0, 0.0]],
        "symbols": [ "N", "H" ]
    },
    "molecular_charge": 2,
    "molecular_multiplicity": 3,
    "name": "n.h.chrg2.mult3.sep1.50-pyscf-uccsdt.ccpv5z",
    "atomic_numbers": [ 7, 1 ],
    "n_electrons": 6,
    "model": {
        "method": "UCCSD(T)",
        "basis": "cc-pV5Z",
        "scf_conv_tol": 1e-09,
        "scf_conv_tol_grad": 1e-06,
        "cc_conv_tol": 1e-05,
        "cc_conv_tol_normt": 1e-07
    },
    "broken_symmetry": false,
    "finite_diff_delta": 0.01,
    "finite_diff_acc": 2,
    "apdft_lambdas": [-3.0, -2.75, -2.5, -2.25, -2.0, -1.75, -1.5, -1.25, -1.0, -0.75, -0.5, -0.25, -0.02, -0.01, 0.0, 0.01, 0.02],
    "electronic_energies": [-15.176448503148702, -17.436563935658736, -19.857939667877044, -22.445076573929445, -25.20215597068489, -28.132821927408646, -31.24012135738321, -34.52668241812159, -37.99510673016256, -41.6483479008948, -45.48967069517863, -49.52193245356775, -53.40158444634732, -53.573963869971756, -53.74665129063561, -53.91964665780748, -54.09294991813344],
    "apdft_energies": {
        "0": [-53.74665129063569, -53.74665129063569, -53.74665129063569, -53.74665129063569, -53.74665129063569, -53.74665129063569, -53.74665129063569, -53.74665129063569, -53.74665129063569, -53.74665129063569, -53.74665129063569, -53.74665129063569, -53.74665129063569, -53.74665129063569, -53.74665129063569, -53.74665129063569, -53.74665129063569],
        "1": [-1.8942331152765846, -6.215267963223177, -10.536302811169769, -14.85733765911636, -19.178372507062953, -23.499407355009545, -27.820442202956137, -32.14147705090273, -36.46251189884932, -40.78354674679591, -45.104581594742506, -49.4256164426891, -53.40096850279996, -53.573809896717826, -53.74665129063569, -53.91949268455355, -54.09233407847142],
        "2": [-15.751825968973172, -17.85949529167656, -20.1596311817924, -22.65223363932069, -25.337302664261436, -28.214838256614634, -31.284840416380284, -34.54730914355839, -38.00224443814894, -41.64964630015195, -45.48951472956741, -49.521849726395324, -53.40158439581568, -53.573963869971756, -53.74665129063569, -53.91964665780748, -54.09294997148714],
        "3": [-15.98556797072714, -18.03953615066645, -20.294898543918542, -22.750843546310648, -25.406559553670018, -28.261234961823902, -31.31405816659953, -34.56421756382416, -38.01090154932501, -41.653298518929354, -45.49059686846442, -49.52198499375745, -53.401584465072574, -53.57396387862887, -53.74665129063569, -53.91964664915037, -54.092949902230245],
        "4": [-15.0331194506742, -17.36704392544967, -19.835577305467076, -22.449482881762645, -25.218421574400303, -28.150951932471703, -31.25453013409622, -34.535509986420934, -37.99914292562066, -41.6495780168979, -45.4898619544829, -49.5219390616336, -53.40158446319119, -53.57396387851128, -53.74665129063569, -53.919646649032785, -54.09294990034887]
    },
    "apdft_poly_coeff": [ -53.74665129063569, -17.28413939178637, -1.5397325392996208, 0.008657111176072855, 0.011758623704357282 ],
    "hf_energies": [-15.078229041548454, -17.33499437253108, -19.752270661608126, -22.334732804652766, -25.086910806398713, -28.012966265651194, -31.11637106005447, -34.399842283529516, -37.86590322064758, -41.51750856829926, -45.357932019978925, -49.389812803862064, -53.269278782274746, -53.441650760463496, -53.614330733514244, -53.787318648209876, -53.96061444903489],
    "triples_corrections": [-0.001244033205472669, -0.001486415631835232, -0.0017724858991793183, -0.0020742817738418013, -0.002347603402238846, -0.0025511830939636713, -0.0026727081062366195, -0.0027236869531685527, -0.002718851774097596, -0.0026631158282677315, -0.0025529983663969704, -0.002400178795943703, -0.0022507938698762718, -0.002244522871362805, -0.0022382826757496796, -0.002232074304842737, -0.0022258987152990717],
    "scf_converged": [true, true, true, true, true, true, true, true, true, true, true, true, true, true, true, true, true],
    "cc_converged": [true, true, true, true, true, true, true, true, true, true, true, true, true, true, true, true, true],
    "scf_spin_squared": [2.0025586114976113, 2.0021611742759653, 2.0022603149648712, 2.003983252977434, 2.009103929531959, 2.017687266347642, 2.02507028134146, 2.0263792821522464, 2.0216614434431435, 2.014408806958359, 2.0085694430283105, 2.0057453820963387, 2.0049607047815274, 2.0049467080626395, 2.0049337244436285, 2.0049216900061255, 2.004910543262339],
    "cc_spin_squared": [2.000123611037562, 2.000145368530175, 2.0001859440603136, 2.0002424813507744, 2.0003008984845367, 2.0003430249942045, 2.0003590509239793, 2.000348550301312, 2.000314772771418, 2.0002619327277174, 2.000197773730706, 2.0001383847797713, 2.000099029628992, 2.000097679474743, 2.000096357066395, 2.0000950619928295, 2.000093793830703]
}