{
    "schema_name": "pyscf_qa_output",
    "provenance": {
        "creator": "PySCF",
        "version": "1.7.6"
    },
    "molecule": {
        "geometry": [[0.0, 0.0, 0.0], [0.8, 0.0, 0.0]],
        "symbols": [ "Be", "H" ]
    },
    "molecular_charge": -1,
    "molecular_multiplicity": 3,
    "name": "be.h.chrg-1.mult3.sep0.80-pyscf-uccsdt.ccpv5z",
    "atomic_numbers": [ 4, 1 ],
    "n_electrons": 6,
    "model": {
        "method": "UCCSD(T)",
        "basis": "cc-pV5Z",
        "scf_conv_tol": 1e-09,
        "scf_conv_tol_grad": 1e-06,
        "cc_conv_tol": 1e-05,
        "cc_conv_tol_normt": 1e-07
    },
    "broken_symmetry": false,
    "finite_diff_delta": 0.01,
    "finite_diff_acc": 2,
    "qa_lambdas": [-0.02, -0.01, 0.0, 0.01, 0.02, 0.25, 0.5, 0.75, 1.0, 1.25, 1.5, 1.75, 2.0, 2.25, 2.5, 2.75, 3.0],
    "electronic_energies": [-14.847471127490326, -14.933835843846667, -15.020470599958758, -15.107375670962014, -15.194551328060578, -17.27480402519084, -19.7006427408802, -22.297673543343773, -25.064107305293085, -27.997815954803574, -31.096342800878475, -34.3567447735968, -37.77552334647343, -41.34862694762917, -45.07150029136286, -48.93916417343508, -52.94630988887465],
    "qats_energies": {
        "0": [-15.020470599958806, -15.020470599958806, -15.020470599958806, -15.020470599958806, -15.020470599958806, -15.020470599958806, -15.020470599958806, -15.020470599958806, -15.020470599958806, -15.020470599958806, -15.020470599958806, -15.020470599958806, -15.020470599958806, -15.020470599958806, -15.020470599958806, -15.020470599958806, -15.020470599958806],
        "1": [-14.846930772843459, -14.933700686401131, -15.020470599958806, -15.10724051351648, -15.194010427074153, -17.18971843890064, -19.358966277842477, -21.52821411678431, -23.697461955726144, -25.86670979466798, -28.03595763360981, -30.205205472551647, -32.37445331149348, -34.54370115043532, -36.71294898937715, -38.88219682831898, -41.051444667260824],
        "2": [-14.8474714026256, -14.933835843846667, -15.020470599958806, -15.107375670962014, -15.194551056856293, -17.274191842360047, -19.6968598916801, -22.28847474791897, -25.049036411076646, -27.978544881153137, -31.077000158148444, -34.34440224206256, -37.78075113289549, -41.38604683064723, -45.160289335317785, -49.103478646907156, -53.21561476541533],
        "3": [-14.847471038399227, -14.933835798318372, -15.020470599958806, -15.10737571649031, -15.194551421082664, -17.274903221993487, -19.702550928747627, -22.30768199802187, -25.09456470761686, -28.067467335333248, -31.23065815897167, -34.58840545633278, -38.14497750521723, -41.90464258342564, -45.87166896875867, -50.050324939016974, -54.44487877200118],
        "4": [-14.84747103577857, -14.933835798154579, -15.020470599958806, -15.10737571632652, -15.194551418462009, -17.27483924111271, -19.70152723465517, -22.302499546678803, -25.07818560213754, -28.027479284846624, -31.147738937482607, -34.43478736158337, -37.88291181754808, -41.48486402463725, -45.23186016097269, -49.11358086353751, -53.11817122817616]
    },
    "qats_poly_coeffs": [ -15.020470599958806, -8.676991355767338, -1.3515744553505016, -0.04552829654021668, 0.01637910547932127 ],
    "hf_energies": [-14.75298913863474, -14.83927898799404, -14.92583908475085, -15.012669771655576, -15.099771388950886, -17.178570090487973, -19.603687617355185, -22.200689990868185, -24.967438679526424, -27.90162052010873, -31.000674895217355, -34.26158776464409, -37.680809450286134, -41.25425528896112, -44.97735617077722, -48.8451388245381, -52.85231847164282],
    "triples_corrections": [-0.0013409300967737886, -0.0013450466969533222, -0.0013491069154508357, -0.0013531068721536266, -0.001357042689267699, -0.0014222363217823684, -0.0014302121122239694, -0.0014027078153006063, -0.0013681344776414466, -0.0013366747191682865, -0.0013109271243272704, -0.0012906249786074973, -0.0012742793365738, -0.0012598611312860113, -0.001245083372519767, -0.0012275645940372823, -0.0012050151697657887],
    "scf_converged": [true, true, true, true, true, true, true, true, true, true, true, true, true, true, true, true, true],
    "cc_converged": [true, true, true, true, true, true, true, true, true, true, true, true, true, true, true, true, true],
    "scf_spin_squared": [2.000750894908893, 2.0007634820514686, 2.000776605731249, 2.0007902682660355, 2.0008044704698933, 2.001255566410889, 2.001781168145346, 2.0021062758780843, 2.0022651198416748, 2.0023316450154827, 2.0023495890122467, 2.002343798472468, 2.002329600691441, 2.0023166215930726, 2.002310355502619, 2.0023128516133175, 2.0023231818439524],
    "cc_spin_squared": [2.000071404753407, 2.0000718938902216, 2.0000723890766023, 2.000072889479949, 2.0000733942518325, 2.0000841919107284, 2.000088283941587, 2.0000846435830555, 2.000078130898294, 2.00007145166958, 2.0000654631461217, 2.000060263239623, 2.0000557255653293, 2.0000516695922563, 2.000047926470603, 2.0000443570398416, 2.000040857422327]
}