{
    "schema_name": "pyscf_qa_output",
    "provenance": {
        "creator": "PySCF",
        "version": "1.7.6"
    },
    "molecule": {
        "geometry": [[0.0, 0.0, 0.0], [0.6, 0.0, 0.0]],
        "symbols": [ "F", "H" ]
    },
    "molecular_charge": 0,
    "molecular_multiplicity": 3,
    "name": "f.h.chrg0.mult3.sep0.60-pyscf-uccsdt.ccpv5z",
    "atomic_numbers": [ 9, 1 ],
    "n_electrons": 10,
    "model": {
        "method": "UCCSD(T)",
        "basis": "cc-pV5Z",
        "scf_conv_tol": 1e-09,
        "scf_conv_tol_grad": 1e-06,
        "cc_conv_tol": 1e-05,
        "cc_conv_tol_normt": 1e-07
    },
    "broken_symmetry": false,
    "finite_diff_delta": 0.01,
    "finite_diff_acc": 2,
    "qa_lambdas": [-1.0, -0.75, -0.5, -0.25, -0.02, -0.01, 0.0, 0.01, 0.02, 0.25, 0.5, 0.75, 1.0],
    "electronic_energies": [-75.28210881911309, -81.04188643229264, -87.02734489868568, -93.23995095120748, -99.15746034397102, -99.41915225180287, -99.68121240776964, -99.94364091285658, -100.2064378680026, -106.35269037031793, -113.2559171004183, -120.39225414525868, -127.76274648388905],
    "qats_energies": {
        "0": [-99.68121240776968, -99.68121240776968, -99.68121240776968, -99.68121240776968, -99.68121240776968, -99.68121240776968, -99.68121240776968, -99.68121240776968, -99.68121240776968, -99.68121240776968, -99.68121240776968, -99.68121240776968, -99.68121240776968],
        "1": [-73.45677935508421, -80.01288761825558, -86.56899588142694, -93.12510414459831, -99.15672374671597, -99.41896807724282, -99.68121240776968, -99.94345673829653, -100.20570106882339, -106.23732067094105, -112.79342893411241, -119.34953719728378, -125.90564546045515],
        "2": [-75.29852495555689, -81.04886951852146, -87.02943228154511, -93.24021324462785, -99.15746044495616, -99.41915225180287, -99.68121240776968, -99.94364091285658, -100.20643776706358, -106.35242977097059, -113.25386533423058, -120.38551909754966, -127.74739106092782],
        "3": [-75.28169794288475, -81.0417706225504, -87.0273289049611, -93.23995032255485, -99.15746031034006, -99.41915223497585, -99.68121240776968, -99.9436409296836, -100.20643790167968, -106.3526926930436, -113.2559687108146, -120.39261799352072, -127.76421807359996],
        "4": [-75.28150562265094, -81.04170977122642, -87.02731688494649, -93.23994957130394, -99.15746031030929, -99.41915223497394, -99.68121240776968, -99.94364092968166, -100.20643790164891, -106.35269194179267, -113.25595669079999, -120.39255714219674, -127.76402575336616]
    },
    "qats_poly_coeffs": [ -99.68121240776968, -26.22443305268547, -1.8417456004726773, -0.01682701267213815, 0.00019232023381240046 ],
    "hf_energies": [-75.00027536130611, -80.75941924832806, -86.74431245025133, -92.95634258454386, -98.87329827087896, -99.13496584794878, -99.39700167491252, -99.65940585623231, -99.92217849642806, -106.06788390313746, -112.97059426160055, -120.10659307750609, -127.47702708313784],
    "triples_corrections": [-0.005995399761651474, -0.00559431621622956, -0.005229789094731539, -0.004907557883403903, -0.004645721579519118, -0.004635003629565355, -0.004624336781232065, -0.004613720475426758, -0.004603154149663739, -0.0043725939557954984, -0.004143355293625802, -0.003928060922949748, -0.0037200817075397747],
    "scf_converged": [true, true, true, true, true, true, true, true, true, true, true, true, true],
    "cc_converged": [true, true, true, true, true, true, true, true, true, true, true, true, true],
    "scf_spin_squared": [2.004447970766728, 2.004091845787827, 2.0037816025612676, 2.0035103821724034, 2.003289956016241, 2.0032809326863332, 2.0032719531159993, 2.0032630169620567, 2.003254123884049, 2.0030607115451056, 2.0028715149769374, 2.0026995254587923, 2.002540409007265],
    "cc_spin_squared": [2.0001047099795137, 2.0000882218354232, 2.0000748114437013, 2.0000640928588913, 2.000056159150237, 2.0000558497537204, 2.0000555430624822, 2.000055239046991, 2.0000549376778562, 2.00004867213035, 2.000043061614318, 2.0000383744028123, 2.0000343587181293]
}