{
    "schema_name": "pyscf_qa_output",
    "provenance": {
        "creator": "PySCF",
        "version": "1.7.6"
    },
    "molecule": {
        "geometry": [[0.0, 0.0, 0.0], [1.6, 0.0, 0.0]],
        "symbols": [ "Ne", "H" ]
    },
    "molecular_charge": 1,
    "molecular_multiplicity": 1,
    "name": "ne.h.chrg1.mult1.sep1.60-pyscf-ccsdt.ccpv5z",
    "atomic_numbers": [ 10, 1 ],
    "n_electrons": 10,
    "model": {
        "method": "CCSD(T)",
        "basis": "cc-pV5Z",
        "scf_conv_tol": 1e-09,
        "scf_conv_tol_grad": 1e-06,
        "cc_conv_tol": 1e-05,
        "cc_conv_tol_normt": 1e-07
    },
    "broken_symmetry": false,
    "finite_diff_delta": 0.01,
    "finite_diff_acc": 2,
    "qa_lambdas": [-2.0, -1.75, -1.5, -1.25, -1.0, -0.75, -0.5, -0.25, -0.02, -0.01, 0.0, 0.01, 0.02],
    "electronic_energies": [-75.64681529548895, -81.44661067904522, -87.48418474724492, -93.76286050531095, -100.2865207436335, -107.0601881467984, -114.08995434641804, -121.38018582192649, -128.31739250736317, -128.62398595717096, -128.93099247860533, -129.23841187839875, -129.54624396327242],
    "qats_energies": {
        "0": [-128.93099247857384, -128.93099247857384, -128.93099247857384, -128.93099247857384, -128.93099247857384, -128.93099247857384, -128.93099247857384, -128.93099247857384, -128.93099247857384, -128.93099247857384, -128.93099247857384, -128.93099247857384, -128.93099247857384],
        "1": [-67.48840035579468, -75.16872437114208, -82.84904838648947, -90.52937240183687, -98.20969641718426, -105.89002043253166, -113.57034444787905, -121.25066846322645, -128.31656655734605, -128.62377951795995, -128.93099247857384, -129.23820543918774, -129.54541839980163],
        "2": [-75.74596879630752, -81.49092520840972, -87.49393063427794, -93.7549850739122, -100.27408852731247, -107.05124099447877, -114.0864424754111, -121.37969297010946, -128.3173923141901, -128.62398595717096, -128.93099247857384, -129.23841187839875, -129.54624415664568],
        "3": [-76.00366635145431, -81.66356243773657, -87.6026467903555, -93.8178995160867, -100.30630072170582, -107.06483051398847, -114.09046899971027, -121.38019628564686, -128.31739257188767, -128.62398598938316, -128.93099247857384, -129.23841184618655, -129.54624389894812],
        "4": [-75.99031572714452, -81.65573654687529, -87.59842256938248, -93.81586237248474, -100.30546630768646, -107.06456650017765, -114.09041684883407, -121.38019302621709, -128.31739257175414, -128.6239859893748, -128.93099247857384, -129.23841184617822, -129.54624389881462]
    },
    "qats_poly_coeffs": [ -128.93099247857384, -30.72129606138958, -2.0643921101282103, 0.032212194393347694, 0.0008344140193609443 ],
    "hf_energies": [-75.28067292953733, -81.065176078485, -87.09194192968675, -93.36622461502239, -99.89274449394712, -106.67528602561684, -113.71619177167443, -121.01600989656758, -127.95964536379411, -128.26647287999998, -128.57371020875715, -128.88135722263766, -129.189413794297],
    "triples_corrections": [-0.015307089645197761, -0.01564447191255268, -0.015488226356117393, -0.015197197193594292, -0.014675533383624487, -0.013325176573689236, -0.011092888877637859, -0.008865970169760743, -0.007339926999999517, -0.007285379562620019, -0.007231713575983739, -0.007178914053432559, -0.007126965852597131],
    "scf_converged": [true, true, true, true, true, true, true, true, true, true, true, true, true],
    "cc_converged": [true, true, true, true, true, true, true, true, true, true, true, true, true],
    "t1_diagnostic": [0.04126181001931591, 0.03274208301808148, 0.02180285795465665, 0.01669165289288359, 0.020997120856111662, 0.023802423681367108, 0.020883506087853554, 0.015227101193204235, 0.01065674804280771, 0.010491279039387354, 0.010328718316443811, 0.010169054012763051, 0.010012271385845442]
}