{
    "schema_name": "pyscf_apdft_output",
    "provenance": {
        "creator": "PySCF",
        "version": "1.7.6"
    },
    "molecule": {
        "geometry": [[0.0, 0.0, 0.0], [0.8, 0.0, 0.0]],
        "symbols": [ "Ne", "H" ]
    },
    "molecular_charge": 1,
    "molecular_multiplicity": 1,
    "name": "ne.h.chrg1.mult1.sep0.80-pyscf-ccsdt.ccpv5z",
    "atomic_numbers": [ 10, 1 ],
    "n_electrons": 10,
    "model": {
        "method": "CCSD(T)",
        "basis": "cc-pV5Z",
        "scf_conv_tol": 1e-09,
        "scf_conv_tol_grad": 1e-06,
        "cc_conv_tol": 1e-05,
        "cc_conv_tol_normt": 1e-07
    },
    "broken_symmetry": false,
    "finite_diff_delta": 0.01,
    "finite_diff_acc": 2,
    "apdft_lambdas": [-2.0, -1.75, -1.5, -1.25, -1.0, -0.75, -0.5, -0.25, -0.02, -0.01, 0.0, 0.01, 0.02],
    "electronic_energies": [-75.71220187673343, -81.53266222665256, -87.58696502926213, -93.87784961305583, -100.40764462318056, -107.17828393152281, -114.19136166349139, -121.44820197554324, -128.34074374602739, -128.6451327445313, -128.9499149852906, -129.25509052148445, -129.56065940601707],
    "apdft_energies": {
        "0": [-128.94991498528395, -128.94991498528395, -128.94991498528395, -128.94991498528395, -128.94991498528395, -128.94991498528395, -128.94991498528395, -128.94991498528395, -128.94991498528395, -128.94991498528395, -128.94991498528395, -128.94991498528395, -128.94991498528395],
        "1": [-67.95413728997016, -75.57860950188439, -83.20308171379861, -90.82755392571283, -98.45202613762706, -106.07649834954128, -113.7009705614555, -121.32544277336973, -128.33995720833082, -128.64493609680738, -128.94991498528395, -129.25489387376052, -129.5598727622371],
        "2": [-75.82004624697117, -81.60094604708829, -87.62765550211168, -93.90017461204135, -100.41850337687731, -107.18264179661955, -114.19258987126807, -121.44834760082287, -128.34074379922652, -128.6451327445313, -128.94991498528395, -129.25509052148445, -129.5606593531328],
        "3": [-75.74932397685691, -81.55356765128909, -87.59781954440723, -93.88290843281425, -100.40966309311302, -107.1789123019065, -114.19148483579754, -121.44820947138905, -128.34074372850424, -128.64513273569102, -128.94991498528395, -129.25509053032474, -129.56065942385507],
        "4": [-75.72833170227162, -81.54126236533223, -87.59117745752673, -93.87970526591585, -100.40835107595144, -107.17849717147647, -114.19140283472494, -121.44820434632202, -128.3407437282943, -128.64513273567792, -128.94991498528395, -129.2550905303116, -129.56065942364515]
    },
    "apdft_poly_coeff": [ -128.94991498528395, -30.497888847656895, -1.9664772392502528, -0.00884028376428129, 0.001312017161581025 ],
    "hf_energies": [-75.36677646841798, -81.18383110942997, -87.2358433911176, -93.52533903008101, -100.05444148693762, -106.82492525532604, -113.83828308183142, -121.09578535052432, -127.98924999419474, -128.29368570062886, -128.59851518802748, -128.90373850838762, -129.20935571319814],
    "triples_corrections": [-0.009857430444195328, -0.009496185900958937, -0.009029799560514718, -0.008495087422587156, -0.007932657040717512, -0.007375374430611761, -0.006842948900513474, -0.0063431595917262384, -0.005912554502719383, -0.00589443790949869, -0.005876370114072852, -0.005858351110748975, -0.005840380295468129],
    "scf_converged": [true, true, true, true, true, true, true, true, true, true, true, true, true],
    "cc_converged": [true, true, true, true, true, true, true, true, true, true, true, true, true],
    "t1_diagnostic": [0.006565629895967948, 0.006485640543552538, 0.006404786796407908, 0.006214618742519282, 0.005896318757881569, 0.005486824926241811, 0.005040135584338932, 0.004601211570895336, 0.00422657088521393, 0.004211062389402098, 0.004195620835538551, 0.004180239075891955, 0.004164931635790106]
}