{
    "schema_name": "pyscf_qa_output",
    "provenance": {
        "creator": "PySCF",
        "version": "1.7.6"
    },
    "molecule": {
        "geometry": [[0.0, 0.0, 0.0], [0.8, 0.0, 0.0]],
        "symbols": [ "O", "H" ]
    },
    "molecular_charge": 0,
    "molecular_multiplicity": 4,
    "name": "o.h.chrg0.mult4.sep0.80-pyscf-uccsdt.ccpv5z",
    "atomic_numbers": [ 8, 1 ],
    "n_electrons": 9,
    "model": {
        "method": "UCCSD(T)",
        "basis": "cc-pV5Z",
        "scf_conv_tol": 1e-09,
        "scf_conv_tol_grad": 1e-06,
        "cc_conv_tol": 1e-05,
        "cc_conv_tol_normt": 1e-07
    },
    "broken_symmetry": false,
    "finite_diff_delta": 0.01,
    "finite_diff_acc": 2,
    "qa_lambdas": [-1.0, -0.75, -0.5, -0.25, -0.02, -0.01, 0.0, 0.01, 0.02, 0.25, 0.5, 0.75, 1.0, 1.25, 1.5, 1.75, 2.0],
    "electronic_energies": [-55.035183941857184, -59.79513675388503, -64.76526429374697, -69.94756768234852, -74.90457336847416, -75.12424042230194, -75.34425424759846, -75.5646150094044, -75.78532287318639, -80.95778656107296, -86.7907075559022, -92.84517016976582, -99.12234142308489, -105.62211769174755, -112.34333515813691, -119.28416572305473, -126.44238955686531],
    "qats_energies": {
        "0": [-75.34425424759844, -75.34425424759844, -75.34425424759844, -75.34425424759844, -75.34425424759844, -75.34425424759844, -75.34425424759844, -75.34425424759844, -75.34425424759844, -75.34425424759844, -75.34425424759844, -75.34425424759844, -75.34425424759844, -75.34425424759844, -75.34425424759844, -75.34425424759844, -75.34425424759844],
        "1": [-53.32552489247503, -58.83020723125588, -64.33488957003674, -69.83957190881759, -74.90387966049597, -75.12406695404721, -75.34425424759844, -75.56444154114968, -75.78462883470091, -80.8489365863793, -86.35361892516015, -91.858301263941, -97.36298360272185, -102.86766594150271, -108.37234828028356, -113.87703061906441, -119.38171295784527],
        "2": [-55.06020743976917, -59.80596616410884, -64.76856020686027, -69.94798956802347, -74.90457353351489, -75.12424042230194, -75.34425424759844, -75.5646150094044, -75.78532270771983, -80.95735424558518, -86.78728956198368, -92.83406019679396, -99.097666150016, -105.5781074216498, -112.27538401169538, -119.18949592015272, -126.32044314702183],
        "3": [-55.032665165530105, -59.79434676716423, -64.76511742258039, -69.94755921998849, -74.9045733131767, -75.12424039475967, -75.34425424759844, -75.56461503694668, -75.78532292805802, -80.95778459362016, -86.79073234626357, -92.84567959373857, -99.12520842425506, -105.63190092602298, -112.36833918725223, -119.33710529615273, -126.54078134093437],
        "4": [-55.03443927231751, -59.794908105639934, -64.7652283042546, -69.94756615009312, -74.90457331346056, -75.1242403947774, -75.34425424759844, -75.56461503696443, -75.78532292834188, -80.95779152372481, -86.79084322793778, -92.84624093221427, -99.12698253104247, -105.63623224142191, -112.37732060286346, -119.35374447738928, -126.56916704953284]
    },
    "qats_poly_coeffs": [ -75.34425424759844, -22.018729355123412, -1.7346825472941418, -0.027542274239067407, -0.0017741067874036769 ],
    "hf_energies": [-54.81714507779027, -59.575718159043056, -64.54460112681835, -69.72569213672325, -74.68159350202114, -74.90121328382887, -75.1211799443289, -75.34149365574844, -75.56215459094103, -80.73359378881747, -86.56564271509411, -92.61970827582749, -98.89711755587042, -105.39776306267075, -112.1203690118634, -119.06298544008641, -126.22330066470354],
    "triples_corrections": [-0.005052413204840367, -0.0047983268506664135, -0.004552587620317206, -0.004326006266688078, -0.0041345479689397155, -0.00412651792339207, -0.004118507369862107, -0.004110515604253067, -0.0041025419160591586, -0.003922314531613071, -0.003724919988546297, -0.003515509353273669, -0.0032931889530296086, -0.0030668553672881325, -0.0028467415821758755, -0.0026390756253926277, -0.0024462557585855473],
    "scf_converged": [true, true, true, true, true, true, true, true, true, true, true, true, true, true, true, true, true],
    "cc_converged": [true, true, true, true, true, true, true, true, true, true, true, true, true, true, true, true, true],
    "scf_spin_squared": [3.7621391360101617, 3.760931830756108, 3.759981954230676, 3.7591646277806565, 3.7584524983376184, 3.7584215265188763, 3.7583905095169325, 3.7583594736289996, 3.7583284011888183, 3.7575985425483776, 3.7567674019993316, 3.7559332464730373, 3.7551703252205204, 3.754531930001306, 3.754022817093494, 3.7536195193327284, 3.7532944606542413],
    "cc_spin_squared": [3.7502861009511004, 3.7502379491992577, 3.7502005364481295, 3.750171028019784, 3.750148955302614, 3.750148082152637, 3.750147215207531, 3.750146354604398, 3.7501455001261146, 3.750127322492725, 3.7501099749259277, 3.750094278186963, 3.750080027398929, 3.750067519500115, 3.7500569939448005, 3.7500483585168505, 3.750041322221768]
}