{
    "schema_name": "pyscf_apdft_output",
    "provenance": {
        "creator": "PySCF",
        "version": "1.7.6"
    },
    "molecule": {
        "geometry": [[0.0, 0.0, 0.0], [1.3, 0.0, 0.0]],
        "symbols": [ "F", "H" ]
    },
    "molecular_charge": 2,
    "molecular_multiplicity": 3,
    "name": "f.h.chrg2.mult3.sep1.30-pyscf-uccsdt.ccpv5z",
    "atomic_numbers": [ 9, 1 ],
    "n_electrons": 8,
    "model": {
        "method": "UCCSD(T)",
        "basis": "cc-pV5Z",
        "scf_conv_tol": 1e-09,
        "scf_conv_tol_grad": 1e-06,
        "cc_conv_tol": 1e-05,
        "cc_conv_tol_normt": 1e-07
    },
    "broken_symmetry": false,
    "finite_diff_delta": 0.01,
    "finite_diff_acc": 2,
    "apdft_lambdas": [-3.0, -2.75, -2.5, -2.25, -2.0, -1.75, -1.5, -1.25, -1.0, -0.75, -0.5, -0.25, -0.02, -0.01, 0.0, 0.01, 0.02],
    "electronic_energies": [-38.45510866711242, -42.3340492216084, -46.41066918503284, -50.68860837278084, -55.17117937252115, -59.86140874056119, -64.7621420578508, -69.87618002247294, -75.20635044225287, -80.75538736182523, -86.52558305679732, -92.51839405838867, -98.22881381425196, -98.4813741887352, -98.73429105734891, -98.98756437739195, -99.24119410489367],
    "apdft_energies": {
        "0": [-98.73429105734893, -98.73429105734893, -98.73429105734893, -98.73429105734893, -98.73429105734893, -98.73429105734893, -98.73429105734893, -98.73429105734893, -98.73429105734893, -98.73429105734893, -98.73429105734893, -98.73429105734893, -98.73429105734893, -98.73429105734893, -98.73429105734893, -98.73429105734893, -98.73429105734893],
        "1": [-22.805762758837105, -29.133140117046423, -35.46051747525574, -41.78789483346506, -48.11527219167438, -54.4426495498837, -60.770026908093016, -67.09740426630233, -73.42478162451165, -79.75215898272097, -86.07953634093029, -92.40691369913961, -98.22810086869218, -98.48119596302055, -98.73429105734893, -98.9873861516773, -99.24048124600567],
        "2": [-38.84607707722559, -42.61145978735897, -46.5996246408033, -50.81057163755858, -55.244300777624815, -59.900812061002, -64.78010548769014, -69.88218105768922, -75.20703877099926, -80.75467862762025, -86.52510062755219, -92.51830477079508, -98.22881377155078, -98.4813741887352, -98.73429105734893, -98.98756437739195, -99.24119414886427],
        "3": [-39.04108860415228, -42.76166831880539, -46.71247853370069, -50.89284212548078, -55.30208197078828, -59.9395209462658, -64.80448192855597, -69.8962877943014, -75.2142614201447, -80.75772568272848, -86.52600345869537, -92.51841762468798, -98.22881382933197, -98.48137419595786, -98.73429105734893, -98.9875643701693, -99.24119409108307],
        "4": [-38.61266650635436, -42.45917372322961, -46.50587065474721, -50.757286696099406, -55.21745538356894, -59.88991439452907, -64.7777055474436, -69.88337480186681, -75.20897225844348, -80.75605215890896, -86.52567288608904, -92.51839696390009, -98.2288138284857, -98.48137419590496, -98.73429105734893, -98.9875643701164, -99.2411940902368]
    },
    "apdft_poly_coeff": [ -98.73429105734893, -25.309509432837274, -1.7822571464876091, 0.0072226491454330235, 0.005289161701208893 ],
    "hf_energies": [-38.25604347816578, -42.128108920009005, -46.19850429362623, -50.47104031622982, -54.9491802916607, -59.63600256910463, -64.53434357728814, -69.64709677600898, -74.97726091526842, -80.52749156917173, -86.29962361121801, -92.29458024110708, -98.00687636980403, -98.25951448642039, -98.51250875949754, -98.76585914676335, -99.01956560499339],
    "triples_corrections": [-0.005469026430934046, -0.005701291528734484, -0.005853682989847015, -0.005916499419494856, -0.005886587522275483, -0.005763733733856657, -0.0055503998003348775, -0.005255862935237345, -0.004890761837463439, -0.00446544844907871, -0.004009766734860632, -0.0035702857927197235, -0.003211006793565286, -0.0031965804885191883, -0.0031822562929720807, -0.0031680341772624774, -0.0031539140677331857],
    "scf_converged": [true, true, true, true, true, true, true, true, true, true, true, true, true, true, true, true, true],
    "cc_converged": [true, true, true, true, true, true, true, true, true, true, true, true, true, true, true, true, true],
    "scf_spin_squared": [2.0234930662419934, 2.025794212924932, 2.0339128917853095, 2.049450073094843, 2.0694542086409062, 2.0842328553600633, 2.0839802560084424, 2.0680087795924917, 2.046299739136586, 2.0290772446345784, 2.0185249203082276, 2.012573523183728, 2.0093901167319435, 2.009283965865618, 2.009179968608401, 2.009078071431335, 2.0089782222283956],
    "cc_spin_squared": [2.000660531198193, 2.000775694006488, 2.0009524613381426, 2.001183212944607, 2.0014173143566945, 2.001558161084013, 2.001515948171008, 2.0012831616835354, 2.000951734471195, 2.0006361001335797, 2.00039892611797, 2.000246019996869, 2.0001612467613548, 2.0001584572634767, 2.0001557296426045, 2.000153062535146, 2.0001504545997206]
}