{
    "schema_name": "pyscf_qa_output",
    "provenance": {
        "creator": "PySCF",
        "version": "1.7.6"
    },
    "molecule": {
        "geometry": [[0.0, 0.0, 0.0], [1.2, 0.0, 0.0]],
        "symbols": [ "O", "H" ]
    },
    "molecular_charge": 2,
    "molecular_multiplicity": 4,
    "name": "o.h.chrg2.mult4.sep1.20-pyscf-uccsdt.ccpv5z",
    "atomic_numbers": [ 8, 1 ],
    "n_electrons": 7,
    "model": {
        "method": "UCCSD(T)",
        "basis": "cc-pV5Z",
        "scf_conv_tol": 1e-09,
        "scf_conv_tol_grad": 1e-06,
        "cc_conv_tol": 1e-05,
        "cc_conv_tol_normt": 1e-07
    },
    "broken_symmetry": false,
    "finite_diff_delta": 0.01,
    "finite_diff_acc": 2,
    "qa_lambdas": [-3.0, -2.75, -2.5, -2.25, -2.0, -1.75, -1.5, -1.25, -1.0, -0.75, -0.5, -0.25, -0.02, -0.01, 0.0, 0.01, 0.02],
    "electronic_energies": [-25.210167375611725, -28.240257219891834, -31.450973227396872, -34.846195975444154, -38.42938536245288, -42.2035708337762, -46.17142414135956, -50.335378703907274, -54.697730239715966, -59.260649902952146, -64.02607905742944, -68.99554482894142, -73.74848510472081, -73.95907626271833, -74.16999597588772, -74.38124424491033, -74.59282106896688],
    "qats_energies": {
        "0": [-74.16999597588773, -74.16999597588773, -74.16999597588773, -74.16999597588773, -74.16999597588773, -74.16999597588773, -74.16999597588773, -74.16999597588773, -74.16999597588773, -74.16999597588773, -74.16999597588773, -74.16999597588773, -74.16999597588773, -74.16999597588773, -74.16999597588773, -74.16999597588773, -74.16999597588773],
        "1": [-10.844798647086577, -16.121898424486673, -21.39899820188677, -26.676097979286865, -31.95319775668696, -37.23029753408706, -42.50739731148715, -47.78449708888725, -53.061596866287346, -58.33869664368744, -63.61579642108754, -68.89289619848763, -73.74782799369572, -73.95891198479173, -74.16999597588773, -74.38107996698373, -74.59216395807974],
        "2": [-25.629812041147375, -28.54541662366276, -31.66636861442899, -34.992668013446064, -38.52431482071398, -42.261309036232745, -46.20365066000235, -50.351339692022805, -54.7043761322941, -59.26275998081624, -64.02649123758923, -68.99556990261306, -73.74848510540212, -73.95907626271833, -74.16999597588773, -74.38124424491033, -74.59282106978614],
        "3": [-25.630122416872496, -28.54565569200195, -31.66654823001066, -34.992798953205096, -38.5244067838918, -42.26137064437726, -46.20368945696799, -50.35136214397052, -54.70438762769133, -59.26276483043695, -64.02649267451388, -68.99557008222864, -73.74848510549408, -73.95907626272982, -74.16999597588773, -74.38124424489884, -74.59282106969418],
        "4": [-25.12368112796696, -28.1880743402048, -31.42231535534556, -34.832557764137334, -38.424368998428974, -42.202730331170166, -46.1720368764114, -50.33609758930395, -54.6981352660999, -59.26078654415216, -64.02610190191442, -68.99554565894117, -73.74848510449371, -73.9590762626673, -74.16999597588773, -74.38124424483631, -74.5928210686938]
    },
    "qats_poly_coeffs": [ -74.16999597588773, -21.108399109600384, -1.6427792660067553, 1.1495397226705485e-05, 0.006252361591426355 ],
    "hf_energies": [-25.08162857084377, -28.106631144127327, -31.312342791992876, -34.702824713165185, -38.28166682744722, -42.052015258526424, -46.016661568866944, -50.17813592201926, -54.5387669478547, -59.10067547943115, -63.86568151862798, -68.83515924183743, -73.58837673049662, -73.79898441675941, -74.0099209892297, -74.22118644442412, -74.43278077748352],
    "triples_corrections": [-0.0024670237226848933, -0.0027055084778828615, -0.0029203460681547985, -0.003092387517858885, -0.0032093156694664813, -0.003266160523538739, -0.0032629894695070066, -0.003202569267071576, -0.0030897293733734847, -0.002932290522365579, -0.0027425188842417634, -0.002536662352778517, -0.002347294174521499, -0.0023392347741973372, -0.0023311956485324624, -0.002323177377488436, -0.002315180523372976],
    "scf_converged": [true, true, true, true, true, true, true, true, true, true, true, true, true, true, true, true, true],
    "cc_converged": [true, true, true, true, true, true, true, true, true, true, true, true, true, true, true, true, true],
    "scf_spin_squared": [3.7564766780951913, 3.755648158980489, 3.7548867975354394, 3.7542330836493365, 3.7537458404030217, 3.7534740810611744, 3.7534021935047717, 3.75345839347743, 3.753595511746694, 3.753812481326341, 3.754085921121632, 3.7543367025175742, 3.7544734572305654, 3.7544766927612203, 3.754479691192593, 3.7544824522402975, 3.7544849757722782],
    "cc_spin_squared": [3.7502409379121935, 3.7502344229684947, 3.750230823051323, 3.750228352902469, 3.7502254882677364, 3.750220795381398, 3.750212606238253, 3.750199218785406, 3.7501799173379102, 3.7501560441425434, 3.750130746470269, 3.750107358366738, 3.7500892247400195, 3.7500885179778662, 3.750087817939815, 3.7500871245984655, 3.750086437924078]
}