{
    "schema_name": "pyscf_apdft_output",
    "provenance": {
        "creator": "PySCF",
        "version": "1.7.6"
    },
    "molecule": {
        "geometry": [[0.0, 0.0, 0.0], [1.2, 0.0, 0.0]],
        "symbols": [ "Be", "H" ]
    },
    "molecular_charge": 0,
    "molecular_multiplicity": 2,
    "name": "be.h.chrg0.mult2.sep1.20-pyscf-uccsdt.ccpv5z",
    "atomic_numbers": [ 4, 1 ],
    "n_electrons": 5,
    "model": {
        "method": "UCCSD(T)",
        "basis": "cc-pV5Z",
        "scf_conv_tol": 1e-09,
        "scf_conv_tol_grad": 1e-06,
        "cc_conv_tol": 1e-05,
        "cc_conv_tol_normt": 1e-07
    },
    "broken_symmetry": false,
    "finite_diff_delta": 0.01,
    "finite_diff_acc": 2,
    "apdft_lambdas": [-1.0, -0.75, -0.5, -0.25, -0.02, -0.01, 0.0, 0.01, 0.02, 0.25, 0.5, 0.75, 1.0, 1.25, 1.5, 1.75, 2.0],
    "electronic_energies": [-8.022551506377676, -9.59616774736868, -11.319009806094881, -13.194057672153818, -15.054863372782949, -15.13872953244745, -15.222842815269727, -15.307203258183138, -15.391810897972803, -17.406096224615116, -19.7443736042401, -22.238101374500438, -24.88737945583264, -27.69176619675107, -30.65011155864163, -33.76045768758998, -37.02000568647609],
    "apdft_energies": {
        "0": [-15.222842815269734, -15.222842815269734, -15.222842815269734, -15.222842815269734, -15.222842815269734, -15.222842815269734, -15.222842815269734, -15.222842815269734, -15.222842815269734, -15.222842815269734, -15.222842815269734, -15.222842815269734, -15.222842815269734, -15.222842815269734, -15.222842815269734, -15.222842815269734, -15.222842815269734],
        "1": [-6.799156528485286, -8.905078100181399, -11.01099967187751, -13.116921243573621, -15.054369089534045, -15.138605952401889, -15.222842815269734, -15.30707967813758, -15.391316541005423, -17.328764386965847, -19.43468595866196, -21.54060753035807, -23.64652910205418, -25.752450673750296, -27.858372245446407, -29.96429381714252, -32.07021538883863],
        "2": [-8.034956984079857, -9.600215856453344, -11.319949785776153, -13.194158772048283, -15.054863409716283, -15.13872953244745, -15.222842815269734, -15.307203258183138, -15.391810861187661, -17.406001915440505, -19.7436360725606, -22.235745286630017, -24.882329557648752, -27.683388885616814, -30.638923270534193, -33.748932712400894, -37.01341721121692],
        "3": [-8.028813777691825, -9.597624191258394, -11.319181884977649, -13.19406278444847, -15.054863360570632, -15.138729526304243, -15.222842815269734, -15.307203264326345, -15.391810910333312, -17.40609790304032, -19.744403973359105, -22.23833695182497, -24.888472764036784, -27.695387335593438, -30.6596565920938, -33.781856459136755, -37.06256286232117],
        "4": [-8.028196279047016, -9.59742881082781, -11.319143291312349, -13.194060372344389, -15.054863360471833, -15.138729526298068, -15.222842815269734, -15.30720326432017, -15.391810910234513, -17.406095490936238, -19.744365379693804, -22.238141571394383, -24.887855265391977, -27.693879770542633, -30.65653050520445, -33.776064997237576, -37.05268288400421]
    },
    "apdft_poly_coeff": [ -15.222842815269734, -8.423686286784449, -1.2358004555945712, -0.006143206388031785, 0.0006174986448096812 ],
    "hf_energies": [-7.942520241866693, -9.517728552007082, -11.241715150835978, -13.117598501195049, -14.978917591981823, -15.06279995725857, -15.146928908142959, -15.231304478561686, -15.315926702372488, -17.330392062231056, -19.668516537558865, -22.161742046111947, -24.810226306155997, -27.613623701009402, -30.57089145280021, -33.680151489739565, -36.93862703968965],
    "triples_corrections": [-0.0005529966016522441, -0.0005700354939524849, -0.0006053534802231765, -0.0006468123115682627, -0.0006903707121529927, -0.0006924266536687281, -0.0006944975997782277, -0.0006965836708560196, -0.0006986849888120306, -0.0007513683685361444, -0.0008176039996720114, -0.0008900246091914485, -0.0009625643705298881, -0.0010278243362789664, -0.00107965691998193, -0.0011149027565230119, -0.00113311547860509],
    "scf_converged": [true, true, true, true, true, true, true, true, true, true, true, true, true, true, true, true, true],
    "cc_converged": [true, true, true, true, true, true, true, true, true, true, true, true, true, true, true, true, true],
    "scf_spin_squared": [0.7503670178746973, 0.7505038475748886, 0.7506360068541635, 0.7508203801002158, 0.7510878389620843, 0.751102463001029, 0.751117378122109, 0.7511325901798478, 0.7511481040794368, 0.7515989038361042, 0.7523389832958938, 0.7533865321229993, 0.7547011538521087, 0.7560753845283559, 0.7571411933945769, 0.7575461693682461, 0.7571950029673571],
    "cc_spin_squared": [0.750011024702685, 0.7500140849736212, 0.7500174522899747, 0.7500209018242233, 0.7500239675979912, 0.7500241010225144, 0.7500242346158631, 0.7500243683968799, 0.7500245023850746, 0.7500276692104971, 0.7500313241191652, 0.750035034743725, 0.7500383908017911, 0.7500406620369064, 0.750041214593892, 0.7500396648855004, 0.7500362005582599]
}