{
    "schema_name": "pyscf_apdft_output",
    "provenance": {
        "creator": "PySCF",
        "version": "1.7.6"
    },
    "molecule": {
        "geometry": [[0.0, 0.0, 0.0], [0.6, 0.0, 0.0]],
        "symbols": [ "Ne", "H" ]
    },
    "molecular_charge": 1,
    "molecular_multiplicity": 1,
    "name": "ne.h.chrg1.mult1.sep0.60-pyscf-ccsdt.ccpv5z",
    "atomic_numbers": [ 10, 1 ],
    "n_electrons": 10,
    "model": {
        "method": "CCSD(T)",
        "basis": "cc-pV5Z",
        "scf_conv_tol": 1e-09,
        "scf_conv_tol_grad": 1e-06,
        "cc_conv_tol": 1e-05,
        "cc_conv_tol_normt": 1e-07
    },
    "broken_symmetry": false,
    "finite_diff_delta": 0.01,
    "finite_diff_acc": 2,
    "apdft_lambdas": [-2.0, -1.75, -1.5, -1.25, -1.0, -0.75, -0.5, -0.25, -0.02, -0.01, 0.0, 0.01, 0.02],
    "electronic_energies": [-75.42181955289652, -81.25265008090155, -87.31654779978012, -93.61576399713029, -100.15209324584514, -106.92691346676483, -113.94127848382074, -121.19602555633581, -128.083304773523, -128.3873882033679, -128.69185832701066, -128.99671518194393, -129.30195880414246],
    "apdft_energies": {
        "0": [-128.69185832712358, -128.69185832712358, -128.69185832712358, -128.69185832712358, -128.69185832712358, -128.69185832712358, -128.69185832712358, -128.69185832712358, -128.69185832712358, -128.69185832712358, -128.69185832712358, -128.69185832712358, -128.69185832712358],
        "1": [-67.75916046952003, -75.37574770172047, -82.99233493392092, -90.60892216612136, -98.2255093983218, -105.84209663052225, -113.4586838627227, -121.07527109492314, -128.08253134854755, -128.38719483783558, -128.69185832712358, -128.9965218164116, -129.30118530569962],
        "2": [-75.49378176254518, -81.29756712919286, -87.34305941124757, -93.63025860870931, -100.1591647215781, -106.92977774985391, -113.94209769353677, -121.19612455262666, -128.08330481067685, -128.3873882033679, -128.69185832712358, -128.99671518194393, -129.30195876782892],
        "3": [-75.44480350228287, -81.26475552124369, -87.3223967076994, -93.61830102563746, -100.15304243904531, -106.92719491191039, -113.94133240822016, -121.19602889196209, -128.0833047616986, -128.3873881972456, -128.69185832712358, -128.99671518806622, -129.30195881680717],
        "4": [-75.3887824182149, -81.23191699027512, -87.30467128656852, -93.609752886589, -100.14954112129105, -106.92608707308972, -113.94111357586053, -121.1960152149396, -128.08330476113838, -128.38738819721058, -128.69185832712358, -128.9967151880312, -129.30195881624698]
    },
    "apdft_poly_coeff": [ -128.69185832712358, -30.46634892880178, -1.9336553232562892, -0.006122282532790752, 0.003501317754247187 ],
    "hf_energies": [-75.07988886295519, -80.90845983364359, -86.97104350655596, -93.26963163729194, -99.80578511422073, -106.58071273377563, -113.59537233231038, -120.85056331632458, -127.73838161366905, -128.04249148938592, -128.34698831961376, -128.651872142534, -128.9571429961318],
    "triples_corrections": [-0.008999195172665427, -0.008570136420650395, -0.008053488045583066, -0.007494533566715511, -0.006937021178285833, -0.006411425850470368, -0.005932022797320509, -0.005500811707975903, -0.005142832724430011, -0.0051280293099165075, -0.005113285645034319, -0.0050986013257221, -0.005083975884048945],
    "scf_converged": [true, true, true, true, true, true, true, true, true, true, true, true, true],
    "cc_converged": [true, true, true, true, true, true, true, true, true, true, true, true, true],
    "t1_diagnostic": [0.005964379559844875, 0.005700643282607424, 0.005467043260745201, 0.0051722792448830705, 0.0048020617100918705, 0.004386430296433791, 0.003965856185502685, 0.0035717446554139917, 0.0032471155347845813, 0.0032339175828970416, 0.003220797054860129, 0.0032077538706465404, 0.00319478826118022]
}