{
    "schema_name": "pyscf_apdft_output",
    "provenance": {
        "creator": "PySCF",
        "version": "1.7.6"
    },
    "molecule": {
        "geometry": [[0.0, 0.0, 0.0], [1.5, 0.0, 0.0]],
        "symbols": [ "F", "H" ]
    },
    "molecular_charge": 1,
    "molecular_multiplicity": 4,
    "name": "f.h.chrg1.mult4.sep1.50-pyscf-uccsdt.ccpv5z",
    "atomic_numbers": [ 9, 1 ],
    "n_electrons": 9,
    "model": {
        "method": "UCCSD(T)",
        "basis": "cc-pV5Z",
        "scf_conv_tol": 1e-09,
        "scf_conv_tol_grad": 1e-06,
        "cc_conv_tol": 1e-05,
        "cc_conv_tol_normt": 1e-07
    },
    "broken_symmetry": false,
    "finite_diff_delta": 0.01,
    "finite_diff_acc": 2,
    "apdft_lambdas": [-2.0, -1.75, -1.5, -1.25, -1.0, -0.75, -0.5, -0.25, -0.02, -0.01, 0.0, 0.01, 0.02, 0.25, 0.5, 0.75, 1.0],
    "electronic_energies": [-55.09190269179561, -59.86564415305082, -64.859057284201, -70.07491216050795, -75.51456489747254, -81.1782430033926, -87.06556354719368, -93.17592163578449, -98.99389488780584, -99.25111316761141, -99.50868637922359, -99.76661448582352, -100.02489745066102, -106.06326268516395, -112.83907810003855, -119.83554052435447, -127.0519932213326],
    "apdft_energies": {
        "0": [-99.5086863792236, -99.5086863792236, -99.5086863792236, -99.5086863792236, -99.5086863792236, -99.5086863792236, -99.5086863792236, -99.5086863792236, -99.5086863792236, -99.5086863792236, -99.5086863792236, -99.5086863792236, -99.5086863792236, -99.5086863792236, -99.5086863792236, -99.5086863792236, -99.5086863792236],
        "1": [-47.95855455801194, -54.4023210356634, -60.846087513314856, -67.28985399096632, -73.73362046861777, -80.17738694626922, -86.62115342392069, -93.06491990157215, -98.99318506101149, -99.25093572011755, -99.5086863792236, -99.76643703832966, -100.02418769743572, -105.95245285687506, -112.39621933452652, -118.83998581217799, -125.28375228982944],
        "2": [-55.05645431246768, -59.83665053516857, -64.83865612519621, -70.06247108255059, -75.5080954072317, -81.17552909923957, -87.06477215857417, -93.17582458523552, -98.99389485098693, -99.25111316761141, -99.5086863792236, -99.76661448582352, -100.02489748741117, -106.06335754053843, -112.83983806918, -119.83812796514832, -127.05822722844337],
        "3": [-55.10550034903309, -59.869507547945794, -64.85934742187224, -70.07444521257145, -75.51422616180238, -81.17811551132408, -87.0655385028955, -93.17592037827569, -98.99389490003297, -99.25111317374217, -99.5086863792236, -99.76661447969278, -100.02489743836513, -106.06326174749827, -112.83907172485867, -119.83554155306382, -127.0520964738727],
        "4": [-55.110081928593274, -59.872193185769035, -64.86079706227996, -70.07514430613226, -75.5145125105249, -81.17820611384955, -87.06555639969066, -93.17592149682538, -98.99389490007879, -99.25111317374503, -99.5086863792236, -99.76661447969563, -100.02489743841095, -106.06326286604796, -112.83908962165383, -119.8356321555893, -127.0523828225952]
    },
    "apdft_poly_coeff": [ -99.5086863792236, -25.775065910605832, -1.7744749386139347, 0.006130754570676799, -0.0002863487225113204 ],
    "hf_energies": [-54.860633781682914, -59.630751102017285, -64.62342645121629, -69.84068951158515, -75.28255711894771, -80.9484704445019, -86.83778493535725, -92.94988334928944, -98.76929250257628, -99.02657062276579, -99.28420349920465, -99.54219109963287, -99.80053339181099, -105.84022680666268, -112.61744157239374, -119.61529723160436, -126.83316271128962],
    "triples_corrections": [-0.006360912715372198, -0.00615211373441824, -0.005821944186356759, -0.005345547831503431, -0.004799167357655919, -0.004279838822968882, -0.0038307877201580612, -0.003455307614314023, -0.0031649745233662367, -0.003153376117287108, -0.0031418560718237776, -0.003130413586139461, -0.0031190478670340654, -0.002877119120756545, -0.002650228835620658, -0.00245323983420518, -0.002280535017762877],
    "scf_converged": [true, true, true, true, true, true, true, true, true, true, true, true, true, true, true, true, true],
    "cc_converged": [true, true, true, true, true, true, true, true, true, true, true, true, true, true, true, true, true],
    "scf_spin_squared": [3.7911431912740334, 3.772762573768489, 3.7670948267566624, 3.763858899453258, 3.761044044668204, 3.758873477883087, 3.7573118143437934, 3.756194629232988, 3.755432738354842, 3.7554039779908877, 3.7553755331290763, 3.755347398634611, 3.7553195694657693, 3.75475345877066, 3.754263627032687, 3.753865235240878, 3.7535322542022023],
    "cc_spin_squared": [3.7509741065862405, 3.7506456348322263, 3.7504345414080493, 3.750326747323694, 3.7502487093270993, 3.750184610073411, 3.750136909090407, 3.750103663114962, 3.7500822920615793, 3.750081515001268, 3.7500807488745513, 3.7500799934932667, 3.750079248672547, 3.7500646524533496, 3.7500529942474814, 3.750044282469567, 3.7500375913055013]
}