{
    "schema_name": "pyscf_apdft_output",
    "provenance": {
        "creator": "PySCF",
        "version": "1.7.6"
    },
    "molecule": {
        "geometry": [[0.0, 0.0, 0.0], [1.4, 0.0, 0.0]],
        "symbols": [ "Be", "H" ]
    },
    "molecular_charge": 1,
    "molecular_multiplicity": 1,
    "name": "be.h.chrg1.mult1.sep1.40-pyscf-ccsdt.ccpv5z",
    "atomic_numbers": [ 4, 1 ],
    "n_electrons": 4,
    "model": {
        "method": "CCSD(T)",
        "basis": "cc-pV5Z",
        "scf_conv_tol": 1e-09,
        "scf_conv_tol_grad": 1e-06,
        "cc_conv_tol": 1e-05,
        "cc_conv_tol_normt": 1e-07
    },
    "broken_symmetry": false,
    "finite_diff_delta": 0.01,
    "finite_diff_acc": 2,
    "apdft_lambdas": [-1.0, -0.75, -0.5, -0.25, -0.02, -0.01, 0.0, 0.01, 0.02, 0.25, 0.5, 0.75, 1.0],
    "electronic_energies": [-8.054619161724666, -9.563316181397987, -11.20922043172944, -12.994280106409956, -14.761453722190714, -14.841035140353217, -14.920846951579913, -15.000889326083705, -15.0811624340412, -16.991514549445466, -19.20885467126386, -21.575107156415754, -24.09186341453786],
    "apdft_energies": {
        "0": [-14.920846951579918, -14.920846951579918, -14.920846951579918, -14.920846951579918, -14.920846951579918, -14.920846951579918, -14.920846951579918, -14.920846951579918, -14.920846951579918, -14.920846951579918, -14.920846951579918, -14.920846951579918, -14.920846951579918],
        "1": [-6.928137665055516, -8.926314986686616, -10.924492308317717, -12.922669629948818, -14.76099276584943, -14.840919858714674, -14.920846951579918, -15.000774044445162, -15.080701137310406, -16.91902427321102, -18.91720159484212, -20.91537891647322, -22.91355623810432],
        "2": [-8.080954050483484, -9.574774203489849, -11.212696404674709, -12.994720654038066, -14.761453892403601, -14.841035140353217, -14.920846951579918, -15.000889326083705, -15.081162263864577, -16.991075297300267, -19.20540569119911, -21.56383813327645, -24.06637262353229],
        "3": [-8.052588257953818, -9.562807384766396, -11.2091506806085, -12.994277438529789, -14.76145366547726, -14.841035111987424, -14.920846951579918, -15.000889354449498, -15.081162490790918, -16.991518512808543, -19.208951415265318, -21.575804951999906, -24.09473841606195],
        "4": [-8.052437156600167, -9.562759575353716, -11.209141236773897, -12.994276848290127, -14.761453665453084, -14.841035111985914, -14.920846951579918, -15.000889354447986, -15.081162490766742, -16.99151792256888, -19.208941971430715, -21.575757142587225, -24.0945873147083]
    },
    "apdft_poly_coeff": [ -14.920846951579918, -7.992709286524402, -1.1528163854279683, -0.028365792529664677, 0.0001511013536514838 ],
    "hf_energies": [-7.980093860786726, -9.490813390083696, -11.138326569495286, -12.924480996136598, -14.692172010406368, -14.77176560514307, -14.851588776082913, -14.93164170051087, -15.011924555964656, -16.922300299991797, -19.139340871090024, -21.505113809558978, -24.02122221994581],
    "triples_corrections": [-0.00017402297804170876, -0.00016430995924043767, -0.00016616106536836354, -0.00017813035463928214, -0.00019772041912761236, -0.00019875317689434645, -0.00019980050469879367, -0.0002008623094061642, -0.00020193849188109678, -0.00023032600457987895, -0.0002666698220784651, -0.0003029798337229187, -0.00033278160293632845],
    "scf_converged": [true, true, true, true, true, true, true, true, true, true, true, true, true],
    "cc_converged": [true, true, true, true, true, true, true, true, true, true, true, true, true],
    "t1_diagnostic": [0.005850082393326152, 0.006231397780110138, 0.00706869376201568, 0.008258849195914549, 0.009643135895095113, 0.009708717942540026, 0.009774674567804007, 0.009840993972319464, 0.00990766391844372, 0.011503530486710732, 0.013193057888760329, 0.014556580973363396, 0.015446517521264339]
}