{
    "schema_name": "pyscf_qa_output",
    "provenance": {
        "creator": "PySCF",
        "version": "1.7.6"
    },
    "molecule": {
        "geometry": [[0.0, 0.0, 0.0], [1.1, 0.0, 0.0]],
        "symbols": [ "B", "H" ]
    },
    "molecular_charge": 2,
    "molecular_multiplicity": 3,
    "name": "b.h.chrg2.mult3.sep1.10-pyscf-uccsdt.ccpv5z",
    "atomic_numbers": [ 5, 1 ],
    "n_electrons": 4,
    "model": {
        "method": "UCCSD(T)",
        "basis": "cc-pV5Z",
        "scf_conv_tol": 1e-09,
        "scf_conv_tol_grad": 1e-06,
        "cc_conv_tol": 1e-05,
        "cc_conv_tol_normt": 1e-07
    },
    "broken_symmetry": false,
    "finite_diff_delta": 0.01,
    "finite_diff_acc": 2,
    "qa_lambdas": [-2.0, -1.75, -1.5, -1.25, -1.0, -0.75, -0.5, -0.25, -0.02, -0.01, 0.0, 0.01, 0.02],
    "electronic_energies": [-7.8685361792715485, -9.366231788237316, -11.005471419418901, -12.78808219890309, -14.71538495815185, -16.78833155369809, -19.007788019269608, -21.374693674634983, -23.683351952326955, -23.786591577299244, -23.890070345394758, -23.993788320401386, -24.09774556577417],
    "qats_energies": {
        "0": [-23.890070345394737, -23.890070345394737, -23.890070345394737, -23.890070345394737, -23.890070345394737, -23.890070345394737, -23.890070345394737, -23.890070345394737, -23.890070345394737, -23.890070345394737, -23.890070345394737, -23.890070345394737, -23.890070345394737],
        "1": [-3.1703960351806053, -5.7603553239573735, -8.350314612734138, -10.940273901510905, -13.530233190287671, -16.120192479064436, -18.710151767841204, -21.300111056617972, -23.682873602292595, -23.786471973843668, -23.890070345394737, -23.993668716945805, -24.097267088496878],
        "2": [-7.954534258324546, -9.423211151051952, -11.041392363252605, -12.809077894926507, -14.726267746073656, -16.792961916694054, -19.0091604067877, -21.374863216354594, -23.68335201611491, -23.786591577299244, -23.890070345394737, -23.993788320401386, -24.097745502319192],
        "3": [-7.869705637752194, -9.366382602504459, -11.005605288948644, -12.788367782482084, -14.715664168502112, -16.78848853240606, -19.007834959591257, -21.374697535455038, -23.68335193128629, -23.786591566695666, -23.890070345394737, -23.993788331004964, -24.097745587147813],
        "4": [-7.847505677363685, -9.35336939330211, -10.998581082731967, -12.784980337354444, -14.71427667097783, -16.788049519517514, -19.00774824099599, -21.374692115542835, -23.68335193106429, -23.786591566681793, -23.890070345394737, -23.993788330991087, -24.097745586925814]
    },
    "qats_poly_coeffs": [ -23.890070345394737, -10.359837155107066, -1.1960345557859853, -0.010603577571544063, 0.001387497524281874 ],
    "hf_energies": [-7.824699795279889, -9.32360377102626, -10.964155734704326, -12.748163933544351, -14.676912699139384, -16.751312724756318, -18.972199081631047, -21.340497760607455, -23.650407831376736, -23.753701402304113, -23.85723408639377, -23.961005948784496, -24.06501705430219],
    "triples_corrections": [-9.018499423685194e-05, -7.618367710520239e-05, -6.6434396950268e-05, -5.91490572910735e-05, -5.34321381743877e-05, -4.885488012630664e-05, -4.514837975952073e-05, -4.208514028456629e-05, -3.965673908911779e-05, -3.955723424666712e-05, -3.945814066943461e-05, -3.935944737977672e-05, -3.926114347126762e-05],
    "scf_converged": [true, true, true, true, true, true, true, true, true, true, true, true, true],
    "cc_converged": [true, true, true, true, true, true, true, true, true, true, true, true, true],
    "scf_spin_squared": [2.000059284166486, 2.000037787481153, 2.0000274026702876, 2.000021982496987, 2.000018822160177, 2.000016736380725, 2.0000152169231358, 2.0000140474124883, 2.000013200368261, 2.0000131679080106, 2.000013135794069, 2.0000131040246063, 2.0000130725978114],
    "cc_spin_squared": [2.0000010317920935, 2.00000058662812, 2.000000374883912, 2.0000002650750384, 2.0000002028043875, 2.0000001647291556, 2.00000014006521, 2.00000012327697, 2.000000112086772, 2.000000111666373, 2.0000001112506323, 2.0000001108394376, 2.0000001104327243]
}