{
    "schema_name": "pyscf_qa_output",
    "provenance": {
        "creator": "PySCF",
        "version": "1.7.6"
    },
    "molecule": {
        "geometry": [[0.0, 0.0, 0.0], [1.8, 0.0, 0.0]],
        "symbols": [ "Ne", "H" ]
    },
    "molecular_charge": 2,
    "molecular_multiplicity": 2,
    "name": "ne.h.chrg2.mult2.sep1.80-pyscf-uccsdt.ccpv5z",
    "atomic_numbers": [ 10, 1 ],
    "n_electrons": 9,
    "model": {
        "method": "UCCSD(T)",
        "basis": "cc-pV5Z",
        "scf_conv_tol": 1e-09,
        "scf_conv_tol_grad": 1e-06,
        "cc_conv_tol": 1e-05,
        "cc_conv_tol_normt": 1e-07
    },
    "broken_symmetry": false,
    "finite_diff_delta": 0.01,
    "finite_diff_acc": 2,
    "qa_lambdas": [-3.0, -2.75, -2.5, -2.25, -2.0, -1.75, -1.5, -1.25, -1.0, -0.75, -0.5, -0.25, -0.02, -0.01, 0.0, 0.01, 0.02],
    "electronic_energies": [-54.95371094775316, -59.75889501178143, -64.77870685854354, -70.0164355046823, -75.57635994999121, -81.26156462910066, -87.17926119469242, -93.33796027709003, -99.74888261243072, -106.40636962410703, -113.30697475318853, -120.44723177970036, -127.22618174504787, -127.5254648110284, -127.82512613115856, -128.1251656410308, -128.42558327701084],
    "qats_energies": {
        "0": [-127.82512613115844, -127.82512613115844, -127.82512613115844, -127.82512613115844, -127.82512613115844, -127.82512613115844, -127.82512613115844, -127.82512613115844, -127.82512613115844, -127.82512613115844, -127.82512613115844, -127.82512613115844, -127.82512613115844, -127.82512613115844, -127.82512613115844, -127.82512613115844, -127.82512613115844],
        "1": [-37.8700016307977, -45.366262005827764, -52.862522380857826, -60.35878275588789, -67.85504313091795, -75.35130350594801, -82.84756388097807, -90.34382425600813, -97.8400846310382, -105.33634500606826, -112.83260538109832, -120.32886575612838, -127.22542530115604, -127.52527571615724, -127.82512613115844, -128.12497654615964, -128.42482696116085],
        "2": [-54.88854003524071, -59.6665616373389, -64.68095182838769, -69.93171060838708, -75.41883797733706, -81.14233393523764, -87.10219848208882, -93.2984316178906, -99.73103334264297, -106.40000365634594, -113.30534255899951, -120.44705005060368, -127.22618168064068, -127.5254648110284, -127.82512613115844, -128.1251656410308, -128.4255833406455],
        "3": [-55.17663419177157, -59.888467495176045, -64.84767298378749, -70.05325033067354, -75.50419920890175, -81.19951929153977, -87.13821025165518, -93.31927176231557, -99.74170349658856, -106.40450512754174, -113.30667632824272, -120.44721677175907, -127.22618176600191, -127.52546482169855, -127.82512613115844, -128.12516563036064, -128.42558325528427],
        "4": [-55.43738241478482, -60.072573143957726, -64.9734196191141, -70.13575269811132, -75.55570503073153, -81.22971105868169, -87.15450701559351, -93.32713092702349, -99.74492261045292, -106.40552367528788, -113.30687752285924, -120.44722934642262, -127.22618176651697, -127.52546482173075, -127.82512613115844, -128.12516563039284, -128.42558325579932]
    },
    "qats_poly_coeffs": [ -127.82512613115844, -29.985041500120246, -1.8909487116047785, 0.010670153945587417, -0.003219113864361134 ],
    "hf_energies": [-54.69669835653157, -59.49619680643699, -64.51065886203716, -69.7431118880519, -75.23897042869808, -80.92714797095692, -86.85690888471494, -93.04318402992433, -99.45397514090088, -106.11657142655635, -113.02022794098242, -120.16261741430631, -126.94320456409837, -127.24255538503385, -127.54228427374996, -127.84239117543578, -128.142876035766],
    "triples_corrections": [-0.010078248759898847, -0.009762553842788745, -0.009586949040934297, -0.009353170508301575, -0.014360898351203855, -0.013958606568748522, -0.012317481976332999, -0.007417454118330564, -0.00670547385658301, -0.005370833844873819, -0.00458456355786664, -0.004062119601270006, -0.0036968874678756087, -0.00368266976281036, -0.003668567818142675, -0.0036545794394656182, -0.0036407024984357306],
    "scf_converged": [true, true, true, true, true, true, true, true, true, true, true, true, true, true, true, true, true],
    "cc_converged": [true, true, true, true, true, true, true, true, true, true, true, true, true, true, true, true, true],
    "scf_spin_squared": [0.7567801464066699, 0.7549142549677361, 0.7539803471615798, 0.7536836047402176, 0.7610164851581049, 0.7633502715981115, 0.7778501156590454, 1.1886526364440506, 0.766698589598013, 0.7556710410567362, 0.753864795356944, 0.7531804947707905, 0.7528155281779938, 0.7528025029694279, 0.7527896547253556, 0.752776978219512, 0.7527644684459025],
    "cc_spin_squared": [0.750855982801689, 0.750427069901662, 0.7502572279986612, 0.7501897904107722, 0.7887679907599656, 0.7760879351844574, 0.7588721837092716, 0.7614044453151265, 0.7510686833807887, 0.7502440534776968, 0.7500966036508467, 0.750056472239119, 0.750041336976321, 0.7500408739407134, 0.7500404218732517, 0.7500399803485076, 0.7500395489619001]
}