{
    "schema_name": "pyscf_apdft_output",
    "provenance": {
        "creator": "PySCF",
        "version": "1.7.6"
    },
    "molecule": {
        "geometry": [[0.0, 0.0, 0.0], [1.2, 0.0, 0.0]],
        "symbols": [ "N", "H" ]
    },
    "molecular_charge": -1,
    "molecular_multiplicity": 2,
    "name": "n.h.chrg-1.mult2.sep1.20-pyscf-uccsdt.ccpv5z",
    "atomic_numbers": [ 7, 1 ],
    "n_electrons": 9,
    "model": {
        "method": "UCCSD(T)",
        "basis": "cc-pV5Z",
        "scf_conv_tol": 1e-09,
        "scf_conv_tol_grad": 1e-06,
        "cc_conv_tol": 1e-05,
        "cc_conv_tol_normt": 1e-07
    },
    "broken_symmetry": false,
    "finite_diff_delta": 0.01,
    "finite_diff_acc": 2,
    "apdft_lambdas": [-0.02, -0.01, 0.0, 0.01, 0.02, 0.25, 0.5, 0.75, 1.0, 1.25, 1.5, 1.75, 2.0, 2.25, 2.5, 2.75, 3.0],
    "electronic_energies": [-54.809319497195084, -54.99595730789646, -55.18294285313642, -55.370276322554005, -55.55795790401042, -59.97111795998919, -64.97927372248185, -70.2092840244976, -75.66240330418388, -81.33942829889544, -87.24081957365374, -93.36670537037541, -99.7167388942482, -106.28985301070888, -113.08404101169825, -120.09629460781898, -127.3227281382527],
    "apdft_energies": {
        "0": [-55.18294285313633, -55.18294285313633, -55.18294285313633, -55.18294285313633, -55.18294285313633, -55.18294285313633, -55.18294285313633, -55.18294285313633, -55.18294285313633, -55.18294285313633, -55.18294285313633, -55.18294285313633, -55.18294285313633, -55.18294285313633, -55.18294285313633, -55.18294285313633, -55.18294285313633],
        "1": [-54.80862383847879, -54.99578334580756, -55.18294285313633, -55.370102360465104, -55.557261867793876, -59.861930536355636, -64.54091821957493, -69.21990590279424, -73.89889358601354, -78.57788126923285, -83.25686895245215, -87.93585663567146, -92.61484431889076, -97.29383200211007, -101.97281968532937, -106.65180736854867, -111.33079505176798],
        "2": [-54.80931968683439, -54.99595730789646, -55.18294285313633, -55.370276322554005, -55.55795771614948, -59.97065684191888, -64.97582344182791, -70.19844265286345, -75.63851447502546, -81.29603890831397, -87.17101595272896, -93.26344560827046, -99.57332787493843, -106.1006627527329, -112.84545024165385, -119.80769034170129, -126.98738305287523],
        "3": [-54.80931943516756, -54.995957276438105, -55.18294285313633, -55.37027635401236, -55.557957967816314, -59.97114837870238, -64.97975573609591, -70.2117141460179, -75.66997282916932, -81.35748100625122, -87.27718789796452, -93.43204272501023, -99.82499470808935, -106.45899306790287, -113.33698702515176, -120.46192580053699, -127.83675861475959],
        "4": [-54.80931943398198, -54.99595727636401, -55.18294285313633, -55.37027635393826, -55.55795796663074, -59.971119433915995, -64.97929261951379, -70.2093696183209, -75.66256296385541, -81.33939051476213, -87.23967545481275, -93.36254629290579, -99.70643686306653, -106.2690863244471, -113.04753916132648, -120.03814518311043, -127.23655952433151]
    },
    "apdft_poly_coeff": [ -55.18294285313633, -18.715950732877218, -1.739620889011917, -0.0314583541438651, 0.007409865313926882 ],
    "hf_energies": [-54.53703719101026, -54.72351089852433, -54.91033411684918, -55.09750701840524, -55.28502977386516, -59.694979890979695, -64.70048350045819, -69.92863796332242, -75.38079688348806, -81.05797056064722, -86.96081370449444, -93.08946637700488, -99.44334006601072, -106.02096932227487, -112.8199677797867, -119.8370855039889, -127.0683463334382],
    "triples_corrections": [-0.010131604284565, -0.010118750333335877, -0.01010562144593518, -0.010092221932410755, -0.010078556183500766, -0.009701707935079207, -0.009203841780132392, -0.008674341132263485, -0.00814241598298999, -0.007606371313427158, -0.007046829559787084, -0.006445359192810282, -0.005804762267645567, -0.005155046738227785, -0.004537917570650744, -0.003985058256459421, -0.003508384260747102],
    "scf_converged": [true, true, true, true, true, true, true, true, true, true, true, true, true, true, true, true, true],
    "cc_converged": [true, true, true, true, true, true, true, true, true, true, true, true, true, true, true, true, true],
    "scf_spin_squared": [0.7687922391434565, 0.7688283206946793, 0.7688657490571469, 0.7689045872173632, 0.7689448948327735, 0.7703600044809602, 0.7728214874863077, 0.7749017493447967, 0.774475109805981, 0.7708170925115301, 0.7656305740110598, 0.7610435654390963, 0.7578378198282691, 0.755805605737927, 0.7545364344172967, 0.7537204980545122, 0.7531698982793462],
    "cc_spin_squared": [0.7506565321818721, 0.7506563942572502, 0.7506562166260324, 0.7506560004263347, 0.7506557468267667, 0.7506418350637092, 0.7506157489328844, 0.7505795659584167, 0.7505249511021539, 0.750447085176261, 0.7503548143283993, 0.7502644278003736, 0.750188296740359, 0.7501311231924914, 0.7500915939972961, 0.7500655220580634, 0.7500485797508443]
}