{
    "schema_name": "pyscf_apdft_output",
    "provenance": {
        "creator": "PySCF",
        "version": "1.7.6"
    },
    "molecule": {
        "geometry": [[0.0, 0.0, 0.0], [0.8, 0.0, 0.0]],
        "symbols": [ "O", "H" ]
    },
    "molecular_charge": 1,
    "molecular_multiplicity": 3,
    "name": "o.h.chrg1.mult3.sep0.80-pyscf-uccsdt.ccpv5z",
    "atomic_numbers": [ 8, 1 ],
    "n_electrons": 8,
    "model": {
        "method": "UCCSD(T)",
        "basis": "cc-pV5Z",
        "scf_conv_tol": 1e-09,
        "scf_conv_tol_grad": 1e-06,
        "cc_conv_tol": 1e-05,
        "cc_conv_tol_normt": 1e-07
    },
    "broken_symmetry": false,
    "finite_diff_delta": 0.01,
    "finite_diff_acc": 2,
    "apdft_lambdas": [-2.0, -1.75, -1.5, -1.25, -1.0, -0.75, -0.5, -0.25, -0.02, -0.01, 0.0, 0.01, 0.02, 0.25, 0.5, 0.75, 1.0],
    "electronic_energies": [-38.37454015508945, -42.262324495080534, -46.34954518049605, -50.63866306728394, -55.13169006006224, -59.83024044795941, -64.73565038528159, -69.84909463557497, -74.7381297202536, -74.954723790873, -75.17165399440653, -75.38892039179562, -75.60652304368888, -80.70432493927918, -86.4479857732788, -92.40333860696154, -98.57084265259218],
    "apdft_energies": {
        "0": [-75.17165399440651, -75.17165399440651, -75.17165399440651, -75.17165399440651, -75.17165399440651, -75.17165399440651, -75.17165399440651, -75.17165399440651, -75.17165399440651, -75.17165399440651, -75.17165399440651, -75.17165399440651, -75.17165399440651, -75.17165399440651, -75.17165399440651, -75.17165399440651, -75.17165399440651],
        "1": [-31.751993902144676, -37.179451413677405, -42.606908925210135, -48.034366436742864, -53.461823948275594, -58.88928145980832, -64.31673897134105, -69.74419648287378, -74.7374573934839, -74.9545556939452, -75.17165399440651, -75.38875229486783, -75.60585059532913, -80.59911150593925, -86.02656901747197, -91.4540265290047, -96.88148404053743],
        "2": [-38.475871014196144, -42.32741982759181, -46.389089800739086, -50.66088093363797, -55.14279322628846, -59.83482667869056, -64.73698129084427, -69.84925706274959, -74.7381297811951, -74.954723790873, -75.17165399440651, -75.38892039179562, -75.60652298304034, -80.70417208581505, -86.44681133697519, -92.39957174788694, -98.5624533185503],
        "3": [-38.3948109820281, -42.27311593885423, -46.35489259966819, -50.64109088672194, -55.13266072226746, -59.830552028556696, -64.73571472784164, -69.84909874237425, -74.73812970013506, -74.9547237807405, -75.17165399440651, -75.38892040192813, -75.60652306410037, -80.70433040619038, -86.44807789997782, -92.4038463980208, -98.5725858225713],
        "4": [-38.375279583307524, -42.261666991508505, -46.34871274304176, -50.63811063179021, -55.131440009847424, -59.830165787517544, -64.73563843331539, -69.84909397396636, -74.73812969993975, -74.95472378072829, -75.17165399440651, -75.38892040191593, -75.60652306390506, -80.70432563778249, -86.44800160545157, -92.40346015698165, -98.57136511015126]
    },
    "apdft_poly_coeff": [ -75.17165399440651, -21.709830046130918, -1.680969278012867, -0.010132504021006145, 0.0012207124200358521 ],
    "hf_energies": [-38.176128232445436, -42.060065069170385, -46.14441091808487, -50.431404195179155, -54.92281757051185, -59.620084989068836, -64.52444652066386, -69.63705107054273, -74.5255119423298, -74.7420857673034, -74.95899613839171, -75.17624311895737, -75.39382677206827, -80.49131251384907, -86.2349132838759, -92.19052592026532, -98.35862115587531],
    "triples_corrections": [-0.004873900076545905, -0.004838777778362283, -0.004713941412713201, -0.004522947452927275, -0.004297483266741021, -0.004063675985962751, -0.003836589813210483, -0.0036218050816168826, -0.003435182891899, -0.0034272839385631596, -0.003419401589452236, -0.0034115356795502744, -0.003403686043525043, -0.0032272598616607568, -0.0030429676247610182, -0.0028646768361712213, -0.0026913611944559125],
    "scf_converged": [true, true, true, true, true, true, true, true, true, true, true, true, true, true, true, true, true],
    "cc_converged": [true, true, true, true, true, true, true, true, true, true, true, true, true, true, true, true, true],
    "scf_spin_squared": [2.0202286412237185, 2.01723078592976, 2.0150973608069322, 2.0134995857027542, 2.0122589620742244, 2.011266442545279, 2.0104473612844873, 2.0097464830937644, 2.0091695200855004, 2.009145476758814, 2.009121504448667, 2.0090976014181874, 2.009073765955269, 2.008540632027235, 2.007981782373634, 2.007432355827917, 2.0068885379895938],
    "cc_spin_squared": [2.0005415604740575, 2.0004404694304405, 2.000363701981515, 2.000302208299697, 2.0002526366750883, 2.000212775892507, 2.000180680492158, 2.000154688378606, 2.000134918012054, 2.0001341332254166, 2.000133354101293, 2.000132580576003, 2.0001318125865595, 2.0001155425248847, 2.0001003976044043, 2.0000873083422306, 2.0000758635862885]
}