{
    "schema_name": "pyscf_apdft_output",
    "provenance": {
        "creator": "PySCF",
        "version": "1.7.6"
    },
    "molecule": {
        "geometry": [[0.0, 0.0, 0.0], [1.7, 0.0, 0.0]],
        "symbols": [ "C", "H" ]
    },
    "molecular_charge": 1,
    "molecular_multiplicity": 1,
    "name": "c.h.chrg1.mult1.sep1.70-pyscf-ccsdt.ccpv5z",
    "atomic_numbers": [ 6, 1 ],
    "n_electrons": 6,
    "model": {
        "method": "CCSD(T)",
        "basis": "cc-pV5Z",
        "scf_conv_tol": 1e-09,
        "scf_conv_tol_grad": 1e-06,
        "cc_conv_tol": 1e-05,
        "cc_conv_tol_normt": 1e-07
    },
    "broken_symmetry": false,
    "finite_diff_delta": 0.01,
    "finite_diff_acc": 2,
    "apdft_lambdas": [-2.0, -1.75, -1.5, -1.25, -1.0, -0.75, -0.5, -0.25, -0.02, -0.01, 0.0, 0.01, 0.02, 0.25, 0.5, 0.75, 1.0],
    "electronic_energies": [-15.225132407507395, -17.479809947395573, -19.897111155220877, -22.48063182702229, -25.233644188505494, -28.159158108647937, -31.259923231833845, -34.53844371818021, -37.71381966298573, -37.85537374776316, -37.997220887122786, -38.139361144463926, -38.28179474348076, -41.63928880176367, -45.46862969913555, -49.489388964429395, -53.70346192492956],
    "apdft_energies": {
        "0": [-37.99722088712275, -37.99722088712275, -37.99722088712275, -37.99722088712275, -37.99722088712275, -37.99722088712275, -37.99722088712275, -37.99722088712275, -37.99722088712275, -37.99722088712275, -37.99722088712275, -37.99722088712275, -37.99722088712275, -37.99722088712275, -37.99722088712275, -37.99722088712275, -37.99722088712275],
        "1": [-9.598481217046128, -13.148323675805706, -16.698166134565284, -20.24800859332486, -23.79785105208444, -27.347693510844017, -30.897535969603595, -34.44737842836317, -37.713233490421985, -37.85522718877237, -37.99722088712275, -38.139214585473134, -38.28120828382352, -41.54706334588233, -45.09690580464191, -48.646748263401484, -52.19659072216106],
        "2": [-15.460840848738144, -17.636692768819906, -19.995743427392043, -22.537992824454555, -25.263440960007443, -28.172087834050707, -31.263933446584346, -34.53897779760836, -37.713819726385154, -37.85537374776316, -37.99722088712275, -38.139361144463926, -38.281794519786686, -41.638662715127516, -45.46330328162266, -49.471142586608174, -53.662180630084066],
        "3": [-15.269445182607416, -17.508472625298737, -19.914998380743143, -22.491265366903107, -25.2395165017411, -28.161994703219595, -31.260942889301052, -34.53860397794795, -37.71381953498949, -37.8553737238387, -37.99722088712275, -38.13936116838838, -38.28179471118235, -41.63903653478793, -45.46629383890595, -49.48123571743929, -53.68610508835041],
        "4": [-25.955756396310868, -23.77259206477676, -23.296214038204, -24.1218670535644, -25.907410952597566, -28.3733206818109, -31.30268629247958, -34.54121294064661, -37.7138196418526, -37.85537373051765, -37.99722088712275, -38.13936117506733, -38.28179481804546, -41.641645497486586, -45.50803724208448, -49.692561696030594, -54.35399953920687]
    },
    "apdft_poly_coeff": [ -37.99722088712275, -14.199369835038311, -1.465589907923004, -0.02392445826634078, -0.6678944508564655 ],
    "hf_energies": [-15.097662275775855, -17.348781442677172, -19.761627591114483, -22.339802056952323, -25.08658902863646, -28.005190594462583, -31.09899663097126, -34.371700946728986, -37.54392757246148, -37.68540606762176, -37.82718283311004, -37.96925809695137, -38.111632085569376, -41.46917382709879, -45.300761146368885, -49.32379181956183, -53.53833231569208],
    "triples_corrections": [-0.002349117199734882, -0.0025844310089782703, -0.0028663232945005308, -0.0031785444085539304, -0.003507514044675926, -0.0038308173929969165, -0.0041056376088395045, -0.004275432955496711, -0.004299138162890009, -0.004296994879805476, -0.004294611136169644, -0.00429196827270484, -0.00428906788681803, -0.004158386563530874, -0.003939655021963051, -0.0037924517947743623, -0.003835320157821103],
    "scf_converged": [true, true, true, true, true, true, true, true, true, true, true, true, true, true, true, true, true],
    "cc_converged": [true, true, true, true, true, true, true, true, true, true, true, true, true, true, true, true, true],
    "t1_diagnostic": [0.017512725799896343, 0.016317330847553154, 0.01602118022263699, 0.01632516266734995, 0.016799804641503366, 0.016899989567159764, 0.01641008248880504, 0.0160552000994964, 0.016709731226280188, 0.016754716359442635, 0.016800767366299103, 0.01684707080869366, 0.0168934539987715, 0.01755079716768037, 0.015866386660132226, 0.011510915349402392, 0.007185932889984513]
}