{
    "schema_name": "pyscf_apdft_output",
    "provenance": {
        "creator": "PySCF",
        "version": "1.7.6"
    },
    "molecule": {
        "geometry": [[0.0, 0.0, 0.0], [1.8, 0.0, 0.0]],
        "symbols": [ "C", "H" ]
    },
    "molecular_charge": 1,
    "molecular_multiplicity": 1,
    "name": "c.h.chrg1.mult1.sep1.80-pyscf-ccsdt.ccpv5z",
    "atomic_numbers": [ 6, 1 ],
    "n_electrons": 6,
    "model": {
        "method": "CCSD(T)",
        "basis": "cc-pV5Z",
        "scf_conv_tol": 1e-09,
        "scf_conv_tol_grad": 1e-06,
        "cc_conv_tol": 1e-05,
        "cc_conv_tol_normt": 1e-07
    },
    "broken_symmetry": false,
    "finite_diff_delta": 0.01,
    "finite_diff_acc": 2,
    "apdft_lambdas": [-2.0, -1.75, -1.5, -1.25, -1.0, -0.75, -0.5, -0.25, -0.02, -0.01, 0.0, 0.01, 0.02, 0.25, 0.5, 0.75, 1.0],
    "electronic_energies": [-15.221593700734479, -17.4744549041002, -19.889853996330057, -22.471519163744496, -25.222919030533703, -28.147253764839363, -31.247330198814335, -34.52554421374309, -37.700897047346, -37.84245753171716, -37.984311734253815, -38.126459914174966, -38.268902335728036, -41.62697327069819, -45.4584946163128, -49.48403157184659, -53.70500424653498],
    "apdft_energies": {
        "0": [-37.98431173425365, -37.98431173425365, -37.98431173425365, -37.98431173425365, -37.98431173425365, -37.98431173425365, -37.98431173425365, -37.98431173425365, -37.98431173425365, -37.98431173425365, -37.98431173425365, -37.98431173425365, -37.98431173425365, -37.98431173425365, -37.98431173425365, -37.98431173425365, -37.98431173425365],
        "1": [-9.584073488472967, -13.134103269195553, -16.684133049918138, -20.234162830640724, -23.78419261136331, -27.334222392085895, -30.88425217280848, -34.43428195353107, -37.700309351795845, -37.84231054302475, -37.98431173425365, -38.12631292548255, -38.26831411671146, -41.534341514976234, -45.08437129569882, -48.63440107642141, -52.184430857143994],
        "2": [-15.463621184896482, -17.635631974269806, -19.991378629156365, -22.53086114955616, -25.254079535469188, -28.16103378689545, -31.25172390383495, -34.52614988628768, -37.70089730656549, -37.84245753171716, -37.98431173425365, -38.126459914174966, -38.2689020714811, -41.626209447732855, -45.45184302672529, -49.461212471230965, -53.65431778124987],
        "3": [-15.114643567722215, -17.40184423463939, -19.844153696910972, -22.445661535988222, -25.210457333322402, -28.142630670364778, -31.2462711285666, -34.52546828937914, -37.70089695758787, -37.84245748809496, -37.98431173425365, -38.12645995779717, -38.268902420458716, -41.6268910446414, -45.45729580199364, -49.47961558776164, -53.69793998339666],
        "4": [-15.449805628789942, -17.598310081471325, -19.950201067795682, -22.496803207904076, -25.231404962139138, -28.149258631045072, -31.24758035536765, -34.525550116054205, -37.70089696093949, -37.84245748830443, -37.98431173425365, -38.12645995800664, -38.26890242381034, -41.62697287131646, -45.458605028794686, -49.486243548441934, -53.718887612213386]
    },
    "apdft_poly_coeff": [ -37.98431173425365, -14.200119122890342, -1.4698869241058787, -0.0436222021467832, -0.020947628816732806 ],
    "hf_energies": [-15.09394255988574, -17.34310375690879, -19.75373553669401, -22.32949433681819, -25.073799463760928, -27.9901027791882, -31.08215041320666, -34.354047420327014, -37.52671171907673, -37.66823918166867, -37.81006755938385, -37.95219709568842, -38.094628032003236, -41.454244916806815, -45.28978964919693, -49.3183796692534, -53.53955220158602],
    "triples_corrections": [-0.002354233363331526, -0.002624957399823351, -0.0029565997882076934, -0.003337815837873217, -0.0037549872776624946, -0.004172862917683383, -0.004522006849415665, -0.004718117324626731, -0.004708522774823245, -0.004703595392993804, -0.004698294643157225, -0.0046926225068210595, -0.00468658128707315, -0.004456961194344564, -0.004116483733110887, -0.003929131072952813, -0.004024018438366679],
    "scf_converged": [true, true, true, true, true, true, true, true, true, true, true, true, true, true, true, true, true],
    "cc_converged": [true, true, true, true, true, true, true, true, true, true, true, true, true, true, true, true, true],
    "t1_diagnostic": [0.017532934387922812, 0.016717024472173846, 0.017021803380838987, 0.018045712545776877, 0.019102040903851498, 0.019326917004326732, 0.018513956057506244, 0.018208898316833866, 0.019806546443961893, 0.019900112581718903, 0.019993495415888726, 0.02008637293658483, 0.020178418883493504, 0.021323758522387184, 0.01831841496582051, 0.011781804332709067, 0.006610754150192257]
}