{
    "schema_name": "pyscf_qa_output",
    "provenance": {
        "creator": "PySCF",
        "version": "1.7.6"
    },
    "molecule": {
        "geometry": [[0.0, 0.0, 0.0], [1.8, 0.0, 0.0]],
        "symbols": [ "C", "H" ]
    },
    "molecular_charge": 2,
    "molecular_multiplicity": 4,
    "name": "c.h.chrg2.mult4.sep1.80-pyscf-uccsdt.ccpv5z",
    "atomic_numbers": [ 6, 1 ],
    "n_electrons": 5,
    "model": {
        "method": "UCCSD(T)",
        "basis": "cc-pV5Z",
        "scf_conv_tol": 1e-09,
        "scf_conv_tol_grad": 1e-06,
        "cc_conv_tol": 1e-05,
        "cc_conv_tol_normt": 1e-07
    },
    "broken_symmetry": false,
    "finite_diff_delta": 0.01,
    "finite_diff_acc": 2,
    "qa_lambdas": [-3.0, -2.75, -2.5, -2.25, -2.0, -1.75, -1.5, -1.25, -1.0, -0.75, -0.5, -0.25, -0.02, -0.01, 0.0, 0.01, 0.02],
    "electronic_energies": [-7.866504654580157, -9.442187845922088, -11.161491628225813, -13.027894499909541, -15.045174906102108, -17.21678141905672, -19.545415358278557, -22.03312670012491, -24.681943469639844, -27.494826575421335, -30.476626773897138, -33.63380386392092, -36.69748262915373, -36.83416042044231, -36.971127038811666, -37.10838233444292, -37.24592614987298],
    "qats_energies": {
        "0": [-36.9711270388116, -36.9711270388116, -36.9711270388116, -36.9711270388116, -36.9711270388116, -36.9711270388116, -36.9711270388116, -36.9711270388116, -36.9711270388116, -36.9711270388116, -36.9711270388116, -36.9711270388116, -36.9711270388116, -36.9711270388116, -36.9711270388116, -36.9711270388116, -36.9711270388116],
        "1": [4.162160061280318, 0.7343861362726614, -2.693387788735002, -6.121161713742662, -9.548935638750322, -12.976709563757982, -16.404483488765642, -19.832257413773302, -23.260031338780962, -26.687805263788622, -30.115579188796282, -33.543353113803946, -36.69690512481099, -36.8340160818113, -36.9711270388116, -37.108237995811905, -37.245348952812215],
        "2": [-8.828316729943353, -10.181222834130566, -11.714552227084774, -13.428304908805977, -15.322480879294176, -17.39708013854937, -19.65210268657156, -22.087548523360745, -24.703417648916925, -27.4997100632401, -30.476425766330273, -33.63356475818744, -36.697482479335044, -36.83416042044231, -36.9711270388116, -37.10838233444292, -37.24592630733627],
        "3": [-9.519701183631568, -10.713764910437867, -12.1146589711173, -13.719982725205693, -15.527335532238833, -17.534316751752527, -19.738525743282587, -22.137561866364813, -24.72902448053501, -27.51051294532898, -30.479626620282534, -33.63396486493147, -36.697482684189694, -36.83416044604914, -36.9711270388116, -37.10838230883609, -37.24592610248162],
        "4": [-6.9396578046902135, -8.892082082935922, -10.870425088525984, -12.903640874837528, -15.01769733392943, -17.23557619654235, -19.577273032098752, -22.059797248702857, -24.697172093140672, -27.50043465087999, -30.47763584607039, -33.633840441543214, -36.69748267909331, -36.83416044573062, -36.9711270388116, -37.10838230851757, -37.24592609738524]
    },
    "qats_poly_coeffs": [ -36.9711270388116, -13.71109570003064, -1.4433863101359634, 0.02560683161808204, 0.03185238739433771 ],
    "hf_energies": [-7.817078367129498, -9.39254838228171, -11.111634488723386, -12.977956507464063, -14.995402529678572, -17.167446032925604, -19.496681735334437, -21.984953286970207, -24.634040063445042, -27.4466803428754, -30.427782894707097, -33.58455207632804, -36.64873692989851, -36.78545403634215, -36.92246107174081, -37.05975784266924, -37.197344148752684],
    "triples_corrections": [-0.0001260917001812194, -0.00012740751340840534, -0.0001351771419646856, -0.00014492056918802146, -0.00015314916688623464, -0.0001580126581807699, -0.00016018487447384458, -0.00016217286347936088, -0.00016650352776483116, -0.00017366650380864202, -0.00017954046089809517, -0.00017574602538798388, -0.00016099819181753801, -0.0001602004233672459, -0.00015939594920234091, -0.00015858553185825423, -0.00015776990763396298],
    "scf_converged": [true, true, true, true, true, true, true, true, true, true, true, true, true, true, true, true, true],
    "cc_converged": [true, true, true, true, true, true, true, true, true, true, true, true, true, true, true, true, true],
    "scf_spin_squared": [3.750009775319579, 3.750008756576369, 3.7500086409737827, 3.750008988950214, 3.7500095987829263, 3.750010268404733, 3.750010775666152, 3.7500109445595315, 3.7500106768998354, 3.750009948615026, 3.7500089451568477, 3.7500083227135788, 3.750008483508469, 3.750008501613386, 3.7500085202427806, 3.7500085393503952, 3.7500085588911123],
    "cc_spin_squared": [3.7500004349339138, 3.7500003514435294, 3.7500003305262464, 3.750000331202834, 3.750000334073441, 3.750000328837585, 3.7500003140221687, 3.7500002942691415, 3.7500002753147874, 3.7500002609609195, 3.7500002515062283, 3.750000240844802, 3.750000222771548, 3.7500002218194055, 3.750000220858166, 3.750000219888499, 3.7500002189110604]
}