{
    "schema_name": "pyscf_apdft_output",
    "provenance": {
        "creator": "PySCF",
        "version": "1.7.6"
    },
    "molecule": {
        "geometry": [[0.0, 0.0, 0.0], [1.0, 0.0, 0.0]],
        "symbols": [ "Be", "H" ]
    },
    "molecular_charge": 1,
    "molecular_multiplicity": 1,
    "name": "be.h.chrg1.mult1.sep1.00-pyscf-ccsdt.ccpv5z",
    "atomic_numbers": [ 4, 1 ],
    "n_electrons": 4,
    "model": {
        "method": "CCSD(T)",
        "basis": "cc-pV5Z",
        "scf_conv_tol": 1e-09,
        "scf_conv_tol_grad": 1e-06,
        "cc_conv_tol": 1e-05,
        "cc_conv_tol_normt": 1e-07
    },
    "broken_symmetry": false,
    "finite_diff_delta": 0.01,
    "finite_diff_acc": 2,
    "apdft_lambdas": [-1.0, -0.75, -0.5, -0.25, -0.02, -0.01, 0.0, 0.01, 0.02, 0.25, 0.5, 0.75, 1.0],
    "electronic_energies": [-7.967138012377216, -9.48516620947295, -11.142259304398872, -12.938858527032947, -14.715592720850847, -14.795546070523924, -14.875725269978012, -14.95613038168696, -15.036761468172731, -16.95378867886762, -19.173993316321738, -21.537129126278288, -24.043640866896585],
    "apdft_energies": {
        "0": [-14.875725269978064, -14.875725269978064, -14.875725269978064, -14.875725269978064, -14.875725269978064, -14.875725269978064, -14.875725269978064, -14.875725269978064, -14.875725269978064, -14.875725269978064, -14.875725269978064, -14.875725269978064, -14.875725269978064],
        "1": [-6.846509711826316, -8.853813601364253, -10.86111749090219, -12.868421380440127, -14.715140958815029, -14.795433114396547, -14.875725269978064, -14.956017425559581, -15.036309581141099, -16.883029159516, -18.890333049053936, -20.897636938591873, -22.90494082812981],
        "2": [-7.976070985604595, -9.489191817864535, -11.14350780934676, -12.93901896005127, -14.71559278332454, -14.795546070523924, -14.875725269978064, -14.95613038168696, -15.03676140565061, -16.953626739127145, -19.172723367498506, -21.53301515509216, -24.03450210190809],
        "3": [-7.965654667722288, -9.484797433757937, -11.142205769611472, -12.938856205084358, -14.715592699993998, -14.795546060107606, -14.875725269978064, -14.956130392103278, -15.036761488981153, -16.953789494094053, -19.174025407233795, -21.537409539198755, -24.0449184197904],
        "4": [-7.96585646926073, -9.48486128502596, -11.142218382207624, -12.938856993371617, -14.715592700026285, -14.795546060109624, -14.875725269978064, -14.956130392105296, -15.036761489013442, -16.953790282381313, -19.17403801982995, -21.53747339046678, -24.04512022132884]
    },
    "apdft_poly_coeff": [ -14.875725269978064, -8.029215558151748, -1.129561273778279, -0.010416317882307641, -0.0002018015384426993 ],
    "hf_energies": [-7.887935691193493, -9.408510027379815, -11.067895255381668, -12.866501967139126, -14.644813014992327, -14.724828929800703, -14.805070193350234, -14.885536868090842, -14.966229016538708, -16.884522499042472, -19.105803180336814, -21.46969460041284, -23.976614425699672],
    "triples_corrections": [-0.0002661845917461297, -0.00022252361474009213, -0.00019600328601586847, -0.00018036437673768578, -0.00017277579759442953, -0.0001725684986481802, -0.00017237065683066452, -0.00017218219553298393, -0.00017200304016464038, -0.00017030589751285783, -0.00017327767852668368, -0.00018077802879827684, -0.00019227394286880692],
    "scf_converged": [true, true, true, true, true, true, true, true, true, true, true, true, true],
    "cc_converged": [true, true, true, true, true, true, true, true, true, true, true, true, true],
    "t1_diagnostic": [0.004850598181043731, 0.004219612326944507, 0.004133840460311538, 0.00428942492107227, 0.0045854936461194465, 0.004601791087673559, 0.004618392911393402, 0.004635301988925942, 0.004652521263572338, 0.0051417539220505815, 0.005910830970300808, 0.0069714175214761935, 0.008327665810730895]
}