{
    "schema_name": "pyscf_qa_output",
    "provenance": {
        "creator": "PySCF",
        "version": "1.7.6"
    },
    "molecule": {
        "geometry": [[0.0, 0.0, 0.0], [1.4, 0.0, 0.0]],
        "symbols": [ "N", "H" ]
    },
    "molecular_charge": 2,
    "molecular_multiplicity": 1,
    "name": "n.h.chrg2.mult1.sep1.40-pyscf-ccsdt.ccpv5z",
    "atomic_numbers": [ 7, 1 ],
    "n_electrons": 6,
    "model": {
        "method": "CCSD(T)",
        "basis": "cc-pV5Z",
        "scf_conv_tol": 1e-09,
        "scf_conv_tol_grad": 1e-06,
        "cc_conv_tol": 1e-05,
        "cc_conv_tol_normt": 1e-07
    },
    "broken_symmetry": false,
    "finite_diff_delta": 0.01,
    "finite_diff_acc": 2,
    "qa_lambdas": [-3.0, -2.75, -2.5, -2.25, -2.0, -1.75, -1.5, -1.25, -1.0, -0.75, -0.5, -0.25, -0.02, -0.01, 0.0, 0.01, 0.02],
    "electronic_energies": [-15.201004001322598, -17.473914358793657, -19.90694959413633, -22.503340902635504, -25.266365179430636, -28.19917390597911, -31.304732616822616, -34.58584706588499, -38.04525409796395, -41.685751499216316, -45.5102967848073, -49.52192644006312, -53.38020964269284, -53.551631109696395, -53.723359240595215, -53.89539411184959, -54.06773579621596],
    "qats_energies": {
        "0": [-53.72335924059525, -53.72335924059525, -53.72335924059525, -53.72335924059525, -53.72335924059525, -53.72335924059525, -53.72335924059525, -53.72335924059525, -53.72335924059525, -53.72335924059525, -53.72335924059525, -53.72335924059525, -53.72335924059525, -53.72335924059525, -53.72335924059525, -53.72335924059525, -53.72335924059525],
        "1": [-2.158908917615868, -6.455946444530817, -10.752983971445765, -15.050021498360714, -19.347059025275662, -23.64409655219061, -27.94113407910556, -32.23817160602051, -36.53520913293546, -40.832246659850405, -45.129284186765354, -49.4263217136803, -53.379596238442055, -53.55147773951865, -53.72335924059525, -53.89524074167185, -54.06712224274845],
        "2": [-15.962224914383519, -18.05456613625919, -20.33862008031219, -22.814386746542517, -25.481866134950174, -28.34105824553516, -31.391963078297472, -34.634580633237114, -38.068910910354084, -41.69495390964838, -45.51270963112001, -49.522178074768966, -53.38020971915302, -53.551631109696395, -53.72335924059525, -53.89539411184959, -54.067735723459414],
        "3": [-15.626487268698789, -17.79596266032958, -20.14432746128167, -22.67274742726927, -25.38238831400655, -28.27441587720769, -31.34999587258688, -34.610294055858304, -38.056476182736134, -41.68970800893456, -45.511155290167764, -49.52198378214994, -53.3802096196752, -53.55163109726167, -53.72335924059525, -53.895394124284316, -54.06773582293724],
        "4": [-14.376515942254123, -16.913399475989472, -19.541524931167537, -22.27724868726139, -25.135480397671802, -28.129682989727286, -31.27187266468409, -34.572618897726166, -38.04104443796521, -41.68482530844064, -45.51019080611958, -49.52192350189692, -53.38020961720612, -53.55163109710735, -53.72335924059525, -53.89539412413, -54.06773582046816]
    },
    "qats_poly_coeffs": [ -53.72335924059525, -17.188150107659794, -1.533701777418628, -0.01243472761795298, 0.015431744770921796 ],
    "hf_energies": [-15.067935356478763, -17.338090290770587, -19.767799701399845, -22.360256872026522, -25.118834385228336, -28.04684922037834, -31.147511551501037, -34.42397964127559, -37.87942314303957, -41.517012512331, -45.339795908265856, -49.350473429795414, -53.20804205643462, -53.379427566908156, -53.551119036615816, -53.72311651248381, -53.89542003881174],
    "triples_corrections": [-0.0024374635646003022, -0.002505978365233431, -0.0026266067854768546, -0.0027837864433295787, -0.0029583403115824654, -0.003131568523500916, -0.003286581752582476, -0.0034083254535853535, -0.0034850876442018433, -0.0035134227760318217, -0.0035049490561283626, -0.003489630857095451, -0.003505030494890582, -0.0035068386435005514, -0.0035087586174304243, -0.0035107920468368577, -0.003512940491234714],
    "scf_converged": [true, true, true, true, true, true, true, true, true, true, true, true, true, true, true, true, true],
    "cc_converged": [true, true, true, true, true, true, true, true, true, true, true, true, true, true, true, true, true],
    "t1_diagnostic": [0.018991544309278435, 0.016207210163008783, 0.01454100263120262, 0.013570698593538487, 0.012984725016473892, 0.012557015432292682, 0.01213804181047236, 0.01168502137363725, 0.011248820150390691, 0.010820168083664882, 0.01017424897759679, 0.009042770183142895, 0.007626479091121319, 0.007561836857296136, 0.007497242013147253, 0.00743273265726904, 0.007368346796804572]
}