{
    "schema_name": "pyscf_apdft_output",
    "provenance": {
        "creator": "PySCF",
        "version": "1.7.6"
    },
    "molecule": {
        "geometry": [[0.0, 0.0, 0.0], [1.2, 0.0, 0.0]],
        "symbols": [ "O", "H" ]
    },
    "molecular_charge": 1,
    "molecular_multiplicity": 3,
    "name": "o.h.chrg1.mult3.sep1.20-pyscf-uccsdt.ccpv5z",
    "atomic_numbers": [ 8, 1 ],
    "n_electrons": 8,
    "model": {
        "method": "UCCSD(T)",
        "basis": "cc-pV5Z",
        "scf_conv_tol": 1e-09,
        "scf_conv_tol_grad": 1e-06,
        "cc_conv_tol": 1e-05,
        "cc_conv_tol_normt": 1e-07
    },
    "broken_symmetry": false,
    "finite_diff_delta": 0.01,
    "finite_diff_acc": 2,
    "apdft_lambdas": [-2.0, -1.75, -1.5, -1.25, -1.0, -0.75, -0.5, -0.25, -0.02, -0.01, 0.0, 0.01, 0.02, 0.25, 0.5, 0.75, 1.0],
    "electronic_energies": [-38.47840306060203, -42.35269495433762, -46.426436753453714, -50.70286214267876, -55.18481115501063, -59.874808391377215, -64.77517658476143, -69.88813612986127, -74.78167061100034, -74.9985809260842, -75.21583795280702, -75.43344181226077, -75.65139262465065, -80.7602811878045, -86.5231066042895, -92.50533320731286, -98.70716421461084],
    "apdft_energies": {
        "0": [-75.21583795280694, -75.21583795280694, -75.21583795280694, -75.21583795280694, -75.21583795280694, -75.21583795280694, -75.21583795280694, -75.21583795280694, -75.21583795280694, -75.21583795280694, -75.21583795280694, -75.21583795280694, -75.21583795280694, -75.21583795280694, -75.21583795280694, -75.21583795280694, -75.21583795280694],
        "1": [-31.729749335150387, -37.165510412357456, -42.601271489564525, -48.03703256677159, -53.47279364397866, -58.90855472118573, -64.3443157983928, -69.78007687559986, -74.78097706663037, -74.99840750971865, -75.21583795280694, -75.43326839589523, -75.6506988389835, -80.65159903001401, -86.08736010722107, -91.52312118442813, -96.95888226163521],
        "2": [-38.666403957088875, -42.47638660727911, -46.503139714404924, -50.746663278466315, -55.206957299463284, -59.88402177739583, -64.77785671226395, -69.88846210406766, -74.78167073209256, -74.9985809260842, -75.21583795280694, -75.43344181226077, -75.6513925044457, -80.7599842584818, -86.52090102109223, -92.49858824063824, -98.69304591711983],
        "3": [-38.50553916597148, -42.36861976479226, -46.43527488065227, -50.70738964782242, -55.186849200573604, -59.87553867317675, -64.77534319990275, -69.8881479150225, -74.78167057122778, -74.9985809059761, -75.21583795280694, -75.43344183236887, -75.65139266531048, -80.76029844752695, -86.52341453345343, -92.50707134485732, -98.71315401600951],
        "4": [-38.446386009524296, -42.33394527049791, -46.416558452245155, -50.69836359245633, -55.18315212829566, -59.87436889640131, -64.77511213288537, -69.88813347333392, -74.78167057063624, -74.99858090593914, -75.21583795280694, -75.4334418323319, -75.65139266471895, -80.76028400583836, -86.52318346643607, -92.50590156808188, -98.70945694373155]
    },
    "apdft_poly_coeff": [ -75.21583795280694, -21.743044308828274, -1.7341636554846218, -0.020108098889674388, 0.0036970722779490948 ],
    "hf_energies": [-38.27883236113809, -42.1477166822209, -46.21682187233346, -50.48927686519687, -54.967874239601606, -59.65518746884645, -64.55365800257796, -69.66564048293256, -74.55915940478464, -74.77608814739344, -74.99336514474373, -75.21099050899454, -75.4289643509479, -80.5387751982155, -86.30329434886553, -92.28764302801922, -98.49176770920786],
    "triples_corrections": [-0.005698762572491636, -0.0058069937599968535, -0.0058138853133930055, -0.005735607399185648, -0.00559169811692833, -0.0053966711636740175, -0.0051578443522462296, -0.004877961417477368, -0.004585850393121385, -0.004572442181151849, -0.0045589783157337395, -0.004545459325853615, -0.004531885763806134, -0.004206284668420576, -0.0038334794668264055, -0.0034622600171202392, -0.0031146303112202195],
    "scf_converged": [true, true, true, true, true, true, true, true, true, true, true, true, true, true, true, true, true],
    "cc_converged": [true, true, true, true, true, true, true, true, true, true, true, true, true, true, true, true, true],
    "scf_spin_squared": [2.020704715145163, 2.0205973097408925, 2.0222609426684257, 2.025649499064761, 2.0301187113408448, 2.0339956174484843, 2.035111570281654, 2.032423097030546, 2.027474843911211, 2.027232782201716, 2.026989701598205, 2.0267457398506963, 2.026501032378111, 2.02093551220068, 2.0157753677605874, 2.0119446171661637, 2.009267640988747],
    "cc_spin_squared": [2.000569005660774, 2.0005783953498315, 2.0006073959708606, 2.0006505556352696, 2.0006942124947367, 2.000717203717845, 2.000698183327054, 2.0006287505175346, 2.000530340799732, 2.000525608905199, 2.0005208545799866, 2.000516079726393, 2.000511286225874, 2.000399888695694, 2.0002900424579524, 2.000203949914848, 2.000143006145208]
}