{
    "schema_name": "pyscf_apdft_output",
    "provenance": {
        "creator": "PySCF",
        "version": "1.7.6"
    },
    "molecule": {
        "geometry": [[0.0, 0.0, 0.0], [0.8, 0.0, 0.0]],
        "symbols": [ "Ne", "H" ]
    },
    "molecular_charge": 2,
    "molecular_multiplicity": 2,
    "name": "ne.h.chrg2.mult2.sep0.80-pyscf-uccsdt.ccpv5z",
    "atomic_numbers": [ 10, 1 ],
    "n_electrons": 9,
    "model": {
        "method": "UCCSD(T)",
        "basis": "cc-pV5Z",
        "scf_conv_tol": 1e-09,
        "scf_conv_tol_grad": 1e-06,
        "cc_conv_tol": 1e-05,
        "cc_conv_tol_normt": 1e-07
    },
    "broken_symmetry": false,
    "finite_diff_delta": 0.01,
    "finite_diff_acc": 2,
    "apdft_lambdas": [-3.0, -2.75, -2.5, -2.25, -2.0, -1.75, -1.5, -1.25, -1.0, -0.75, -0.5, -0.25, -0.02, -0.01, 0.0, 0.01, 0.02],
    "electronic_energies": [-55.09764596940649, -59.9171818677489, -64.9509977577745, -70.20203401747872, -75.67288660526044, -81.3657918265411, -87.28265538893967, -93.42511555746208, -99.79461620592603, -106.3924632842375, -113.21984940918313, -120.27784647762883, -126.97567390114477, -127.27133869515747, -127.5673750970737, -127.8637831470517, -128.16056288465535],
    "apdft_energies": {
        "0": [-127.56737509707364, -127.56737509707364, -127.56737509707364, -127.56737509707364, -127.56737509707364, -127.56737509707364, -127.56737509707364, -127.56737509707364, -127.56737509707364, -127.56737509707364, -127.56737509707364, -127.56737509707364, -127.56737509707364, -127.56737509707364, -127.56737509707364, -127.56737509707364, -127.56737509707364],
        "1": [-38.700707312937936, -46.10626296161591, -53.511818610293886, -60.91737425897186, -68.32292990764984, -75.72848555632781, -83.13404120500579, -90.53959685368376, -97.94515250236174, -105.35070815103971, -112.75626379971769, -120.16181944839566, -126.9749306451794, -127.27115287112652, -127.56737509707364, -127.86359732302076, -128.15981954896787],
        "2": [-55.42487009845985, -60.159205302228074, -65.1258205446841, -70.32471582582794, -75.75589114565958, -81.41934650417902, -87.31508190138626, -93.44309733728132, -99.80339281186417, -106.39596832513483, -113.2208238770933, -120.27795946773956, -126.9756739413032, -127.27133869515747, -127.56737509707364, -127.8637831470517, -128.16056284509168],
        "3": [-55.245495375384905, -60.02104109134106, -65.02201572808981, -70.2490421145307, -75.7027430795633, -81.38374145208718, -87.2926600610019, -93.43012173520702, -99.79674930360214, -106.39316559508678, -113.21999343856054, -120.27785566292297, -126.97567388815513, -127.27133868851396, -127.56737509707364, -127.86378315369521, -128.16056289823973],
        "4": [-55.04475674966301, -59.879306223517275, -64.92520890627176, -70.18552715873588, -75.66309100534662, -81.36049813416867, -87.28011389689428, -93.4240713088434, -99.7942710489636, -106.39238145983006, -113.21983854764564, -120.27784598224079, -126.97567388775862, -127.27133868848918, -127.56737509707364, -127.86378315367043, -128.16056289784322]
    },
    "apdft_poly_coeff": [ -127.56737509707364, -29.6222225947119, -1.8582403095024347, -0.006643508262034931, 0.002478254638541936 ],
    "hf_energies": [-54.83126241409916, -59.64576164700767, -64.67556279106324, -69.92350342014541, -75.39203010604894, -81.08322480213405, -86.99886756826356, -93.14051434320488, -99.50956539589134, -106.10730664676908, -112.93491837238929, -119.99345674915384, -126.69204122138977, -126.98774420319126, -127.28381921549109, -127.58026629636485, -127.87708548328585],
    "triples_corrections": [-0.006638084887319516, -0.00657210346661136, -0.006422559423715455, -0.006198512256803371, -0.005919332813149649, -0.00560865644746694, -0.00528746648062931, -0.004969975513578597, -0.004663390731536495, -0.004370028218968779, -0.004089808497263004, -0.00382206699945149, -0.003586475471685886, -0.0035764669833273106, -0.003566478261168818, -0.0035565093393592835, -0.0035465602531873242],
    "scf_converged": [true, true, true, true, true, true, true, true, true, true, true, true, true, true, true, true, true],
    "cc_converged": [true, true, true, true, true, true, true, true, true, true, true, true, true, true, true, true, true],
    "scf_spin_squared": [0.7561939924792549, 0.7560526798237808, 0.7558404592341077, 0.755559664768712, 0.755235431599607, 0.7548955450437971, 0.7545595847270756, 0.7542374455972958, 0.7539322457707041, 0.7536440360426688, 0.7533722527863533, 0.7531167404021755, 0.7528963884976081, 0.7528871357046225, 0.7528779105667338, 0.7528687131235312, 0.7528595434141669],
    "cc_spin_squared": [0.7501505008938054, 0.7501443140492787, 0.7501356162285648, 0.7501244094475483, 0.7501115873876008, 0.7500983077959573, 0.7500855427913167, 0.7500739355780977, 0.7500636988103189, 0.750054821372071, 0.7500471764753391, 0.7500406062831184, 0.7500353849610675, 0.7500351742016882, 0.7500349647330289, 0.7500347565479069, 0.7500345496390137]
}