{
    "schema_name": "pyscf_apdft_output",
    "provenance": {
        "creator": "PySCF",
        "version": "1.7.6"
    },
    "molecule": {
        "geometry": [[0.0, 0.0, 0.0], [1.2, 0.0, 0.0]],
        "symbols": [ "B", "H" ]
    },
    "molecular_charge": 0,
    "molecular_multiplicity": 1,
    "name": "b.h.chrg0.mult1.sep1.20-pyscf-ccsdt.ccpv5z",
    "atomic_numbers": [ 5, 1 ],
    "n_electrons": 6,
    "model": {
        "method": "CCSD(T)",
        "basis": "cc-pV5Z",
        "scf_conv_tol": 1e-09,
        "scf_conv_tol_grad": 1e-06,
        "cc_conv_tol": 1e-05,
        "cc_conv_tol_normt": 1e-07
    },
    "broken_symmetry": false,
    "finite_diff_delta": 0.01,
    "finite_diff_acc": 2,
    "apdft_lambdas": [-1.0, -0.75, -0.5, -0.25, -0.02, -0.01, 0.0, 0.01, 0.02, 0.25, 0.5, 0.75, 1.0, 1.25, 1.5, 1.75, 2.0],
    "electronic_energies": [-15.22789772229174, -17.485647448411886, -19.90970025720842, -22.502604036536717, -25.038611650752358, -25.15215944762219, -25.265981603437776, -25.380078170055512, -25.49444919867208, -28.20084370883153, -31.307899646954517, -34.58766038546631, -38.04037340431726, -41.665903606402466, -45.463625224674324, -49.432329055664546, -53.570117889213655],
    "apdft_energies": {
        "0": [-25.26598160343782, -25.26598160343782, -25.26598160343782, -25.26598160343782, -25.26598160343782, -25.26598160343782, -25.26598160343782, -25.26598160343782, -25.26598160343782, -25.26598160343782, -25.26598160343782, -25.26598160343782, -25.26598160343782, -25.26598160343782, -25.26598160343782, -25.26598160343782, -25.26598160343782],
        "1": [-13.87004548177168, -16.719029512188214, -19.56801354260475, -22.416997573021284, -25.038062881004496, -25.152022242221157, -25.26598160343782, -25.37994096465448, -25.49390032587114, -28.114965633854354, -30.96394966427089, -33.81293369468742, -36.66191772510396, -39.51090175552049, -42.359885785937024, -45.20886981635356, -48.0578538467701],
        "2": [-15.242099492089604, -17.490809892992047, -19.91102704518423, -22.502750948666154, -25.038611702608623, -25.15215944762219, -25.26598160343782, -25.380078170055512, -25.49444914747527, -28.200719009499224, -31.30696316685037, -34.584714075491256, -38.033971735421886, -41.65473614664225, -45.447007309152355, -49.41078522295221, -53.5460698880418],
        "3": [-15.233511735805731, -17.487186933309786, -19.909953575648746, -22.50261676497422, -25.038611633906573, -25.152159439034435, -25.26598160343782, -25.380078178643267, -25.49444921617732, -28.200853193191158, -31.308036636385854, -34.58833703517352, -38.04255949170576, -41.67150910813419, -45.47599098661043, -49.45681022928609, -53.614771938312785],
        "4": [-15.230763963425732, -17.48631752095518, -19.909781839874995, -22.50260603148836, -25.038611633466928, -25.152159439006954, -25.26598160343782, -25.38007817861579, -25.494449215737674, -28.2008424597053, -31.307864900612103, -34.587467622818906, -38.039811719325755, -41.66480067947208, -45.462080388936684, -49.43103912973773, -53.57080758023278]
    },
    "apdft_poly_coeff": [ -25.26598160343782, -11.39593612166614, -1.3720540103179246, -0.008587756283873203, 0.002747772379999939 ],
    "hf_energies": [-15.106151955414246, -17.360944561985512, -19.781806010045763, -22.37140460086215, -24.904350063147124, -25.0177651297474, -25.131454619537784, -25.245418587787515, -25.35965708909398, -28.063031117106874, -31.166905701785225, -34.44368611624456, -37.89376198447172, -41.517156157187706, -45.313355127864625, -49.28114997662827, -53.41850209391278],
    "triples_corrections": [-0.0023325592417672873, -0.0024488962639107595, -0.0025643194593901165, -0.002665328659241, -0.0027432729391173713, -0.0027463661660574587, -0.0027494363618853017, -0.0027524836899720444, -0.0027555083065574568, -0.0028190411254637756, -0.0028749281102948216, -0.002915152954294349, -0.002936853903585276, -0.002938465284365475, -0.0029214614472424507, -0.0028911059600244702, -0.0028556859580323485],
    "scf_converged": [true, true, true, true, true, true, true, true, true, true, true, true, true, true, true, true, true],
    "cc_converged": [true, true, true, true, true, true, true, true, true, true, true, true, true, true, true, true, true],
    "t1_diagnostic": [0.019030258040287684, 0.01620710029568227, 0.014290253145817347, 0.012878188864504196, 0.011855445422953286, 0.011815884630415751, 0.011776705211401289, 0.011737904261491891, 0.01169947886983645, 0.010912076278625416, 0.01022808517349803, 0.009658486233724268, 0.009149905910947954, 0.008666691123838307, 0.00816775105122218, 0.007592790842744055, 0.006894625573307632]
}