{
    "schema_name": "pyscf_apdft_output",
    "provenance": {
        "creator": "PySCF",
        "version": "1.7.6"
    },
    "molecule": {
        "geometry": [[0.0, 0.0, 0.0], [1.8, 0.0, 0.0]],
        "symbols": [ "O", "H" ]
    },
    "molecular_charge": 0,
    "molecular_multiplicity": 4,
    "name": "o.h.chrg0.mult4.sep1.80-pyscf-uccsdt.ccpv5z",
    "atomic_numbers": [ 8, 1 ],
    "n_electrons": 9,
    "model": {
        "method": "UCCSD(T)",
        "basis": "cc-pV5Z",
        "scf_conv_tol": 1e-09,
        "scf_conv_tol_grad": 1e-06,
        "cc_conv_tol": 1e-05,
        "cc_conv_tol_normt": 1e-07
    },
    "broken_symmetry": false,
    "finite_diff_delta": 0.01,
    "finite_diff_acc": 2,
    "apdft_lambdas": [-1.0, -0.75, -0.5, -0.25, -0.02, -0.01, 0.0, 0.01, 0.02, 0.25, 0.5, 0.75, 1.0, 1.25, 1.5, 1.75, 2.0],
    "electronic_energies": [-55.095411318801695, -59.86663813587883, -64.86116956824515, -70.08128111694889, -75.0825768804698, -75.30432761232446, -75.5264360805043, -75.74890218365282, -75.97172582078419, -81.19512316063953, -87.08585290612046, -93.19728220805827, -99.52812740151185, -106.07705731153264, -112.84260815198093, -119.82313281287493, -127.01678512542289],
    "apdft_energies": {
        "0": [-75.52643608050431, -75.52643608050431, -75.52643608050431, -75.52643608050431, -75.52643608050431, -75.52643608050431, -75.52643608050431, -75.52643608050431, -75.52643608050431, -75.52643608050431, -75.52643608050431, -75.52643608050431, -75.52643608050431, -75.52643608050431, -75.52643608050431, -75.52643608050431, -75.52643608050431],
        "1": [-53.29770751408631, -58.85488965569081, -64.41207179729531, -69.96925393889981, -75.08186150917595, -75.30414879484013, -75.52643608050431, -75.74872336616849, -75.97101065183267, -81.08361822210881, -86.64080036371331, -92.19798250531781, -97.75516464692231, -103.31234678852681, -108.86952893013131, -114.42671107173581, -119.98389321334031],
        "2": [-55.085882357342086, -59.860738005022185, -64.85911550810926, -70.0810148666033, -75.08257677911325, -75.30432761232446, -75.52643608050431, -75.74890218365282, -75.97172592176997, -81.1953791498123, -87.08784407452725, -93.20383085464918, -99.54333949017808, -106.10636998111396, -112.8929223274568, -119.90299652920662, -127.1365925863634],
        "3": [-55.1027442185827, -59.86785160273307, -64.86122324076433, -70.08127833318518, -75.08257691400814, -75.30432762918632, -75.52643608050431, -75.74890216679096, -75.97172578687508, -81.19511568323041, -87.08573634187218, -93.1967172569383, -99.52647762893747, -106.07343665837838, -112.83601354576973, -119.8126274916202, -127.0016976964385],
        "4": [-55.10428893849024, -59.868340361766315, -64.86131978575855, -70.08128436724732, -75.0825769142553, -75.30432762920177, -75.52643608050431, -75.7489021668064, -75.97172578712224, -81.19512171729255, -87.0858328868664, -93.19720601597155, -99.52802234884501, -106.07720794721516, -112.84383369030166, -119.82711527481555, -127.02641321495918]
    },
    "apdft_poly_coeff": [ -75.52643608050431, -22.228728566418, -1.7881748432557742, 0.016861861240613504, -0.0015447199075424578 ],
    "hf_energies": [-54.87016169987365, -59.6360732005815, -64.63111148156281, -69.85461096012581, -74.85882017518527, -75.08068485165238, -75.3029062129522, -75.52548416768713, -75.74841862561014, -80.97411188736997, -86.86693519587007, -92.98023837503705, -99.31287640443348, -105.86359992030972, -112.63098925384863, -119.613417567886, -126.80904222889116],
    "triples_corrections": [-0.006348689507241202, -0.006309443661524126, -0.0060521641834058995, -0.005358414495779106, -0.004711012728488755, -0.004685283557162666, -0.004659783192216932, -0.004634512184681635, -0.0046094708096841575, -0.004094745901436082, -0.003649113323890208, -0.0032895044817984765, -0.0029905109091996613, -0.0027357340637264613, -0.002514879400086268, -0.0023213585391653863, -0.0021508541812072205],
    "scf_converged": [true, true, true, true, true, true, true, true, true, true, true, true, true, true, true, true, true],
    "cc_converged": [true, true, true, true, true, true, true, true, true, true, true, true, true, true, true, true, true],
    "scf_spin_squared": [3.780372140051619, 3.7834889922262995, 3.775195717181415, 3.7661084013074726, 3.76156991486208, 3.7614264542850937, 3.761286439482256, 3.761149767865799, 3.7610163400801015, 3.7586552852315047, 3.757077255695492, 3.7560367992483417, 3.7552927093647015, 3.7547250323246777, 3.754270269621722, 3.75389268755546, 3.7535709839188742],
    "cc_spin_squared": [3.7510700807344777, 3.7507415833433084, 3.7505783752649453, 3.7504196447265254, 3.750285249529499, 3.750280452068841, 3.7502757459949163, 3.7502711306667202, 3.750266605336355, 3.750184715107333, 3.750131068298194, 3.750098334066579, 3.7500770405352952, 3.750062302512585, 3.7500515666106726, 3.750043431948904, 3.750037099123026]
}