{
    "schema_name": "pyscf_qa_output",
    "provenance": {
        "creator": "PySCF",
        "version": "1.7.6"
    },
    "molecule": {
        "geometry": [[0.0, 0.0, 0.0], [0.8, 0.0, 0.0]],
        "symbols": [ "N", "H" ]
    },
    "molecular_charge": 1,
    "molecular_multiplicity": 4,
    "name": "n.h.chrg1.mult4.sep0.80-pyscf-uccsdt.ccpv5z",
    "atomic_numbers": [ 7, 1 ],
    "n_electrons": 7,
    "model": {
        "method": "UCCSD(T)",
        "basis": "cc-pV5Z",
        "scf_conv_tol": 1e-09,
        "scf_conv_tol_grad": 1e-06,
        "cc_conv_tol": 1e-05,
        "cc_conv_tol_normt": 1e-07
    },
    "broken_symmetry": false,
    "finite_diff_delta": 0.01,
    "finite_diff_acc": 2,
    "qa_lambdas": [-2.0, -1.75, -1.5, -1.25, -1.0, -0.75, -0.5, -0.25, -0.02, -0.01, 0.0, 0.01, 0.02, 0.25, 0.5, 0.75, 1.0],
    "electronic_energies": [-25.08178650735212, -28.11949489639973, -31.33979891316779, -34.745508270021446, -38.33876834359054, -42.12116318023482, -46.09393581416446, -50.25818999583983, -54.259333086779165, -54.437005097662244, -54.61498674933506, -54.79327810450038, -54.97187922558436, -59.16533914340334, -63.91014926194743, -68.85012436081651, -73.98569248862913],
    "qats_energies": {
        "0": [-54.61498674933501, -54.61498674933501, -54.61498674933501, -54.61498674933501, -54.61498674933501, -54.61498674933501, -54.61498674933501, -54.61498674933501, -54.61498674933501, -54.61498674933501, -54.61498674933501, -54.61498674933501, -54.61498674933501, -54.61498674933501, -54.61498674933501, -54.61498674933501, -54.61498674933501],
        "1": [-18.98768606552131, -23.441098650998022, -27.894511236474735, -32.34792382195145, -36.80133640742816, -41.25474899290487, -45.708161578381585, -50.1615741638583, -54.25871374249687, -54.43685024591594, -54.61498674933501, -54.79312325275408, -54.97125975617315, -59.06839933481172, -63.521811920288435, -67.97522450576514, -72.42863709124185],
        "2": [-25.181755917607013, -28.18343338150114, -31.378675528272943, -34.767482357922425, -38.349853870449586, -42.125790065854424, -46.09529094413694, -50.25835650529714, -54.25933314948208, -54.437005097662244, -54.61498674933501, -54.79327810450038, -54.971879163158356, -59.16518167625056, -63.90894128604379, -68.8462655787147, -73.97715455426328],
        "3": [-25.09833663723476, -28.127548980783008, -31.343483019365898, -34.747116322675296, -38.339426460403054, -42.12139100224104, -46.093987517881125, -50.25819357701516, -54.2593330660628, -54.43700508723484, -54.61498674933501, -54.79327811492779, -54.971879246577636, -59.165344604532535, -63.91024471229961, -68.85066464232808, -73.98758196430981],
        "4": [-25.079877210654868, -28.11672840382541, -31.337642341424605, -34.74429963771132, -38.33827274624181, -42.12102595986971, -46.09391541074605, -50.25818907031922, -54.25933306587821, -54.4370050872233, -54.61498674933501, -54.793278114916255, -54.971879246393044, -59.1653400978366, -63.91017260516453, -68.85029959995674, -73.98642825014858]
    },
    "qats_poly_coeffs": [ -54.61498674933501, -17.81365034190685, -1.548517463021426, -0.010427410046531803, 0.0011537141612431394 ],
    "hf_energies": [-24.951858856573505, -27.98676979291957, -31.204849303018488, -34.60884202578298, -38.200716585512424, -41.98188574609065, -45.953490996423106, -50.11660659329685, -54.116743078953306, -54.29437270659639, -54.472312115602534, -54.65056137189095, -54.82912054112297, -59.02166377255973, -63.765615067366554, -68.70492275964855, -73.84005603421909],
    "triples_corrections": [-0.0023355433994924034, -0.0023978191395618987, -0.002413756874044864, -0.00238602778622172, -0.002330357059038549, -0.002263978766182142, -0.0021974508175963887, -0.0021341782518313557, -0.0020782045538687544, -0.0020757919788512032, -0.002073379787258743, -0.0020709678113324647, -0.0020685558834035505, -0.0020127168899713695, -0.0019497576283729523, -0.0018826364282434397, -0.0018103090977615332],
    "scf_converged": [true, true, true, true, true, true, true, true, true, true, true, true, true, true, true, true, true],
    "cc_converged": [true, true, true, true, true, true, true, true, true, true, true, true, true, true, true, true, true],
    "scf_spin_squared": [3.7535562939178435, 3.7534800149203735, 3.7535321749683175, 3.753644626272323, 3.753756292273392, 3.7538289961216336, 3.7538503585950433, 3.753825517596832, 3.753772538047465, 3.7537697534222976, 3.7537669357891925, 3.7537640859634136, 3.753761204753663, 3.753688025099451, 3.7535998853491, 3.753510210396478, 3.7534230092696426],
    "cc_spin_squared": [3.7501618377123878, 3.750151797165726, 3.7501429768706736, 3.7501337715302503, 3.7501239454993742, 3.750113898991476, 3.7501041355846843, 3.750094952158439, 3.7500871374104845, 3.7500868113599726, 3.750086486428666, 3.750086162612452, 3.750085839907103, 3.7500787128574684, 3.7500715515007337, 3.7500649110910738, 3.750058716538007]
}