{
    "schema_name": "pyscf_qa_output",
    "provenance": {
        "creator": "PySCF",
        "version": "1.7.6"
    },
    "molecule": {
        "geometry": [[0.0, 0.0, 0.0], [1.3, 0.0, 0.0]],
        "symbols": [ "N", "H" ]
    },
    "molecular_charge": 0,
    "molecular_multiplicity": 3,
    "name": "n.h.chrg0.mult3.sep1.30-pyscf-uccsdt.ccpv5z",
    "atomic_numbers": [ 7, 1 ],
    "n_electrons": 8,
    "model": {
        "method": "UCCSD(T)",
        "basis": "cc-pV5Z",
        "scf_conv_tol": 1e-09,
        "scf_conv_tol_grad": 1e-06,
        "cc_conv_tol": 1e-05,
        "cc_conv_tol_normt": 1e-07
    },
    "broken_symmetry": false,
    "finite_diff_delta": 0.01,
    "finite_diff_acc": 2,
    "qa_lambdas": [-1.0, -0.75, -0.5, -0.25, -0.02, -0.01, 0.0, 0.01, 0.02, 0.25, 0.5, 0.75, 1.0, 1.25, 1.5, 1.75, 2.0],
    "electronic_energies": [-38.4803908083386, -42.34665017153717, -46.41453910151563, -50.68686611023081, -54.79997023259598, -54.98279528206454, -55.16595421390929, -55.34944714576018, -55.53327419472339, -59.85377526299502, -64.7520920821563, -69.86256368159827, -75.18674284355879, -80.72587543653854, -86.48049455287163, -92.44999668818333, -98.63248175228753],
    "qats_energies": {
        "0": [-55.165954213909295, -55.165954213909295, -55.165954213909295, -55.165954213909295, -55.165954213909295, -55.165954213909295, -55.165954213909295, -55.165954213909295, -55.165954213909295, -55.165954213909295, -55.165954213909295, -55.165954213909295, -55.165954213909295, -55.165954213909295, -55.165954213909295, -55.165954213909295, -55.165954213909295],
        "1": [-36.8333610291271, -41.41650932532265, -45.999657621518196, -50.58280591771374, -54.79930235021365, -54.98262828206147, -55.165954213909295, -55.34928014575712, -55.53260607760494, -59.74910251010485, -64.3322508063004, -68.91539910249594, -73.4985473986915, -78.08169569488705, -82.66484399108259, -87.24799228727815, -91.83114058347368],
        "2": [-38.503361059762874, -42.35588434255527, -46.41715762917714, -50.68718091962848, -54.799970350225905, -54.98279528206454, -55.165954213909295, -55.34944714576018, -55.53327407761719, -59.85347751201958, -64.74975081395934, -69.85477411972857, -75.16854742932728, -80.69107074275544, -86.42234406001309, -92.3623673811002, -98.51114070601679],
        "3": [-38.48379971640294, -42.3476319008253, -46.414712461257146, -50.686875273638485, -54.799970193735156, -54.982795262503195, -55.165954213909295, -55.34944716532152, -55.53327423410794, -59.85378315800958, -64.75219598187932, -69.86302656145854, -75.1881087726872, -80.72927649150532, -86.48836359385287, -92.46720395566986, -98.66763145289627],
        "4": [-38.48161761005547, -42.34694146873879, -46.414576079610434, -50.686866749785565, -54.799970193386024, -54.982795262481375, -55.165954213909295, -55.3494471652997, -55.5332742337588, -59.85377463415666, -64.75205960023261, -69.86233612937204, -75.18592666633974, -80.72394908343044, -86.47731668046882, -92.44673818480943, -98.6327177513368]
    },
    "qats_poly_coeffs": [ -55.165954213909295, -18.332593184782198, -1.6700000306357765, -0.019561343359934348, 0.002182106347466591 ],
    "hf_energies": [-38.28124172546437, -42.14270995250414, -46.20644783524041, -50.475180094051844, -54.58552879798225, -54.76824753308192, -54.951301331356724, -55.13469031640994, -55.31841461121065, -59.636894387539044, -64.5338294072688, -69.6439696758478, -74.96911751891304, -80.51048558705921, -86.26817254271165, -92.24104694859918, -98.42687732607591],
    "triples_corrections": [-0.006448989021428827, -0.006483787621398608, -0.006415264973831946, -0.0062761710066108, -0.00610283731265888, -0.006094395393894534, -0.0060858771627006385, -0.00607728231969807, -0.006068610539951126, -0.005846998767011302, -0.005554589725649323, -0.0052081616692852125, -0.004809531502220807, -0.004361724592001631, -0.003888765580814551, -0.003433586149947217, -0.00303016774764048],
    "scf_converged": [true, true, true, true, true, true, true, true, true, true, true, true, true, true, true, true, true],
    "cc_converged": [true, true, true, true, true, true, true, true, true, true, true, true, true, true, true, true, true],
    "scf_spin_squared": [2.0223060340269483, 2.0263603683163396, 2.035615383382334, 2.051590798028711, 2.0698523394776025, 2.07062109133958, 2.0713816687477147, 2.0721332894478772, 2.07287517087508, 2.085560491430898, 2.0846612935355924, 2.06824567710839, 2.0463691412408536, 2.0291245401194793, 2.0185773197094687, 2.01262774163071, 2.0092338426971095],
    "cc_spin_squared": [2.0007868596404075, 2.000886057447115, 2.001046193185587, 2.0012562976282253, 2.00145134734941, 2.0014587841639813, 2.001466077666506, 2.0014732208340944, 2.0014802066568205, 2.0015823449404055, 2.0015205587721745, 2.0012776997656063, 2.000945713147463, 2.000632326315923, 2.000397817490658, 2.0002463506462163, 2.0001566132805872]
}