{
    "schema_name": "pyscf_apdft_output",
    "provenance": {
        "creator": "PySCF",
        "version": "1.7.6"
    },
    "molecule": {
        "geometry": [[0.0, 0.0, 0.0], [0.7, 0.0, 0.0]],
        "symbols": [ "B", "H" ]
    },
    "molecular_charge": -1,
    "molecular_multiplicity": 2,
    "name": "b.h.chrg-1.mult2.sep0.70-pyscf-uccsdt.ccpv5z",
    "atomic_numbers": [ 5, 1 ],
    "n_electrons": 7,
    "model": {
        "method": "UCCSD(T)",
        "basis": "cc-pV5Z",
        "scf_conv_tol": 1e-09,
        "scf_conv_tol_grad": 1e-06,
        "cc_conv_tol": 1e-05,
        "cc_conv_tol_normt": 1e-07
    },
    "broken_symmetry": false,
    "finite_diff_delta": 0.01,
    "finite_diff_acc": 2,
    "apdft_lambdas": [-0.02, -0.01, 0.0, 0.01, 0.02, 0.25, 0.5, 0.75, 1.0, 1.25, 1.5, 1.75, 2.0, 2.25, 2.5, 2.75, 3.0],
    "electronic_energies": [-24.735005555524555, -24.851990767526246, -24.96927226416897, -25.08685021953764, -25.204724802357983, -27.998021502765457, -31.213587600043226, -34.615977458066254, -38.204168872111794, -41.97659979684243, -45.93133002471347, -50.066035914782944, -54.37797490051608, -58.86397085996142, -63.52042905897811, -68.3433713141444, -73.32848492550835],
    "apdft_energies": {
        "0": [-24.969272264169042, -24.969272264169042, -24.969272264169042, -24.969272264169042, -24.969272264169042, -24.969272264169042, -24.969272264169042, -24.969272264169042, -24.969272264169042, -24.969272264169042, -24.969272264169042, -24.969272264169042, -24.969272264169042, -24.969272264169042, -24.969272264169042, -24.969272264169042, -24.969272264169042],
        "1": [-24.734412812157647, -24.851842538163346, -24.969272264169042, -25.08670199017474, -25.204131716180438, -27.905015414311485, -30.84075856445393, -33.77650171459638, -36.71224486473882, -39.647988014881264, -42.58373116502371, -45.51947431516616, -48.4552174653086, -51.39096061545104, -54.32670376559349, -57.262446915735936, -60.19819006587838],
        "2": [-24.735005729609252, -24.851990767526246, -24.969272264169042, -25.08685021953764, -25.204724633632043, -27.997658766124847, -31.21133197170737, -34.61029188091661, -38.194538493752574, -41.96407181021526, -45.91889183030466, -50.058998554020775, -54.38439198136361, -58.895072112333175, -63.59103894692945, -68.47229248515245, -73.53883272700216],
        "3": [-24.735005501068827, -24.851990738958694, -24.969272264169042, -25.086850248105193, -25.20472486217247, -27.99810513414147, -31.214902915840355, -34.62234381736543, -38.22310604681645, -42.01986781229313, -46.01530732189522, -50.21210278372246, -54.612932405874574, -59.220474396451316, -64.03740696355243, -69.06640831527763, -74.31015665972666],
        "4": [-24.735005497496328, -24.851990738735413, -24.969272264169042, -25.086850247881912, -25.204724858599967, -27.998017914905006, -31.213507408056948, -34.61527905921194, -38.20077792228197, -41.96535578950389, -45.90227119143945, -50.00268939697531, -54.255682413323015, -58.64822898601899, -63.165214598924585, -67.789431474226, -72.50157857243437]
    },
    "apdft_poly_coeff": [ -24.969272264169042, -11.742972600569779, -1.4822936290137534, -0.028567553063870335, 0.02232812453447271 ],
    "hf_energies": [-24.5790197748994, -24.695875301676963, -24.81302958202139, -24.930482777281963, -25.048235039743666, -27.839311170876023, -31.05332644349821, -34.454610797585275, -38.04198599506318, -41.8138521305385, -45.76825101310016, -49.90284426410557, -54.21487916303583, -58.701176042107875, -63.35814272011713, -68.18180992553208, -73.16787933639222],
    "triples_corrections": [-0.004346825610654819, -0.004345152797304551, -0.004343179456129466, -0.0043409092598494, -0.004338346941546835, -0.004214103825054119, -0.004011846258581038, -0.00381489020010019, -0.0036424079286557615, -0.0034909297997814896, -0.0033542123062788036, -0.0032274231498664236, -0.0031071012614142324, -0.0029906118411827426, -0.0028759601196934005, -0.00276158147278381, -0.002646279252872994],
    "scf_converged": [true, true, true, true, true, true, true, true, true, true, true, true, true, true, true, true, true],
    "cc_converged": [true, true, true, true, true, true, true, true, true, true, true, true, true, true, true, true, true],
    "scf_spin_squared": [0.7650128812047718, 0.7649448783317658, 0.7648794066442011, 0.7648162259460753, 0.7647549220923753, 0.76347581670501, 0.7617121276552248, 0.7599154337512486, 0.7584465916987302, 0.7573251157556475, 0.7564669210732942, 0.7557925863204913, 0.7552470365726567, 0.754794324928977, 0.7544105560044487, 0.7540789709058067, 0.7537872039491318],
    "cc_spin_squared": [0.7505076278579208, 0.750502059129897, 0.7504965521460143, 0.7504911049497307, 0.750485715033633, 0.7503755458050034, 0.7502833055347891, 0.7502170063547007, 0.7501712136585412, 0.7501398944586706, 0.7501180580241564, 0.750102290035626, 0.7500904557930372, 0.7500812339331693, 0.7500737870658261, 0.7500675545499216, 0.7500621389203208]
}