{
    "schema_name": "pyscf_qa_output",
    "provenance": {
        "creator": "PySCF",
        "version": "1.7.6"
    },
    "molecule": {
        "geometry": [[0.0, 0.0, 0.0], [1.8, 0.0, 0.0]],
        "symbols": [ "C", "H" ]
    },
    "molecular_charge": 2,
    "molecular_multiplicity": 2,
    "name": "c.h.chrg2.mult2.sep1.80-pyscf-uccsdt.ccpv5z",
    "atomic_numbers": [ 6, 1 ],
    "n_electrons": 5,
    "model": {
        "method": "UCCSD(T)",
        "basis": "cc-pV5Z",
        "scf_conv_tol": 1e-09,
        "scf_conv_tol_grad": 1e-06,
        "cc_conv_tol": 1e-05,
        "cc_conv_tol_normt": 1e-07
    },
    "broken_symmetry": false,
    "finite_diff_delta": 0.01,
    "finite_diff_acc": 2,
    "qa_lambdas": [-3.0, -2.75, -2.5, -2.25, -2.0, -1.75, -1.5, -1.25, -1.0, -0.75, -0.5, -0.25, -0.02, -0.01, 0.0, 0.01, 0.02],
    "electronic_energies": [-8.032725370638078, -9.607818312533851, -11.326072394728934, -13.191357049649593, -15.207933200691073, -17.380155776839832, -19.71184950759467, -22.205648015509794, -24.863171529711114, -27.686245313499068, -30.67836309165207, -33.84514293412484, -36.91748102826578, -37.05454820098924, -37.19190593681007, -37.32955414810438, -37.46749273652018],
    "qats_energies": {
        "0": [-37.19190593681006, -37.19190593681006, -37.19190593681006, -37.19190593681006, -37.19190593681006, -37.19190593681006, -37.19190593681006, -37.19190593681006, -37.19190593681006, -37.19190593681006, -37.19190593681006, -37.19190593681006, -37.19190593681006, -37.19190593681006, -37.19190593681006, -37.19190593681006, -37.19190593681006],
        "1": [4.05898613046098, 0.621411791521723, -2.8161625474175267, -6.25373688635678, -9.691311225296033, -13.128885564235286, -16.56645990317454, -20.004034242113793, -23.441608581053046, -26.8791829199923, -30.316757258931553, -33.7543315978708, -36.91689998969492, -37.054402963252485, -37.19190593681006, -37.32940891036763, -37.4669118839252],
        "2": [-9.012410176970391, -10.362192050139356, -11.893521094244868, -13.606397309286926, -15.500820695265531, -17.576791252180684, -19.834308980032382, -22.273373878820628, -24.89398594854542, -27.69614518920676, -30.679851600804646, -33.84510518333908, -36.917480940641916, -37.05454820098924, -37.19190593681006, -37.32955414810438, -37.467492834872196],
        "3": [-9.430855919026797, -10.68450182020711, -12.135677194971954, -13.78292910671697, -15.6248046188378, -17.659850794730076, -19.886614697789433, -22.303643391411512, -24.909483938991954, -27.702683403926393, -30.681788849610463, -33.845347339439805, -36.91748106462584, -37.05454821648723, -37.19190593681006, -37.32955413260639, -37.46749271088827],
        "4": [-5.810102621842432, -8.128008329462691, -10.3895577422403, -12.637300133779732, -14.909594090998912, -17.240607514129202, -19.66031761671541, -22.194510925615784, -24.864783281002026, -27.688539836359265, -30.67899505848609, -33.845172727494536, -36.917481057473736, -37.054548216040224, -37.19190593681006, -37.32955413215938, -37.46749270373617]
    },
    "qats_poly_coeffs": [ -37.19190593681006, -13.750297355757013, -1.4523773674923746, 0.015497990446533548, 0.04470065798993043 ],
    "hf_energies": [-7.951316300478827, -9.525845962039186, -11.242908312470608, -13.106217181798767, -15.120055811325013, -17.289395110120658, -19.618743959271228, -22.110463370494795, -24.765731874705757, -27.586292707003288, -30.57587419320907, -33.74068293288877, -36.811871549211034, -36.94889477251954, -37.08620861222838, -37.22381294000142, -37.361707619671115],
    "triples_corrections": [-0.0003873560258034306, -0.000482460776610554, -0.0006264322172821152, -0.0008220924734310142, -0.0010376866959622916, -0.001197597944942006, -0.0012975541848945426, -0.0013732254148751085, -0.0014420266366392052, -0.001522901808192295, -0.0016178334531544083, -0.0016831615162644967, -0.0016744156862310464, -0.0016728331943016124, -0.001671189626277088, -0.0016694897998730564, -0.0016677384210431181],
    "scf_converged": [true, true, true, true, true, true, true, true, true, true, true, true, true, true, true, true, true],
    "cc_converged": [true, true, true, true, true, true, true, true, true, true, true, true, true, true, true, true, true],
    "scf_spin_squared": [0.7505174584859782, 0.7509292788485418, 0.7525956172505817, 0.7587734217638091, 0.779372156784738, 0.8241653031841913, 0.8666108852617644, 0.8812096483570859, 0.8724007424594951, 0.8492920371510353, 0.8168575520152506, 0.7833648199371841, 0.7644601596182197, 0.7639580013210352, 0.7634783985114224, 0.7630206374664041, 0.7625839951133726],
    "cc_spin_squared": [0.7500070352206294, 0.750015321652048, 0.7500363034806351, 0.7500837130428918, 0.7501727751094902, 0.750286135738948, 0.750358846069309, 0.7503629183670871, 0.7503202012952777, 0.7502626825951855, 0.7502018437481024, 0.7501334568632199, 0.7500770025608203, 0.7500750662419002, 0.7500731815923366, 0.7500713486746968, 0.7500695674190457]
}