{
    "schema_name": "pyscf_apdft_output",
    "provenance": {
        "creator": "PySCF",
        "version": "1.7.6"
    },
    "molecule": {
        "geometry": [[0.0, 0.0, 0.0], [0.8, 0.0, 0.0]],
        "symbols": [ "Li", "H" ]
    },
    "molecular_charge": -1,
    "molecular_multiplicity": 2,
    "name": "li.h.chrg-1.mult2.sep0.80-pyscf-uccsdt.ccpv5z",
    "atomic_numbers": [ 3, 1 ],
    "n_electrons": 5,
    "model": {
        "method": "UCCSD(T)",
        "basis": "cc-pV5Z",
        "scf_conv_tol": 1e-09,
        "scf_conv_tol_grad": 1e-06,
        "cc_conv_tol": 1e-05,
        "cc_conv_tol_normt": 1e-07
    },
    "broken_symmetry": false,
    "finite_diff_delta": 0.01,
    "finite_diff_acc": 2,
    "apdft_lambdas": [-0.02, -0.01, 0.0, 0.01, 0.02, 0.25, 0.5, 0.75, 1.0, 1.25, 1.5, 1.75, 2.0, 2.25, 2.5, 2.75, 3.0],
    "electronic_energies": [-7.711286709559524, -7.770314634605133, -7.829592283094603, -7.889119831990216, -7.948897458444636, -9.393132539694463, -11.113840424006339, -12.989531255854478, -15.016653269055244, -17.190988929174345, -19.5074462640463, -21.960008339931793, -24.5418816332271, -27.24577373049353, -30.064215191485502, -32.98984986361613, -36.01564603875522],
    "apdft_energies": {
        "0": [-7.8295922830946685, -7.8295922830946685, -7.8295922830946685, -7.8295922830946685, -7.8295922830946685, -7.8295922830946685, -7.8295922830946685, -7.8295922830946685, -7.8295922830946685, -7.8295922830946685, -7.8295922830946685, -7.8295922830946685, -7.8295922830946685, -7.8295922830946685, -7.8295922830946685, -7.8295922830946685, -7.8295922830946685],
        "1": [-7.710787085709585, -7.770189684402126, -7.8295922830946685, -7.888994881787211, -7.948397480479752, -9.314657250408212, -10.799722217721754, -12.284787185035299, -13.76985215234884, -15.254917119662384, -16.739982086975928, -18.22504705428947, -19.710112021603013, -21.195176988916554, -22.6802419562301, -24.165306923543643, -25.650371890857187],
        "2": [-7.711286886521609, -7.770314634605133, -7.8295922830946685, -7.889119831990216, -7.948897281291776, -9.392751127287005, -11.112097725236927, -12.987632076944436, -15.01935418240953, -17.20726404163221, -19.551361654612478, -22.05164702135033, -24.70812014184577, -27.5207810160988, -30.48962964410941, -33.614666025877604, -36.89589016140339],
        "3": [-7.71128665044498, -7.770314605095554, -7.8295922830946685, -7.889119861499795, -7.9488975173684056, -9.393212214454294, -11.115786422575246, -13.000081430461261, -15.048863761116078, -17.264899937543436, -19.650956482747077, -22.209799919730735, -24.94419677149815, -27.856913561053062, -30.95071681139921, -34.22837304554033, -37.69264878648017],
        "4": [-7.71128665057216, -7.770314605103503, -7.8295922830946685, -7.889119861507743, -7.9488975174955865, -9.3932153194503, -11.115836102511336, -13.00033293513772, -15.049658640093531, -17.266840560046987, -19.654980557570436, -22.21725501514037, -24.956914835137415, -27.877285439846325, -30.98176677145601, -34.27383329205949, -37.75703398365395]
    },
    "apdft_poly_coeff": [ -7.8295922830946685, -5.940259869254172, -1.2495020300606896, -0.029509578706547277, -0.0007948789774540425 ],
    "hf_energies": [-7.626982867926049, -7.686081120339802, -7.745427846321194, -7.805023294729756, -7.864867716495399, -9.310511159547364, -11.032977684395316, -12.910790441194493, -14.9402325065206, -17.116916054249394, -19.435583734908484, -21.890071430327346, -24.473475446617652, -27.17844132836995, -29.997487624138063, -32.9232902264083, -35.94888383906516],
    "triples_corrections": [-0.0008091690455603694, -0.0008064761780117371, -0.0008039450459046463, -0.0008015656743845097, -0.0007993281811240747, -0.0007675064218448424, -0.0007342909302950724, -0.0007000121186795877, -0.000672459414640537, -0.0006527233898012396, -0.0006399710852766882, -0.0006330387256257065, -0.0006307757724790555, -0.0006319497011150881, -0.0006351175452989276, -0.0006385279233992257, -0.0006401823793986252],
    "scf_converged": [true, true, true, true, true, true, true, true, true, true, true, true, true, true, true, true, true],
    "cc_converged": [true, true, true, true, true, true, true, true, true, true, true, true, true, true, true, true, true],
    "scf_spin_squared": [0.7519217065779222, 0.751860421279444, 0.7518043783054922, 0.7517529547590163, 0.7517056135954503, 0.7511344070024006, 0.7508314587126379, 0.7506471622293764, 0.7505474413108391, 0.750503720950793, 0.750498502832085, 0.7505218853487734, 0.7505677667708708, 0.7506313490085366, 0.750707419521716, 0.7507892923099877, 0.7508685774679624],
    "cc_spin_squared": [0.750036894638144, 0.7500362244070449, 0.7500355938591813, 0.7500349989585303, 0.7500344361543042, 0.7500260663727024, 0.7500209241602664, 0.7500178256390437, 0.7500159651871124, 0.7500148165083, 0.7500140862892841, 0.75001359992989, 0.7500132556571709, 0.7500129757531449, 0.7500126980309112, 0.7500123674035422, 0.7500119408052313]
}