{
    "schema_name": "pyscf_qa_output",
    "provenance": {
        "creator": "PySCF",
        "version": "1.7.6"
    },
    "molecule": {
        "geometry": [[0.0, 0.0, 0.0], [1.5, 0.0, 0.0]],
        "symbols": [ "Be", "H" ]
    },
    "molecular_charge": 1,
    "molecular_multiplicity": 1,
    "name": "be.h.chrg1.mult1.sep1.50-pyscf-ccsdt.ccpv5z",
    "atomic_numbers": [ 4, 1 ],
    "n_electrons": 4,
    "model": {
        "method": "CCSD(T)",
        "basis": "cc-pV5Z",
        "scf_conv_tol": 1e-09,
        "scf_conv_tol_grad": 1e-06,
        "cc_conv_tol": 1e-05,
        "cc_conv_tol_normt": 1e-07
    },
    "broken_symmetry": false,
    "finite_diff_delta": 0.01,
    "finite_diff_acc": 2,
    "qa_lambdas": [-1.0, -0.75, -0.5, -0.25, -0.02, -0.01, 0.0, 0.01, 0.02, 0.25, 0.5, 0.75, 1.0],
    "electronic_energies": [-8.058859275958776, -9.564484783578385, -11.207312355346401, -12.989661001686537, -14.755006466967663, -14.83452773411124, -14.914281194965735, -14.994267041079539, -15.074485463728118, -16.98413366665559, -19.20208583283138, -21.57065746780138, -24.091751529446253],
    "qats_energies": {
        "0": [-14.914281194965769, -14.914281194965769, -14.914281194965769, -14.914281194965769, -14.914281194965769, -14.914281194965769, -14.914281194965769, -14.914281194965769, -14.914281194965769, -14.914281194965769, -14.914281194965769, -14.914281194965769, -14.914281194965769],
        "1": [-6.92731584655087, -8.924057183654595, -10.92079852075832, -12.917539857862044, -14.75454188799747, -14.83441154148162, -14.914281194965769, -14.994150848449918, -15.074020501934067, -16.911022532069495, -18.907763869173216, -20.904505206276944, -22.901246543380665],
        "2": [-8.08924214276013, -9.577640725272303, -11.211280094810634, -12.990160251375123, -14.755006658515954, -14.83452773411124, -14.914281194965769, -14.994267041079539, -15.07448527245255, -16.983642925582572, -19.19824544322553, -21.55808874789465, -24.063172839589924],
        "3": [-8.057340154449825, -9.564182073953894, -11.207292346271846, -12.989661782807774, -14.755006403300047, -14.834527702209252, -14.914281194965769, -14.994267072981527, -15.074485527668458, -16.98414139414992, -19.20223319176432, -21.57154739921306, -24.09507482790023],
        "4": [-8.056203818979661, -9.563822530309036, -11.20722132530496, -12.989657343997344, -14.755006403118234, -14.834527702197889, -14.914281194965769, -14.994267072970164, -15.074485527486644, -16.98413695533949, -19.202162170797436, -21.571187855568205, -24.093938492430066]
    },
    "qats_poly_coeffs": [ -14.914281194965769, -7.986965348414898, -1.1619262962092591, -0.03190198831030481, 0.0011363354701643402 ],
    "hf_energies": [-7.9850985144695565, -9.492591229799116, -11.136787520327951, -12.919881071153977, -14.685345940577307, -14.76486146489766, -14.844608385052677, -14.924586909588161, -15.004797247270801, -16.914095154717742, -19.1315258686556, -21.4996581385341, -24.020255051956287],
    "triples_corrections": [-0.00016274256984094508, -0.00015967118733441204, -0.00016873314144727922, -0.00018945216224683056, -0.00021864405090378714, -0.0002201163333404533, -0.00022160388981911763, -0.00022310644497413942, -0.00022462371017725085, -0.00026271302406072566, -0.0003059145032805579, -0.0003420090778870256, -0.00036546793245269645],
    "scf_converged": [true, true, true, true, true, true, true, true, true, true, true, true, true],
    "cc_converged": [true, true, true, true, true, true, true, true, true, true, true, true, true],
    "t1_diagnostic": [0.006527532868825271, 0.007240269030983433, 0.008466285619382034, 0.010092519169542674, 0.011817103787224536, 0.011893634918321535, 0.011970095694062365, 0.012046459532266076, 0.012122699567203885, 0.013778768569573054, 0.015125312785993559, 0.015811771788100344, 0.0159722991171216]
}