{
    "schema_name": "pyscf_apdft_output",
    "provenance": {
        "creator": "PySCF",
        "version": "1.7.6"
    },
    "molecule": {
        "geometry": [[0.0, 0.0, 0.0], [1.3, 0.0, 0.0]],
        "symbols": [ "B", "H" ]
    },
    "molecular_charge": 1,
    "molecular_multiplicity": 4,
    "name": "b.h.chrg1.mult4.sep1.30-pyscf-uccsdt.ccpv5z",
    "atomic_numbers": [ 5, 1 ],
    "n_electrons": 5,
    "model": {
        "method": "UCCSD(T)",
        "basis": "cc-pV5Z",
        "scf_conv_tol": 1e-09,
        "scf_conv_tol_grad": 1e-06,
        "cc_conv_tol": 1e-05,
        "cc_conv_tol_normt": 1e-07
    },
    "broken_symmetry": false,
    "finite_diff_delta": 0.01,
    "finite_diff_acc": 2,
    "apdft_lambdas": [-2.0, -1.75, -1.5, -1.25, -1.0, -0.75, -0.5, -0.25, -0.02, -0.01, 0.0, 0.01, 0.02, 0.25, 0.5, 0.75, 1.0],
    "electronic_energies": [-7.877689254467523, -9.436200623828402, -11.142362278668964, -13.000376058551137, -15.013728363437673, -17.18479987847531, -19.515094778552427, -22.00572715959517, -24.43962686902586, -24.548560523981628, -24.65775410678455, -24.767207690401975, -24.876921347911843, -27.472284963039975, -30.450458887665253, -33.59332541767149, -36.901591597111526],
    "apdft_energies": {
        "0": [-24.65775410678459, -24.65775410678459, -24.65775410678459, -24.65775410678459, -24.65775410678459, -24.65775410678459, -24.65775410678459, -24.65775410678459, -24.65775410678459, -24.65775410678459, -24.65775410678459, -24.65775410678459, -24.65775410678459, -24.65775410678459, -24.65775410678459, -24.65775410678459, -24.65775410678459],
        "1": [-2.7930374647499256, -5.526127045004259, -8.259216625258592, -10.992306205512925, -13.725395785767258, -16.45848536602159, -19.191574946275924, -21.924664526530258, -24.439106940364244, -24.548430523574417, -24.65775410678459, -24.767077689994764, -24.876401273204937, -27.390843687038924, -30.123933267293257, -32.85702284754759, -35.59011242780193],
        "2": [-7.993053753176849, -9.507389515831122, -11.184225787498736, -13.023562568179692, -15.025399857873989, -17.189737656581627, -19.516575964302607, -22.005914781036928, -24.439626941993087, -24.548560523981628, -24.65775410678459, -24.767207690401975, -24.87692127483378, -27.472093941545594, -30.44893428531994, -33.588275138107626, -36.89011649990866],
        "3": [-7.895690227934704, -9.442163560444294, -11.143150550287206, -12.999792176274871, -15.01322941721872, -17.184603251930184, -19.5150546592207, -22.00572461790169, -24.43962684462956, -24.54856051181119, -24.65775410678459, -24.767207702572414, -24.876921372197305, -27.47228410468083, -30.450455590401848, -33.59340954275907, -36.902286940563926],
        "4": [-7.903078451301138, -9.446494401338533, -11.145488230336742, -13.000919529693821, -15.013691181179123, -17.18474935693328, -19.515083519468224, -22.00572642166716, -24.439626844703444, -24.548560511815804, -24.65775410678459, -24.767207702577032, -24.876921372271187, -27.472285908446302, -30.450484450649373, -33.59355564776216, -36.90274870452433]
    },
    "apdft_poly_coeff": [ -24.65775410678459, -10.932358321017333, -1.3000040721067307, -0.012170440655268065, -0.0004617639604020951 ],
    "hf_energies": [-7.828831954377911, -9.387367709960795, -11.09363038269722, -12.95197262547596, -14.965938603291038, -17.13784268464085, -19.469086073275285, -21.96070543874683, -24.39551065683424, -24.50448339223155, -24.613716029520127, -24.723208641967847, -24.832961303035656, -27.42921718550939, -30.408370789558287, -33.55228364070686, -36.861742415362755],
    "triples_corrections": [-0.000156441117081947, -0.00016144845012540637, -0.00016936124188206587, -0.00017516452576499326, -0.00017633870366116057, -0.00017346425542091577, -0.00016826739219508692, -0.00016200828720493827, -0.00015579459596473628, -0.00015551661921494212, -0.0001552379730300076, -0.00015495864970371053, -0.00015467864075198795, -0.00014801913958649093, -0.00014010861913663777, -0.0001311287164707897, -0.00012081549773351326],
    "scf_converged": [true, true, true, true, true, true, true, true, true, true, true, true, true, true, true, true, true],
    "cc_converged": [true, true, true, true, true, true, true, true, true, true, true, true, true, true, true, true, true],
    "scf_spin_squared": [3.750017587576214, 3.7500108484333206, 3.7500082624245463, 3.7500075545700335, 3.7500076561571936, 3.750007999943169, 3.7500083238884385, 3.7500085421799407, 3.7500086423151413, 3.7500086446996708, 3.75000864693481, 3.7500086490225746, 3.7500086509650563, 3.7500086608245944, 3.7500086220851925, 3.7500085763756346, 3.750008558259143],
    "cc_spin_squared": [3.750000771531246, 3.7500005464446264, 3.7500004590001867, 3.7500004193789453, 3.750000390492527, 3.7500003617694517, 3.7500003329597296, 3.7500003053832893, 3.75000028167362, 3.750000280680569, 3.7500002796906324, 3.750000278703716, 3.7500002777198596, 3.750000255876839, 3.7500002334976585, 3.7500002118360616, 3.750000190167703]
}