{
    "schema_name": "pyscf_qa_output",
    "provenance": {
        "creator": "PySCF",
        "version": "1.7.6"
    },
    "molecule": {
        "geometry": [[0.0, 0.0, 0.0], [1.5, 0.0, 0.0]],
        "symbols": [ "F", "H" ]
    },
    "molecular_charge": 2,
    "molecular_multiplicity": 3,
    "name": "f.h.chrg2.mult3.sep1.50-pyscf-uccsdt.ccpv5z",
    "atomic_numbers": [ 9, 1 ],
    "n_electrons": 8,
    "model": {
        "method": "UCCSD(T)",
        "basis": "cc-pV5Z",
        "scf_conv_tol": 1e-09,
        "scf_conv_tol_grad": 1e-06,
        "cc_conv_tol": 1e-05,
        "cc_conv_tol_normt": 1e-07
    },
    "broken_symmetry": false,
    "finite_diff_delta": 0.01,
    "finite_diff_acc": 2,
    "qa_lambdas": [-3.0, -2.75, -2.5, -2.25, -2.0, -1.75, -1.5, -1.25, -1.0, -0.75, -0.5, -0.25, -0.02, -0.01, 0.0, 0.01, 0.02],
    "electronic_energies": [-38.43819523658164, -42.312034950035624, -46.3841874107365, -50.65855065976501, -55.13854091021766, -59.82717962902154, -64.727433460029, -69.84266242329501, -75.17684249130566, -80.73384004533551, -86.51620842077594, -92.52448533209201, -98.25072398365621, -98.50398889860082, -98.75761108558845, -99.01159043775037, -99.26592684850425],
    "qats_energies": {
        "0": [-98.75761108558835, -98.75761108558835, -98.75761108558835, -98.75761108558835, -98.75761108558835, -98.75761108558835, -98.75761108558835, -98.75761108558835, -98.75761108558835, -98.75761108558835, -98.75761108558835, -98.75761108558835, -98.75761108558835, -98.75761108558835, -98.75761108558835, -98.75761108558835, -98.75761108558835],
        "1": [-22.61738021315624, -28.962399452525588, -35.307418691894924, -41.65243793126427, -47.99745717063361, -54.34247641000295, -60.687495649372295, -67.03251488874164, -73.37753412811098, -79.72255336748032, -86.06757260684967, -92.41259184621902, -98.2500095464388, -98.50381031601358, -98.75761108558835, -99.01141185516312, -99.2652126247379],
        "2": [-38.68981306529734, -42.46770761300526, -46.46883039477069, -50.69318141059364, -55.1407606604741, -59.81156814441208, -64.70560386240757, -69.82286781446058, -75.1633600005711, -80.72708042073914, -86.5140290749647, -92.52420596324777, -98.25072387678779, -98.50398889860082, -98.75761108558835, -99.01159043775037, -99.26592695508688],
        "3": [-39.170077949159335, -42.8376338632485, -46.746761461820455, -50.89579315847291, -55.28306136680358, -59.90689850041015, -64.76563697289032, -69.8576091978418, -75.18114758886229, -80.73458455954949, -86.5162525235011, -92.52448389431481, -98.2507240190885, -98.50398891638841, -98.75761108558835, -99.01159041996279, -99.26592681278618],
        "4": [-39.26653359263172, -42.90573798535878, -46.79327749358761, -50.92631232691535, -55.30211433341541, -59.91806699963744, -64.77166545060734, -69.86051644982724, -75.18233839927552, -80.7349613394068, -86.51632694915192, -92.52448854591799, -98.25072401927902, -98.50398891640032, -98.75761108558835, -99.0115904199747, -99.2659268129767]
    },
    "qats_poly_coeffs": [ -98.75761108558835, -25.38007695747737, -1.7858258724601228, 0.01778758829118487, -0.0011908104132392812 ],
    "hf_energies": [-38.23894415454849, -42.10506979723602, -46.17140621855875, -50.44224788189414, -54.920033582608234, -59.606531419212985, -64.50377662354617, -69.61517140457924, -74.94681206252123, -80.50501832905132, -86.29037150471295, -92.30138299064384, -98.02960484494191, -98.28294632833492, -98.5366444114688, -98.79069900366154, -99.04511001443566],
    "triples_corrections": [-0.005953957351345472, -0.006355327249763749, -0.00667018584379998, -0.006887090014233464, -0.006951957974686209, -0.006823027655760442, -0.0064824818664266145, -0.005959085114333619, -0.005392895224560154, -0.004799202451291932, -0.004137115286338867, -0.0035667433334653996, -0.003162334763178502, -0.003147071495603375, -0.0031319803029118036, -0.003117058543490684, -0.0031023035831967975],
    "scf_converged": [true, true, true, true, true, true, true, true, true, true, true, true, true, true, true, true, true],
    "cc_converged": [true, true, true, true, true, true, true, true, true, true, true, true, true, true, true, true, true],
    "scf_spin_squared": [2.033514007571452, 2.082460713194336, 2.1999387499413143, 2.316964258325009, 2.394189693842455, 2.4252323438996797, 2.4036848452818105, 2.3138765202009566, 2.158826403649178, 2.0531259201107845, 2.0217877350076687, 2.012139998630749, 2.008507416580782, 2.0084004628226406, 2.008296465476468, 2.0081953135629464, 2.0080969010501013],
    "cc_spin_squared": [2.0015515834367754, 2.002733836833996, 2.0048835563721665, 2.0076386187644033, 2.0100784504258185, 2.010995597716228, 2.009646108133123, 2.006604400615756, 2.0034745736772965, 2.0015153654778253, 2.0006462193507515, 2.0002971803108087, 2.0001644556500118, 2.0001607663666565, 2.0001571990635396, 2.0001537491184758, 2.0001504120909237]
}