{
    "schema_name": "pyscf_apdft_output",
    "provenance": {
        "creator": "PySCF",
        "version": "1.7.6"
    },
    "molecule": {
        "geometry": [[0.0, 0.0, 0.0], [1.0, 0.0, 0.0]],
        "symbols": [ "F", "H" ]
    },
    "molecular_charge": 1,
    "molecular_multiplicity": 4,
    "name": "f.h.chrg1.mult4.sep1.00-pyscf-uccsdt.ccpv5z",
    "atomic_numbers": [ 9, 1 ],
    "n_electrons": 9,
    "model": {
        "method": "UCCSD(T)",
        "basis": "cc-pV5Z",
        "scf_conv_tol": 1e-09,
        "scf_conv_tol_grad": 1e-06,
        "cc_conv_tol": 1e-05,
        "cc_conv_tol_normt": 1e-07
    },
    "broken_symmetry": false,
    "finite_diff_delta": 0.01,
    "finite_diff_acc": 2,
    "apdft_lambdas": [-2.0, -1.75, -1.5, -1.25, -1.0, -0.75, -0.5, -0.25, -0.02, -0.01, 0.0, 0.01, 0.02, 0.25, 0.5, 0.75, 1.0],
    "electronic_energies": [-55.10317965019198, -59.863252416992864, -64.83609580206415, -70.02545887195816, -75.4351380993515, -81.06831588944864, -86.92678937674268, -93.01090417470087, -98.80715207548828, -99.06347640643557, -99.32015975955971, -99.5772020811105, -99.83460331725294, -105.85376735345672, -112.61087372534088, -119.59058458986259, -126.79192706561273],
    "apdft_energies": {
        "0": [-99.32015975955971, -99.32015975955971, -99.32015975955971, -99.32015975955971, -99.32015975955971, -99.32015975955971, -99.32015975955971, -99.32015975955971, -99.32015975955971, -99.32015975955971, -99.32015975955971, -99.32015975955971, -99.32015975955971, -99.32015975955971, -99.32015975955971, -99.32015975955971, -99.32015975955971],
        "1": [-47.9475922920667, -54.36916322550333, -60.790734158939955, -67.21230509237658, -73.63387602581321, -80.05544695924984, -86.47701789268646, -92.89858882612309, -98.80643408488478, -99.06329692222225, -99.32015975955971, -99.57702259689718, -99.83388543423465, -105.74173069299634, -112.16330162643297, -118.5848725598696, -125.00644349330622],
        "2": [-55.12696082484149, -59.865867258409025, -64.82912895862577, -70.01674592549173, -75.4287181590069, -81.06504565917129, -86.92572842598489, -93.0107664594477, -98.80715202173806, -99.06347640643557, -99.32015975955971, -99.5772020811105, -99.83460337108792, -105.85390832632095, -112.61201215973139, -119.59447125979105, -126.80128562649992],
        "3": [-55.19868428756604, -59.91391637503895, -64.85938729446269, -70.03425653650847, -75.43768359184747, -81.06882795115091, -86.92684910508996, -93.01090654433582, -98.80715209346153, -99.063476415401, -99.32015975955971, -99.57720207214507, -99.83460329936446, -105.85376824143282, -112.61089148062632, -119.59068896781143, -126.79232019365935],
        "4": [-55.19303120956033, -59.91060264449898, -64.85759862524995, -70.03339394526003, -75.43733027447212, -81.0687161593251, -86.926827022754, -93.01090516418984, -98.807152093405, -99.06347641539747, -99.32015975955971, -99.57720207214153, -99.83460329930793, -105.85376686128681, -112.61086939829036, -119.59057717598563, -126.791966876284]
    },
    "apdft_poly_coeff": [ -99.32015975955971, -25.686283733746507, -1.794842133193697, 0.008965432840568608, 0.0003533173753567098 ],
    "hf_energies": [-54.87941214913248, -59.63624819081118, -64.60632260183867, -69.79341964112007, -75.20156359878587, -80.8341861482799, -86.6930339960468, -92.77814333163316, -98.57561072155158, -98.83199237443793, -99.0887333411578, -99.34583356149656, -99.60329297535577, -105.62386022646605, -112.38259840691055, -119.36401984320297, -126.56713690156175],
    "triples_corrections": [-0.005370132313542455, -0.005261163202291608, -0.005110608885793466, -0.004916534315099436, -0.004665542226823787, -0.004356215427482926, -0.0040171154951947384, -0.003684631106340673, -0.0034020176431000036, -0.0033903297787783106, -0.0033786928765079374, -0.0033671069359264075, -0.0033555719429003016, -0.0031041394122030817, -0.0028594456539825035, -0.002641497571560076, -0.002447079372077119],
    "scf_converged": [true, true, true, true, true, true, true, true, true, true, true, true, true, true, true, true, true],
    "cc_converged": [true, true, true, true, true, true, true, true, true, true, true, true, true, true, true, true, true],
    "scf_spin_squared": [3.765160592933437, 3.764188946140799, 3.762955954044277, 3.7613238471946993, 3.7594567615234737, 3.757776155604623, 3.7565353894225537, 3.7556671570452616, 3.7550697613063497, 3.7550467741947156, 3.7550239945421438, 3.7550014183028515, 3.7549790415538236, 3.7545119851173663, 3.7540853793468094, 3.753721681950233, 3.7534079427552904],
    "cc_spin_squared": [3.7503164737749657, 3.750288164996671, 3.7502603922422386, 3.75023104771137, 3.7501981994868396, 3.750163049937498, 3.750130505402633, 3.750104150427161, 3.750085460785079, 3.750084752011965, 3.7500840510484, 3.7500833577947965, 3.7500826721522387, 3.7500687899280667, 3.7500570293799775, 3.750047819453302, 3.750040512329412]
}