{
    "schema_name": "pyscf_qa_output",
    "provenance": {
        "creator": "PySCF",
        "version": "1.7.6"
    },
    "molecule": {
        "geometry": [[0.0, 0.0, 0.0], [1.9, 0.0, 0.0]],
        "symbols": [ "B", "H" ]
    },
    "molecular_charge": 0,
    "molecular_multiplicity": 1,
    "name": "b.h.chrg0.mult1.sep1.90-pyscf-ccsdt.ccpv5z",
    "atomic_numbers": [ 5, 1 ],
    "n_electrons": 6,
    "model": {
        "method": "CCSD(T)",
        "basis": "cc-pV5Z",
        "scf_conv_tol": 1e-09,
        "scf_conv_tol_grad": 1e-06,
        "cc_conv_tol": 1e-05,
        "cc_conv_tol_normt": 1e-07
    },
    "broken_symmetry": false,
    "finite_diff_delta": 0.01,
    "finite_diff_acc": 2,
    "qa_lambdas": [-1.0, -0.75, -0.5, -0.25, -0.02, -0.01, 0.0, 0.01, 0.02, 0.25, 0.5, 0.75, 1.0, 1.25, 1.5, 1.75, 2.0],
    "electronic_energies": [-15.227018315892785, -17.47020982408213, -19.879444556871512, -22.457403247628385, -24.98024760792253, -25.093251255695932, -25.206532306932736, -25.32009089353726, -25.433927146336753, -28.129067255274396, -31.226628293137612, -34.50001780278605, -37.94975198966508, -41.57731499615698, -45.38623931593709, -49.379722060087474, -53.554817814408445],
    "qats_energies": {
        "0": [-25.206532306932747, -25.206532306932747, -25.206532306932747, -25.206532306932747, -25.206532306932747, -25.206532306932747, -25.206532306932747, -25.206532306932747, -25.206532306932747, -25.206532306932747, -25.206532306932747, -25.206532306932747, -25.206532306932747, -25.206532306932747, -25.206532306932747, -25.206532306932747, -25.206532306932747],
        "1": [-13.864550414866425, -16.700045887883007, -19.535541360899586, -22.371036833916165, -24.97969266909142, -25.093112488012082, -25.206532306932747, -25.319952125853412, -25.433371944774073, -28.04202777994933, -30.877523252965908, -33.71301872598249, -36.54851419899907, -39.38400967201565, -42.21950514503223, -45.05500061804881, -47.89049609106539],
        "2": [-15.252227253353265, -17.480614109531853, -19.882460570521296, -22.457766636321594, -24.980247739826815, -25.093251255695932, -25.206532306932747, -25.32009089353726, -25.433927015509468, -28.128757582354755, -31.224442462587618, -34.493586947631336, -37.93619103748591, -41.55225473215134, -45.34177803162762, -49.30476093591476, -53.441203445012746],
        "3": [-15.230332955719122, -17.471377452717448, -19.87972378331703, -22.45742453792106, -24.980247564672435, -25.093251233801634, -25.206532306932747, -25.320090915431557, -25.433927190663848, -28.12909968075529, -31.227179249791885, -34.50282360444574, -37.95808533512005, -41.595017032218024, -45.41567128614285, -49.42210068729774, -53.616357826085896],
        "4": [-15.225845434253587, -17.469957572878744, -19.879443313225433, -22.457407008540336, -24.980247563954432, -25.09325123375676, -25.206532306932747, -25.320090915386682, -25.433927189945845, -28.129082151374565, -31.22689877970029, -34.50140372460704, -37.95359781365452, -41.584061169265055, -45.39295320872358, -49.38001264417763, -53.54455748263734]
    },
    "qats_poly_coeffs": [ -25.206532306932747, -11.341981892066322, -1.3876768384868399, -0.02189429763414333, 0.004487521465534883 ],
    "hf_energies": [-15.106050420055542, -17.344919677830084, -19.748937332877116, -22.320523557795333, -24.836250596582477, -24.948917576977667, -25.061859902298636, -25.175077747349675, -25.28857128828155, -27.97543869761082, -31.064210065134734, -34.33134090264711, -37.779748504077396, -41.41152152836032, -45.2272406578643, -49.22521137962127, -53.400927759392744],
    "triples_corrections": [-0.002463677640395243, -0.002784743854999982, -0.0031383615167742047, -0.0035464953563496444, -0.00397891225403059, -0.003998590065011041, -0.004018305428493038, -0.004038052736568424, -0.004057826246186848, -0.0045040809024826005, -0.004892970200072738, -0.005070371740321072, -0.004963894900969271, -0.004564331960294013, -0.0040495958975083225, -0.0037849136928036773, -0.0038620192791017703],
    "scf_converged": [true, true, true, true, true, true, true, true, true, true, true, true, true, true, true, true, true],
    "cc_converged": [true, true, true, true, true, true, true, true, true, true, true, true, true, true, true, true, true],
    "t1_diagnostic": [0.01839338251592793, 0.017856611563777415, 0.01857356335023321, 0.02025555944081475, 0.021808624976991, 0.02185777297875043, 0.021904571935585405, 0.021948932863073003, 0.021990770034605957, 0.022119606438251754, 0.020729198276693152, 0.020694215963863463, 0.02426539166601005, 0.026367045090476653, 0.021375700629677228, 0.012094302398015568, 0.006080361223665723]
}