{
    "schema_name": "pyscf_qa_output",
    "provenance": {
        "creator": "PySCF",
        "version": "1.7.6"
    },
    "molecule": {
        "geometry": [[0.0, 0.0, 0.0], [1.8, 0.0, 0.0]],
        "symbols": [ "N", "H" ]
    },
    "molecular_charge": 0,
    "molecular_multiplicity": 3,
    "name": "n.h.chrg0.mult3.sep1.80-pyscf-uccsdt.ccpv5z",
    "atomic_numbers": [ 7, 1 ],
    "n_electrons": 8,
    "model": {
        "method": "UCCSD(T)",
        "basis": "cc-pV5Z",
        "scf_conv_tol": 1e-09,
        "scf_conv_tol_grad": 1e-06,
        "cc_conv_tol": 1e-05,
        "cc_conv_tol_normt": 1e-07
    },
    "broken_symmetry": false,
    "finite_diff_delta": 0.01,
    "finite_diff_acc": 2,
    "qa_lambdas": [-1.0, -0.75, -0.5, -0.25, -0.02, -0.01, 0.0, 0.01, 0.02, 0.25, 0.5, 0.75, 1.0, 1.25, 1.5, 1.75, 2.0],
    "electronic_energies": [-38.43411984837801, -42.29062360339507, -46.35163774973798, -50.6191163495036, -54.72921290674579, -54.91192840123149, -55.09497904518738, -55.27836489961597, -55.46208602400879, -59.78036256213298, -64.67662253782284, -69.78662437534479, -75.11767133013865, -80.67651087907997, -86.46135981362443, -92.46658342279963, -98.68595772080607],
    "qats_energies": {
        "0": [-55.094979045187344, -55.094979045187344, -55.094979045187344, -55.094979045187344, -55.094979045187344, -55.094979045187344, -55.094979045187344, -55.094979045187344, -55.094979045187344, -55.094979045187344, -55.094979045187344, -55.094979045187344, -55.094979045187344, -55.094979045187344, -55.094979045187344, -55.094979045187344, -55.094979045187344],
        "1": [-36.773154125963316, -41.35361035576932, -45.93406658557533, -50.51452281538134, -54.72854254680286, -54.91176079599511, -55.094979045187344, -55.27819729437958, -55.461415543571825, -59.67543527499335, -64.25589150479937, -68.83634773460537, -73.41680396441137, -77.99726019421738, -82.57771642402338, -87.1581726538294, -91.7386288836354],
        "2": [-38.449206489847, -42.296389810453896, -46.35307967654625, -50.61927608812407, -54.72921296774842, -54.91192840123149, -55.094979045187344, -55.27836489961597, -55.46208596451738, -59.78018854773608, -64.67490459577027, -69.77912718928994, -75.09285632829506, -80.61609201278563, -86.34883424276168, -92.29108301822318, -98.44283833917014],
        "3": [-38.43916532017349, -42.29215369199788, -46.35182453033706, -50.61911919484792, -54.72921288741906, -54.91192839119032, -55.094979045187344, -55.27836490965714, -55.462086044846735, -59.78034544101223, -64.67615974197946, -69.78336330774596, -75.10289749796857, -80.63570367230422, -86.38272319040979, -92.34489741194216, -98.52316769655825],
        "4": [-38.432868727296764, -42.29016141065798, -46.351430993282264, -50.61909459878199, -54.7292128864116, -54.911928391127354, -55.094979045187344, -55.278364909594174, -55.46208604383928, -59.7803208449463, -64.67576620492467, -69.78137102640605, -75.09660090509185, -80.62033113110127, -86.35084668897136, -92.28584225765692, -98.42242221053061]
    },
    "qats_poly_coeffs": [ -55.094979045187344, -18.321824919224028, -1.6760523638836844, -0.010041169673513648, 0.006296592876727421 ],
    "hf_energies": [-38.23773788036668, -42.09363525109951, -46.126799265865124, -50.38036164278281, -54.478904762586666, -54.661189292391796, -54.843816894830525, -55.02678786459153, -55.210102495478715, -59.52184702128702, -64.41869111173213, -69.53671116919426, -74.90716174037523, -80.46163081511902, -86.25121613707714, -92.2602538816559, -98.48268271924994],
    "triples_corrections": [-0.007535163451236051, -0.007998167967561599, -0.010164984987277761, -0.01081443139565332, -0.011105136787581784, -0.011111282615856428, -0.01111695501764753, -0.011122203422026461, -0.011126952666327041, -0.011123922083290862, -0.010833030293801416, -0.010118929685815998, -0.005541349757020172, -0.004822215402948432, -0.003901745802601921, -0.003279380834972225, -0.0028695727986079505],
    "scf_converged": [true, true, true, true, true, true, true, true, true, true, true, true, true, true, true, true, true],
    "cc_converged": [true, true, true, true, true, true, true, true, true, true, true, true, true, true, true, true, true],
    "scf_spin_squared": [2.22220603103741, 2.4829585270157324, 2.0812485516633896, 2.0524369371515983, 2.0442834754888226, 2.044099781501051, 2.043927938505784, 2.0437701239221884, 2.043621504221139, 2.0435422491459425, 2.055414304187115, 2.163294043184382, 2.4804039556028337, 2.07706102677426, 2.018133926481909, 2.009537030157248, 2.0068575999344374],
    "cc_spin_squared": [2.0114132161379534, 2.0279844205655344, 2.014079971912207, 2.030018440513599, 2.0451585319913947, 2.0457177990406947, 2.0462626909310084, 2.046791990942352, 2.047305889120138, 2.053148688522021, 2.042574446292578, 2.0168236397704593, 2.0173982132193222, 2.003448230700819, 2.00078010507478, 2.0002588686953153, 2.0001261330353604]
}