{
    "schema_name": "pyscf_qa_output",
    "provenance": {
        "creator": "PySCF",
        "version": "1.7.6"
    },
    "molecule": {
        "geometry": [[0.0, 0.0, 0.0], [1.0, 0.0, 0.0]],
        "symbols": [ "Ne", "H" ]
    },
    "molecular_charge": 2,
    "molecular_multiplicity": 4,
    "name": "ne.h.chrg2.mult4.sep1.00-pyscf-uccsdt.ccpv5z",
    "atomic_numbers": [ 10, 1 ],
    "n_electrons": 9,
    "model": {
        "method": "UCCSD(T)",
        "basis": "cc-pV5Z",
        "scf_conv_tol": 1e-09,
        "scf_conv_tol_grad": 1e-06,
        "cc_conv_tol": 1e-05,
        "cc_conv_tol_normt": 1e-07
    },
    "broken_symmetry": false,
    "finite_diff_delta": 0.01,
    "finite_diff_acc": 2,
    "qa_lambdas": [-3.0, -2.75, -2.5, -2.25, -2.0, -1.75, -1.5, -1.25, -1.0, -0.75, -0.5, -0.25, -0.02, -0.01, 0.0, 0.01, 0.02],
    "electronic_energies": [-55.09931724753767, -59.862024978106696, -64.83660778217582, -70.02714118341238, -75.43765915606147, -81.0714574312558, -86.93037377065777, -93.01483122499148, -99.32449644382666, -105.85883421057459, -112.61733062844213, -119.59952769140129, -126.22035497847816, -126.51249881039499, -126.80499922720722, -127.09785620087413, -127.39106970326631],
    "qats_energies": {
        "0": [-126.80499922720712, -126.80499922720712, -126.80499922720712, -126.80499922720712, -126.80499922720712, -126.80499922720712, -126.80499922720712, -126.80499922720712, -126.80499922720712, -126.80499922720712, -126.80499922720712, -126.80499922720712, -126.80499922720712, -126.80499922720712, -126.80499922720712, -126.80499922720712, -126.80499922720712],
        "1": [-39.001390655335214, -46.31835803632454, -53.635325417313865, -60.95229279830319, -68.26926017929252, -75.58622756028184, -82.90319494127117, -90.22016232226049, -97.53712970324982, -104.85409708423914, -112.17106446522847, -119.4880318462178, -126.21964183672797, -126.51232053196755, -126.80499922720712, -127.09767792244669, -127.39035661768627],
        "2": [-55.046449125035494, -59.8006641115588, -64.7777271323835, -69.9776381875096, -75.40039727693708, -81.04600440066596, -86.91445955869624, -93.0057627510279, -99.31991397766096, -105.85691323859541, -112.61676053383125, -119.59945586336849, -126.22035495043774, -126.51249881039499, -126.80499922720712, -127.09785620087413, -127.39106973139603],
        "3": [-55.172831933254244, -59.89801105469488, -64.85086533158417, -70.03095593472688, -75.43784403492782, -81.07109080299179, -86.93025740972358, -93.01490502592799, -99.32459482240981, -105.85888796997384, -112.61734563942485, -119.59952900156769, -126.22035498788449, -126.51249881507583, -126.80499922720712, -127.09785619619329, -127.39106969394928],
        "4": [-55.14267845354111, -59.87672068545878, -64.83632372292621, -70.0214151852864, -75.43188779202153, -81.06759936275301, -86.92837281724151, -93.01399617538686, -99.32422255722815, -105.8587701829437, -112.617322372851, -119.59952754740682, -126.22035498782493, -126.5124988150721, -126.80499922720712, -127.09785619618957, -127.3910696938897]
    },
    "qats_poly_coeffs": [ -126.80499922720712, -29.2678695239573, -1.7827842744111422, 0.004680844748842597, 0.0003722651816436458 ],
    "hf_energies": [-54.875598987779455, -59.63407759163588, -64.6050022850868, -69.79249352745474, -75.20081470123407, -80.83350949188835, -86.69234318946107, -92.77739284547586, -99.0880104606204, -105.62348102199446, -112.38320383677815, -119.36668086138152, -125.98871728063749, -126.28091426665887, -126.57346788392476, -126.86637810423439, -127.1596448993129],
    "triples_corrections": [-0.005000064871997947, -0.004973665293044258, -0.00490048834388964, -0.004774377810995378, -0.004579533330214593, -0.0043128595587993875, -0.004003274308856505, -0.0036898593019298073, -0.0033962416845826366, -0.0031303376643196266, -0.0028924525831398877, -0.002680321726261374, -0.0025054842255982906, -0.002498288965008328, -0.002491126121197613, -0.0024839955247681848, -0.0024768970070243156],
    "scf_converged": [true, true, true, true, true, true, true, true, true, true, true, true, true, true, true, true, true],
    "cc_converged": [true, true, true, true, true, true, true, true, true, true, true, true, true, true, true, true, true],
    "scf_spin_squared": [3.765045173154187, 3.7642252204721935, 3.7630637968224723, 3.761437663520969, 3.7595338319237683, 3.757813412789074, 3.7565504426438747, 3.755673244674084, 3.7550267818488616, 3.754513254559183, 3.7540855568241627, 3.753720768347605, 3.7534294510269053, 3.753417627181692, 3.7534058691409204, 3.753394176415237, 3.753382548520107],
    "cc_spin_squared": [3.75028021962914, 3.750262222162049, 3.750242071753059, 3.750218465931626, 3.750190048067569, 3.750158220959996, 3.750127944650842, 3.750102918666123, 3.7500834815617488, 3.750068514236711, 3.7500568717755876, 3.750047703426845, 3.750040932093792, 3.7500406679474807, 3.7500404061090578, 3.7500401465548663, 3.7500398892614752]
}