{
    "schema_name": "pyscf_apdft_output",
    "provenance": {
        "creator": "PySCF",
        "version": "1.7.6"
    },
    "molecule": {
        "geometry": [[0.0, 0.0, 0.0], [0.7, 0.0, 0.0]],
        "symbols": [ "C", "H" ]
    },
    "molecular_charge": -1,
    "molecular_multiplicity": 3,
    "name": "c.h.chrg-1.mult3.sep0.70-pyscf-uccsdt.ccpv5z",
    "atomic_numbers": [ 6, 1 ],
    "n_electrons": 8,
    "model": {
        "method": "UCCSD(T)",
        "basis": "cc-pV5Z",
        "scf_conv_tol": 1e-09,
        "scf_conv_tol_grad": 1e-06,
        "cc_conv_tol": 1e-05,
        "cc_conv_tol_normt": 1e-07
    },
    "broken_symmetry": false,
    "finite_diff_delta": 0.01,
    "finite_diff_acc": 2,
    "apdft_lambdas": [-0.02, -0.01, 0.0, 0.01, 0.02, 0.25, 0.5, 0.75, 1.0, 1.25, 1.5, 1.75, 2.0, 2.25, 2.5, 2.75, 3.0],
    "electronic_energies": [-37.95676363126915, -38.10747264430244, -38.25850461176958, -38.40985966062462, -38.56153791449821, -42.13957660523276, -46.223787740707145, -50.511354729693, -55.001791779937896, -59.69424078685398, -64.5875881475414, -69.68044713975831, -74.97110765475514, -80.45749847982337, -86.13717003464949, -92.00729320103326, -98.06466891495106],
    "apdft_energies": {
        "0": [-38.258504611769624, -38.258504611769624, -38.258504611769624, -38.258504611769624, -38.258504611769624, -38.258504611769624, -38.258504611769624, -38.258504611769624, -38.258504611769624, -38.258504611769624, -38.258504611769624, -38.258504611769624, -38.258504611769624, -38.258504611769624, -38.258504611769624, -38.258504611769624, -38.258504611769624],
        "1": [-37.956117595447445, -38.10731110360854, -38.258504611769624, -38.40969811993071, -38.5608916280918, -42.038342315796854, -45.81818001982409, -49.59801772385133, -53.37785542787856, -57.15769313190579, -60.937530835933025, -64.71736853996026, -68.49720624398749, -72.27704394801472, -76.05688165204197, -79.8367193560692, -83.61655706009643],
        "2": [-37.95676375822307, -38.10747264430244, -38.258504611769624, -38.40985966062462, -38.561537790867426, -42.139305249488075, -46.22203175458896, -50.50668412707228, -54.99326236693804, -59.68176647418623, -64.57219644881687, -69.66455229082993, -74.95883400022542, -80.45504157700336, -86.15317502116372, -92.05323433270652, -98.15521951163177],
        "3": [-37.9567635911666, -38.10747262342038, -38.258504611769624, -38.409859681506674, -38.561537957923896, -42.13963153165602, -46.224642011932566, -50.515493745606946, -55.01414442568688, -59.722551745180056, -64.6426733970942, -69.77646707443698, -75.12589047021613, -80.69290127743935, -86.47945718911433, -92.48751589824879, -98.71903509785042],
        "4": [-37.956763588951176, -38.107472623281915, -38.258504611769624, -38.40985968136821, -38.561537955708474, -42.139577444134524, -46.22377661158859, -50.51111265636556, -55.00029802018322, -59.688747044243414, -64.57257596923196, -69.64660293531875, -74.9043479821577, -80.33803304888679, -85.93858197412794, -91.6956204959872, -97.59747625205463]
    },
    "apdft_poly_coeff": [ -38.258504611769624, -15.119350816108934, -1.6154069390594827, -0.02088205874883897, 0.013846405503651718 ],
    "hf_energies": [-37.76107725414299, -37.91172575524159, -38.06269915398439, -38.21399753559594, -38.3656209819763, -41.94281971474503, -46.026700287158135, -50.31421910532665, -54.804773354350225, -59.49749734865742, -64.39130147497727, -69.48482698064855, -74.7763907934494, -80.26394811225003, -85.94507486626775, -91.81696503716398, -97.8764382158247],
    "triples_corrections": [-0.0057312845857419295, -0.005716252880861646, -0.0057009884767052635, -0.005685499927452188, -0.005669795839753776, -0.005268677821455349, -0.00481576774923245, -0.00440741512385685, -0.004056033462153002, -0.003752363249004445, -0.0034844657617381747, -0.0032430160482742527, -0.0030214095680756677, -0.0028149728504641316, -0.0026203789815810816, -0.0024353235406779487, -0.00225833180641865],
    "scf_converged": [true, true, true, true, true, true, true, true, true, true, true, true, true, true, true, true, true],
    "cc_converged": [true, true, true, true, true, true, true, true, true, true, true, true, true, true, true, true, true],
    "scf_spin_squared": [2.0242752653706595, 2.024083964690708, 2.0238930182849297, 2.023702507355953, 2.023512510574928, 2.019428044822906, 2.015931668045782, 2.013437011132122, 2.011686060875968, 2.0104228315465975, 2.0094692456254477, 2.008713723692905, 2.0080879803280833, 2.007549115607795, 2.00706926203537, 2.0066298215042666, 2.0062183392852466],
    "cc_spin_squared": [2.0009084549169804, 2.0008979162080194, 2.00088740226112, 2.0008769175246526, 2.000866466344924, 2.0006435171860675, 2.0004583094882724, 2.0003336538948036, 2.0002529676495007, 2.0001996802654736, 2.000162827307334, 2.000136027863949, 2.000115594980386, 2.000099405956079, 2.0000861771118594, 2.000075089073343, 2.000065625444681]
}