{
    "schema_name": "pyscf_qa_output",
    "provenance": {
        "creator": "PySCF",
        "version": "1.7.6"
    },
    "molecule": {
        "geometry": [[0.0, 0.0, 0.0], [0.7, 0.0, 0.0]],
        "symbols": [ "N", "H" ]
    },
    "molecular_charge": 2,
    "molecular_multiplicity": 3,
    "name": "n.h.chrg2.mult3.sep0.70-pyscf-uccsdt.ccpv5z",
    "atomic_numbers": [ 7, 1 ],
    "n_electrons": 6,
    "model": {
        "method": "UCCSD(T)",
        "basis": "cc-pV5Z",
        "scf_conv_tol": 1e-09,
        "scf_conv_tol_grad": 1e-06,
        "cc_conv_tol": 1e-05,
        "cc_conv_tol_normt": 1e-07
    },
    "broken_symmetry": false,
    "finite_diff_delta": 0.01,
    "finite_diff_acc": 2,
    "qa_lambdas": [-3.0, -2.75, -2.5, -2.25, -2.0, -1.75, -1.5, -1.25, -1.0, -0.75, -0.5, -0.25, -0.02, -0.01, 0.0, 0.01, 0.02],
    "electronic_energies": [-14.844382573188271, -17.120295677125192, -19.561225034673523, -22.169662450668444, -24.94780801453781, -27.897372617521764, -31.01957506556847, -34.31531743114948, -37.78540006613933, -41.43065960561691, -45.252009324596415, -49.25041500848307, -53.08615395335315, -53.25635436540834, -53.426841010880366, -53.59761394427712, -53.768673219766754],
    "qats_energies": {
        "0": [-53.42684101088034, -53.42684101088034, -53.42684101088034, -53.42684101088034, -53.42684101088034, -53.42684101088034, -53.42684101088034, -53.42684101088034, -53.42684101088034, -53.42684101088034, -53.42684101088034, -53.42684101088034, -53.42684101088034, -53.42684101088034, -53.42684101088034, -53.42684101088034, -53.42684101088034],
        "1": [-2.2379041805634046, -6.5036489164231455, -10.769393652282893, -15.035138388142641, -19.300883124002382, -23.566627859862127, -27.83237259572187, -32.09811733158162, -36.36386206744136, -40.6296068033011, -44.89535153916085, -49.1610962750206, -53.08558143201156, -53.25621122144595, -53.42684101088034, -53.597470800314724, -53.76810058974912],
        "2": [-15.120860795984342, -17.328911072436576, -19.715891301880767, -22.281801484316915, -25.02664161974502, -27.950411708165085, -31.053111749577106, -34.334741743981084, -37.79530169137702, -41.43479159176491, -45.253211445144764, -49.25056125151657, -53.08615400786113, -53.25635436540834, -53.42684101088034, -53.59761394427712, -53.76867316559869],
        "3": [-14.87633968862228, -17.140567557448783, -19.574386031416616, -22.178644142148546, -24.954190921267372, -27.90187540039588, -31.022546611156848, -34.31705358517306, -37.78624535406731, -41.43097094946238, -45.25207940298105, -49.25041974624611, -53.08615393541044, -53.256354356352006, -53.42684101088034, -53.59761395333346, -53.76867323804939],
        "4": [-14.761613060424722, -17.059562900647066, -19.51905876087381, -22.14234391994541, -24.93152887125304, -27.888591322738556, -31.0153761968945, -34.31359563076414, -37.784828975941416, -41.43052279857098, -45.251990879348185, -49.25041421351905, -53.086153935183816, -53.25635435633784, -53.42684101088034, -53.597613953319296, -53.76867323782277]
    },
    "qats_poly_coeffs": [ -53.42684101088034, -17.062978943438978, -1.4314396239356597, -0.00905633730970597, 0.0014163781258957897 ],
    "hf_energies": [-14.735563043924124, -17.010478045506794, -19.450313250670188, -22.057750344006863, -24.835087589817014, -27.784024783696758, -30.90570468788351, -34.20094729433051, -37.670496040129315, -41.31515915672454, -45.13584276457931, -49.133519453476865, -52.96854575345315, -53.13871452752424, -53.30916949291182, -53.47991070567398, -53.65093822153844],
    "triples_corrections": [-0.0014136381784843274, -0.001397642816319066, -0.0013915487373657982, -0.0013838327945966923, -0.0013689949045567634, -0.00134828941656173, -0.0013264986503773181, -0.0013079060814515308, -0.0012945754737540768, -0.0012866803651259092, -0.00128335347065661, -0.0012832980660761398, -0.00128492446574547, -0.0012850141056758855, -0.0012851045985212712, -0.0012851958591520848, -0.0012852878027571945],
    "scf_converged": [true, true, true, true, true, true, true, true, true, true, true, true, true, true, true, true, true],
    "cc_converged": [true, true, true, true, true, true, true, true, true, true, true, true, true, true, true, true, true],
    "scf_spin_squared": [2.0023124770853076, 2.0021417640342, 2.002088880085515, 2.0021086896024425, 2.0021572507529455, 2.002198296855306, 2.002213680273724, 2.0022029102698395, 2.0021744937439436, 2.0021380716903328, 2.002100918367169, 2.002067414111642, 2.0020416734555, 2.002040675903899, 2.0020396886676446, 2.00203871174689, 2.0020377451392863],
    "cc_spin_squared": [2.0000920914642215, 2.0000798629052854, 2.0000730500511734, 2.0000684840802587, 2.000064359124409, 2.000059982631762, 2.0000553822982834, 2.000050859388489, 2.0000466599915017, 2.0000428900525913, 2.0000395461992238, 2.0000365703723055, 2.0000340947799655, 2.0000339919549566, 2.000033889495893, 2.0000337873988085, 2.000033685659747]
}