{
    "schema_name": "pyscf_apdft_output",
    "provenance": {
        "creator": "PySCF",
        "version": "1.7.6"
    },
    "molecule": {
        "geometry": [[0.0, 0.0, 0.0], [1.4, 0.0, 0.0]],
        "symbols": [ "Be", "H" ]
    },
    "molecular_charge": -1,
    "molecular_multiplicity": 3,
    "name": "be.h.chrg-1.mult3.sep1.40-pyscf-uccsdt.ccpv5z",
    "atomic_numbers": [ 4, 1 ],
    "n_electrons": 6,
    "model": {
        "method": "UCCSD(T)",
        "basis": "cc-pV5Z",
        "scf_conv_tol": 1e-09,
        "scf_conv_tol_grad": 1e-06,
        "cc_conv_tol": 1e-05,
        "cc_conv_tol_normt": 1e-07
    },
    "broken_symmetry": false,
    "finite_diff_delta": 0.01,
    "finite_diff_acc": 2,
    "apdft_lambdas": [-0.02, -0.01, 0.0, 0.01, 0.02, 0.25, 0.5, 0.75, 1.0, 1.25, 1.5, 1.75, 2.0, 2.25, 2.5, 2.75, 3.0],
    "electronic_energies": [-15.042881356565388, -15.128653856016387, -15.214692860947732, -15.300998649235265, -15.387571492697324, -17.45297012474752, -19.86055931607652, -22.437796275893007, -25.184007339194554, -28.09812367555619, -31.17850349284515, -34.422743792706285, -37.82771176521571, -41.389729895379915, -45.10469397900747, -48.9679183290635, -52.97377547556575],
    "apdft_energies": {
        "0": [-15.214692860947746, -15.214692860947746, -15.214692860947746, -15.214692860947746, -15.214692860947746, -15.214692860947746, -15.214692860947746, -15.214692860947746, -15.214692860947746, -15.214692860947746, -15.214692860947746, -15.214692860947746, -15.214692860947746, -15.214692860947746, -15.214692860947746, -15.214692860947746, -15.214692860947746],
        "1": [-15.042348067728868, -15.128520464338308, -15.214692860947746, -15.300865257557184, -15.387037654166624, -17.36900277618372, -19.523312691419697, -21.67762260665567, -23.831932521891645, -25.98624243712762, -28.140552352363592, -30.29486226759957, -32.44917218283554, -34.60348209807152, -36.757792013307494, -38.912101928543464, -41.06641184377944],
        "2": [-15.042881634441185, -15.128653856016387, -15.214692860947746, -15.300998649235265, -15.387571220878941, -17.452372574983247, -19.8567918866178, -22.42795079585141, -25.165849302684066, -28.070487407115778, -31.141865109146543, -34.37998240877636, -37.784839306005225, -41.356435800833154, -45.09477189326013, -48.999847583286154, -53.07166287091124],
        "3": [-15.042881267978398, -15.128653810208538, -15.214692860947746, -15.300998695043113, -15.387571587341728, -17.453088322613393, -19.86251786765897, -22.447275981865346, -25.211657151013405, -28.159955860884022, -31.29646659725807, -34.62548384591642, -38.15130209263996, -41.87821582320956, -45.810519523406086, -49.952507679010424, -54.30847477580346],
        "4": [-15.042881263940126, -15.128653809956147, -15.214692860947746, -15.30099869479072, -15.387571583303455, -17.452989731975425, -19.860940417451474, -22.439290140189907, -25.1864179476935, -28.09833671215378, -31.168693130451032, -34.38876772415432, -37.74747483952143, -41.23136264749894, -44.824613143722175, -48.509042148515206, -52.2640993068909]
    },
    "apdft_poly_coeff": [ -15.214692860947746, -8.617239660943898, -1.3339167807924213, -0.04580784832934151, 0.02523920331990818 ],
    "hf_energies": [-14.956680801160749, -15.042345368099639, -15.12827668716507, -15.214475096684485, -15.300940927589592, -17.36407299256312, -19.769603388287315, -22.344762590899908, -25.088637974444218, -28.00028082581045, -31.078376800446296, -34.32084354042045, -37.72470681233812, -41.28630535408307, -45.00146180654651, -48.86531418549459, -52.87199486072856],
    "triples_corrections": [-0.0014765203118530421, -0.001486259064128341, -0.0014959341140893332, -0.0015055410214587994, -0.00151507546394985, -0.0017078944688400217, -0.0018659097315574004, -0.002007480341959983, -0.002144296340179954, -0.002260475066493877, -0.0023348101884054927, -0.002356471732212281, -0.002326358199416169, -0.00224871168561035, -0.00212680426308865, -0.0019683016685003627, -0.0017902178717654185],
    "scf_converged": [true, true, true, true, true, true, true, true, true, true, true, true, true, true, true, true, true],
    "cc_converged": [true, true, true, true, true, true, true, true, true, true, true, true, true, true, true, true, true],
    "scf_spin_squared": [2.0011154686180843, 2.001136843854715, 2.001158719090226, 2.001181084572533, 2.001203929365819, 2.001820605915383, 2.0025210246498477, 2.0033529181694543, 2.0048693976504843, 2.0075708018436877, 2.01093993645236, 2.0131110738395446, 2.0126570952289407, 2.0101529768001853, 2.0073731493309883, 2.0055870734611636, 2.0048707758949416],
    "cc_spin_squared": [2.000137998996805, 2.0001396101530364, 2.0001412302752843, 2.000142858070662, 2.000144492228019, 2.0001809269307835, 2.0002111492036825, 2.000233030119837, 2.0002505356461837, 2.0002633450086504, 2.000268960720665, 2.000264312505905, 2.0002468660695483, 2.000216111557949, 2.0001755518017195, 2.000133101711615, 2.000097241450087]
}