{
    "schema_name": "pyscf_qa_output",
    "provenance": {
        "creator": "PySCF",
        "version": "1.7.6"
    },
    "molecule": {
        "geometry": [[0.0, 0.0, 0.0], [0.7, 0.0, 0.0]],
        "symbols": [ "B", "H" ]
    },
    "molecular_charge": 2,
    "molecular_multiplicity": 1,
    "name": "b.h.chrg2.mult1.sep0.70-pyscf-ccsdt.ccpv5z",
    "atomic_numbers": [ 5, 1 ],
    "n_electrons": 4,
    "model": {
        "method": "CCSD(T)",
        "basis": "cc-pV5Z",
        "scf_conv_tol": 1e-09,
        "scf_conv_tol_grad": 1e-06,
        "cc_conv_tol": 1e-05,
        "cc_conv_tol_normt": 1e-07
    },
    "broken_symmetry": false,
    "finite_diff_delta": 0.01,
    "finite_diff_acc": 2,
    "qa_lambdas": [-2.0, -1.75, -1.5, -1.25, -1.0, -0.75, -0.5, -0.25, -0.02, -0.01, 0.0, 0.01, 0.02],
    "electronic_energies": [-7.712925977022717, -9.21708183869025, -10.866065479265936, -12.658916531132114, -14.595056364827583, -16.674312255245248, -18.896838909587903, -21.263019889205705, -23.56722291949527, -23.670180340834833, -23.773369277923166, -23.87678976496829, -23.98044183598313],
    "qats_energies": {
        "0": [-23.77336927792311, -23.77336927792311, -23.77336927792311, -23.77336927792311, -23.77336927792311, -23.77336927792311, -23.77336927792311, -23.77336927792311, -23.77336927792311, -23.77336927792311, -23.77336927792311, -23.77336927792311, -23.77336927792311],
        "1": [-3.1124268645773583, -5.695044666245579, -8.277662467913796, -10.860280269582015, -13.442898071250234, -16.025515872918454, -18.60813367458667, -21.19075147625489, -23.56675985378965, -23.67006456585638, -23.77336927792311, -23.87667398998984, -23.979978702056567],
        "2": [-7.7434260026639805, -9.240653381343147, -10.882599483087521, -12.669264307897102, -14.60064785577189, -16.676750126711884, -18.897571120717085, -21.263110837787494, -23.56722295370346, -23.670180340834833, -23.77336927792311, -23.87678976496829, -23.980441801970375],
        "3": [-7.697945372439104, -9.210184912266714, -10.8634123422114, -12.658160638408607, -14.59496277699378, -16.67435173410237, -18.896860485869823, -21.263022008431587, -23.56722290822283, -23.670180335149755, -23.77336927792311, -23.876789770653367, -23.980441847451004],
        "4": [-7.684915676598312, -9.202547143781917, -10.859289665011776, -12.656172464604774, -14.59414842100373, -16.674094066777393, -18.896809588620442, -21.2630188273535, -23.567222908092532, -23.67018033514161, -23.77336927792311, -23.876789770645225, -23.98044184732071]
    },
    "qats_poly_coeffs": [ -23.77336927792311, -10.330471206672875, -1.1577497845216556, -0.005685078778109678, 0.0008143559900493832 ],
    "hf_energies": [-7.624922364020561, -9.130784172083203, -10.781506314061563, -12.576050146696653, -14.513796269712198, -16.59453820941576, -18.818404020185408, -21.185759199429356, -23.490886774596216, -23.59388089086395, -23.697106225994293, -23.800562813559214, -23.904250686927075],
    "triples_corrections": [-0.0004635598609254814, -0.0003650508756550153, -0.0003001237319961938, -0.0002563497007748213, -0.0002261619747367082, -0.00020517342648692372, -0.0001907710828443477, -0.00018133727734610778, -0.00017615575270557674, -0.0001759972270216928, -0.0001758439498390081, -0.00017569588745065963, -0.00017555300670631593],
    "scf_converged": [true, true, true, true, true, true, true, true, true, true, true, true, true],
    "cc_converged": [true, true, true, true, true, true, true, true, true, true, true, true, true],
    "t1_diagnostic": [0.006024723437190165, 0.004789069485845351, 0.00410435264060357, 0.0037824218471906347, 0.0036593852327963246, 0.0036608974606936987, 0.0037643684378644623, 0.0039704166045972066, 0.004260275916646508, 0.004275253034428765, 0.004290437001530174, 0.004305828906292703, 0.0043214298361302465]
}