{
    "schema_name": "pyscf_apdft_output",
    "provenance": {
        "creator": "PySCF",
        "version": "1.7.6"
    },
    "molecule": {
        "geometry": [[0.0, 0.0, 0.0], [1.3, 0.0, 0.0]],
        "symbols": [ "F", "H" ]
    },
    "molecular_charge": 2,
    "molecular_multiplicity": 1,
    "name": "f.h.chrg2.mult1.sep1.30-pyscf-ccsdt.ccpv5z",
    "atomic_numbers": [ 9, 1 ],
    "n_electrons": 8,
    "model": {
        "method": "CCSD(T)",
        "basis": "cc-pV5Z",
        "scf_conv_tol": 1e-09,
        "scf_conv_tol_grad": 1e-06,
        "cc_conv_tol": 1e-05,
        "cc_conv_tol_normt": 1e-07
    },
    "broken_symmetry": false,
    "finite_diff_delta": 0.01,
    "finite_diff_acc": 2,
    "apdft_lambdas": [-3.0, -2.75, -2.5, -2.25, -2.0, -1.75, -1.5, -1.25, -1.0, -0.75, -0.5, -0.25, -0.02, -0.01, 0.0, 0.01, 0.02],
    "electronic_energies": [-38.40267705123085, -42.2777782380208, -46.34978487562371, -50.622503664215984, -55.099474619681935, -59.783971186906676, -64.67906762903526, -69.78774504372173, -75.1129270772453, -80.65733217257988, -86.42313174082442, -92.41161922183828, -98.11801293713637, -98.3703961907351, -98.62313574022923, -98.87623154090498, -99.12968379615795],
    "apdft_energies": {
        "0": [-98.62313574022906, -98.62313574022906, -98.62313574022906, -98.62313574022906, -98.62313574022906, -98.62313574022906, -98.62313574022906, -98.62313574022906, -98.62313574022906, -98.62313574022906, -98.62313574022906, -98.62313574022906, -98.62313574022906, -98.62313574022906, -98.62313574022906, -98.62313574022906, -98.62313574022906],
        "1": [-22.747833214745725, -29.070775091869336, -35.39371696899295, -41.71665884611656, -48.03960072324017, -54.36254260036378, -60.68548447748739, -67.008426354611, -73.33136823173461, -79.65431010885823, -85.97725198598184, -92.30019386310545, -98.11730039005917, -98.37021806514412, -98.62313574022906, -98.876053415314, -99.12897109039895],
        "2": [-38.77913640273235, -42.54152290955254, -46.52656640509477, -50.734266889359034, -55.164624362345336, -59.817638824053674, -64.69331027448405, -69.79163871363646, -75.1126241415109, -80.65626655810739, -86.42256596342591, -92.41152235746647, -98.11801289242308, -98.3703961907351, -98.62313574022906, -98.87623154090498, -99.12968359276286],
        "3": [-38.42210235240785, -42.266515779354684, -46.31994947782364, -50.58364314937839, -55.05883649558252, -59.74676921799968, -64.64868101819349, -69.76581159772756, -75.09940065816555, -80.65068790107107, -86.42091302800775, -92.4113157405392, -98.11801278663522, -98.37039617751161, -98.62313574022906, -98.87623155412847, -99.12968369855072],
        "4": [-122.15869441269845, -101.39013867454733, -86.70217944517057, -77.07842423095471, -71.59939789020783, -69.44254263315968, -69.88221802196165, -72.28970097068675, -76.13318574532964, -80.97778396380659, -86.4855245959555, -92.41535396353594, -98.11801295204083, -98.37039618784947, -98.62313574022906, -98.87623156446631, -99.12968386395634]
    },
    "apdft_poly_coeff": [ -98.62313574022906, -25.291767508494445, -1.7812559097762914, -0.013223483345351873, -1.0337850871640815 ],
    "hf_energies": [-38.1744486423147, -42.040677102996405, -46.10415856577275, -50.368931061267276, -54.83881264506584, -59.51740404959769, -64.4080838854786, -69.51396038636403, -74.83776534774357, -80.38170798803397, -86.14733758031711, -92.13547801058407, -97.84122385890804, -98.09357154142624, -98.3462749366907, -98.59933400588827, -98.85274870929013],
    "triples_corrections": [-0.008656675233202887, -0.009209893070960304, -0.009773630901554892, -0.010328990030790882, -0.010854830868838794, -0.011327149038347207, -0.011716580063117973, -0.011994121248883828, -0.012146237003438178, -0.01219494053741464, -0.012197499214012577, -0.012218712376926157, -0.012291407950105776, -0.012295959185909923, -0.012300628431059963, -0.01230541554431152, -0.012310431569247847],
    "scf_converged": [true, true, true, true, true, true, true, true, true, true, true, true, true, true, true, true, true],
    "cc_converged": [true, true, true, true, true, true, true, true, true, true, true, true, true, true, true, true, true],
    "t1_diagnostic": [0.011275103469295018, 0.010946305200721318, 0.01054886669096297, 0.009982685692053522, 0.009309769464039568, 0.008786517049131866, 0.008628916127681786, 0.008663177911675814, 0.00843175784401266, 0.0076628238839477475, 0.0064794858761560645, 0.005225615897302976, 0.0042586033285891495, 0.004222493072652081, 0.00418690265325024, 0.004151832184228492, 0.004117277400235892]
}