{
    "schema_name": "pyscf_qa_output",
    "provenance": {
        "creator": "PySCF",
        "version": "1.7.6"
    },
    "molecule": {
        "geometry": [[0.0, 0.0, 0.0], [1.4, 0.0, 0.0]],
        "symbols": [ "Be", "H" ]
    },
    "molecular_charge": 0,
    "molecular_multiplicity": 4,
    "name": "be.h.chrg0.mult4.sep1.40-pyscf-uccsdt.ccpv5z",
    "atomic_numbers": [ 4, 1 ],
    "n_electrons": 5,
    "model": {
        "method": "UCCSD(T)",
        "basis": "cc-pV5Z",
        "scf_conv_tol": 1e-09,
        "scf_conv_tol_grad": 1e-06,
        "cc_conv_tol": 1e-05,
        "cc_conv_tol_normt": 1e-07
    },
    "broken_symmetry": false,
    "finite_diff_delta": 0.01,
    "finite_diff_acc": 2,
    "qa_lambdas": [-1.0, -0.75, -0.5, -0.25, -0.02, -0.01, 0.0, 0.01, 0.02, 0.25, 0.5, 0.75, 1.0, 1.25, 1.5, 1.75, 2.0],
    "electronic_energies": [-7.909615701850903, -9.455879655910921, -11.154221492726553, -13.008417794295866, -14.85345036870693, -14.936703188961976, -15.020208997253256, -15.103967805035984, -15.187979622987298, -17.190097019970125, -19.518136355305376, -22.004088599776956, -24.64733554761993, -27.44684912259184, -30.40121488630391, -33.50858494717834, -36.766418028737846],
    "qats_energies": {
        "0": [-15.02020899725323, -15.02020899725323, -15.02020899725323, -15.02020899725323, -15.02020899725323, -15.02020899725323, -15.02020899725323, -15.02020899725323, -15.02020899725323, -15.02020899725323, -15.02020899725323, -15.02020899725323, -15.02020899725323, -15.02020899725323, -15.02020899725323, -15.02020899725323, -15.02020899725323],
        "1": [-6.6569781935528685, -8.747785894477959, -10.838593595403049, -12.92940129632814, -14.852944381179222, -14.936576689216226, -15.02020899725323, -15.103841305290233, -15.187473613327237, -17.111016698178318, -19.20182439910341, -21.2926321000285, -23.38343980095359, -25.47424750187868, -27.56505520280377, -29.65586290372886, -31.74667060465395],
        "2": [-7.921975651056949, -9.459346964324004, -11.154842959779069, -13.008463637422144, -14.853450380162224, -14.936703188961976, -15.02020899725323, -15.103967805035984, -15.187979612310238, -17.190079039272327, -19.51807376347943, -22.004193169874547, -24.64843725845767, -27.450806029228808, -30.41129948218795, -33.52991761733511, -36.80666043467027],
        "3": [-7.920131288320339, -9.458568873794496, -11.154612414436993, -13.008434819254385, -14.853450365407323, -14.936703187117613, -15.02020899725323, -15.103967806880346, -15.18797962706514, -17.190107857440083, -19.518304308821506, -22.004971260404055, -24.65028162119428, -27.45440830019875, -30.417524206424012, -33.539802248876626, -36.821415336563156],
        "4": [-7.916888652530829, -9.457542883564223, -11.154409749700148, -13.008422152708333, -14.8534503648885, -14.936703187085188, -15.02020899725323, -15.103967806847919, -15.18797962654632, -17.19009519089403, -19.518101644084663, -22.00394527017378, -24.64703898540477, -27.446491708915765, -30.40110836273962, -33.50938987180392, -36.769533163931]
    },
    "qats_poly_coeffs": [ -15.02020899725323, -8.363230803700361, -1.26499745750408, -0.0018443627366101127, 0.0032426357895095257 ],
    "hf_energies": [-7.866498455285075, -9.412657949055971, -11.111061758705658, -12.96574300833329, -14.81155428778859, -14.894846616092288, -14.97839233971207, -15.06219146311961, -15.14624399011411, -17.14939191690398, -19.47870418570783, -21.966020189714634, -24.61066143283404, -27.411556483878762, -30.367287021660406, -33.476061637937384, -36.7354358298932],
    "triples_corrections": [-0.00012616716706592688, -0.0001455968908716218, -0.0001601730402720517, -0.00016685395007777322, -0.00016804140572523573, -0.00016801248115559292, -0.00016797758657511022, -0.00016793679448917748, -0.0001678901759066557, -0.0001653620773738101, -0.0001600921556399742, -0.00015318160076037532, -0.00014536463599294953, -0.00013681508991002022, -0.00012717051635993587, -0.00011590274052874559, -0.00010290648013585641],
    "scf_converged": [true, true, true, true, true, true, true, true, true, true, true, true, true, true, true, true, true],
    "cc_converged": [true, true, true, true, true, true, true, true, true, true, true, true, true, true, true, true, true],
    "scf_spin_squared": [3.7500112295151706, 3.750007511936886, 3.7500065635081365, 3.750006745637556, 3.750007232570172, 3.7500072556037916, 3.750007278671726, 3.750007301763482, 3.750007324869034, 3.7500078424611956, 3.7500083250263367, 3.750008671119844, 3.7500088406760277, 3.75000881736615, 3.7500086284343292, 3.750008347074178, 3.7500080512692735],
    "cc_spin_squared": [3.750000475558208, 3.750000404167346, 3.7500003906249098, 3.7500003798257033, 3.75000036567026, 3.7500003649734426, 3.750000364270206, 3.750000363560573, 3.7500003628445646, 3.750000344709846, 3.750000321998697, 3.750000297498895, 3.7500002724514654, 3.750000247421829, 3.7500002222433113, 3.7500001963324086, 3.7500001693458516]
}