{
    "schema_name": "pyscf_qa_output",
    "provenance": {
        "creator": "PySCF",
        "version": "1.7.6"
    },
    "molecule": {
        "geometry": [[0.0, 0.0, 0.0], [0.6, 0.0, 0.0]],
        "symbols": [ "C", "H" ]
    },
    "molecular_charge": 0,
    "molecular_multiplicity": 2,
    "name": "c.h.chrg0.mult2.sep0.60-pyscf-uccsdt.ccpv5z",
    "atomic_numbers": [ 6, 1 ],
    "n_electrons": 7,
    "model": {
        "method": "UCCSD(T)",
        "basis": "cc-pV5Z",
        "scf_conv_tol": 1e-09,
        "scf_conv_tol_grad": 1e-06,
        "cc_conv_tol": 1e-05,
        "cc_conv_tol_normt": 1e-07
    },
    "broken_symmetry": false,
    "finite_diff_delta": 0.01,
    "finite_diff_acc": 2,
    "qa_lambdas": [-1.0, -0.75, -0.5, -0.25, -0.02, -0.01, 0.0, 0.01, 0.02, 0.25, 0.5, 0.75, 1.0, 1.25, 1.5, 1.75, 2.0],
    "electronic_energies": [-24.724344183947668, -27.756899375782062, -30.97625296680609, -34.38390226022307, -37.68577739655402, -37.83296621577824, -37.98045744580471, -38.12825108172289, -38.27634711816003, -41.766000618571, -45.740394474207555, -49.903397233430574, -54.254642752928966, -58.793574328084155, -63.51938009451883, -68.4309421085305, -73.5267998400949],
    "qats_energies": {
        "0": [-37.98045744580468, -37.98045744580468, -37.98045744580468, -37.98045744580468, -37.98045744580468, -37.98045744580468, -37.98045744580468, -37.98045744580468, -37.98045744580468, -37.98045744580468, -37.98045744580468, -37.98045744580468, -37.98045744580468, -37.98045744580468, -37.98045744580468, -37.98045744580468, -37.98045744580468],
        "1": [-23.216214148572455, -26.90727497288051, -30.598335797188568, -34.28939662149662, -37.68517257986004, -37.832815012832356, -37.98045744580468, -38.12809987877701, -38.275742311749326, -41.67151827011274, -45.362579094420795, -49.05363991872885, -52.74470074303691, -56.43576156734497, -60.12682239165302, -63.817883215961075, -67.50894404026914],
        "2": [-24.728243607402455, -27.757791543472386, -30.976343161896068, -34.3838984626735, -37.68577739164357, -37.83296621577824, -37.98045744580468, -38.12825108172289, -38.27634712353286, -41.76602011128961, -45.740586459128295, -49.90415648932073, -54.25673020186691, -58.79830759676684, -63.52888867402052, -68.44847343362795, -73.55706187558914],
        "3": [-24.729100547402894, -27.758153065035074, -30.976450279396122, -34.38391185236101, -37.68577739849909, -37.832966216635185, -37.98045744580468, -38.128251080865944, -38.276347116677336, -41.7660067216021, -45.74047934162824, -49.90379496775804, -54.25587326186647, -58.79663388582848, -63.52599650151903, -68.44388077081308, -73.5502063555856],
        "4": [-24.727173881168937, -27.757543455796984, -30.9763298627565, -34.38390432632103, -37.68577739819082, -37.832966216615915, -37.98045744580468, -38.12825108084668, -38.276347116369074, -41.76599919556213, -45.74035892498862, -49.90318535851995, -54.253946595632506, -58.791930110843225, -63.516242753709605, -68.42581074882973, -73.51937969584223]
    },
    "qats_poly_coeffs": [ -37.98045744580468, -14.764243297232227, -1.5120294588299998, 0.0008569400004413787, 0.001926666233960835 ],
    "hf_energies": [-24.56050281966392, -27.589996133245375, -30.8071346207506, -34.21313815358248, -37.51380852500204, -37.660949974443945, -37.808394207585934, -37.95614121549344, -38.10419098894127, -41.59287443361308, -45.56640116406253, -49.728719999382086, -54.079460742372554, -58.6180657246288, -63.34372320346311, -68.25531584742414, -73.3513842014307],
    "triples_corrections": [-0.004156027502867364, -0.004122255227226756, -0.004004671799775152, -0.00385142984964772, -0.003711015454419369, -0.003705158135087177, -0.00369932580480256, -0.003693518732179795, -0.0036877371551558044, -0.0035619869984798284, -0.0034400851174300234, -0.0033306643868750243, -0.003230774276101111, -0.003138147586662018, -0.003051157932276482, -0.0029686133797461023, -0.002889528890918131],
    "scf_converged": [true, true, true, true, true, true, true, true, true, true, true, true, true, true, true, true, true],
    "cc_converged": [true, true, true, true, true, true, true, true, true, true, true, true, true, true, true, true, true],
    "scf_spin_squared": [0.7652184455073119, 0.7633645119589554, 0.7614628100078074, 0.7597185317751514, 0.7583837857095337, 0.7583320067674459, 0.7582807321446015, 0.7582299586817345, 0.7581796830848084, 0.757151790856172, 0.7562715011575563, 0.7555757244787951, 0.7550140834009507, 0.7545507131226898, 0.7541608743139077, 0.7538274590998193, 0.7535383370081257],
    "cc_spin_squared": [0.7503540346408384, 0.7503066423569078, 0.750251125672214, 0.7502008614111704, 0.7501642041806356, 0.750162825173811, 0.7501614632207032, 0.7501601181809929, 0.7501587899102999, 0.7501324984658744, 0.7501115354510528, 0.7500962182473279, 0.7500848021572282, 0.7500760935514437, 0.7500693003696399, 0.7500638971267637, 0.7500595178870435]
}