{
    "schema_name": "pyscf_apdft_output",
    "provenance": {
        "creator": "PySCF",
        "version": "1.7.6"
    },
    "molecule": {
        "geometry": [[0.0, 0.0, 0.0], [1.8, 0.0, 0.0]],
        "symbols": [ "O", "H" ]
    },
    "molecular_charge": 0,
    "molecular_multiplicity": 2,
    "name": "o.h.chrg0.mult2.sep1.80-pyscf-uccsdt.ccpv5z",
    "atomic_numbers": [ 8, 1 ],
    "n_electrons": 9,
    "model": {
        "method": "UCCSD(T)",
        "basis": "cc-pV5Z",
        "scf_conv_tol": 1e-09,
        "scf_conv_tol_grad": 1e-06,
        "cc_conv_tol": 1e-05,
        "cc_conv_tol_normt": 1e-07
    },
    "broken_symmetry": false,
    "finite_diff_delta": 0.01,
    "finite_diff_acc": 2,
    "apdft_lambdas": [-1.0, -0.75, -0.5, -0.25, -0.02, -0.01, 0.0, 0.01, 0.02, 0.25, 0.5, 0.75, 1.0, 1.25, 1.5, 1.75, 2.0],
    "electronic_energies": [-55.10291516303225, -59.88580524861784, -64.89038678252385, -70.11877813812119, -75.12823474465985, -75.35039735874, -75.57292466258959, -75.79581684024126, -76.01907408030779, -81.25527238112099, -87.17031073373188, -93.32533027699088, -99.73031662279689, -106.37847902465522, -113.26494783837322, -120.38454068036808, -127.73328127213117],
    "apdft_energies": {
        "0": [-75.57292466258964, -75.57292466258964, -75.57292466258964, -75.57292466258964, -75.57292466258964, -75.57292466258964, -75.57292466258964, -75.57292466258964, -75.57292466258964, -75.57292466258964, -75.57292466258964, -75.57292466258964, -75.57292466258964, -75.57292466258964, -75.57292466258964, -75.57292466258964, -75.57292466258964],
        "1": [-53.301950587526576, -58.86969410629234, -64.43743762505811, -70.00518114382388, -75.12750518108838, -75.35021492183901, -75.57292466258964, -75.79563440334027, -76.0183441440909, -81.14066818135541, -86.70841170012118, -92.27615521888694, -97.84389873765271, -103.41164225641847, -108.97938577518424, -114.54712929395001, -120.11487281271577],
        "2": [-55.12631959737952, -59.895901674334624, -64.89352987752135, -70.11920420693968, -75.12823492869232, -75.35039735874, -75.57292466258964, -75.79581684024126, -76.01907389169484, -81.25469124447122, -87.16450395258441, -93.30236278692922, -99.66826774750565, -106.2622188343137, -113.08421604735337, -120.13425938662465, -127.41234885212755],
        "3": [-55.095265812650666, -59.88280085890214, -64.88964815443023, -70.1187189915533, -75.12823468026204, -75.35039732768621, -75.57292466258964, -75.79581687129505, -76.01907414012513, -81.25517645985761, -87.16838567567552, -93.31546360236172, -99.6993215322345, -106.32287075761225, -113.18902257081326, -120.30068826415587, -127.66077912995843],
        "4": [-55.11435110895697, -59.88883956593655, -64.89084098544939, -70.11879354349199, -75.1282346833157, -75.35039732787706, -75.57292466258964, -75.7958168714859, -76.01907414317877, -81.2552510117963, -87.16957850669466, -93.32150230939612, -99.71840682854082, -106.36946571929757, -113.28564188336394, -120.47968746896619, -127.96614387085931]
    },
    "apdft_poly_coeff": [ -75.57292466258964, -22.270974075063066, -1.8243690098529441, -0.03105378472885907, -0.019085296306305583 ],
    "hf_energies": [-54.8219761896536, -59.58811794317125, -64.57654651612592, -69.79266211772168, -74.79714854620242, -75.01926902400149, -75.24176985334434, -75.46465131966055, -75.68791370553836, -80.92868147829375, -86.85694427011144, -93.04060320566556, -99.44687280599729, -106.10154184645964, -112.99247552689785, -120.11564575337657, -127.4676555939351],
    "triples_corrections": [-0.013357409411070276, -0.014686229731527282, -0.015215561289609452, -0.015077195131482805, -0.0147769485274594, -0.014763243085729058, -0.0147493775448054, -0.014735319365837234, -0.0147210326407856, -0.014197365938008775, -0.012455836309832475, -0.007518498590908726, -0.0067095772752874495, -0.005313799039286502, -0.004484022114312738, -0.00392842573487926, -0.003507625114964915],
    "scf_converged": [true, true, true, true, true, true, true, true, true, true, true, true, true, true, true, true, true],
    "cc_converged": [true, true, true, true, true, true, true, true, true, true, true, true, true, true, true, true, true],
    "scf_spin_squared": [0.7814171436101152, 0.7672073221369029, 0.7633398893966237, 0.7618050747876941, 0.7616246523871246, 0.761647212893025, 0.76167289002113, 0.7617018026759541, 0.7617340790119975, 0.7639040141163411, 0.7786778574653823, 1.1877490189534172, 0.7667347703053098, 0.7557175297658092, 0.7538914604941218, 0.7531971600770215, 0.7528017498817148],
    "cc_spin_squared": [0.7550752703726769, 0.764019531887278, 0.7758334869304186, 0.7858539294704778, 0.7870230884714076, 0.7868240199253489, 0.786603396933228, 0.786360117263929, 0.786095415974565, 0.7748049868242421, 0.7584926409232948, 0.7610132905508589, 0.7510635222489026, 0.7502471128449537, 0.7500984648966904, 0.7500574939773661, 0.7500410585627515]
}