{
    "schema_name": "pyscf_apdft_output",
    "provenance": {
        "creator": "PySCF",
        "version": "1.7.6"
    },
    "molecule": {
        "geometry": [[0.0, 0.0, 0.0], [1.1, 0.0, 0.0]],
        "symbols": [ "F", "H" ]
    },
    "molecular_charge": 2,
    "molecular_multiplicity": 1,
    "name": "f.h.chrg2.mult1.sep1.10-pyscf-ccsdt.ccpv5z",
    "atomic_numbers": [ 9, 1 ],
    "n_electrons": 8,
    "model": {
        "method": "CCSD(T)",
        "basis": "cc-pV5Z",
        "scf_conv_tol": 1e-09,
        "scf_conv_tol_grad": 1e-06,
        "cc_conv_tol": 1e-05,
        "cc_conv_tol_normt": 1e-07
    },
    "broken_symmetry": false,
    "finite_diff_delta": 0.01,
    "finite_diff_acc": 2,
    "apdft_lambdas": [-3.0, -2.75, -2.5, -2.25, -2.0, -1.75, -1.5, -1.25, -1.0, -0.75, -0.5, -0.25, -0.02, -0.01, 0.0, 0.01, 0.02],
    "electronic_energies": [-38.40992758695851, -42.290930794071926, -46.36845577779953, -50.64600730293662, -55.12682940101289, -59.81385932043432, -64.70974384231128, -69.81689712686263, -75.1375600972719, -80.67381020894274, -86.42750308464706, -92.4001604562692, -98.08932555043289, -98.34091374871268, -98.59285494761626, -98.8451491664972, -99.0977964233773],
    "apdft_energies": {
        "0": [-98.5928549476162, -98.5928549476162, -98.5928549476162, -98.5928549476162, -98.5928549476162, -98.5928549476162, -98.5928549476162, -98.5928549476162, -98.5928549476162, -98.5928549476162, -98.5928549476162, -98.5928549476162, -98.5928549476162, -98.5928549476162, -98.5928549476162, -98.5928549476162, -98.5928549476162],
        "1": [-22.95754227993909, -29.260485002245517, -35.56342772455194, -41.86637044685837, -48.169313169164795, -54.47225589147122, -60.77519861377765, -67.07814133608407, -73.3810840583905, -79.68402678069693, -85.98696950300335, -92.28991222530978, -98.08861952983169, -98.34073723872395, -98.5928549476162, -98.84497265650846, -99.09709036540072],
        "2": [-38.84344126596686, -42.609052900227184, -46.59530202040456, -50.80218862649899, -55.22971271851047, -59.877874296439, -64.74667336028459, -69.83610991004723, -75.14618394572692, -80.67689546732366, -86.42824447483746, -92.4002309682683, -98.08932556978662, -98.34091374871268, -98.5928549476162, -98.8451491664972, -99.09779640535565],
        "3": [-38.75934664669869, -42.544278630408925, -46.54663615277252, -50.76671120899523, -55.204795794282866, -59.861181903841214, -64.73616153287607, -69.83002667659322, -75.14306933019847, -80.67558148889759, -86.4278551478964, -92.40018230240067, -98.0893255448697, -98.34091374559806, -98.5928549476162, -98.84514916961182, -99.09779643027258],
        "4": [-38.3097494871967, -42.22683302796541, -46.32981653495713, -50.624455857746554, -55.11598647882568, -59.80912351360374, -64.7080617104072, -69.81647545047976, -75.1375187479824, -80.67382524999329, -86.42750823650789, -92.4001606204389, -98.0893255439816, -98.34091374554257, -98.5928549476162, -98.84514916955631, -99.09779642938449]
    },
    "apdft_poly_coeff": [ -98.5928549476162, -25.211770889225704, -1.7650998873364188, -0.003114615528450788, 0.005550582216073963 ],
    "hf_energies": [-38.18353472949699, -42.05680163509855, -46.12710446108963, -50.39802919207374, -54.87286432533645, -59.554588470089534, -64.44590358490309, -69.54927605884183, -74.86695217345475, -80.40093254773876, -86.15291225568173, -92.12420895927474, -97.81226962319548, -98.06381110050681, -98.31570562397228, -98.56795320665019, -98.82055386045326],
    "triples_corrections": [-0.00817908891401577, -0.008613182331638701, -0.009062685112826695, -0.009520482755750409, -0.009978160719119191, -0.010426003404209789, -0.010852655098818227, -0.011245564167845779, -0.011594710579630097, -0.011895802909034772, -0.012153197741138686, -0.012379231830574794, -0.012573495995136533, -0.01258184653905047, -0.012590196847254063, -0.01259854776953203, -0.012606900141992302],
    "scf_converged": [true, true, true, true, true, true, true, true, true, true, true, true, true, true, true, true, true],
    "cc_converged": [true, true, true, true, true, true, true, true, true, true, true, true, true, true, true, true, true],
    "t1_diagnostic": [0.009644521693193667, 0.008745396763957152, 0.008040575945285943, 0.007514737620794256, 0.007094981921302022, 0.006724464978792983, 0.006394626253163679, 0.006108614161268031, 0.005833629146350866, 0.005505942489536535, 0.005081566492009694, 0.004573057807396532, 0.0040814726219924845, 0.004060479948568099, 0.004039554558484511, 0.004018700340811075, 0.003997921108866396]
}