{
    "schema_name": "pyscf_qa_output",
    "provenance": {
        "creator": "PySCF",
        "version": "1.7.6"
    },
    "molecule": {
        "geometry": [[0.0, 0.0, 0.0], [1.8, 0.0, 0.0]],
        "symbols": [ "N", "H" ]
    },
    "molecular_charge": 2,
    "molecular_multiplicity": 3,
    "name": "n.h.chrg2.mult3.sep1.80-pyscf-uccsdt.ccpv5z",
    "atomic_numbers": [ 7, 1 ],
    "n_electrons": 6,
    "model": {
        "method": "UCCSD(T)",
        "basis": "cc-pV5Z",
        "scf_conv_tol": 1e-09,
        "scf_conv_tol_grad": 1e-06,
        "cc_conv_tol": 1e-05,
        "cc_conv_tol_normt": 1e-07
    },
    "broken_symmetry": false,
    "finite_diff_delta": 0.01,
    "finite_diff_acc": 2,
    "qa_lambdas": [-3.0, -2.75, -2.5, -2.25, -2.0, -1.75, -1.5, -1.25, -1.0, -0.75, -0.5, -0.25, -0.02, -0.01, 0.0, 0.01, 0.02],
    "electronic_energies": [-15.159651953285751, -17.41268535637381, -19.828324456492588, -22.412016537504076, -25.168153177237617, -28.09958543228508, -31.208136482101814, -34.495697480157006, -37.96547544372415, -41.62299536815581, -45.474861270964695, -49.5242973562862, -53.42298956322712, -53.596223980224075, -53.769767197483105, -53.94361902110872, -54.11777925925754],
    "qats_energies": {
        "0": [-53.7697671974831, -53.7697671974831, -53.7697671974831, -53.7697671974831, -53.7697671974831, -53.7697671974831, -53.7697671974831, -53.7697671974831, -53.7697671974831, -53.7697671974831, -53.7697671974831, -53.7697671974831, -53.7697671974831, -53.7697671974831, -53.7697671974831, -53.7697671974831, -53.7697671974831],
        "1": [-1.660511064786796, -6.002949075844818, -10.345387086902846, -14.687825097960875, -19.030263109018897, -23.372701120076922, -27.715139131134947, -32.05757714219297, -36.400015153251, -40.742453164309026, -45.08489117536705, -49.42732918642507, -53.422372156598456, -53.596069677040774, -53.7697671974831, -53.94346471792542, -54.11716223836774],
        "2": [-15.54779756154776, -17.672127312706465, -19.98933604298685, -22.499423752388914, -25.20239044091266, -28.098236108558083, -31.186960755325188, -34.46856438121397, -37.94304698622444, -41.61040857035658, -45.47064913361041, -49.52376867598591, -53.422989369331646, -53.596223980224075, -53.7697671974831, -53.94361902110872, -54.11777945110093],
        "3": [-16.41571000745987, -18.340640892283446, -20.49160018992673, -22.865574315508084, -25.459549684145877, -28.270512710958464, -31.295449811064202, -34.531347399581456, -37.97519189162859, -41.62396970232396, -45.47466724678593, -49.52427094013285, -53.42298962649089, -53.59622401236898, -53.7697671974831, -53.94361898896381, -54.117779193941686],
        "4": [-17.108285604332174, -18.82964548882122, -20.8255969090974, -23.084709562955965, -25.596354740318183, -28.350705323231338, -31.33873578586872, -34.55222219452963, -37.98374220763936, -41.62667507574924, -45.4752016415366, -49.52430433980477, -53.42298962785894, -53.596224012454485, -53.7697671974831, -53.94361898904931, -54.11777919530974]
    },
    "qats_poly_coeffs": [ -53.7697671974831, -17.3697520442321, -1.5430318329734405, 0.03214490540415226, -0.008550316010769166 ],
    "hf_energies": [-15.062391003893676, -17.31057539797971, -19.72001820468694, -22.297801364017193, -25.04999138793058, -27.978707634662364, -31.084760718974824, -34.36945756887589, -37.8358112069011, -41.490226883083665, -45.34109242088614, -49.39079960884564, -53.28962591981031, -53.462860864759364, -53.63640427693028, -53.810255978877805, -53.98441579525215],
    "triples_corrections": [-0.0013264166592148305, -0.001750301462873089, -0.0022293671833546022, -0.002569364997028063, -0.002759023444310529, -0.002825157233757541, -0.0028202498605382296, -0.0028100450896725864, -0.0028239339925045697, -0.0028286133368866377, -0.002698970117598387, -0.0024553131642562234, -0.0022618052424351106, -0.002254639523161787, -0.0022475706673703026, -0.0022405970630386732, -0.00223371704941204],
    "scf_converged": [true, true, true, true, true, true, true, true, true, true, true, true, true, true, true, true, true],
    "cc_converged": [true, true, true, true, true, true, true, true, true, true, true, true, true, true, true, true, true],
    "scf_spin_squared": [2.0022119691664146, 2.0024848200734002, 2.0147565583291938, 2.0603874055233917, 2.093920502797881, 2.094192315658961, 2.079836170887497, 2.062862401068295, 2.0452508712924575, 2.02468249176832, 2.0095060763158177, 2.0058865219823367, 2.005624525622237, 2.0056221622400665, 2.0056197819519808, 2.005617343584393, 2.0056148107761023],
    "cc_spin_squared": [2.000177488080241, 2.0002712767434887, 2.0004964560014766, 2.0007645247666703, 2.000820825418791, 2.000712214005304, 2.000570949555227, 2.0004660048048937, 2.000407172898843, 2.0003496500044693, 2.000230811380926, 2.000131215792039, 2.0000890297073637, 2.0000878459513025, 2.0000866988968595, 2.0000855869120135, 2.0000845084357577]
}