{
    "schema_name": "pyscf_qa_output",
    "provenance": {
        "creator": "PySCF",
        "version": "1.7.6"
    },
    "molecule": {
        "geometry": [[0.0, 0.0, 0.0], [1.0, 0.0, 0.0]],
        "symbols": [ "N", "H" ]
    },
    "molecular_charge": -1,
    "molecular_multiplicity": 2,
    "name": "n.h.chrg-1.mult2.sep1.00-pyscf-uccsdt.ccpv5z",
    "atomic_numbers": [ 7, 1 ],
    "n_electrons": 9,
    "model": {
        "method": "UCCSD(T)",
        "basis": "cc-pV5Z",
        "scf_conv_tol": 1e-09,
        "scf_conv_tol_grad": 1e-06,
        "cc_conv_tol": 1e-05,
        "cc_conv_tol_normt": 1e-07
    },
    "broken_symmetry": false,
    "finite_diff_delta": 0.01,
    "finite_diff_acc": 2,
    "qa_lambdas": [-0.02, -0.01, 0.0, 0.01, 0.02, 0.25, 0.5, 0.75, 1.0, 1.25, 1.5, 1.75, 2.0, 2.25, 2.5, 2.75, 3.0],
    "electronic_energies": [-54.81953983729394, -55.00641558761026, -55.19363854649834, -55.38120889325916, -55.569126805256495, -59.98754468194936, -65.00088835092761, -70.23525321752699, -75.69151771009123, -81.37002963238598, -87.27074237056001, -93.39325807608259, -99.73679189071812, -106.30009416851755, -113.08136564387509, -120.07819490472308, -127.2875392228323],
    "qats_energies": {
        "0": [-55.19363854649829, -55.19363854649829, -55.19363854649829, -55.19363854649829, -55.19363854649829, -55.19363854649829, -55.19363854649829, -55.19363854649829, -55.19363854649829, -55.19363854649829, -55.19363854649829, -55.19363854649829, -55.19363854649829, -55.19363854649829, -55.19363854649829, -55.19363854649829, -55.19363854649829],
        "1": [-54.81884524084939, -55.006241893673845, -55.19363854649829, -55.38103519932274, -55.56843185214719, -59.87855486710954, -64.56347118772081, -69.24838750833206, -73.93330382894331, -78.61822014955456, -83.30313647016581, -87.98805279077708, -92.67296911138833, -97.35788543199958, -102.04280175261084, -106.72771807322209, -111.41263439383334],
        "2": [-54.81954001659508, -55.00641558761026, -55.19363854649829, -55.38120889325916, -55.56912662789288, -59.98711357737293, -64.99770602877433, -70.22541590070252, -75.67024319315746, -81.33218790613918, -87.21125003964767, -93.30742959368291, -99.62072656824493, -106.15114096333372, -112.89867277894928, -119.86332201509161, -127.04508867176071],
        "3": [-54.81953977881857, -55.006415557888204, -55.19363854649829, -55.38120892298123, -55.56912686566938, -59.987577984607825, -65.00142128665345, -70.23795489604456, -75.69996525619044, -81.39023881050046, -87.31156200238397, -93.46672127525028, -99.85850307250875, -106.48969383756874, -113.36308001383955, -120.48144804473057, -127.8475843736511],
        "4": [-54.81953977752691, -55.00641555780747, -55.19363854649829, -55.3812089229005, -55.56912686437772, -59.98754644987929, -65.00091673099695, -70.23540058303345, -75.6918923656862, -81.37052960516786, -87.27069299420629, -93.39100639204456, -99.72933682444102, -106.28279448366922, -113.04773272851796, -120.01974808429121, -127.19368024280823]
    },
    "qats_poly_coeffs": [ -55.19363854649829, -18.739665282445017, -1.7369393642141517, -0.029722063032977527, 0.008072890504233024 ],
    "hf_energies": [-54.55123694598872, -54.73799247145856, -54.92509720279355, -55.11255129575782, -55.3003549039989, -59.71662623510033, -64.72846032905139, -69.96191250847473, -75.41775861195632, -81.09638209832804, -86.99782928765485, -93.12177914818933, -99.46746514374705, -106.03358819251677, -112.81824913937184, -119.81891751568165, -127.03244264909353],
    "triples_corrections": [-0.009216728320878621, -0.009200851232150026, -0.009184692497123755, -0.00916825699796392, -0.009151549722085409, -0.00870489113597954, -0.008140144184400684, -0.007566695463463513, -0.007024363739543741, -0.006520150204467904, -0.006044896459433971, -0.005586511309183104, -0.005136788000865843, -0.00469388172809675, -0.004261923764178857, -0.0038485813016255906, -0.003461784793144276],
    "scf_converged": [true, true, true, true, true, true, true, true, true, true, true, true, true, true, true, true, true],
    "cc_converged": [true, true, true, true, true, true, true, true, true, true, true, true, true, true, true, true, true],
    "scf_spin_squared": [0.7629338653701705, 0.7628521280689635, 0.7627702938187921, 0.7626884269987428, 0.7626065889042062, 0.7608357872677978, 0.7593591587387589, 0.7583323686599819, 0.7575841721201879, 0.7569574409029309, 0.7563544648030787, 0.75573988994151, 0.7551239218658865, 0.7545361487402582, 0.7540033882729391, 0.753539763882694, 0.7531468649877793],
    "cc_spin_squared": [0.750447463369798, 0.7504452381699562, 0.7504429737736102, 0.7504406716632013, 0.7504383333252531, 0.7503779207235421, 0.7503101378791215, 0.7502518736991202, 0.750206020151976, 0.7501704809916347, 0.7501420737474209, 0.7501183416844031, 0.7500980016147403, 0.7500804991613053, 0.7500656771798639, 0.7500534193539936, 0.7500434954532649]
}