{
    "schema_name": "pyscf_qa_output",
    "provenance": {
        "creator": "PySCF",
        "version": "1.7.6"
    },
    "molecule": {
        "geometry": [[0.0, 0.0, 0.0], [0.8, 0.0, 0.0]],
        "symbols": [ "N", "H" ]
    },
    "molecular_charge": -1,
    "molecular_multiplicity": 4,
    "name": "n.h.chrg-1.mult4.sep0.80-pyscf-uccsdt.ccpv5z",
    "atomic_numbers": [ 7, 1 ],
    "n_electrons": 9,
    "model": {
        "method": "UCCSD(T)",
        "basis": "cc-pV5Z",
        "scf_conv_tol": 1e-09,
        "scf_conv_tol_grad": 1e-06,
        "cc_conv_tol": 1e-05,
        "cc_conv_tol_normt": 1e-07
    },
    "broken_symmetry": false,
    "finite_diff_delta": 0.01,
    "finite_diff_acc": 2,
    "qa_lambdas": [-0.02, -0.01, 0.0, 0.01, 0.02, 0.25, 0.5, 0.75, 1.0, 1.25, 1.5, 1.75, 2.0, 2.25, 2.5, 2.75, 3.0],
    "electronic_energies": [-54.66819155722384, -54.8537792426448, -55.03970075380424, -55.22595617354135, -55.41254558421202, -59.79646805517586, -64.7631736977822, -69.94111047778095, -75.33171543521497, -80.9365354432326, -86.75698148184708, -92.79383134004055, -99.04667963048793, -105.51374360541863, -112.19213380885309, -119.07826443297824, -126.1681330217121],
    "qats_energies": {
        "0": [-55.03970075380434, -55.03970075380434, -55.03970075380434, -55.03970075380434, -55.03970075380434, -55.03970075380434, -55.03970075380434, -55.03970075380434, -55.03970075380434, -55.03970075380434, -55.03970075380434, -55.03970075380434, -55.03970075380434, -55.03970075380434, -55.03970075380434, -55.03970075380434, -55.03970075380434],
        "1": [-54.66752382290779, -54.85361228835606, -55.03970075380434, -55.22578921925262, -55.41187768470089, -59.691912390011225, -64.34412402621811, -68.99633566242498, -73.64854729863187, -78.30075893483875, -82.95297057104563, -87.60518220725251, -92.2573938434594, -96.90960547966628, -101.56181711587317, -106.21402875208004, -110.86624038828693],
        "2": [-54.66819164006272, -54.8537792426448, -55.03970075380434, -55.22595617354135, -55.412545501855824, -59.796258820469646, -64.7615097480518, -69.9354535365508, -75.31809018596665, -80.90941969629935, -86.7094420675489, -92.7181572997153, -98.93556539279854, -105.36166634679863, -111.99646016171556, -118.83994683754935, -125.89212637429999],
        "3": [-54.66819152993267, -54.853779228878544, -55.03970075380434, -55.2259561873076, -55.41254561198588, -59.796473918224066, -64.76323053008718, -69.94126117592022, -75.33185644224972, -80.9363069156022, -86.75590318250423, -92.79193582948231, -99.04569544306301, -105.51847260977283, -112.21155791613836, -119.12624194868607, -126.26381529394256],
        "4": [-54.66819152961088, -54.85377922885843, -55.03970075380434, -55.225956187287494, -55.412545611664086, -59.79646606200839, -64.76310483063634, -69.9406248224503, -75.32984525103615, -80.93139678080345, -86.74572152698553, -92.77307305563943, -99.01351638364591, -105.46692797870945, -112.13299575935832, -119.01121909494441, -126.10090880564347]
    },
    "qats_poly_coeffs": [ -55.03970075380434, -18.60884654482753, -1.669542887334785, -0.013766256283057977, 0.0020111912135689636 ],
    "hf_energies": [-54.4549611515599, -54.640516875712024, -54.826406631169945, -55.01263048838639, -55.199188517729155, -59.582417086208814, -64.54837116904181, -69.72553083111173, -75.11536740188228, -80.71953356057813, -86.53963639738582, -92.57669528599008, -98.8304550790796, -105.29910990760018, -111.97964376884012, -118.86834013065739, -125.9610987883012],
    "triples_corrections": [-0.0051485266051923525, -0.0051352014643989965, -0.005121911989147387, -0.005108659861245588, -0.005095446691018086, -0.0048050409243065376, -0.0045242567515826155, -0.004278991311914077, -0.0040610318710187845, -0.00385750840187644, -0.003652933666234424, -0.0034353810292574076, -0.003204261020387238, -0.0029690541690151635, -0.0027403019735835915, -0.0025243915919798336, -0.0023238149130016387],
    "scf_converged": [true, true, true, true, true, true, true, true, true, true, true, true, true, true, true, true, true],
    "cc_converged": [true, true, true, true, true, true, true, true, true, true, true, true, true, true, true, true, true],
    "scf_spin_squared": [3.7618789680943294, 3.761830201704561, 3.7617819723122445, 3.761734269705352, 3.761687083815898, 3.7607232311254686, 3.759862727945112, 3.7591014349897898, 3.758363133820217, 3.7575926426923054, 3.756772163327728, 3.755942305982244, 3.7551818415595277, 3.754546298732528, 3.7540408206955047, 3.7536416093963982, 3.7533206298950144],
    "cc_spin_squared": [3.7502947706631464, 3.7502924119627736, 3.750290079019455, 3.750287771585404, 3.7502854894126525, 3.750239400024376, 3.7502008603215486, 3.7501710997738007, 3.7501474090781866, 3.7501277152311427, 3.7501104899979545, 3.750094818856296, 3.7500805381050943, 3.7500679865086597, 3.75005741109762, 3.750048720020021, 3.7500416222248236]
}