{
    "schema_name": "pyscf_qa_output",
    "provenance": {
        "creator": "PySCF",
        "version": "1.7.6"
    },
    "molecule": {
        "geometry": [[0.0, 0.0, 0.0], [1.8, 0.0, 0.0]],
        "symbols": [ "F", "H" ]
    },
    "molecular_charge": 1,
    "molecular_multiplicity": 4,
    "name": "f.h.chrg1.mult4.sep1.80-pyscf-uccsdt.ccpv5z",
    "atomic_numbers": [ 9, 1 ],
    "n_electrons": 9,
    "model": {
        "method": "UCCSD(T)",
        "basis": "cc-pV5Z",
        "scf_conv_tol": 1e-09,
        "scf_conv_tol_grad": 1e-06,
        "cc_conv_tol": 1e-05,
        "cc_conv_tol_normt": 1e-07
    },
    "broken_symmetry": false,
    "finite_diff_delta": 0.01,
    "finite_diff_acc": 2,
    "qa_lambdas": [-2.0, -1.75, -1.5, -1.25, -1.0, -0.75, -0.5, -0.25, -0.02, -0.01, 0.0, 0.01, 0.02, 0.25, 0.5, 0.75, 1.0],
    "electronic_energies": [-55.09179447373404, -59.86582213039589, -64.86241568876207, -70.08403851034828, -75.53026698898587, -81.20002004615176, -87.09243057573711, -93.20684907831244, -99.02774936960998, -99.28507930787276, -99.54276296496909, -99.8008003145472, -100.05919133031217, -106.09973649520187, -112.87735694521842, -119.87518823585755, -127.09274047784459],
    "qats_energies": {
        "0": [-99.5427629649691, -99.5427629649691, -99.5427629649691, -99.5427629649691, -99.5427629649691, -99.5427629649691, -99.5427629649691, -99.5427629649691, -99.5427629649691, -99.5427629649691, -99.5427629649691, -99.5427629649691, -99.5427629649691, -99.5427629649691, -99.5427629649691, -99.5427629649691, -99.5427629649691],
        "1": [-47.970662297525124, -54.41717488095562, -60.86368746438612, -67.31020004781661, -73.75671263124711, -80.20322521467762, -86.6497377981081, -93.0962503815386, -99.02704195829466, -99.28490246163187, -99.5427629649691, -99.80062346830633, -100.05848397164354, -105.9892755483996, -112.4357881318301, -118.88230071526058, -125.32881329869109],
        "2": [-55.044511932857986, -59.833091008007344, -64.84272788426085, -70.07342256161851, -75.52517504008033, -81.19798531964629, -87.09185340031641, -93.20677928209068, -99.0277493432582, -99.28507930787276, -99.5427629649691, -99.8008003145472, -100.05919135660707, -106.09980444895167, -112.8779037340384, -119.87706082022927, -127.0972757075243],
        "3": [-55.079609721829435, -59.85660378460345, -64.85753476398318, -70.08199135775412, -75.52956226370176, -81.19983617961158, -87.09240180326908, -93.20684783245976, -99.02774937835598, -99.28507931225998, -99.5427629649691, -99.80080031015999, -100.05919132150929, -106.0997358985826, -112.87735533108572, -119.87520996026399, -127.09288848390287],
        "4": [-55.083403072648075, -59.85882737720979, -64.85873500389064, -70.08257017715394, -75.52979934812792, -81.1999111946058, -87.09241662104573, -93.2068487585708, -99.02774937839392, -99.28507931226235, -99.5427629649691, -99.80080031016234, -100.05919132154722, -106.09973682469362, -112.87737014886235, -119.8752849752582, -127.09312556832904]
    },
    "qats_poly_coeffs": [ -99.5427629649691, -25.786050333721988, -1.7684624088332157, 0.004387223621430772, -0.00023708442616528677 ],
    "hf_energies": [-54.86593996778849, -59.63337483721936, -64.62937088305293, -69.85356813958305, -75.30221148696627, -80.97385233878248, -86.86778141357563, -92.98350805397925, -98.80552209302525, -99.06289950921168, -99.32063059866051, -99.57871533849435, -99.83715370581866, -105.87878407078243, -112.65759723490235, -119.65665456758775, -126.8754707662422],
    "triples_corrections": [-0.0058183761722359, -0.005926290662639031, -0.005808606515965987, -0.005227298279309335, -0.004607198493295323, -0.004089193341017238, -0.003669856313731433, -0.0033261607585082626, -0.0030598402051044272, -0.0030491526962626485, -0.003038532749822468, -0.003027979637703722, -0.0030174926433634897, -0.0027930521931114607, -0.0025803188635426812, -0.0023940862334215587, -0.0022302305474593033],
    "scf_converged": [true, true, true, true, true, true, true, true, true, true, true, true, true, true, true, true, true],
    "cc_converged": [true, true, true, true, true, true, true, true, true, true, true, true, true, true, true, true, true],
    "scf_spin_squared": [3.775644042478483, 3.780333398118239, 3.774003817220461, 3.7655370126690073, 3.7610502934794545, 3.7585762311457156, 3.757059769668802, 3.7560374897076274, 3.7553466105440316, 3.7553204215202918, 3.7552945055977736, 3.755268857903227, 3.755243473682846, 3.7547229337075385, 3.754263933466045, 3.7538831264345913, 3.753559111750185],
    "cc_spin_squared": [3.750804728489462, 3.7505801770828198, 3.7504972169934163, 3.750380607400901, 3.7502577563728994, 3.7501772018564745, 3.750128219314125, 3.7500973190690745, 3.750078042002155, 3.7500773422605276, 3.750076652213532, 3.7500759716745704, 3.7500753004617717, 3.750062076424376, 3.7500513490599188, 3.7500431881139815, 3.7500368371880386]
}