{
    "schema_name": "pyscf_apdft_output",
    "provenance": {
        "creator": "PySCF",
        "version": "1.7.6"
    },
    "molecule": {
        "geometry": [[0.0, 0.0, 0.0], [1.0, 0.0, 0.0]],
        "symbols": [ "N", "H" ]
    },
    "molecular_charge": 1,
    "molecular_multiplicity": 4,
    "name": "n.h.chrg1.mult4.sep1.00-pyscf-uccsdt.ccpv5z",
    "atomic_numbers": [ 7, 1 ],
    "n_electrons": 7,
    "model": {
        "method": "UCCSD(T)",
        "basis": "cc-pV5Z",
        "scf_conv_tol": 1e-09,
        "scf_conv_tol_grad": 1e-06,
        "cc_conv_tol": 1e-05,
        "cc_conv_tol_normt": 1e-07
    },
    "broken_symmetry": false,
    "finite_diff_delta": 0.01,
    "finite_diff_acc": 2,
    "apdft_lambdas": [-2.0, -1.75, -1.5, -1.25, -1.0, -0.75, -0.5, -0.25, -0.02, -0.01, 0.0, 0.01, 0.02, 0.25, 0.5, 0.75, 1.0],
    "electronic_energies": [-25.201271962461384, -28.231267409558928, -31.443561933918293, -34.84141141186853, -38.42747253752451, -42.203896870735214, -46.17251298822315, -50.33498685155016, -54.337029481584416, -54.51480150743646, -54.692888471466155, -54.871290461426064, -55.0500075645348, -59.247663823170704, -64.00054589267377, -68.9524369122993, -74.1037879589484],
    "apdft_energies": {
        "0": [-54.69288847146617, -54.69288847146617, -54.69288847146617, -54.69288847146617, -54.69288847146617, -54.69288847146617, -54.69288847146617, -54.69288847146617, -54.69288847146617, -54.69288847146617, -54.69288847146617, -54.69288847146617, -54.69288847146617, -54.69288847146617, -54.69288847146617, -54.69288847146617, -54.69288847146617],
        "1": [-19.043993072505735, -23.50010499737579, -27.956216922245844, -32.4123288471159, -36.86844077198595, -41.324552696856, -45.78066462172606, -50.23677654659612, -54.336399517476565, -54.51464399447137, -54.69288847146617, -54.87113294846097, -55.04937742545577, -59.14900039633622, -63.60511232120628, -68.06122424607634, -72.51733617094638],
        "2": [-25.344511676200362, -28.323939553329488, -31.50025863682407, -34.87346892668411, -38.44357042290961, -42.21056312550056, -46.174447034456975, -50.33522214977884, -54.337029569336934, -54.51480150743646, -54.69288847146617, -54.871290461426064, -55.05000747731614, -59.24744599951895, -63.99889473393719, -68.94723467472089, -74.09246582187004],
        "3": [-25.227864224798605, -28.245794873972454, -31.451047993263956, -34.84499054499423, -38.42898949148439, -42.20441179505555, -46.172624418028825, -50.33499432272532, -54.337029452689485, -54.514801492855526, -54.69288847146617, -54.871290476007, -55.05000759396359, -59.24767382657247, -64.00071735036535, -68.9533860051659, -74.10704675329526],
        "4": [-25.19227171807891, -28.22493119998955, -31.439786301684677, -34.839559559471816, -38.426764959814406, -42.20370793933184, -46.17248538479945, -50.33498563314849, -54.33702945233356, -54.514801492833286, -54.69288847146617, -54.87129047598475, -55.05000759360767, -59.247665136995636, -64.00057831713598, -68.9526821494422, -74.10482222162528]
    },
    "apdft_poly_coeff": [ -54.69288847146617, -17.824447699480217, -1.5751296509236568, -0.014580931425219506, 0.0022245316699809337 ],
    "hf_energies": [-25.073195720965032, -28.09959983695083, -31.30876301693367, -34.70389876744286, -38.28752607540268, -42.061678888907295, -46.02815456675881, -50.18867157649659, -54.189157829301934, -54.36686874050268, -54.54489518388868, -54.7232372524404, -54.901895038508144, -59.09836403471234, -63.8503699014438, -68.80182954401698, -73.95317097196502],
    "triples_corrections": [-0.0024718195235463197, -0.002606511192615675, -0.0026934114905862996, -0.002731476124822506, -0.0027323706051328514, -0.002710254969544847, -0.0026735102037138293, -0.0026236519623689687, -0.002564280189370055, -0.0025613681904319923, -0.0025584272835280767, -0.0025554573335238454, -0.0025524582106067257, -0.0024752179214998847, -0.0023732511482402094, -0.002254465967302001, -0.0021232620968739927],
    "scf_converged": [true, true, true, true, true, true, true, true, true, true, true, true, true, true, true, true, true],
    "cc_converged": [true, true, true, true, true, true, true, true, true, true, true, true, true, true, true, true, true],
    "scf_spin_squared": [3.7543960211859266, 3.754278387369866, 3.754291615271776, 3.7543510422523294, 3.7543819897171335, 3.754348236738859, 3.754257051005169, 3.754142333993403, 3.7540477046417755, 3.75404417932375, 3.7540407130238793, 3.7540373065866564, 3.7540339608024786, 3.7539747721619885, 3.7539474263152695, 3.753944978175491, 3.7539445834009584],
    "cc_spin_squared": [3.750195122817977, 3.7501897184515545, 3.7501845564668663, 3.7501778320931747, 3.750169126565602, 3.750158886824795, 3.7501477890138872, 3.7501363021313336, 3.7501255295222835, 3.7501250570187343, 3.750124584141771, 3.7501241108899777, 3.750123637262232, 3.75011264264647, 3.7501005464270323, 3.750088562501339, 3.7500771219843214]
}