{
    "schema_name": "pyscf_apdft_output",
    "provenance": {
        "creator": "PySCF",
        "version": "1.7.6"
    },
    "molecule": {
        "geometry": [[0.0, 0.0, 0.0], [1.6, 0.0, 0.0]],
        "symbols": [ "C", "H" ]
    },
    "molecular_charge": 1,
    "molecular_multiplicity": 1,
    "name": "c.h.chrg1.mult1.sep1.60-pyscf-ccsdt.ccpv5z",
    "atomic_numbers": [ 6, 1 ],
    "n_electrons": 6,
    "model": {
        "method": "CCSD(T)",
        "basis": "cc-pV5Z",
        "scf_conv_tol": 1e-09,
        "scf_conv_tol_grad": 1e-06,
        "cc_conv_tol": 1e-05,
        "cc_conv_tol_normt": 1e-07
    },
    "broken_symmetry": false,
    "finite_diff_delta": 0.01,
    "finite_diff_acc": 2,
    "apdft_lambdas": [-2.0, -1.75, -1.5, -1.25, -1.0, -0.75, -0.5, -0.25, -0.02, -0.01, 0.0, 0.01, 0.02, 0.25, 0.5, 0.75, 1.0],
    "electronic_energies": [-15.228136077263347, -17.484715842048647, -19.904028827435596, -22.48956112949381, -25.24441779055403, -28.171418226775383, -31.273188754903945, -34.55222440528661, -37.72764152617846, -37.869186412463456, -38.01102309140831, -38.15315175438725, -38.29557259437703, -41.65235895894337, -45.47949218020887, -49.495738953702826, -53.70306162083856],
    "apdft_energies": {
        "0": [-38.01102309140828, -38.01102309140828, -38.01102309140828, -38.01102309140828, -38.01102309140828, -38.01102309140828, -38.01102309140828, -38.01102309140828, -38.01102309140828, -38.01102309140828, -38.01102309140828, -38.01102309140828, -38.01102309140828, -38.01102309140828, -38.01102309140828, -38.01102309140828, -38.01102309140828],
        "1": [-9.614488899028665, -13.164055673076117, -16.71362244712357, -20.26318922117102, -23.812755995218474, -27.362322769265926, -30.91188954331338, -34.46145631736083, -37.72705774948449, -37.86904042044638, -38.01102309140828, -38.153005762370185, -38.29498843333208, -41.56058986545574, -45.11015663950319, -48.65972341355064, -52.20929018759809],
        "2": [-15.454169581868463, -17.635061195875338, -19.998442831220956, -22.544314487905318, -25.272676165928424, -28.183527865290273, -31.276869585990866, -34.5527013280302, -37.72764171755277, -37.869186412463456, -38.01102309140828, -38.15315175438725, -38.295572401400364, -41.65183487612511, -45.475136682180676, -49.48092850957499, -53.66921035830804],
        "3": [-15.197935597911847, -17.463404444904405, -19.89034411923926, -22.481757362915907, -25.240646917933844, -28.17001552629256, -31.272865929991543, -34.55220087103029, -37.72764146131879, -37.86918638043421, -38.01102309140828, -38.1531517864165, -38.295572657634345, -41.65233533312502, -45.479140338179995, -49.4944408485727, -53.70123960630262],
        "4": [-15.304757645415709, -17.526021567965138, -19.924143282707277, -22.49805711381677, -25.247323295902838, -28.172127974009314, -31.273283203614607, -34.55222695063173, -37.727641462387005, -37.86918638050097, -38.01102309140828, -38.153151786483264, -38.29557265870257, -41.652361412726464, -45.47955761180306, -49.49655329628945, -53.70791598427161]
    },
    "apdft_poly_coeff": [ -38.01102309140828, -14.19826709618981, -1.4599201707099496, -0.03202924799457681, -0.006676377968991194 ],
    "hf_energies": [-15.100851861281626, -17.354012674695493, -19.76915666522089, -22.349830239771684, -25.099192230165762, -28.020212776544636, -31.1159435143863, -34.38967435770539, -37.56170349358931, -37.70314401345263, -37.84488018777797, -37.98691222683083, -38.129240339671, -41.48496202224363, -45.31283439268617, -49.330426439659085, -53.5382094359482],
    "triples_corrections": [-0.0023420509776972643, -0.0025439444499836023, -0.0027825620925400574, -0.003038883712273946, -0.003299388638485536, -0.0035495871769963584, -0.0037644692801981783, -0.003908889173810306, -0.003952697819037891, -0.003952464128917491, -0.003952052628636383, -0.003951464075640038, -0.003950698570147353, -0.003888502861002067, -0.0037591316686467176, -0.003654459610694902, -0.003665071191810524],
    "scf_converged": [true, true, true, true, true, true, true, true, true, true, true, true, true, true, true, true, true],
    "cc_converged": [true, true, true, true, true, true, true, true, true, true, true, true, true, true, true, true, true],
    "t1_diagnostic": [0.017511597460536293, 0.016046246860456328, 0.01531690157643174, 0.015085935997646994, 0.015090807913411988, 0.015003391130382637, 0.014634515640479032, 0.014255140724908162, 0.014339905694196879, 0.014353378214047658, 0.01436729016065956, 0.014381569050171633, 0.014396122295518466, 0.014597093066437875, 0.013608887193453325, 0.010854479118361094, 0.00756509902938982]
}