{
    "schema_name": "pyscf_apdft_output",
    "provenance": {
        "creator": "PySCF",
        "version": "1.7.6"
    },
    "molecule": {
        "geometry": [[0.0, 0.0, 0.0], [1.0, 0.0, 0.0]],
        "symbols": [ "Li", "H" ]
    },
    "molecular_charge": 0,
    "molecular_multiplicity": 3,
    "name": "li.h.chrg0.mult3.sep1.00-pyscf-uccsdt.ccpv5z",
    "atomic_numbers": [ 3, 1 ],
    "n_electrons": 4,
    "model": {
        "method": "UCCSD(T)",
        "basis": "cc-pV5Z",
        "scf_conv_tol": 1e-09,
        "scf_conv_tol_grad": 1e-06,
        "cc_conv_tol": 1e-05,
        "cc_conv_tol_normt": 1e-07
    },
    "broken_symmetry": false,
    "finite_diff_delta": 0.01,
    "finite_diff_acc": 2,
    "apdft_lambdas": [-0.02, -0.01, 0.0, 0.01, 0.02, 0.25, 0.5, 0.75, 1.0, 1.25, 1.5, 1.75, 2.0],
    "electronic_energies": [-7.718456462456792, -7.774822701413399, -7.831419345668342, -7.888246361342719, -7.945303712880636, -9.321091798240955, -10.95386031016994, -12.728159341481978, -14.641390623161474, -16.689694767454178, -18.867893795646495, -21.169636847741156, -23.58771901815647],
    "apdft_energies": {
        "0": [-7.831419345668325, -7.831419345668325, -7.831419345668325, -7.831419345668325, -7.831419345668325, -7.831419345668325, -7.831419345668325, -7.831419345668325, -7.831419345668325, -7.831419345668325, -7.831419345668325, -7.831419345668325, -7.831419345668325],
        "1": [-7.717995685739005, -7.774707515703666, -7.831419345668325, -7.888131175632985, -7.944843005597646, -9.249215094784827, -10.667010843901329, -12.08480659301783, -13.502602342134331, -14.920398091250835, -16.338193840367335, -17.755989589483836, -19.17378533860034],
        "2": [-7.718456428577939, -7.774822701413399, -7.831419345668325, -7.888246361342719, -7.945303748436579, -9.321206163368238, -10.95497511823497, -12.732726210268522, -14.654459439468894, -16.720174805836088, -18.929872309370104, -21.283551950070937, -23.781213727938592],
        "3": [-7.718456474867803, -7.774822707199632, -7.831419345668325, -7.888246355556486, -7.945303702146716, -9.321115753478015, -10.954251839113189, -12.730285143232514, -14.648673206494655, -16.70887356955828, -18.910343773082044, -21.252541357724617, -23.734923864144672],
        "4": [-7.718456473749741, -7.774822707129753, -7.831419345668325, -7.888246355486607, -7.945303701028654, -9.321088457054792, -10.953815096341613, -12.728074132951402, -14.641685322149414, -16.691813305043528, -18.874967608584264, -21.187002645564764, -23.62311771462082]
    },
    "apdft_poly_coeff": [ -7.831419345668325, -5.6711829964660065, -1.1518570973345632, 0.005786232974240115, 0.006987884345240521 ],
    "hf_energies": [-7.681887475274243, -7.738343352714869, -7.7950298261396265, -7.8519468664273475, -7.909094442651007, -9.287022134889522, -10.92228465405552, -12.699262576597764, -14.615309705185924, -16.666466045105295, -18.847427215485403, -21.151724432439366, -23.5720702785323],
    "triples_corrections": [-8.239096353364735e-05, -8.172125830541238e-05, -8.106041526090654e-05, -8.040828230698812e-05, -7.976471082337087e-05, -6.70204201214853e-05, -5.65472396630544e-05, -4.8284967844128545e-05, -4.135848652325204e-05, -3.528138138430887e-05, -2.983958908014393e-05, -2.4971196332959285e-05, -2.0670749207382267e-05],
    "scf_converged": [true, true, true, true, true, true, true, true, true, true, true, true, true],
    "cc_converged": [true, true, true, true, true, true, true, true, true, true, true, true, true],
    "scf_spin_squared": [2.000082229946451, 2.0000806073872788, 2.0000790287606622, 2.000077492748625, 2.000075998076417, 2.0000506337266852, 2.000035596463298, 2.000027194353751, 2.000022189072205, 2.0000189306720104, 2.0000165472404343, 2.0000145869316466, 2.000012839174965],
    "cc_spin_squared": [2.0000014300933815, 2.000001396252291, 2.000001363368619, 2.000001331414448, 2.0000013003626815, 2.0000007830431494, 2.0000004909410447, 2.000000335624164, 2.000000246400692, 2.000000190084537, 2.0000001509753753, 2.000000121634035, 2.0000000984900947]
}