{
    "schema_name": "pyscf_qa_output",
    "provenance": {
        "creator": "PySCF",
        "version": "1.7.6"
    },
    "molecule": {
        "geometry": [[0.0, 0.0, 0.0], [1.6, 0.0, 0.0]],
        "symbols": [ "O", "H" ]
    },
    "molecular_charge": 0,
    "molecular_multiplicity": 4,
    "name": "o.h.chrg0.mult4.sep1.60-pyscf-uccsdt.ccpv5z",
    "atomic_numbers": [ 8, 1 ],
    "n_electrons": 9,
    "model": {
        "method": "UCCSD(T)",
        "basis": "cc-pV5Z",
        "scf_conv_tol": 1e-09,
        "scf_conv_tol_grad": 1e-06,
        "cc_conv_tol": 1e-05,
        "cc_conv_tol_normt": 1e-07
    },
    "broken_symmetry": false,
    "finite_diff_delta": 0.01,
    "finite_diff_acc": 2,
    "qa_lambdas": [-1.0, -0.75, -0.5, -0.25, -0.02, -0.01, 0.0, 0.01, 0.02, 0.25, 0.5, 0.75, 1.0, 1.25, 1.5, 1.75, 2.0],
    "electronic_energies": [-55.09578405790334, -59.86715027070821, -64.85985773621773, -70.076450194387, -75.07407432455341, -75.29566931713899, -75.51762273998038, -75.73993452423996, -75.96260459984728, -81.18272965825358, -87.07056214909736, -93.17977177296385, -99.50898058176512, -106.05675190990522, -112.82152579623715, -119.80156525540453, -126.99492686945605],
    "qats_energies": {
        "0": [-75.51762273998047, -75.51762273998047, -75.51762273998047, -75.51762273998047, -75.51762273998047, -75.51762273998047, -75.51762273998047, -75.51762273998047, -75.51762273998047, -75.51762273998047, -75.51762273998047, -75.51762273998047, -75.51762273998047, -75.51762273998047, -75.51762273998047, -75.51762273998047, -75.51762273998047],
        "1": [-53.30436238493202, -58.85767747369413, -64.41099256245624, -69.96430765121835, -75.0733575328795, -75.29549013642998, -75.51762273998047, -75.73975534353096, -75.96188794708144, -81.07093782874259, -86.62425291750469, -92.1775680062668, -97.73088309502891, -103.28419818379103, -108.83751327255314, -114.39082836131524, -119.94414345007736],
        "2": [-55.09616947497558, -59.865568961843636, -64.85894433496713, -70.07629559434608, -75.07407425571552, -75.29566931713899, -75.51762273998047, -75.73993452423996, -75.96260466991745, -81.1829257718703, -87.07220469001558, -93.1854594944163, -99.52269018507248, -106.0838967619841, -112.86907922515115, -119.87823757457366, -127.11137181025161],
        "3": [-55.1077451469521, -59.87045244845873, -64.8603912939642, -70.07647646422072, -75.07407434832089, -75.29566932871467, -75.51762273998047, -75.73993451266429, -75.96260457731208, -81.18274490199568, -87.07075773101852, -93.18057600780122, -99.51111451309596, -106.06128802765497, -112.83001133223041, -119.81619920757453, -127.01876643443948],
        "4": [-55.102610705931596, -59.868827879229585, -64.86007039140041, -70.07645640781047, -75.07407434749938, -75.29566932866331, -75.51762273998047, -75.73993451261293, -75.96260457649056, -81.18272484558543, -87.07043682845473, -93.17895143857207, -99.50598007207546, -106.04875277125726, -112.80401822456415, -119.76804376659712, -126.93661537811153]
    },
    "qats_poly_coeffs": [ -75.51762273998047, -22.213260355048448, -1.7918070900435623, 0.011575671976515876, 0.005134441020497131 ],
    "hf_energies": [-54.86670121397924, -59.635022575160136, -64.62808611575217, -69.84730729901267, -74.8477810475745, -75.06949664423209, -75.29157014466605, -75.51400146247141, -75.73679051155402, -80.95947870237657, -86.84973278764164, -92.96109235040274, -99.29230432500201, -105.84202545852445, -112.60875605129759, -119.59079462065405, -126.78621562528046],
    "triples_corrections": [-0.006710131237814435, -0.0064328536576758865, -0.006032581030337076, -0.005434618873390428, -0.004837210973870704, -0.004812219674766608, -0.0047873617238063, -0.004762641162464963, -0.004738061747288648, -0.004216807516922235, -0.0037488598674093486, -0.0033679017162900034, -0.0030525990542335938, -0.002786134729807854, -0.0025568814245524886, -0.002357001968868741, -0.002181157910783891],
    "scf_converged": [true, true, true, true, true, true, true, true, true, true, true, true, true, true, true, true, true],
    "cc_converged": [true, true, true, true, true, true, true, true, true, true, true, true, true, true, true, true, true],
    "scf_spin_squared": [3.789787665400106, 3.7755467958310445, 3.7703349194371776, 3.765316731546357, 3.76172381807761, 3.761595177217868, 3.761468698590418, 3.761344355897915, 3.761222122041723, 3.7589249294464886, 3.7572674567661783, 3.756146251705403, 3.755346063832459, 3.754743595747421, 3.7542685495037484, 3.753879939715058, 3.7535530269570563],
    "cc_spin_squared": [3.751138173137763, 3.7507499163433993, 3.7505115396789552, 3.750379261639969, 3.7502795692204556, 3.750275682546513, 3.750271840019076, 3.7502680441300056, 3.7502642917143962, 3.750190969419058, 3.7501370965682073, 3.7501023902958837, 3.7500795313330304, 3.750063814969394, 3.750052509155099, 3.750044047767375, 3.750037517473885]
}