{
    "schema_name": "pyscf_apdft_output",
    "provenance": {
        "creator": "PySCF",
        "version": "1.7.6"
    },
    "molecule": {
        "geometry": [[0.0, 0.0, 0.0], [0.7, 0.0, 0.0]],
        "symbols": [ "B", "H" ]
    },
    "molecular_charge": 0,
    "molecular_multiplicity": 3,
    "name": "b.h.chrg0.mult3.sep0.70-pyscf-uccsdt.ccpv5z",
    "atomic_numbers": [ 5, 1 ],
    "n_electrons": 6,
    "model": {
        "method": "UCCSD(T)",
        "basis": "cc-pV5Z",
        "scf_conv_tol": 1e-09,
        "scf_conv_tol_grad": 1e-06,
        "cc_conv_tol": 1e-05,
        "cc_conv_tol_normt": 1e-07
    },
    "broken_symmetry": false,
    "finite_diff_delta": 0.01,
    "finite_diff_acc": 2,
    "apdft_lambdas": [-1.0, -0.75, -0.5, -0.25, -0.02, -0.01, 0.0, 0.01, 0.02, 0.25, 0.5, 0.75, 1.0, 1.25, 1.5, 1.75, 2.0],
    "electronic_energies": [-14.874160110382599, -17.133210429982462, -19.562677221321085, -22.164620391170462, -24.711219341267228, -24.825261549742596, -24.939580303769265, -25.0541755812177, -25.169047359756284, -27.887359220730815, -31.007587796837146, -34.29980443947967, -37.76334434749371, -41.39721745463172, -45.20001672558986, -49.16985756353318, -53.30434499157837],
    "apdft_energies": {
        "0": [-24.939580303769198, -24.939580303769198, -24.939580303769198, -24.939580303769198, -24.939580303769198, -24.939580303769198, -24.939580303769198, -24.939580303769198, -24.939580303769198, -24.939580303769198, -24.939580303769198, -24.939580303769198, -24.939580303769198, -24.939580303769198, -24.939580303769198, -24.939580303769198, -24.939580303769198],
        "1": [-13.493878730014046, -16.355304123452832, -19.216729516891622, -22.07815491033041, -24.710666272294095, -24.825123288031648, -24.939580303769198, -25.054037319506747, -25.1684943352443, -27.801005697207984, -30.662431090646773, -33.52385648408556, -36.38528187752435, -39.246707270963135, -42.10813266440192, -44.969558057840715, -47.8309834512795],
        "2": [-14.876495839509545, -17.133026247544052, -19.562383794265497, -22.16456847967388, -24.711219319137893, -24.825261549742596, -24.939580303769198, -25.0541755812177, -25.1690473820881, -27.887419266551454, -31.008085368020648, -34.30157860817678, -37.76789898701985, -41.407046504549854, -45.2190211607668, -49.203822955670674, -53.361451889261495],
        "3": [-14.880200935295278, -17.134589334828657, -19.562846931238713, -22.16462637179553, -24.71121934877866, -24.825261553447692, -24.939580303769198, -25.054175577512602, -25.169047352447333, -27.8873613744298, -31.00762223104743, -34.300015520892174, -37.764193891234115, -41.39980998934334, -45.206516462489944, -49.18396595794401, -53.33181112297563],
        "4": [-14.879357299023326, -17.134322403039484, -19.562794203971716, -22.164623076341343, -24.711219348643677, -24.825261553439255, -24.939580303769198, -25.054175577504168, -25.16904735231235, -27.887358078975616, -31.007569503780434, -34.299748589103004, -37.76335025496216, -41.39775033047627, -45.20224555386319, -49.176053572440274, -53.318312942624395]
    },
    "apdft_poly_coeff": [ -24.939580303769198, -11.445701573755152, -1.3826171094954987, 0.003705095785733192, 0.000843636271952164 ],
    "hf_energies": [-14.772472192595753, -17.03057951962662, -19.459388431561784, -22.06109987911721, -24.607735138015347, -24.72178226540722, -24.83610615019557, -24.950706763748645, -25.06558407743807, -27.78406635306248, -30.904539372047996, -34.19703075213471, -37.660858534444046, -41.29502198686847, -45.098106541043784, -49.06822217851355, -53.20297078772513],
    "triples_corrections": [-0.0014857023941658584, -0.0014888064012401135, -0.0014670569568630476, -0.0014211168595916065, -0.0013733038180783078, -0.0013712824962716099, -0.0013692702882321145, -0.0013672675417190077, -0.0013652745829105795, -0.0013226300551174622, -0.001283967076208207, -0.0012529420050484766, -0.001228379756368977, -0.0012088454204847083, -0.0011927889346994682, -0.0011786092527052384, -0.0011647001070843486],
    "scf_converged": [true, true, true, true, true, true, true, true, true, true, true, true, true, true, true, true, true],
    "cc_converged": [true, true, true, true, true, true, true, true, true, true, true, true, true, true, true, true, true],
    "scf_spin_squared": [2.0013780803672088, 2.0015692569707166, 2.001849819276895, 2.002077716904879, 2.0021923396445764, 2.0021954867775342, 2.002198502994199, 2.0022013910921395, 2.002204153860034, 2.002239129647414, 2.0022358301579213, 2.0022107257922928, 2.0021755722458416, 2.0021372861085234, 2.002100548801952, 2.00206867849399, 2.0020437569229035],
    "cc_spin_squared": [2.0000965553767154, 2.0000926072389156, 2.0000878619699547, 2.0000803550408195, 2.0000724835672505, 2.0000721454202903, 2.0000718083714544, 2.000071472488865, 2.000071137837274, 2.000063890540622, 2.0000571643342484, 2.0000515943914356, 2.000046960743216, 2.0000430409366157, 2.0000396533742784, 2.0000366575617914, 2.000033945607032]
}