{
    "schema_name": "pyscf_apdft_output",
    "provenance": {
        "creator": "PySCF",
        "version": "1.7.6"
    },
    "molecule": {
        "geometry": [[0.0, 0.0, 0.0], [0.7, 0.0, 0.0]],
        "symbols": [ "N", "H" ]
    },
    "molecular_charge": 1,
    "molecular_multiplicity": 2,
    "name": "n.h.chrg1.mult2.sep0.70-pyscf-uccsdt.ccpv5z",
    "atomic_numbers": [ 7, 1 ],
    "n_electrons": 7,
    "model": {
        "method": "UCCSD(T)",
        "basis": "cc-pV5Z",
        "scf_conv_tol": 1e-09,
        "scf_conv_tol_grad": 1e-06,
        "cc_conv_tol": 1e-05,
        "cc_conv_tol_normt": 1e-07
    },
    "broken_symmetry": false,
    "finite_diff_delta": 0.01,
    "finite_diff_acc": 2,
    "apdft_lambdas": [-2.0, -1.75, -1.5, -1.25, -1.0, -0.75, -0.5, -0.25, -0.02, -0.01, 0.0, 0.01, 0.02, 0.25, 0.5, 0.75, 1.0],
    "electronic_energies": [-24.953469871722962, -27.995288924111954, -31.219803879289408, -34.62933372966118, -38.22570824346758, -42.01026551263328, -45.98398244552764, -50.14764230226592, -54.146572548330134, -54.324107588797666, -54.50194868540832, -54.68009587889209, -54.85854920981253, -59.047560131239514, -63.78506559310617, -68.71493047399008, -73.8374335712596],
    "apdft_energies": {
        "0": [-54.501948685408315, -54.501948685408315, -54.501948685408315, -54.501948685408315, -54.501948685408315, -54.501948685408315, -54.501948685408315, -54.501948685408315, -54.501948685408315, -54.501948685408315, -54.501948685408315, -54.501948685408315, -54.501948685408315, -54.501948685408315, -54.501948685408315, -54.501948685408315, -54.501948685408315],
        "1": [-18.903119675966003, -23.352973302146292, -27.80282692832658, -32.25268055450687, -36.70253418068716, -41.15238780686745, -45.60224143304774, -50.05209505922802, -54.14596039531389, -54.3239545403611, -54.501948685408315, -54.67994283045553, -54.85793697550274, -58.95180231158861, -63.40165593776889, -67.85150956394918, -72.30136319012948],
        "2": [-25.025057138461456, -28.040081671869373, -31.246416750980273, -34.64406237579416, -38.23301854631102, -42.01328526253087, -45.9848625244537, -50.14775033207952, -54.14657258906014, -54.324107588797666, -54.501948685408315, -54.68009587889209, -54.85854916924899, -59.047457584440096, -63.78427702917486, -68.71240701961261, -73.83184755575334],
        "3": [-24.97086143868167, -28.00377478705596, -31.223552940135676, -34.63083100377761, -38.22624408383855, -42.0104272861753, -45.98401571664464, -50.147644481103384, -54.14657253486444, -54.3241075820232, -54.501948685408315, -54.68009588566655, -54.85854922344469, -59.04756343541623, -63.78512383698392, -68.71526499596818, -73.8386220182258],
        "4": [-24.959764655929725, -27.99727005673677, -31.22004184871807, -34.629137769104766, -38.22555053491655, -42.0102078429617, -45.98397236983702, -50.14764177192791, -54.146572534753474, -54.32410758201627, -54.501948685408315, -54.68009588565962, -54.85854922333372, -59.047560726240754, -63.78508049017629, -68.71504555275457, -73.83792846930382]
    },
    "apdft_poly_coeff": [ -54.501948685408315, -17.799414504721156, -1.5304843656238631, -0.00677446247247341, 0.0006935489219965044 ],
    "hf_energies": [-24.79108311356204, -27.82883560057394, -31.050037286478666, -34.45692109637366, -38.05114882625796, -41.833892420084396, -45.80601523447092, -49.968242778433016, -53.965980569464904, -54.14346644454963, -54.321258601178435, -54.499357080491556, -54.67776192348362, -58.86572131224435, -63.602228931570494, -68.53125865044352, -73.65310044834541],
    "triples_corrections": [-0.0037572417168357897, -0.0038244259428441155, -0.003835676774723098, -0.003794296961077021, -0.003717951922224798, -0.0036266814864412606, -0.003534220309711883, -0.003446972682601255, -0.003372900741231747, -0.0033698160902145913, -0.0033667425118181376, -0.0033636799673401833, -0.0033606284173290485, -0.003293381637054815, -0.0032263026154257827, -0.0031651446373040996, -0.0031099476601180575],
    "scf_converged": [true, true, true, true, true, true, true, true, true, true, true, true, true, true, true, true, true],
    "cc_converged": [true, true, true, true, true, true, true, true, true, true, true, true, true, true, true, true, true],
    "scf_spin_squared": [0.7637011626841259, 0.761662133190995, 0.7602096004516379, 0.7590414054741399, 0.7580362688550579, 0.7571629969787548, 0.7564143635204235, 0.7557803857955081, 0.755285009862928, 0.7552651577422367, 0.7552454365315353, 0.7552258450849205, 0.7552063822600079, 0.7547916781931425, 0.7544023762081493, 0.7540634362697438, 0.7537637994150135],
    "cc_spin_squared": [0.7502657188377382, 0.7502290441173478, 0.7502003741766683, 0.7501749581540846, 0.75015195481029, 0.7501317867867532, 0.7501148204182881, 0.7501009838181631, 0.7500906841710093, 0.7500902829246676, 0.7500898852827533, 0.7500894912125549, 0.7500891006813482, 0.7500810220546965, 0.7500739167541326, 0.7500681788458903, 0.750063488358738]
}