{
    "schema_name": "pyscf_qa_output",
    "provenance": {
        "creator": "PySCF",
        "version": "1.7.6"
    },
    "molecule": {
        "geometry": [[0.0, 0.0, 0.0], [1.1, 0.0, 0.0]],
        "symbols": [ "B", "H" ]
    },
    "molecular_charge": 1,
    "molecular_multiplicity": 4,
    "name": "b.h.chrg1.mult4.sep1.10-pyscf-uccsdt.ccpv5z",
    "atomic_numbers": [ 5, 1 ],
    "n_electrons": 5,
    "model": {
        "method": "UCCSD(T)",
        "basis": "cc-pV5Z",
        "scf_conv_tol": 1e-09,
        "scf_conv_tol_grad": 1e-06,
        "cc_conv_tol": 1e-05,
        "cc_conv_tol_normt": 1e-07
    },
    "broken_symmetry": false,
    "finite_diff_delta": 0.01,
    "finite_diff_acc": 2,
    "qa_lambdas": [-2.0, -1.75, -1.5, -1.25, -1.0, -0.75, -0.5, -0.25, -0.02, -0.01, 0.0, 0.01, 0.02, 0.25, 0.5, 0.75, 1.0],
    "electronic_energies": [-7.837315326713459, -9.394085271645661, -11.099405616562992, -12.957253380000655, -14.97085892060869, -17.142374285480283, -19.47312996003212, -21.964076558332074, -24.3979472608843, -24.50686898130817, -24.616049542092792, -24.725488989710342, -24.835187370301146, -27.42981593958482, -30.40600802825479, -33.54501534438377, -36.84685191979655],
    "qats_energies": {
        "0": [-24.61604954209283, -24.61604954209283, -24.61604954209283, -24.61604954209283, -24.61604954209283, -24.61604954209283, -24.61604954209283, -24.61604954209283, -24.61604954209283, -24.61604954209283, -24.61604954209283, -24.61604954209283, -24.61604954209283, -24.61604954209283, -24.61604954209283, -24.61604954209283, -24.61604954209283],
        "1": [-2.754048701875554, -5.486798806902712, -8.219548911929873, -10.952299016957033, -13.685049121984193, -16.41779922701135, -19.150549332038512, -21.883299437065673, -24.39742953369066, -24.506739537891747, -24.61604954209283, -24.725359546293916, -24.834669550495004, -27.34879964711999, -30.08154975214715, -32.81429985717431, -35.54704996220147],
        "2": [-7.93178535886495, -9.45100343491022, -11.132025781486409, -12.974852398593516, -14.979483286231542, -17.145918444400486, -19.47415787310035, -21.96420157233113, -24.397947307356358, -24.50686898130817, -24.61604954209283, -24.725488989710342, -24.835187324160703, -27.42970178238545, -30.405158293208988, -33.54241907456344, -36.84148412644882],
        "3": [-7.8700436928629145, -9.409641342256513, -11.1059785161418, -12.959778749667237, -14.971765577981287, -17.14266253623241, -19.473193159569067, -21.96408098313972, -24.39794724561469, -24.50686897359046, -24.61604954209283, -24.72548899742805, -24.83518738590237, -27.42982237157686, -30.40612300674027, -33.54567498273152, -36.84920183469907],
        "4": [-7.847937287267946, -9.396682973156533, -11.098983911246517, -12.9564055798682, -14.970383927631602, -17.142225373426456, -19.473106806422212, -21.96407558606804, -24.397947245393627, -24.506868973576644, -24.61604954209283, -24.725488997414235, -24.835187385681305, -27.429816974505183, -30.406036653593414, -33.54523781992556, -36.84782018434939]
    },
    "qats_poly_coeffs": [ -24.61604954209283, -10.931000420108639, -1.294434164247349, -0.007717708250254417, 0.0013816503496855148 ],
    "hf_energies": [-7.786912648451075, -9.343725389807181, -11.049127168743901, -12.907280203856548, -14.921479581516271, -17.09381330626372, -19.42552268867567, -21.917500792057858, -24.3523675068599, -24.461333453941247, -24.570558318360675, -24.68004214683294, -24.78978498577209, -27.385458542169427, -30.36284282520441, -33.50311833267861, -36.80632156936016],
    "triples_corrections": [-0.00018361848268877117, -0.00018215323118335274, -0.00018398348769234742, -0.0001838012058401508, -0.00017963882066106938, -0.0001725510065845727, -0.00016421368059116285, -0.00015558188518070896, -0.00014764461025160565, -0.00014730012427395444, -0.00014695566271586726, -0.00014661122055345904, -0.00014626679254874035, -0.0001383342976380506, -0.0001296141423956612, -0.00012066798928337075, -0.00011139495569258941],
    "scf_converged": [true, true, true, true, true, true, true, true, true, true, true, true, true, true, true, true, true],
    "cc_converged": [true, true, true, true, true, true, true, true, true, true, true, true, true, true, true, true, true],
    "scf_spin_squared": [3.7500392612106843, 3.7500220669196387, 3.7500142944215473, 3.7500109456318387, 3.750009632445319, 3.750009171775683, 3.7500090334854894, 3.7500090067332366, 3.7500090103612314, 3.750009010638886, 3.7500090109133644, 3.750009011183384, 3.7500090114477174, 3.750009013607482, 3.7500090001354787, 3.7500089624714215, 3.7500088942213097],
    "cc_spin_squared": [3.7500014104807495, 3.7500008991608684, 3.7500006663916405, 3.750000546060856, 3.7500004685573525, 3.7500004095557427, 3.7500003617411886, 3.7500003219946416, 3.750000290670134, 3.750000289399871, 3.750000288136412, 3.750000286879701, 3.7500002856296506, 3.750000258533876, 3.75000023197563, 3.7500002075903573, 3.7500001847455993]
}