{
    "schema_name": "pyscf_qa_output",
    "provenance": {
        "creator": "PySCF",
        "version": "1.7.6"
    },
    "molecule": {
        "geometry": [[0.0, 0.0, 0.0], [0.9, 0.0, 0.0]],
        "symbols": [ "O", "H" ]
    },
    "molecular_charge": 2,
    "molecular_multiplicity": 4,
    "name": "o.h.chrg2.mult4.sep0.90-pyscf-uccsdt.ccpv5z",
    "atomic_numbers": [ 8, 1 ],
    "n_electrons": 7,
    "model": {
        "method": "UCCSD(T)",
        "basis": "cc-pV5Z",
        "scf_conv_tol": 1e-09,
        "scf_conv_tol_grad": 1e-06,
        "cc_conv_tol": 1e-05,
        "cc_conv_tol_normt": 1e-07
    },
    "broken_symmetry": false,
    "finite_diff_delta": 0.01,
    "finite_diff_acc": 2,
    "qa_lambdas": [-3.0, -2.75, -2.5, -2.25, -2.0, -1.75, -1.5, -1.25, -1.0, -0.75, -0.5, -0.25, -0.02, -0.01, 0.0, 0.01, 0.02],
    "electronic_energies": [-25.1466700064235, -28.187529701452707, -31.408677708610124, -34.81340659451341, -38.404544951618924, -42.18443909730637, -46.15504198772913, -50.318061935972636, -54.675095622808165, -59.227696540285635, -63.97737286220449, -68.92553665493764, -73.65422144086021, -73.86366407011984, -74.07342783057197, -74.28351277632771, -74.49391896065332],
    "qats_energies": {
        "0": [-74.073427830572, -74.073427830572, -74.073427830572, -74.073427830572, -74.073427830572, -74.073427830572, -74.073427830572, -74.073427830572, -74.073427830572, -74.073427830572, -74.073427830572, -74.073427830572, -74.073427830572, -74.073427830572, -74.073427830572, -74.073427830572, -74.073427830572],
        "1": [-11.096121899391107, -16.344230726989515, -21.592339554587923, -26.84044838218633, -32.08855720978474, -37.33666603738315, -42.584774864981554, -47.83288369257996, -53.08099252017837, -58.32910134777678, -63.577210175375185, -68.8253190029736, -73.65357912436413, -73.86350347746807, -74.073427830572, -74.28335218367593, -74.49327653677987],
        "2": [-25.54946055905458, -28.489050017401183, -31.629380290465335, -34.970451378247034, -38.51226328074628, -42.25481599796308, -46.19810952989742, -50.342143876549315, -54.686919037918756, -59.232435014005745, -63.97869180481028, -68.92568941033237, -73.65422149497122, -73.86366407011984, -74.073427830572, -74.28351277632771, -74.49391890738697],
        "3": [-25.3078614982972, -28.30295722233864, -31.489566019193703, -34.868526774490014, -38.44067837385521, -42.20685970291691, -46.16790964730275, -50.32466709264036, -54.67797092455737, -59.22866002868141, -63.97757329064011, -68.9255495960611, -73.65422142338632, -73.86366406117173, -74.073427830572, -74.28351278527583, -74.49391897897188],
        "4": [-25.022787134182465, -28.10167569431956, -31.352088027240228, -34.77832746396933, -38.38436738835106, -42.17385123704888, -46.15009249954558, -50.31607471814327, -54.67445148796337, -59.227546456946584, -63.97735332585298, -68.9255358482619, -73.65422142282321, -73.86366406113653, -74.073427830572, -74.28351278524063, -74.49391897840877]
    },
    "qats_poly_coeffs": [ -74.073427830572, -20.99243531039363, -1.6059265177403859, -0.008948113361384456, 0.0035194365940090697 ],
    "hf_energies": [-25.01666218264299, -28.053948342193067, -31.271849188032974, -34.673741674691975, -38.262413857248525, -42.04010686265898, -46.0086774834859, -50.16979009402406, -54.52505303362606, -59.07606642371457, -63.824394902548235, -68.77149673070053, -73.49947959372571, -73.70889781046456, -73.91863766717978, -74.12869921768093, -74.33908251489096],
    "triples_corrections": [-0.002216227098820709, -0.002323007936605158, -0.0024041575558887583, -0.002450539455353524, -0.0024625589892736375, -0.00244806071561591, -0.002416455951389453, -0.002374081786680347, -0.0023232153337373325, -0.0022634862501173876, -0.002193714411722327, -0.0021132922930135905, -0.002030421026981721, -0.002026645052674767, -0.0020228558603178647, -0.0020190536100571925, -0.0020152384644467262],
    "scf_converged": [true, true, true, true, true, true, true, true, true, true, true, true, true, true, true, true, true],
    "cc_converged": [true, true, true, true, true, true, true, true, true, true, true, true, true, true, true, true, true],
    "scf_spin_squared": [3.754677324951631, 3.754394207906688, 3.7542458572070676, 3.7541954679673273, 3.7541927071310446, 3.7541913692188937, 3.754163283261571, 3.754102073621102, 3.754017403848258, 3.7539252415008804, 3.753838810404659, 3.7537640462260637, 3.7537038197164634, 3.7537013021765135, 3.7536987882933586, 3.753696277449707, 3.753693769023813],
    "cc_spin_squared": [3.7501700855349442, 3.7501612312922417, 3.750154130143346, 3.7501470985230787, 3.750139388846274, 3.7501309064897033, 3.7501218953616036, 3.7501126638255378, 3.750103432178363, 3.750094333958824, 3.750085399799778, 3.7500766932832885, 3.7500689647937513, 3.7500686366855334, 3.750068309319408, 3.7500679827055032, 3.7500676568540547]
}