{
    "schema_name": "pyscf_qa_output",
    "provenance": {
        "creator": "PySCF",
        "version": "1.7.6"
    },
    "molecule": {
        "geometry": [[0.0, 0.0, 0.0], [1.9, 0.0, 0.0]],
        "symbols": [ "F", "H" ]
    },
    "molecular_charge": 1,
    "molecular_multiplicity": 2,
    "name": "f.h.chrg1.mult2.sep1.90-pyscf-uccsdt.ccpv5z",
    "atomic_numbers": [ 9, 1 ],
    "n_electrons": 9,
    "model": {
        "method": "UCCSD(T)",
        "basis": "cc-pV5Z",
        "scf_conv_tol": 1e-09,
        "scf_conv_tol_grad": 1e-06,
        "cc_conv_tol": 1e-05,
        "cc_conv_tol_normt": 1e-07
    },
    "broken_symmetry": false,
    "finite_diff_delta": 0.01,
    "finite_diff_acc": 2,
    "qa_lambdas": [-2.0, -1.75, -1.5, -1.25, -1.0, -0.75, -0.5, -0.25, -0.02, -0.01, 0.0, 0.01, 0.02, 0.25, 0.5, 0.75, 1.0],
    "electronic_energies": [-55.0852029747598, -59.86919887351589, -64.88053057588174, -70.11116697280666, -75.56633150207921, -81.24878518224993, -87.1638511892626, -93.26835051820764, -99.21454231207288, -99.47551300774103, -99.73688221607593, -99.998649514239, -100.26081445188687, -106.39925254127681, -113.30374887425704, -120.4461803552822, -127.82407952603225],
    "qats_energies": {
        "0": [-99.73688221607573, -99.73688221607573, -99.73688221607573, -99.73688221607573, -99.73688221607573, -99.73688221607573, -99.73688221607573, -99.73688221607573, -99.73688221607573, -99.73688221607573, -99.73688221607573, -99.73688221607573, -99.73688221607573, -99.73688221607573, -99.73688221607573, -99.73688221607573, -99.73688221607573],
        "1": [-47.423231566278034, -53.962437897502745, -60.50164422872746, -67.04085055995216, -73.58005689117688, -80.1192632224016, -86.6584695536263, -93.19767588485101, -99.21374570957775, -99.47531396282673, -99.73688221607573, -99.99845046932472, -100.2600187225737, -106.27608854730045, -112.81529487852515, -119.35450120974986, -125.89370754097457],
        "2": [-55.385028137856395, -60.05818839761743, -64.98015480024029, -70.15092734572497, -75.57050603407147, -81.2388908652798, -87.15608183934995, -93.32207895628193, -99.21454188923491, -99.47551300774103, -99.73688221607573, -99.998649514239, -100.26081490223086, -106.40049161873135, -113.3129071642488, -120.47412885262807, -127.88415668386916],
        "3": [-55.9671494448661, -60.448164195086825, -65.225737226635, -70.29304680544413, -75.64327119744769, -81.26958866857913, -87.16517748477197, -93.32321591195968, -99.21454247135621, -99.47551308050619, -99.73688221607573, -99.99864944147384, -100.26081432010956, -106.3993546630536, -113.30381151882678, -120.44343104932872, -127.81139152049295],
        "4": [-54.13341864802901, -59.37326486813226, -64.64553334169827, -70.01324169118067, -75.52866302264536, -81.2333259257706, -87.15801447384683, -93.32276822377686, -99.21454245301891, -99.47551307936011, -99.73688221607573, -99.99864944032777, -100.26081430177224, -106.39890697487078, -113.29664850790162, -120.40716830652019, -127.69678334569063]
    },
    "qats_poly_coeffs": [ -99.73688221607573, -26.156825324898847, -1.9904491428945903, 0.07276516337621311, 0.11460817480231829 ],
    "hf_energies": [-54.80720634986317, -59.62091747627174, -64.5587033371611, -69.77297376523445, -75.2212639899395, -80.9092270045505, -86.84123042224736, -92.97807750128042, -98.92462479743244, -99.18589131927172, -99.44755136644086, -99.70960413345462, -99.97204890742702, -106.11544128670182, -113.02330798647981, -120.16830131655982, -127.54849357716445],
    "triples_corrections": [-0.013028666283050232, -0.010486794223927372, -0.016464853771035095, -0.016313749808889985, -0.01605148043882989, -0.015800335806366916, -0.013822842847802873, -0.006848435751202448, -0.0067952680328104715, -0.0067188089640157385, -0.006643799603746079, -0.006570348096591898, -0.0064985268451280475, -0.005269374246270888, -0.004506635557178005, -0.00399552500801689, -0.003602885273076653],
    "scf_converged": [true, true, true, true, true, true, true, true, true, true, true, true, true, true, true, true, true],
    "cc_converged": [true, true, true, true, true, true, true, true, true, true, true, true, true, true, true, true, true],
    "scf_spin_squared": [0.7791361164429551, 1.5616135544352572, 0.7613561047695967, 0.7601477779972372, 0.7600074463542743, 0.7615712141485789, 0.7715108738216623, 0.7539376036466443, 0.7675682069449716, 0.7661377794683109, 0.7649027670512734, 0.7638294895253321, 0.7628909711963932, 0.755280273372132, 0.753739285522709, 0.7531301480544719, 0.7527666653758822],
    "cc_spin_squared": [0.7577403181143676, 0.9076628703460288, 0.8156777416853256, 0.8483372289237183, 0.8517145992542363, 0.8164767184610371, 0.7702990743200759, 0.7501659991126917, 0.7513401492700931, 0.7512329430844276, 0.7511362485707145, 0.7510488315932442, 0.7509696345748527, 0.7502275932966, 0.7500899517043518, 0.7500542222255995, 0.7500396344052569]
}