{
    "schema_name": "pyscf_qa_output",
    "provenance": {
        "creator": "PySCF",
        "version": "1.7.6"
    },
    "molecule": {
        "geometry": [[0.0, 0.0, 0.0], [1.7, 0.0, 0.0]],
        "symbols": [ "Be", "H" ]
    },
    "molecular_charge": -1,
    "molecular_multiplicity": 3,
    "name": "be.h.chrg-1.mult3.sep1.70-pyscf-uccsdt.ccpv5z",
    "atomic_numbers": [ 4, 1 ],
    "n_electrons": 6,
    "model": {
        "method": "UCCSD(T)",
        "basis": "cc-pV5Z",
        "scf_conv_tol": 1e-09,
        "scf_conv_tol_grad": 1e-06,
        "cc_conv_tol": 1e-05,
        "cc_conv_tol_normt": 1e-07
    },
    "broken_symmetry": false,
    "finite_diff_delta": 0.01,
    "finite_diff_acc": 2,
    "qa_lambdas": [-0.02, -0.01, 0.0, 0.01, 0.02, 0.25, 0.5, 0.75, 1.0, 1.25, 1.5, 1.75, 2.0, 2.25, 2.5, 2.75, 3.0],
    "electronic_energies": [-15.027224786536355, -15.112744415540632, -15.198531201508047, -15.284585406716841, -15.370907287126975, -17.430675842006707, -19.832520979833962, -22.404972918588175, -25.14803860143393, -28.060778064185524, -31.141031243866966, -34.38578265280713, -37.79205904812044, -41.35768492330515, -45.080752564784376, -48.95730710905953, -52.97993691361505],
    "qats_energies": {
        "0": [-15.198531201508084, -15.198531201508084, -15.198531201508084, -15.198531201508084, -15.198531201508084, -15.198531201508084, -15.198531201508084, -15.198531201508084, -15.198531201508084, -15.198531201508084, -15.198531201508084, -15.198531201508084, -15.198531201508084, -15.198531201508084, -15.198531201508084, -15.198531201508084, -15.198531201508084],
        "1": [-15.026690210331875, -15.11261070591998, -15.198531201508084, -15.284451697096188, -15.370372192684293, -17.346543591210697, -19.49455598091331, -21.642568370615926, -23.79058076031854, -25.938593150021156, -28.086605539723767, -30.234617929426378, -32.38263031912899, -34.53064270883161, -36.67865509853422, -38.826667488236836, -40.97467987793945],
        "2": [-15.027225048814486, -15.112744415540632, -15.198531201508084, -15.284585406716841, -15.370907031166904, -17.430112104118727, -19.828830032545422, -22.394684986788175, -25.127676966846984, -28.027805972721843, -31.095072004412764, -34.32947506191974, -37.731015145242765, -41.29969225438185, -45.03550638933699, -48.93845755010818, -53.00854573669543],
        "3": [-15.027224703322352, -15.112744372354115, -15.198531201508084, -15.284585449903359, -15.370907376659039, -17.430786893444992, -19.834228347155566, -22.412904298597404, -25.170863483728123, -28.112154638505324, -31.240826498886612, -34.560927800829596, -38.07650728029189, -41.79161367323109, -45.71029571560481, -49.83660214337065, -54.17458169248622],
        "4": [-15.02722469911031, -15.112744372090862, -15.198531201508084, -15.284585449640106, -15.370907372446998, -17.430684060396203, -19.832583018374937, -22.404574821645483, -25.144538223238094, -28.047883983012085, -31.107554867655832, -34.31402565068677, -37.6553031124514, -41.116926040125264, -44.681965227712986, -48.33102347604823, -52.04223559279374]
    },
    "qats_poly_coeffs": [ -15.198531201508084, -8.592049558810455, -1.337096206528443, -0.04318651688114034, 0.02632526049003066 ],
    "hf_energies": [-14.941067605764715, -15.026455059906873, -15.112109813945976, -15.198032163214547, -15.284222393092648, -17.34102766080497, -19.739542996215704, -22.308476490547164, -25.048654541563568, -27.959549865326686, -31.038536767797094, -34.282060922719005, -37.68701568772064, -41.2518394668898, -44.97551169153385, -48.8535827550761, -52.877646468195714],
    "triples_corrections": [-0.001751869799083356, -0.0017659267814556178, -0.0017799181784588613, -0.0017938397855404116, -0.0018076876950693472, -0.0021019992983501734, -0.002376176664353645, -0.0025871513887707393, -0.0027002034338038466, -0.002724283332873076, -0.002683150727944352, -0.0026165196616859446, -0.002551312447117622, -0.002469340774927384, -0.002300751901627657, -0.002048222314933705, -0.0018018593997418198],
    "scf_converged": [true, true, true, true, true, true, true, true, true, true, true, true, true, true, true, true, true],
    "cc_converged": [true, true, true, true, true, true, true, true, true, true, true, true, true, true, true, true, true],
    "scf_spin_squared": [2.0022326329218547, 2.0022894610943367, 2.002348022549282, 2.0024083862148627, 2.0024706274252893, 2.0047224589055306, 2.011938278904105, 2.032221285777319, 2.060249017367169, 2.0739600792505835, 2.0704327842657486, 2.0576419355066244, 2.040723642504668, 2.022481157217332, 2.009923813052298, 2.006027007955841, 2.0055523948632894],
    "cc_spin_squared": [2.0002740395482217, 2.000278577899606, 2.0002831625068924, 2.0002877910714805, 2.0002924612578603, 2.0004064197792255, 2.000533179593745, 2.000645229016839, 2.0006938790083453, 2.000659086663916, 2.0005742878689188, 2.0004861319973983, 2.000414601397353, 2.0003391666270645, 2.000234135904738, 2.000141617488951, 2.0000908444884065]
}