{
    "schema_name": "pyscf_qa_output",
    "provenance": {
        "creator": "PySCF",
        "version": "1.7.6"
    },
    "molecule": {
        "geometry": [[0.0, 0.0, 0.0], [0.9, 0.0, 0.0]],
        "symbols": [ "N", "H" ]
    },
    "molecular_charge": 0,
    "molecular_multiplicity": 3,
    "name": "n.h.chrg0.mult3.sep0.90-pyscf-uccsdt.ccpv5z",
    "atomic_numbers": [ 7, 1 ],
    "n_electrons": 8,
    "model": {
        "method": "UCCSD(T)",
        "basis": "cc-pV5Z",
        "scf_conv_tol": 1e-09,
        "scf_conv_tol_grad": 1e-06,
        "cc_conv_tol": 1e-05,
        "cc_conv_tol_normt": 1e-07
    },
    "broken_symmetry": false,
    "finite_diff_delta": 0.01,
    "finite_diff_acc": 2,
    "qa_lambdas": [-1.0, -0.75, -0.5, -0.25, -0.02, -0.01, 0.0, 0.01, 0.02, 0.25, 0.5, 0.75, 1.0, 1.25, 1.5, 1.75, 2.0],
    "electronic_energies": [-38.44719319776078, -42.32590250942987, -46.40575438583313, -50.68900025164796, -54.810647175967894, -54.99380151203424, -55.177285792410004, -55.361100082244285, -55.545244445967086, -59.87180363372161, -64.7734513725871, -69.88291741172237, -75.20068446646565, -80.72697907432482, -86.46169679860677, -92.40432431330763, -98.55386959105901],
    "qats_energies": {
        "0": [-55.177285792410025, -55.177285792410025, -55.177285792410025, -55.177285792410025, -55.177285792410025, -55.177285792410025, -55.177285792410025, -55.177285792410025, -55.177285792410025, -55.177285792410025, -55.177285792410025, -55.177285792410025, -55.177285792410025, -55.177285792410025, -55.177285792410025, -55.177285792410025, -55.177285792410025],
        "1": [-36.812357281907715, -41.403589409533296, -45.99482153715887, -50.586053664784444, -54.80998722219998, -54.993636507305, -55.177285792410025, -55.36093507751505, -55.54458436262007, -59.768517920035606, -64.35975004766118, -68.95098217528675, -73.54221430291233, -78.13344643053792, -82.72467855816349, -87.31591068578908, -91.90714281341465],
        "2": [-38.462404574273, -42.331741011488766, -46.40733336025019, -50.68918162055728, -54.810647241116925, -54.99380151203424, -55.177285792410025, -55.361100082244285, -55.54524438153702, -59.87164587580843, -64.7722618707525, -69.87913377724223, -75.19226159527761, -80.71164532485867, -86.43728496598538, -92.36918051865776, -98.5073319828758],
        "3": [-38.451606315985465, -42.327185496273714, -46.40598357796425, -50.68901289777153, -54.81064715473086, -54.99380150123598, -55.177285792410025, -55.361100093042545, -55.545244467923084, -59.87181459859418, -64.77361165303844, -69.88368929245729, -75.20305985356515, -80.73273567307652, -86.47372908770582, -92.42705243416752, -98.59371804917609],
        "4": [-38.44861075662934, -42.32623768257119, -46.40579635550449, -50.6890011963678, -54.81064715425157, -54.99380150120602, -55.177285792410025, -55.36110009301259, -55.545244467443794, -59.87180289719044, -64.77342443057869, -69.88274147875477, -75.20006429420903, -80.72542229574223, -86.45856406846545, -92.39895736380014, -98.54578909947813]
    },
    "qats_poly_coeffs": [ -55.177285792410025, -18.36492851050231, -1.6500472923652865, -0.010798258287536553, 0.0029955593561226124 ],
    "hf_energies": [-38.25030932231208, -42.125774769372946, -46.2033039973559, -50.48482311486151, -54.605202821530845, -54.78830730420935, -54.97174212875074, -55.15550735749676, -55.33960305233737, -59.66514881639876, -64.56593803192935, -69.67484971373455, -74.99243335886392, -80.51897197490118, -86.25439343964409, -92.19818710014174, -98.34933613644998],
    "triples_corrections": [-0.005430588512732813, -0.005327512910208766, -0.005119040365808895, -0.004856899421381273, -0.0046048016625935715, -0.004593944543859731, -0.004583104956841649, -0.004572283662658846, -0.004561481380342991, -0.004319380334770506, -0.004071406331898275, -0.003836958724859741, -0.0036116251735099033, -0.0033915540689956505, -0.003174425404813831, -0.0029596061227468223, -0.002747928177213677],
    "scf_converged": [true, true, true, true, true, true, true, true, true, true, true, true, true, true, true, true, true],
    "cc_converged": [true, true, true, true, true, true, true, true, true, true, true, true, true, true, true, true, true],
    "scf_spin_squared": [2.018933892756001, 2.017170219284274, 2.0157300001230634, 2.0145135955113487, 2.013572923733066, 2.013535639119291, 2.0134986380347546, 2.013461917923372, 2.013425476164136, 2.0126572395419045, 2.011939509448459, 2.011284606656806, 2.0106363652317083, 2.009956044767762, 2.009229423095732, 2.0084660515159736, 2.007691291914126],
    "cc_spin_squared": [2.00056039862966, 2.000476968225337, 2.0004051186499483, 2.0003430321339977, 2.000294729230839, 2.000292818612607, 2.000290923414119, 2.000289043571196, 2.0002871790168903, 2.000248321601176, 2.0002137880526534, 2.0001853959502043, 2.000161422192109, 2.0001404907961904, 2.0001217618656533, 2.0001048313430974, 2.000089585154832]
}