{
    "schema_name": "pyscf_apdft_output",
    "provenance": {
        "creator": "PySCF",
        "version": "1.7.6"
    },
    "molecule": {
        "geometry": [[0.0, 0.0, 0.0], [1.5, 0.0, 0.0]],
        "symbols": [ "B", "H" ]
    },
    "molecular_charge": 0,
    "molecular_multiplicity": 1,
    "name": "b.h.chrg0.mult1.sep1.50-pyscf-ccsdt.ccpv5z",
    "atomic_numbers": [ 5, 1 ],
    "n_electrons": 6,
    "model": {
        "method": "CCSD(T)",
        "basis": "cc-pV5Z",
        "scf_conv_tol": 1e-09,
        "scf_conv_tol_grad": 1e-06,
        "cc_conv_tol": 1e-05,
        "cc_conv_tol_normt": 1e-07
    },
    "broken_symmetry": false,
    "finite_diff_delta": 0.01,
    "finite_diff_acc": 2,
    "apdft_lambdas": [-1.0, -0.75, -0.5, -0.25, -0.02, -0.01, 0.0, 0.01, 0.02, 0.25, 0.5, 0.75, 1.0, 1.25, 1.5, 1.75, 2.0],
    "electronic_energies": [-15.241197710119357, -17.491316059977347, -19.90772470516377, -22.492929572455104, -25.02192878563261, -25.135177935019893, -25.2487022054274, -25.362501682651946, -25.476576452207855, -28.176469122732716, -31.277500798509237, -34.552867112565686, -38.003341274660784, -41.6293992035035, -45.43126233979607, -49.40869906693405, -53.56034976118573],
    "apdft_energies": {
        "0": [-25.24870220542739, -25.24870220542739, -25.24870220542739, -25.24870220542739, -25.24870220542739, -25.24870220542739, -25.24870220542739, -25.24870220542739, -25.24870220542739, -25.24870220542739, -25.24870220542739, -25.24870220542739, -25.24870220542739, -25.24870220542739, -25.24870220542739, -25.24870220542739, -25.24870220542739],
        "1": [-13.882514823824767, -16.72406166922542, -19.565608514626078, -22.407155360026735, -25.021378457795336, -25.135040331611364, -25.24870220542739, -25.362364079243413, -25.47602595305944, -28.090249050828042, -30.9317958962287, -33.77334274162936, -36.61488958703001, -39.456436432430664, -42.29798327783132, -45.13953012323198, -47.981076968632635],
        "2": [-15.258548909132276, -17.498080842210896, -19.909617035952955, -22.493157490358453, -25.02192887142946, -25.135177935019893, -25.24870220542739, -25.362501682651946, -25.476576366693564, -28.176251181159763, -31.275804417555577, -34.547361914614825, -37.990923672337516, -41.60648969072365, -45.39405996977322, -49.35363450948623, -53.48521330986267],
        "3": [-15.244272980840917, -17.49205818496298, -19.907832544916534, -22.4929344289789, -25.02192875722203, -25.135177920743963, -25.24870220542739, -25.362501696927875, -25.47657648090099, -28.176474242539317, -31.277588908591998, -34.55338457186275, -38.00519960062888, -41.634372363167714, -45.442241227756554, -49.43014456267272, -53.599420736193544],
        "4": [-15.243095611527762, -17.491685657953738, -19.907758959334462, -22.49292982988002, -25.021928757033653, -25.13517792073219, -25.24870220542739, -25.3625016969161, -25.476576480712612, -28.176469643440438, -31.277515323009926, -34.5530120448535, -38.00402223131572, -41.63149792636801, -45.43628079560871, -49.41910212626303, -53.58058282718307]
    },
    "apdft_poly_coeff": [ -25.24870220542739, -11.366187381602622, -1.3760340853075093, -0.014275928291359223, 0.001177369313154486 ],
    "hf_energies": [-15.120827519362127, -17.36740876107978, -19.779865949429304, -22.360770682366002, -24.885530192380813, -24.99858940928761, -25.111923331073285, -25.2255320522061, -25.339415667357393, -28.034831215429005, -31.131025584249237, -34.40208579694409, -37.8494448944644, -41.47408377958867, -45.276181078185324, -49.254761794920825, -53.40740313112169],
    "triples_corrections": [-0.0023591963016575818, -0.0025550292681789546, -0.0027453061496687304, -0.0029237485444511585, -0.003080607741554335, -0.0030872895974966147, -0.003093957872874336, -0.0031006120874532673, -0.003107251724273598, -0.003254219986461954, -0.0033905003023181287, -0.0034807684210092795, -0.0035057240555969576, -0.0034609002781917364, -0.0033664278113885006, -0.0032679525781952406, -0.0032181511093401934],
    "scf_converged": [true, true, true, true, true, true, true, true, true, true, true, true, true, true, true, true, true],
    "cc_converged": [true, true, true, true, true, true, true, true, true, true, true, true, true, true, true, true, true],
    "t1_diagnostic": [0.01841326712239687, 0.016347648453554117, 0.015006049052091306, 0.01417405625985575, 0.013722068631312525, 0.013706773158184199, 0.013691717588296376, 0.013676886694656026, 0.013662265276470737, 0.013351157802183069, 0.012978729397024427, 0.012616457785348601, 0.012472466405415324, 0.012442498048524925, 0.011873916741636795, 0.010247363038613472, 0.007916595526098828]
}