{
    "schema_name": "pyscf_qa_output",
    "provenance": {
        "creator": "PySCF",
        "version": "1.7.6"
    },
    "molecule": {
        "geometry": [[0.0, 0.0, 0.0], [1.7, 0.0, 0.0]],
        "symbols": [ "O", "H" ]
    },
    "molecular_charge": -1,
    "molecular_multiplicity": 3,
    "name": "o.h.chrg-1.mult3.sep1.70-pyscf-uccsdt.ccpv5z",
    "atomic_numbers": [ 8, 1 ],
    "n_electrons": 10,
    "model": {
        "method": "UCCSD(T)",
        "basis": "cc-pV5Z",
        "scf_conv_tol": 1e-09,
        "scf_conv_tol_grad": 1e-06,
        "cc_conv_tol": 1e-05,
        "cc_conv_tol_normt": 1e-07
    },
    "broken_symmetry": false,
    "finite_diff_delta": 0.01,
    "finite_diff_acc": 2,
    "qa_lambdas": [-0.02, -0.01, 0.0, 0.01, 0.02, 0.25, 0.5, 0.75, 1.0, 1.25, 1.5, 1.75, 2.0],
    "electronic_energies": [-75.15867069077026, -75.3844788400151, -75.61066996473208, -75.83724414666754, -76.06420175336652, -81.39026502188774, -87.41048629625139, -93.6704003642432, -100.16810933724541, -106.90150289755861, -113.86840864565474, -121.06658184144567, -128.49364925666123],
    "qats_energies": {
        "0": [-75.61066996473208, -75.61066996473208, -75.61066996473208, -75.61066996473208, -75.61066996473208, -75.61066996473208, -75.61066996473208, -75.61066996473208, -75.61066996473208, -75.61066996473208, -75.61066996473208, -75.61066996473208, -75.61066996473208],
        "1": [-75.15790465807964, -75.38428731140587, -75.61066996473208, -75.8370526180583, -76.06343527138452, -81.27023629788755, -86.92980263104303, -92.58936896419851, -98.24893529735398, -103.90850163050945, -109.56806796366493, -115.22763429682041, -120.88720062997588],
        "2": [-75.15867077251661, -75.3844788400151, -75.61066996473208, -75.83724414666754, -76.06420138582149, -81.38994167866421, -87.40862415414966, -93.66671739118843, -100.16422138978051, -106.9011361499259, -113.87746167162462, -121.09319795487664, -128.548344999682],
        "3": [-75.15867047298903, -75.38447880257417, -75.61066996473208, -75.8372441841085, -76.06420168534908, -81.39052669347859, -87.41330427266462, -93.6825127911764, -100.20166233790015, -106.97426300172208, -114.0038248715284, -121.29385803620534, -128.8478725846391],
        "4": [-75.15867066352145, -75.38447881448243, -75.61066996473208, -75.83724419601677, -76.0642018758815, -81.39517836396257, -87.4877310004084, -94.05929810037932, -101.39248998180076, -109.88155705421383, -120.0323898187753, -132.46251886825766, -147.90111488704906]
    },
    "qats_poly_coeffs": [ -75.61066996473208, -22.6382653326219, -1.915286092426527, -0.037440948119638044, -1.1908276439006233 ],
    "hf_energies": [-74.8595964495586, -75.0853409564571, -75.31149010807822, -75.53804335253842, -75.76499998802588, -81.09443396775917, -87.12021798771914, -93.38508358176165, -99.88695884525768, -106.62396315516594, -113.59415637802675, -120.79546269257564, -128.22561919175894],
    "triples_corrections": [-0.009487387495848125, -0.00949488706843657, -0.009501032633513375, -0.009505410590892084, -0.009507717929798503, -0.008898611767914308, -0.007658534643760145, -0.00654024586418425, -0.005656397982745065, -0.004965782483389837, -0.004413854545490419, -0.003959922505773588, -0.003577241389860161],
    "scf_converged": [true, true, true, true, true, true, true, true, true, true, true, true, true],
    "cc_converged": [true, true, true, true, true, true, true, true, true, true, true, true, true],
    "scf_spin_squared": [2.0325837826549296, 2.0320266823507374, 2.031443079865876, 2.030836957823986, 2.0302128074983914, 2.0174768708926463, 2.0104610246988104, 2.007055307695019, 2.005257073219501, 2.004219308260061, 2.0035633496114826, 2.003111803869287, 2.0027777567931038],
    "cc_spin_squared": [2.0008667601684755, 2.0008440293739826, 2.000822695094982, 2.0008027610392802, 2.000784200541099, 2.0005559213180986, 2.000365026492262, 2.000220469325604, 2.0001367711611557, 2.0000910810393018, 2.0000652095601033, 2.0000495109258023, 2.0000392359762795]
}