{
    "schema_name": "pyscf_apdft_output",
    "provenance": {
        "creator": "PySCF",
        "version": "1.7.6"
    },
    "molecule": {
        "geometry": [[0.0, 0.0, 0.0], [1.3, 0.0, 0.0]],
        "symbols": [ "C", "H" ]
    },
    "molecular_charge": -1,
    "molecular_multiplicity": 3,
    "name": "c.h.chrg-1.mult3.sep1.30-pyscf-uccsdt.ccpv5z",
    "atomic_numbers": [ 6, 1 ],
    "n_electrons": 8,
    "model": {
        "method": "UCCSD(T)",
        "basis": "cc-pV5Z",
        "scf_conv_tol": 1e-09,
        "scf_conv_tol_grad": 1e-06,
        "cc_conv_tol": 1e-05,
        "cc_conv_tol_normt": 1e-07
    },
    "broken_symmetry": false,
    "finite_diff_delta": 0.01,
    "finite_diff_acc": 2,
    "apdft_lambdas": [-0.02, -0.01, 0.0, 0.01, 0.02, 0.25, 0.5, 0.75, 1.0, 1.25, 1.5, 1.75, 2.0, 2.25, 2.5, 2.75, 3.0],
    "electronic_energies": [-38.18359763575058, -38.33350669894642, -38.4837372858943, -38.6342895524941, -38.78516365170255, -42.34440507980093, -46.40795547105763, -50.67547640261818, -55.147491799513126, -59.82414991534322, -64.70530862057876, -69.79056727377608, -75.07923254155132, -80.57013884978792, -86.26130361284253, -92.14958197089506, -98.23057989596192],
    "apdft_energies": {
        "0": [-38.48373728589438, -38.48373728589438, -38.48373728589438, -38.48373728589438, -38.48373728589438, -38.48373728589438, -38.48373728589438, -38.48373728589438, -38.48373728589438, -38.48373728589438, -38.48373728589438, -38.48373728589438, -38.48373728589438, -38.48373728589438, -38.48373728589438, -38.48373728589438, -38.48373728589438],
        "1": [-38.1829544323467, -38.33334585912054, -38.48373728589438, -38.634128712668215, -38.78452013944206, -42.24352295524038, -46.00330862458639, -49.7630942939324, -53.5228799632784, -57.2826656326244, -61.04245130197041, -64.80223697131642, -68.56202264066242, -72.32180831000842, -76.08159397935444, -79.84137964870044, -83.60116531804644],
        "2": [-38.183597791650236, -38.33350669894642, -38.48373728589438, -38.6342895524941, -38.7851634987456, -42.34404784641823, -46.405408189297766, -50.667818314532994, -55.13127822212391, -59.795787912070516, -64.66134738437282, -69.7279566390308, -74.99561567604447, -80.46432449541382, -86.13408309713887, -92.00489148121962, -98.07674964765604],
        "3": [-38.18359758574583, -38.33350667320837, -38.48373728589438, -38.634289578232156, -38.78516370465, -42.34445000345738, -46.40862544561098, -50.67867655459008, -55.157016272629605, -59.84605754196444, -64.7482133048295, -69.86589650345972, -75.20152008008998, -80.7574969769552, -86.53624013629027, -92.54016250033013, -98.77167701130966],
        "4": [-38.18359758378402, -38.33350667308576, -38.48373728589438, -38.63428957810954, -38.78516370268819, -42.34440210762656, -46.40785911231786, -50.674796992293665, -55.14475493993969, -59.816122647701974, -64.68614030808686, -69.75089861366102, -75.00533875705146, -80.4432524309455, -86.05728182809077, -91.83891964129522, -97.77850906342715]
    },
    "apdft_poly_coeff": [ -38.48373728589438, -15.03914267738402, -1.6083982588455115, -0.02573805050568959, 0.012261332689907553 ],
    "hf_energies": [-37.988078770564016, -38.137852631647874, -38.287949218225705, -38.43836864369503, -38.58911101930057, -42.145547973301284, -46.20630915856795, -50.47125822432416, -54.94113718837949, -59.61633628898935, -64.49689295204195, -69.5826374854265, -74.87313538961371, -80.36720135566124, -86.06243578529731, -91.95517576681839, -98.04069422758602],
    "triples_corrections": [-0.007044968729872552, -0.0070379896981658694, -0.0070307982368720085, -0.007023401957924165, -0.007015808378707149, -0.006802528256962735, -0.006538310699522276, -0.006278104846605595, -0.006018086506259826, -0.00573709148132186, -0.005415824232931832, -0.0050471200817609006, -0.00463036162846154, -0.004167754104838517, -0.003682121527501088, -0.00321489236087242, -0.002799238079452827],
    "scf_converged": [true, true, true, true, true, true, true, true, true, true, true, true, true, true, true, true, true],
    "cc_converged": [true, true, true, true, true, true, true, true, true, true, true, true, true, true, true, true, true],
    "scf_spin_squared": [2.0234850575151944, 2.023591182063274, 2.023700826158107, 2.0238141120250486, 2.0239311641838427, 2.0279921347126004, 2.036984090060406, 2.0524997057424925, 2.0718505828702387, 2.0858066176971217, 2.084954998562032, 2.0687213085079392, 2.0469234060341486, 2.0296055165471474, 2.018945695868339, 2.0129070407137966, 2.0094540078596683],
    "cc_spin_squared": [2.0009178700638985, 2.000919725158423, 2.0009216374085157, 2.000923606109435, 2.000925631113369, 2.0009910871501555, 2.0011148794118387, 2.001291047831816, 2.0014746028019212, 2.0015749131831493, 2.0015083300234915, 2.001269674999227, 2.000945209084775, 2.00063756024023, 2.000404627173272, 2.0002525577299526, 2.000161263868848]
}