{
    "schema_name": "pyscf_apdft_output",
    "provenance": {
        "creator": "PySCF",
        "version": "1.7.6"
    },
    "molecule": {
        "geometry": [[0.0, 0.0, 0.0], [0.9, 0.0, 0.0]],
        "symbols": [ "Ne", "H" ]
    },
    "molecular_charge": 1,
    "molecular_multiplicity": 3,
    "name": "ne.h.chrg1.mult3.sep0.90-pyscf-uccsdt.ccpv5z",
    "atomic_numbers": [ 10, 1 ],
    "n_electrons": 10,
    "model": {
        "method": "UCCSD(T)",
        "basis": "cc-pV5Z",
        "scf_conv_tol": 1e-09,
        "scf_conv_tol_grad": 1e-06,
        "cc_conv_tol": 1e-05,
        "cc_conv_tol_normt": 1e-07
    },
    "broken_symmetry": false,
    "finite_diff_delta": 0.01,
    "finite_diff_acc": 2,
    "apdft_lambdas": [-2.0, -1.75, -1.5, -1.25, -1.0, -0.75, -0.5, -0.25, -0.02, -0.01, 0.0, 0.01, 0.02],
    "electronic_energies": [-75.6193427810186, -81.3771132762258, -87.36483084391828, -93.58605837018683, -100.04427132346115, -106.74231182984848, -113.68180034038184, -120.86308376820064, -127.68303627796874, -127.98418097131642, -128.28571065050005, -128.58762526233042, -128.88992475349423],
    "apdft_energies": {
        "0": [-128.28571065050002, -128.28571065050002, -128.28571065050002, -128.28571065050002, -128.28571065050002, -128.28571065050002, -128.28571065050002, -128.28571065050002, -128.28571065050002, -128.28571065050002, -128.28571065050002, -128.28571065050002, -128.28571065050002],
        "1": [-67.94128154910001, -75.48433518677501, -83.02738882445001, -90.57044246212502, -98.11349609980002, -105.65654973747502, -113.19960337515002, -120.74265701282502, -127.68226635948602, -127.98398850499302, -128.28571065050002, -128.58743279600702, -128.88915494151402],
        "2": [-75.63993448501466, -81.37861634083467, -87.357881100902, -93.57772876521668, -100.03815933377868, -106.73917280658802, -113.68076918364468, -120.86294846494869, -127.68303622477961, -127.98418097131642, -128.28571065050002, -128.58762526233042, -128.8899248068076],
        "3": [-75.71093615948041, -81.4261819157209, -87.38783493231725, -93.59506315839678, -100.0470345430869, -106.74291703551492, -113.68187858480822, -120.86308714009412, -127.68303629578129, -127.98418098019162, -128.28571065050002, -128.5876252534552, -128.88992473580595],
        "4": [-75.7026483890105, -81.42132377682972, -87.385212629942, -93.5937985449828, -100.04651655743253, -106.74275314161648, -113.68184621070482, -120.86308511671267, -127.68303629569841, -127.98418098018645, -128.28571065050002, -128.58762525345003, -128.88992473572307]
    },
    "apdft_poly_coeff": [ -128.28571065050002, -30.172214550700005, -1.924663233978663, 0.008875209308219684, 0.000517985654369113 ],
    "hf_energies": [-75.32804798358283, -81.08307134944086, -87.06858088950253, -93.28813464170172, -99.74535787912545, -106.44327243033055, -113.38347361136289, -120.5660727132901, -127.3875536265805, -127.68876938545326, -127.99037044302511, -128.29235673899, -128.5947282131157],
    "triples_corrections": [-0.006881725308305422, -0.006630927162387862, -0.0063464688733945816, -0.0060320889203650556, -0.00568028166079389, -0.005289237365437615, -0.004878496407114591, -0.004477351474873988, -0.0041337848175689775, -0.004119518428459765, -0.004105310015083165, -0.004091159685037569, -0.00407706752894504],
    "scf_converged": [true, true, true, true, true, true, true, true, true, true, true, true, true],
    "cc_converged": [true, true, true, true, true, true, true, true, true, true, true, true, true],
    "scf_spin_squared": [2.0056273762976957, 2.0053772223036948, 2.0050624420118117, 2.0046913482495468, 2.0042956235366582, 2.003918722498293, 2.003582051357388, 2.0032813837909944, 2.0030293753312183, 2.003018892872082, 2.0030084486276314, 2.0029980424933167, 2.0029876743708948],
    "cc_spin_squared": [2.0001232335485413, 2.000114450190423, 2.0001059064255706, 2.0000976027306105, 2.0000887622095305, 2.000078628313076, 2.00006766352266, 2.0000571035314065, 2.0000485028660893, 2.0000481577927904, 2.0000478151755576, 2.0000474750136394, 2.0000471373052804]
}