{
    "schema_name": "pyscf_apdft_output",
    "provenance": {
        "creator": "PySCF",
        "version": "1.7.6"
    },
    "molecule": {
        "geometry": [[0.0, 0.0, 0.0], [1.3, 0.0, 0.0]],
        "symbols": [ "N", "H" ]
    },
    "molecular_charge": 0,
    "molecular_multiplicity": 1,
    "name": "n.h.chrg0.mult1.sep1.30-pyscf-ccsdt.ccpv5z",
    "atomic_numbers": [ 7, 1 ],
    "n_electrons": 8,
    "model": {
        "method": "CCSD(T)",
        "basis": "cc-pV5Z",
        "scf_conv_tol": 1e-09,
        "scf_conv_tol_grad": 1e-06,
        "cc_conv_tol": 1e-05,
        "cc_conv_tol_normt": 1e-07
    },
    "broken_symmetry": false,
    "finite_diff_delta": 0.01,
    "finite_diff_acc": 2,
    "apdft_lambdas": [-1.0, -0.75, -0.5, -0.25, -0.02, -0.01, 0.0, 0.01, 0.02, 0.25, 0.5, 0.75, 1.0, 1.25, 1.5, 1.75, 2.0],
    "electronic_energies": [-38.4337221123082, -42.2945418061579, -46.356378936772224, -50.62238485169884, -54.72967149333441, -54.91224611616623, -55.095154914068374, -55.27839801360678, -55.46197554067494, -59.77684155819171, -64.66932424394014, -69.77434090196287, -75.09347522206674, -80.62792437713098, -86.37808680174228, -92.34318985944104, -98.52119688955733],
    "apdft_energies": {
        "0": [-55.095154914068324, -55.095154914068324, -55.095154914068324, -55.095154914068324, -55.095154914068324, -55.095154914068324, -55.095154914068324, -55.095154914068324, -55.095154914068324, -55.095154914068324, -55.095154914068324, -55.095154914068324, -55.095154914068324, -55.095154914068324, -55.095154914068324, -55.095154914068324, -55.095154914068324],
        "1": [-36.7875600420407, -41.36445876004761, -45.94135747805451, -50.518256196061415, -54.72900301662777, -54.912078965348044, -55.095154914068324, -55.278230862788604, -55.46130681150888, -59.67205363207523, -64.24895235008213, -68.82585106808904, -73.40274978609594, -77.97964850410285, -82.55654722210976, -87.13344594011667, -91.71034465812357],
        "2": [-38.45906822386264, -42.304682112322446, -46.35923452351, -50.62272545742529, -54.7296716199005, -54.91224611616623, -55.095154914068324, -55.27839801360678, -55.461975414781605, -59.7765228934391, -64.66682939553762, -69.76607442036388, -75.07425796791787, -80.59138003819962, -86.31744063120911, -92.25243974694634, -98.39637738541131],
        "3": [-38.43802993808249, -42.29580658550894, -46.35660473778748, -50.62239673420997, -54.729671451594214, -54.91224609512794, -55.095154914068324, -55.278398034645065, -55.46197558308789, -59.77685161665441, -64.66945918126014, -69.77494994717738, -75.09529625369802, -80.63247044011398, -86.38844484571712, -92.36519180979934, -98.56468367165252],
        "4": [-38.43522699501965, -42.29491971680547, -46.35642955384605, -50.62238578521364, -54.72967145114574, -54.91224609509992, -55.095154914068324, -55.27839803461704, -55.46197558263942, -59.77684066765808, -64.66928399731871, -69.7740630784739, -75.09249331063519, -80.62562731740198, -86.3742549464615, -92.3389032695889, -98.51983658264712]
    },
    "apdft_poly_coeff": [ -55.095154914068324, -18.30759487202762, -1.6715081818219346, -0.02103828578015054, 0.0028029430628369787 ],
    "hf_energies": [-38.206129260523525, -42.05959283223904, -46.114614593268605, -50.37432340200142, -54.47638914777643, -54.65875271029837, -54.841451969329015, -55.02448707639993, -55.20785818254252, -59.51846892371556, -64.40762430001969, -69.51086671766214, -74.82965510719387, -80.36472420192624, -86.11587758661477, -92.08188054092125, -98.26049449515808],
    "triples_corrections": [-0.009303285905852677, -0.009783506986942081, -0.010233419590963536, -0.010662097816097043, -0.011040029423828738, -0.0110559953456323, -0.011071912349556106, -0.011087778991633131, -0.011103593793528412, -0.01144913064815115, -0.011765260881951517, -0.011988447614928026, -0.012101342974798689, -0.012119794973026612, -0.012093780969703385, -0.01208263585119196, -0.012125319447488531],
    "scf_converged": [true, true, true, true, true, true, true, true, true, true, true, true, true, true, true, true, true],
    "cc_converged": [true, true, true, true, true, true, true, true, true, true, true, true, true, true, true, true, true],
    "t1_diagnostic": [0.010547874731197674, 0.010502175139268263, 0.010482408532218794, 0.010113825542826409, 0.009498563969483726, 0.009469818496074098, 0.00944114482777513, 0.009412573400008539, 0.009384134667785156, 0.008832040457673824, 0.008616959386829446, 0.008659115990321306, 0.008469975092744015, 0.007743026469001412, 0.006582804320141627, 0.00532562894503078, 0.004258704487609373]
}