{
    "schema_name": "pyscf_apdft_output",
    "provenance": {
        "creator": "PySCF",
        "version": "1.7.6"
    },
    "molecule": {
        "geometry": [[0.0, 0.0, 0.0], [1.6, 0.0, 0.0]],
        "symbols": [ "B", "H" ]
    },
    "molecular_charge": 1,
    "molecular_multiplicity": 2,
    "name": "b.h.chrg1.mult2.sep1.60-pyscf-uccsdt.ccpv5z",
    "atomic_numbers": [ 5, 1 ],
    "n_electrons": 5,
    "model": {
        "method": "UCCSD(T)",
        "basis": "cc-pV5Z",
        "scf_conv_tol": 1e-09,
        "scf_conv_tol_grad": 1e-06,
        "cc_conv_tol": 1e-05,
        "cc_conv_tol_normt": 1e-07
    },
    "broken_symmetry": false,
    "finite_diff_delta": 0.01,
    "finite_diff_acc": 2,
    "apdft_lambdas": [-2.0, -1.75, -1.5, -1.25, -1.0, -0.75, -0.5, -0.25, -0.02, -0.01, 0.0, 0.01, 0.02, 0.25, 0.5, 0.75, 1.0],
    "electronic_energies": [-8.052241883461784, -9.622038464587295, -11.337755866814845, -13.202972682504676, -15.220845449067937, -17.394256193437144, -19.726005895994277, -22.21872358091249, -24.65609698329995, -24.76522540084697, -24.87461772395181, -24.984274063884165, -25.094194532133248, -27.695529253126768, -30.683366312815906, -33.840383034130326, -37.16856831762283],
    "apdft_energies": {
        "0": [-24.87461772395182, -24.87461772395182, -24.87461772395182, -24.87461772395182, -24.87461772395182, -24.87461772395182, -24.87461772395182, -24.87461772395182, -24.87461772395182, -24.87461772395182, -24.87461772395182, -24.87461772395182, -24.87461772395182, -24.87461772395182, -24.87461772395182, -24.87461772395182, -24.87461772395182],
        "1": [-2.969751420232246, -5.707859708197194, -8.445967996162139, -11.184076284127086, -13.922184572092032, -16.660292860056977, -19.398401148021925, -22.136509435986873, -24.655569060914623, -24.765093392433222, -24.87461772395182, -24.984142055470414, -25.093666386989014, -27.612726011916763, -30.35083429988171, -33.08894258784666, -35.82705087581161],
        "2": [-8.250087970176555, -9.750617379248304, -11.416157305505813, -13.246707748949081, -15.24226870957811, -17.402840187392897, -19.728422182393444, -22.21901469457975, -24.656097094569617, -24.76522540084697, -24.87461772395182, -24.984274063884165, -25.09419442064401, -27.695231270509645, -30.68085533425323, -33.83148991518257, -37.147135013297685],
        "3": [-8.101582032555314, -9.651130003068445, -11.353506363071851, -13.210451416522021, -15.223705467375455, -17.395008819588654, -19.726101777118114, -22.218724643920336, -24.65609694606368, -24.765225382283727, -24.87461772395182, -24.984274082447406, -25.094194569149945, -27.69552132116906, -30.68317573952856, -33.83932128298682, -37.16569825550034],
        "4": [-8.116220160302284, -9.659710604806847, -11.358137958179292, -13.212685017557629, -15.22462035035964, -17.395298294282867, -19.726158957304623, -22.218728217681992, -24.65609694621006, -24.765225382292876, -24.87461772395182, -24.984274082456555, -25.094194569296327, -27.695524894930717, -30.683232919715074, -33.83961075768104, -37.16661313848452]
    },
    "apdft_poly_coeff": [ -24.87461772395182, -10.952433151859786, -1.3200841374860772, -0.018563242202655296, -0.0009148829841857756 ],
    "hf_energies": [-7.972637492160717, -9.542681768776397, -11.2583109427345, -13.123001191970062, -15.139740360396317, -17.31132046848214, -19.64074007941451, -22.131057272044337, -24.56639774586597, -24.675442319185926, -24.784751168117943, -24.89432440296964, -25.004162134450404, -27.603698046174774, -30.58985923404536, -33.745617206388054, -37.07293691113857],
    "triples_corrections": [-0.00042654835539105313, -0.0005163277232726927, -0.0006267867100191634, -0.0007561757237688139, -0.0009057355689093719, -0.0010655539996642096, -0.0012065386893368218, -0.0013078560962746905, -0.0013738038820478515, -0.0013763003318818868, -0.001378773617064401, -0.0013812244808450965, -0.0013836536362480472, -0.0014346940888572688, -0.001480080794060367, -0.0015047304519606702, -0.0014950003092583139],
    "scf_converged": [true, true, true, true, true, true, true, true, true, true, true, true, true, true, true, true, true],
    "cc_converged": [true, true, true, true, true, true, true, true, true, true, true, true, true, true, true, true, true],
    "scf_spin_squared": [0.7501419752118723, 0.7505320384993479, 0.751468078944892, 0.7535464747372504, 0.7581702960671166, 0.768052830015602, 0.7852127294704627, 0.8042318488702014, 0.813807851148916, 0.8139610191880549, 0.8140911954501326, 0.8141984125804433, 0.8142827240110413, 0.8102781284246814, 0.79609474864372, 0.7786596610671663, 0.7652667701188676],
    "cc_spin_squared": [0.7500076815887736, 0.7500171966061701, 0.7500326071492006, 0.7500542861832774, 0.7500830886080353, 0.7501201923576266, 0.7501615890428751, 0.7501926264744219, 0.7501997650400807, 0.750199560083197, 0.7501993143422121, 0.7501990282772325, 0.7501987023711862, 0.7501815434193737, 0.7501479963260149, 0.750107799776887, 0.7500705830803969]
}