{
    "schema_name": "pyscf_qa_output",
    "provenance": {
        "creator": "PySCF",
        "version": "1.7.6"
    },
    "molecule": {
        "geometry": [[0.0, 0.0, 0.0], [0.7, 0.0, 0.0]],
        "symbols": [ "B", "H" ]
    },
    "molecular_charge": 1,
    "molecular_multiplicity": 4,
    "name": "b.h.chrg1.mult4.sep0.70-pyscf-uccsdt.ccpv5z",
    "atomic_numbers": [ 5, 1 ],
    "n_electrons": 5,
    "model": {
        "method": "UCCSD(T)",
        "basis": "cc-pV5Z",
        "scf_conv_tol": 1e-09,
        "scf_conv_tol_grad": 1e-06,
        "cc_conv_tol": 1e-05,
        "cc_conv_tol_normt": 1e-07
    },
    "broken_symmetry": false,
    "finite_diff_delta": 0.01,
    "finite_diff_acc": 2,
    "qa_lambdas": [-2.0, -1.75, -1.5, -1.25, -1.0, -0.75, -0.5, -0.25, -0.02, -0.01, 0.0, 0.01, 0.02, 0.25, 0.5, 0.75, 1.0],
    "electronic_energies": [-7.546637938791371, -9.119774645875715, -10.80499094771628, -12.646640391058584, -14.64693183476421, -16.80709774332246, -19.127721707296715, -21.609101143727226, -24.034124636819563, -24.142652729332482, -24.25143857270494, -24.36048217210241, -24.469783532319845, -27.054861425847424, -30.019348603626383, -33.14462748719525, -36.43007269086438],
    "qats_energies": {
        "0": [-24.251438572704885, -24.251438572704885, -24.251438572704885, -24.251438572704885, -24.251438572704885, -24.251438572704885, -24.251438572704885, -24.251438572704885, -24.251438572704885, -24.251438572704885, -24.251438572704885, -24.251438572704885, -24.251438572704885, -24.251438572704885, -24.251438572704885, -24.251438572704885, -24.251438572704885],
        "1": [-2.468494295711963, -5.1913623303360765, -7.9142303649601935, -10.637098399584309, -13.359966434208424, -16.082834468832537, -18.805702503456654, -21.52857053808077, -24.033609129934955, -24.142523851319922, -24.251438572704885, -24.360353294089848, -24.469268015474814, -26.974306607328998, -29.697174641953115, -32.42004267657723, -35.142910711201345],
        "2": [-7.623614798205523, -9.13825146505771, -10.81398564761282, -12.650817345870855, -14.648746559831814, -16.807773289495696, -19.1278975348625, -21.60911929593223, -24.034124641985205, -24.142652729332482, -24.251438572704885, -24.36048217210241, -24.469783527525063, -27.05485536518046, -30.019369673358963, -33.14498149724039, -36.431690836824735],
        "3": [-7.6169745158075095, -9.1338029946231, -10.811184278476158, -12.649196183176029, -14.647916524532063, -16.80742311835361, -19.127793780450034, -21.609106326630673, -24.034124635344924, -24.142652728502448, -24.251438572704885, -24.360482172932446, -24.469783534165344, -27.05486833448202, -30.01947342777143, -33.14533166838247, -36.432520872124485],
        "4": [-7.592249760231265, -9.119309796835369, -10.803361211282112, -12.645423484876432, -14.646371227308547, -16.806934176653986, -19.127697199373564, -21.609100290313393, -24.034124635097676, -24.142652728486993, -24.251438572704885, -24.360482172916996, -24.469783533918097, -27.054862298164743, -30.01937684669496, -33.14484272668284, -36.43097557490097]
    },
    "qats_poly_coeffs": [ -24.251438572704885, -10.89147213849646, -1.28878012562339, -0.0008300352997518226, 0.0015452972235152629 ],
    "hf_energies": [-7.485624158279332, -9.063878071035568, -10.749439077910708, -12.591638746829087, -14.592755489000563, -16.753953861036955, -19.075739195242015, -21.5583651006719, -23.98459691954466, -24.09317885137454, -24.202018643981614, -24.31111630279892, -24.420471832901875, -27.006826904694083, -29.972774113121357, -33.09959295629172, -36.386660031033465],
    "triples_corrections": [-0.0004535692093700525, -0.00027507201096192284, -0.00025541146047955, -0.00023529124303011843, -0.00021375284651463982, -0.0001927050331114182, -0.00017362843271640402, -0.00015689402496935328, -0.00014337223084829147, -0.0001428201969975645, -0.0001422709348128819, -0.00014172441864750729, -0.00014118062297980628, -0.00012936784643716374, -0.0001178204067132182, -0.00010733755969180362, -9.769892290848123e-05],
    "scf_converged": [true, true, true, true, true, true, true, true, true, true, true, true, true, true, true, true, true],
    "cc_converged": [true, true, true, true, true, true, true, true, true, true, true, true, true, true, true, true, true],
    "scf_spin_squared": [3.7500951833620757, 3.7500986493087174, 3.7500648814238655, 3.750044360518454, 3.750032159122922, 3.750024774190376, 3.7500201475789106, 3.7500171463722354, 3.7500152677354164, 3.750015199893083, 3.750015133029365, 3.7500150671258514, 3.7500150021645107, 3.750013731162352, 3.750012707802159, 3.750011912519848, 3.7500112456487136],
    "cc_spin_squared": [3.7500043080385455, 3.750002823184297, 3.7500019264462585, 3.750001373436238, 3.750001013887756, 3.7500007707456215, 3.7500006019424657, 3.750000481699527, 3.750000399619796, 3.7500003965231725, 3.7500003934608994, 3.750000390432415, 3.750000387437227, 3.7500003266598534, 3.7500002745379826, 3.7500002327359545, 3.7500001983918345]
}