{
    "schema_name": "pyscf_qa_output",
    "provenance": {
        "creator": "PySCF",
        "version": "1.7.6"
    },
    "molecule": {
        "geometry": [[0.0, 0.0, 0.0], [0.7, 0.0, 0.0]],
        "symbols": [ "B", "H" ]
    },
    "molecular_charge": 2,
    "molecular_multiplicity": 3,
    "name": "b.h.chrg2.mult3.sep0.70-pyscf-uccsdt.ccpv5z",
    "atomic_numbers": [ 5, 1 ],
    "n_electrons": 4,
    "model": {
        "method": "UCCSD(T)",
        "basis": "cc-pV5Z",
        "scf_conv_tol": 1e-09,
        "scf_conv_tol_grad": 1e-06,
        "cc_conv_tol": 1e-05,
        "cc_conv_tol_normt": 1e-07
    },
    "broken_symmetry": false,
    "finite_diff_delta": 0.01,
    "finite_diff_acc": 2,
    "qa_lambdas": [-2.0, -1.75, -1.5, -1.25, -1.0, -0.75, -0.5, -0.25, -0.02, -0.01, 0.0, 0.01, 0.02],
    "electronic_energies": [-7.5810553981246525, -9.086067124661671, -10.701275718838414, -12.462314457713402, -14.369853195499056, -16.424242839604275, -18.625732968530105, -20.97458317482331, -23.265893728456202, -23.36835266083506, -23.471048068907802, -23.573979959822566, -23.677148340274876],
    "qats_energies": {
        "0": [-23.4710480689078, -23.4710480689078, -23.4710480689078, -23.4710480689078, -23.4710480689078, -23.4710480689078, -23.4710480689078, -23.4710480689078, -23.4710480689078, -23.4710480689078, -23.4710480689078, -23.4710480689078, -23.4710480689078],
        "1": [-2.9083181701573224, -5.478659407501134, -8.049000644844941, -10.61934188218875, -13.18968311953256, -15.76002435687637, -18.33036559422018, -20.900706831563987, -23.265420769920294, -23.368234419414044, -23.4710480689078, -23.573861718401552, -23.676675367895303],
        "2": [-7.637975010766986, -9.099802926092906, -10.709432617687877, -12.4668640855519, -14.372097329684976, -16.425132350087104, -18.625969146758283, -20.974607719698515, -23.265893735604354, -23.36835266083506, -23.4710480689078, -23.573979959822566, -23.677148333579364],
        "3": [-7.628745901438368, -9.093620143866895, -10.705539087189866, -12.464610885032219, -14.3709436910189, -16.424645658774853, -18.625824941925025, -20.97458969409436, -23.265893726375246, -23.368352659681424, -23.4710480689078, -23.573979960976203, -23.677148342808472],
        "4": [-7.598568914603057, -9.075930948214655, -10.695990899949006, -12.4600062422656, -14.369057629341691, -16.424048897072296, -18.625707063070198, -20.97458232666593, -23.265893726073475, -23.368352659662563, -23.4710480689078, -23.573979960957345, -23.677148342506705]
    },
    "qats_poly_coeffs": [ -23.4710480689078, -10.281364949375238, -1.182414210152416, -0.0011536386660774647, 0.0018860616772068777 ],
    "hf_energies": [-7.52908677216131, -9.038554929873131, -10.65532845532687, -12.417951953403849, -14.327089121828138, -16.38307683094777, -18.58615342183172, -20.93657606122244, -23.229326044771053, -23.33184753612474, -23.43460550764786, -23.537599967305294, -23.640830922612288],
    "triples_corrections": [-0.00018980018503461405, -0.000130743610123588, -0.0001076712425368912, -9.02848701933091e-05, -7.684250800599837e-05, -6.626691187444586e-05, -5.783159734063714e-05, -5.1004947785287016e-05, -4.579827526845547e-05, -4.559113160663261e-05, -4.538543905129136e-05, -4.5181180691221615e-05, -4.497833980225745e-05],
    "scf_converged": [true, true, true, true, true, true, true, true, true, true, true, true, true],
    "cc_converged": [true, true, true, true, true, true, true, true, true, true, true, true, true],
    "scf_spin_squared": [2.000115507519379, 2.0001332753241954, 2.0000947319298166, 2.0000695779983455, 2.0000528759891614, 2.000041510844293, 2.0000335799899776, 2.0000279101817204, 2.0000240507612705, 2.0000239058070357, 2.000023762530724, 2.00002362090808, 2.0000234809152637],
    "cc_spin_squared": [2.0000032379319794, 2.0000019811784417, 2.000001261823952, 2.0000008324248864, 2.0000005702235786, 2.000000405932064, 2.0000003001383906, 2.0000002300046633, 2.0000001852552325, 2.000000183624493, 2.000000182016225, 2.0000001804300336, 2.0000001788655286]
}