{
    "schema_name": "pyscf_apdft_output",
    "provenance": {
        "creator": "PySCF",
        "version": "1.7.6"
    },
    "molecule": {
        "geometry": [[0.0, 0.0, 0.0], [1.8, 0.0, 0.0]],
        "symbols": [ "Be", "H" ]
    },
    "molecular_charge": 1,
    "molecular_multiplicity": 3,
    "name": "be.h.chrg1.mult3.sep1.80-pyscf-uccsdt.ccpv5z",
    "atomic_numbers": [ 4, 1 ],
    "n_electrons": 4,
    "model": {
        "method": "UCCSD(T)",
        "basis": "cc-pV5Z",
        "scf_conv_tol": 1e-09,
        "scf_conv_tol_grad": 1e-06,
        "cc_conv_tol": 1e-05,
        "cc_conv_tol_normt": 1e-07
    },
    "broken_symmetry": false,
    "finite_diff_delta": 0.01,
    "finite_diff_acc": 2,
    "apdft_lambdas": [-1.0, -0.75, -0.5, -0.25, -0.02, -0.01, 0.0, 0.01, 0.02, 0.25, 0.5, 0.75, 1.0],
    "electronic_energies": [-7.947523407196182, -9.445579913189789, -11.086347665653111, -12.87053167933661, -14.63895053231403, -14.718604067810967, -14.798488391805757, -14.878603547062562, -14.958949577367118, -16.870748631917277, -19.088289108929505, -21.452978960154873, -23.967982900140317],
    "apdft_energies": {
        "0": [-14.798488391805769, -14.798488391805769, -14.798488391805769, -14.798488391805769, -14.798488391805769, -14.798488391805769, -14.798488391805769, -14.798488391805769, -14.798488391805769, -14.798488391805769, -14.798488391805769, -14.798488391805769, -14.798488391805769],
        "1": [-6.798514429225982, -8.798507919870929, -10.798501410515875, -12.798494901160822, -14.638488912554173, -14.718488652179971, -14.798488391805769, -14.878488131431567, -14.958487871057365, -16.798481882450716, -18.798475373095663, -20.79846886374061, -22.798462354385556],
        "2": [-7.952670739180839, -9.447720844220536, -11.08704048800459, -12.870629670533, -14.638950575078155, -14.718604067810967, -14.798488391805769, -14.878603547062562, -14.958949533581347, -16.870616651822893, -19.087014450584377, -21.447681788090215, -23.952618664340413],
        "3": [-7.945458247835933, -9.444678074434403, -11.086138926586477, -12.870516975355736, -14.638950517378225, -14.718604060598475, -14.798488391805769, -14.878603554275054, -14.958949591281277, -16.870729347000157, -19.08791601200249, -21.45072455787635, -23.959831155685322],
        "4": [-7.949715087161411, -9.44602496500223, -11.08640497904432, -12.870533603634351, -14.63895051805932, -14.718604060641043, -14.798488391805769, -14.878603554317623, -14.958949591962371, -16.870745975278773, -19.088182064460334, -21.452071448444176, -23.9640879950108]
    },
    "apdft_poly_coeff": [ -14.798488391805769, -7.999973962579787, -1.1541563099548569, -0.007212491344906386, -0.004256839325478268 ],
    "hf_energies": [-7.910575586785407, -9.410466975077444, -11.053115127545288, -12.83915292219465, -14.609204024690264, -14.688926440718808, -14.768879453591532, -14.849063104022273, -14.929477433739171, -16.842788326441003, -19.06181908782522, -21.427806509493024, -23.94396158760972],
    "triples_corrections": [-4.6627789546595176e-05, -4.49460656141436e-05, -4.3543263752250095e-05, -4.211804475705659e-05, -4.088523842817113e-05, -4.0835273101281225e-05, -4.0785695492288106e-05, -4.073651609860722e-05, -4.068774545974198e-05, -3.970307321306758e-05, -3.9011815527253174e-05, -3.864568281310077e-05, -3.7943670388218075e-05],
    "scf_converged": [true, true, true, true, true, true, true, true, true, true, true, true, true],
    "cc_converged": [true, true, true, true, true, true, true, true, true, true, true, true, true],
    "scf_spin_squared": [2.000012115055423, 2.0000136956533847, 2.000015228167056, 2.0000159420515553, 2.0000158669697137, 2.0000158501766734, 2.0000158323724935, 2.000015813571043, 2.000015793786152, 2.0000150982067457, 2.000013946289641, 2.0000126146815687, 2.0000115383795523],
    "cc_spin_squared": [2.000000161114892, 2.0000001443579305, 2.0000001372403937, 2.0000001326194266, 2.0000001295972454, 2.000000129483918, 2.000000129371757, 2.0000001292607337, 2.000000129150805, 2.000000126881945, 2.0000001250507333, 2.0000001243376637, 2.000000124570125]
}