{
    "schema_name": "pyscf_apdft_output",
    "provenance": {
        "creator": "PySCF",
        "version": "1.7.6"
    },
    "molecule": {
        "geometry": [[0.0, 0.0, 0.0], [1.0, 0.0, 0.0]],
        "symbols": [ "N", "H" ]
    },
    "molecular_charge": 0,
    "molecular_multiplicity": 3,
    "name": "n.h.chrg0.mult3.sep1.00-pyscf-uccsdt.ccpv5z",
    "atomic_numbers": [ 7, 1 ],
    "n_electrons": 8,
    "model": {
        "method": "UCCSD(T)",
        "basis": "cc-pV5Z",
        "scf_conv_tol": 1e-09,
        "scf_conv_tol_grad": 1e-06,
        "cc_conv_tol": 1e-05,
        "cc_conv_tol_normt": 1e-07
    },
    "broken_symmetry": false,
    "finite_diff_delta": 0.01,
    "finite_diff_acc": 2,
    "apdft_lambdas": [-1.0, -0.75, -0.5, -0.25, -0.02, -0.01, 0.0, 0.01, 0.02, 0.25, 0.5, 0.75, 1.0, 1.25, 1.5, 1.75, 2.0],
    "electronic_energies": [-38.477226856398396, -42.352223701034404, -46.42840035388026, -50.70818756172834, -54.82702178176144, -55.01006470118119, -55.19343859811909, -55.37714355317671, -55.56117964626598, -59.885578250993184, -64.78574846086269, -69.89488196702744, -75.21369560578616, -80.74262562980935, -86.48172995183236, -92.43057990343614, -98.58816125939781],
    "apdft_energies": {
        "0": [-55.19343859811915, -55.19343859811915, -55.19343859811915, -55.19343859811915, -55.19343859811915, -55.19343859811915, -55.19343859811915, -55.19343859811915, -55.19343859811915, -55.19343859811915, -55.19343859811915, -55.19343859811915, -55.19343859811915, -55.19343859811915, -55.19343859811915, -55.19343859811915, -55.19343859811915],
        "1": [-36.83949599834339, -41.42798164828733, -46.01646729823127, -50.60495294817521, -54.826359746123636, -55.00989917212139, -55.19343859811915, -55.37697802411691, -55.560517450114666, -59.78192424806309, -64.37040989800704, -68.95889554795097, -73.54738119789491, -78.13586684783886, -82.7243524977828, -87.31283814772674, -91.90132379767067],
        "2": [-38.49478659633835, -42.359082609659495, -46.43028994773001, -50.708408610549895, -54.827021862362834, -55.01006470118119, -55.19343859811915, -55.37714355317671, -55.561179566353864, -59.88537991043778, -64.78423254750578, -69.88999650932314, -75.20267179588987, -80.72225840720598, -86.44875634327147, -92.38216560408631, -98.52248618965052],
        "3": [-38.48141047064979, -42.35343955663463, -46.42861793201894, -50.708199608586014, -54.827021755353826, -55.01006468780507, -55.19343859811915, -55.37714356655283, -55.56117967336287, -59.88558891240166, -64.78590456321685, -69.89563956234801, -75.21604792157844, -80.74838365269146, -86.49390076747036, -92.45385327769844, -98.62949519515902],
        "4": [-38.47853845691185, -42.35253083353786, -46.428438431160316, -50.70818838978235, -54.827021754894304, -55.01006468777635, -55.19343859811915, -55.37714356652411, -55.56117967290335, -59.885577693597995, -64.78572506235822, -69.89473083925122, -75.2131759078405, -80.74137190040156, -86.47936119792203, -92.42691693010158, -98.58354297535195]
    },
    "apdft_poly_coeff": [ -55.19343859811915, -18.353942599775763, -1.6552905979949628, -0.013376125688561537, 0.002872013737942325 ],
    "hf_energies": [-38.2800695512872, -42.151477632708335, -46.22494345777009, -50.502590366077285, -54.619782707715466, -54.80276014301199, -54.98606903313546, -55.16970945901058, -55.35368150115405, -59.67674400850035, -64.5758037383441, -69.68427632833541, -75.0029713711782, -80.53237968808511, -86.27255893103256, -92.22302690962499, -98.38268044549376],
    "triples_corrections": [-0.005640445173633427, -0.005567030175898901, -0.005385130073065692, -0.005144653460668572, -0.004906467263455983, -0.004896063858190726, -0.0048856648008255435, -0.004875270789355576, -0.004864882481068542, -0.004628505755585004, -0.0043780819559783276, -0.004131723949341803, -0.0038850151065252486, -0.0036348592353643372, -0.0033807856108441624, -0.0031251960252277377, -0.0028727324832126034],
    "scf_converged": [true, true, true, true, true, true, true, true, true, true, true, true, true, true, true, true, true],
    "cc_converged": [true, true, true, true, true, true, true, true, true, true, true, true, true, true, true, true, true],
    "scf_spin_squared": [2.0187256330795145, 2.0175521788692, 2.0166699672301944, 2.0159741681948686, 2.015469423284812, 2.015449868726586, 2.015430478409047, 2.015411247138188, 2.0153921695806716, 2.014981610406104, 2.0145246231501486, 2.013938681216769, 2.013136682817324, 2.012106221166129, 2.0109115663714583, 2.0096583739390357, 2.0084487563919144],
    "cc_spin_squared": [2.0005492667049882, 2.000487999143409, 2.000433175493378, 2.0003840875371957, 2.0003442483908276, 2.000342633692101, 2.0003410284977603, 2.000339432753279, 2.0003378464011456, 2.0003037766188143, 2.0002709838534747, 2.0002408076043894, 2.0002117466182865, 2.0001831976111077, 2.000155521434899, 2.00012960596253, 2.000106503707738]
}