{
    "schema_name": "pyscf_qa_output",
    "provenance": {
        "creator": "PySCF",
        "version": "1.7.6"
    },
    "molecule": {
        "geometry": [[0.0, 0.0, 0.0], [1.0, 0.0, 0.0]],
        "symbols": [ "O", "H" ]
    },
    "molecular_charge": 2,
    "molecular_multiplicity": 4,
    "name": "o.h.chrg2.mult4.sep1.00-pyscf-uccsdt.ccpv5z",
    "atomic_numbers": [ 8, 1 ],
    "n_electrons": 7,
    "model": {
        "method": "UCCSD(T)",
        "basis": "cc-pV5Z",
        "scf_conv_tol": 1e-09,
        "scf_conv_tol_grad": 1e-06,
        "cc_conv_tol": 1e-05,
        "cc_conv_tol_normt": 1e-07
    },
    "broken_symmetry": false,
    "finite_diff_delta": 0.01,
    "finite_diff_acc": 2,
    "qa_lambdas": [-3.0, -2.75, -2.5, -2.25, -2.0, -1.75, -1.5, -1.25, -1.0, -0.75, -0.5, -0.25, -0.02, -0.01, 0.0, 0.01, 0.02],
    "electronic_energies": [-25.18725119333268, -28.22434909271111, -31.441668538052767, -34.84272236192067, -38.43058347362137, -42.207867425330114, -46.17681038457119, -50.339398927974436, -54.697484205851175, -59.25283476306383, -64.00712008097359, -68.96184198133523, -73.69828288837294, -73.90809926674373, -74.11823975296535, -74.32870439136504, -74.53949322516596],
    "qats_energies": {
        "0": [-74.11823975296532, -74.11823975296532, -74.11823975296532, -74.11823975296532, -74.11823975296532, -74.11823975296532, -74.11823975296532, -74.11823975296532, -74.11823975296532, -74.11823975296532, -74.11823975296532, -74.11823975296532, -74.11823975296532, -74.11823975296532, -74.11823975296532, -74.11823975296532, -74.11823975296532],
        "1": [-11.02747105976978, -16.285035117536076, -21.54259917530237, -26.800163233068666, -32.05772729083496, -37.31529134860126, -42.57285540636755, -47.83041946413385, -53.08798352190014, -58.34554757966644, -63.60311163743273, -68.86067569519903, -73.69763462834402, -73.90793719065468, -74.11823975296532, -74.32854231527597, -74.53884487758663],
        "2": [-25.61431907532399, -28.542039352828155, -31.67235474165946, -35.00526524181791, -38.5407708533035, -42.27887157611623, -46.219567410256104, -50.36285835572312, -54.70874441251728, -59.257225580638575, -64.00830186008702, -68.9619732508626, -73.69828293270027, -73.90809926674373, -74.11823975296532, -74.32870439136504, -74.53949318194287],
        "3": [-25.417330665739726, -28.390308118362498, -31.558356819446345, -34.92216075652455, -38.482403917130384, -42.23977028879713, -46.19494385905807, -50.34860861544648, -54.70144854549564, -59.25414763673882, -64.00738987670931, -68.96185925294039, -73.69828287433333, -73.90809925944787, -74.11823975296532, -74.3287043986609, -74.53949324030981],
        "4": [-25.044635191257683, -28.12716023825584, -31.3786232765827, -34.804237579051716, -38.40878505797344, -42.19661626515557, -46.17165039190294, -50.3373752690175, -54.69684736679832, -59.25269179504163, -64.00710230304072, -68.9618412795861, -73.69828287359714, -73.90809925940185, -74.11823975296532, -74.32870439861489, -74.53949323957362]
    },
    "qats_poly_coeffs": [ -74.11823975296532, -21.03025623106518, -1.6207608906171345, -0.007295867021639423, 0.004601178697309176 ],
    "hf_energies": [-25.058052395171913, -28.091140878108945, -31.304706672125352, -34.70236429390851, -38.28717702989151, -42.06169702489471, -46.028113004045736, -50.18841635097563, -54.54450766978764, -59.09821761659807, -63.85125922103842, -68.80514370016787, -73.54115414543625, -73.75095871594827, -73.96108794608479, -74.1715418772019, -74.38232054954368],
    "triples_corrections": [-0.0022799715830032676, -0.002424598386377202, -0.002544305158459288, -0.0026279106635129705, -0.00267304680903056, -0.00268465187733733, -0.0026697432544206083, -0.0026330958697863677, -0.0025763894550755286, -0.0024997842164910917, -0.0024039430831842754, -0.0022913031186661634, -0.0021766021526376097, -0.0021714432243695233, -0.0021662731066511643, -0.0021610921807818343, -0.002155900828016158],
    "scf_converged": [true, true, true, true, true, true, true, true, true, true, true, true, true, true, true, true, true],
    "cc_converged": [true, true, true, true, true, true, true, true, true, true, true, true, true, true, true, true, true],
    "scf_spin_squared": [3.7552980378869996, 3.7549228281499407, 3.754677056755616, 3.7545263154113107, 3.7544235708560523, 3.754329897876753, 3.7542288728212077, 3.754126613161247, 3.7540400230749897, 3.7539827771535528, 3.7539569612150405, 3.7539515818159477, 3.753947685690693, 3.753947258962573, 3.753946799274122, 3.753946305321495, 3.7539457758176242],
    "cc_spin_squared": [3.750189938684139, 3.750182081172187, 3.750175990978567, 3.7501698789295124, 3.7501628068006387, 3.750154519738507, 3.7501451458270307, 3.750134913385703, 3.7501239868379983, 3.7501124718511853, 3.750100554881584, 3.750088588959146, 3.7500779674880675, 3.7500775208358355, 3.7500770756852586, 3.750076632063792, 3.7500761899984356]
}