{
    "schema_name": "pyscf_qa_output",
    "provenance": {
        "creator": "PySCF",
        "version": "1.7.6"
    },
    "molecule": {
        "geometry": [[0.0, 0.0, 0.0], [0.9, 0.0, 0.0]],
        "symbols": [ "C", "H" ]
    },
    "molecular_charge": 2,
    "molecular_multiplicity": 2,
    "name": "c.h.chrg2.mult2.sep0.90-pyscf-uccsdt.ccpv5z",
    "atomic_numbers": [ 6, 1 ],
    "n_electrons": 5,
    "model": {
        "method": "UCCSD(T)",
        "basis": "cc-pV5Z",
        "scf_conv_tol": 1e-09,
        "scf_conv_tol_grad": 1e-06,
        "cc_conv_tol": 1e-05,
        "cc_conv_tol_normt": 1e-07
    },
    "broken_symmetry": false,
    "finite_diff_delta": 0.01,
    "finite_diff_acc": 2,
    "qa_lambdas": [-3.0, -2.75, -2.5, -2.25, -2.0, -1.75, -1.5, -1.25, -1.0, -0.75, -0.5, -0.25, -0.02, -0.01, 0.0, 0.01, 0.02],
    "electronic_energies": [-7.8829013962202055, -9.470291046968688, -11.206496491433569, -13.093456140200207, -15.13314041623572, -17.327168281047747, -19.676757894409025, -22.182947870866826, -24.846818109925863, -27.669589802245046, -30.652625322432915, -33.79737259105372, -36.83460988522047, -36.9698130792817, -37.10527942608387, -37.24100900674735, -37.37700190183079],
    "qats_energies": {
        "0": [-37.10527942608385, -37.10527942608385, -37.10527942608385, -37.10527942608385, -37.10527942608385, -37.10527942608385, -37.10527942608385, -37.10527942608385, -37.10527942608385, -37.10527942608385, -37.10527942608385, -37.10527942608385, -37.10527942608385, -37.10527942608385, -37.10527942608385, -37.10527942608385, -37.10527942608385],
        "1": [3.57410969376334, 0.18416060044274474, -3.2057884928778577, -6.595737586198457, -9.985686679519056, -13.375635772839654, -16.765584866160253, -20.155533959480852, -23.54548305280145, -26.93543214612205, -30.32538123944265, -33.715330332763244, -36.8340834986182, -36.96968146235102, -37.10527942608385, -37.240877389816674, -37.376475353549495],
        "2": [-8.271414067154957, -9.76936978199555, -11.43184666018223, -13.258844701714999, -15.250363906593854, -17.406404274818797, -19.726965806389828, -22.212048501306946, -24.86165235957015, -27.675777381179444, -30.654423566134824, -33.79759091443629, -36.834609966340906, -36.9698130792817, -37.10527942608385, -37.24100900674735, -37.3770018212722],
        "3": [-7.907636275265283, -9.489168253636088, -11.221327104690516, -13.105375945761544, -15.1425778941821, -17.334196067285138, -19.68149358240362, -22.18573355687048, -24.848179108018684, -27.670093353181166, -30.65273940969089, -33.7973803948808, -36.83460985855489, -36.969813065808445, -37.10527942608385, -37.2410090202206, -37.37700192905822],
        "4": [-7.7180055641315235, -9.355276314896244, -11.129877108966298, -13.045375603566875, -15.105119975933455, -17.312238923311757, -19.66964166295776, -22.180017932137716, -24.84583798812814, -27.669352608215803, -30.65259308969773, -33.79737124988123, -36.834609858180315, -36.96981306578504, -37.10527942608385, -37.24100902019719, -37.37700192868363]
    },
    "qats_poly_coeffs": [ -37.10527942608385, -13.559796373282396, -1.3161693067686997, -0.013473251551469424, 0.0023411198905402366 ],
    "hf_energies": [-7.791787261545335, -9.380045129641909, -11.11685993034489, -13.004228920740204, -15.044211886337923, -17.23846364149028, -19.588173785681597, -22.09432445430336, -24.75794522711045, -27.58022715638596, -30.562525030172004, -33.70629990120524, -36.742460850722665, -36.87761379079131, -37.01302961905599, -37.14870841956566, -37.284650275820724],
    "triples_corrections": [-0.0007820934939092818, -0.0007225092641274478, -0.0006949352427511186, -0.0006879768107445478, -0.0006924227904999584, -0.0007039290281969979, -0.0007220206297553196, -0.0007473164811972865, -0.000779847200937173, -0.0008187183678910617, -0.0008622695115466132, -0.0009083120957064959, -0.0009507662947147507, -0.0009525831574667709, -0.0009543963303144082, -0.0009562056650523683, -0.0009580110143875104],
    "scf_converged": [true, true, true, true, true, true, true, true, true, true, true, true, true, true, true, true, true],
    "cc_converged": [true, true, true, true, true, true, true, true, true, true, true, true, true, true, true, true, true],
    "scf_spin_squared": [0.7524333627662942, 0.7511964531547801, 0.7507693527378998, 0.7506021585915748, 0.750549814290896, 0.7505635976452272, 0.7506236872165211, 0.7507228677965547, 0.7508594246959501, 0.7510315275315493, 0.7512331392330582, 0.7514515031629503, 0.7516506565216918, 0.7516589952169757, 0.7516672948066692, 0.7516755538164994, 0.7516837707786346],
    "cc_spin_squared": [0.7500211162160779, 0.7500167090215344, 0.7500150338762576, 0.7500146681571138, 0.7500148761532701, 0.7500152223534562, 0.7500155322033362, 0.7500158005919059, 0.7500160554016564, 0.7500162929592438, 0.7500164737042132, 0.7500165386888723, 0.7500164462037185, 0.7500164382374659, 0.7500164299211405, 0.7500164212525952, 0.7500164122297817]
}