{
    "schema_name": "pyscf_apdft_output",
    "provenance": {
        "creator": "PySCF",
        "version": "1.7.6"
    },
    "molecule": {
        "geometry": [[0.0, 0.0, 0.0], [1.2, 0.0, 0.0]],
        "symbols": [ "Li", "H" ]
    },
    "molecular_charge": 0,
    "molecular_multiplicity": 1,
    "name": "li.h.chrg0.mult1.sep1.20-pyscf-ccsdt.ccpv5z",
    "atomic_numbers": [ 3, 1 ],
    "n_electrons": 4,
    "model": {
        "method": "CCSD(T)",
        "basis": "cc-pV5Z",
        "scf_conv_tol": 1e-09,
        "scf_conv_tol_grad": 1e-06,
        "cc_conv_tol": 1e-05,
        "cc_conv_tol_normt": 1e-07
    },
    "broken_symmetry": false,
    "finite_diff_delta": 0.01,
    "finite_diff_acc": 2,
    "apdft_lambdas": [-0.02, -0.01, 0.0, 0.01, 0.02, 0.25, 0.5, 0.75, 1.0, 1.25, 1.5, 1.75, 2.0],
    "electronic_energies": [-7.908996085193046, -7.9664776823104075, -8.024177798729697, -8.082096413870763, -8.140233507415914, -9.537639510749383, -11.187277498342906, -12.972334978178578, -14.891316330841263, -16.941729776160123, -19.11998049262115, -21.42142065444814, -23.840525708468782],
    "apdft_energies": {
        "0": [-8.024177798729689, -8.024177798729689, -8.024177798729689, -8.024177798729689, -8.024177798729689, -8.024177798729689, -8.024177798729689, -8.024177798729689, -8.024177798729689, -8.024177798729689, -8.024177798729689, -8.024177798729689, -8.024177798729689],
        "1": [-7.908559067169333, -7.96636843294951, -8.024177798729689, -8.081987164509867, -8.139796530290045, -9.469411943234137, -10.914646087738586, -12.359880232243032, -13.80511437674748, -15.25034852125193, -16.695582665756376, -18.140816810260823, -19.586050954765273],
        "2": [-7.908996064612922, -7.966477682310408, -8.024177798729689, -8.082096413870763, -8.140233527733635, -9.537692793795012, -11.187769489982088, -12.974407887290914, -14.897607985721491, -16.95736978527382, -19.1536932859479, -21.48657848774373, -23.956025390661313],
        "3": [-7.9089960918781514, -7.966477685718561, -8.024177798729689, -8.08209641046261, -8.140233500468405, -9.537639541394837, -11.18734347078069, -12.972970072486197, -14.89419983211031, -16.950713235251982, -19.142190767510165, -21.46831291448381, -23.92876016177187],
        "4": [-7.908996092053088, -7.966477685729495, -8.024177798729689, -8.082096410473543, -8.140233500643342, -9.537643812312947, -11.187411805470449, -12.9733160168531, -14.895293187146448, -16.95338255907068, -19.147725877380612, -21.478567388865713, -23.946253842350075]
    },
    "apdft_poly_coeff": [ -8.024177798729689, -5.780936578017792, -1.09249360897401, 0.003408153611180371, -0.001093355036137685 ],
    "hf_energies": [-7.8387105630476, -7.896315126886834, -7.954137583243786, -8.012177922070993, -8.070436133337173, -9.47048094778697, -11.122729637853677, -12.910168136297282, -14.831263182406852, -16.883423423390788, -19.06292853669064, -21.365015823073186, -23.78406914655237],
    "triples_corrections": [-0.00018971958086758624, -0.00018835364857018895, -0.00018701784369942238, -0.0001857114523787669, -0.00018443378410775267, -0.00016167099804598216, -0.00014741327160425224, -0.00014037383433769345, -0.0001385814315463983, -0.00014093385553092666, -0.00014645997066435216, -0.000153622860907471, -0.00015995552245830897],
    "scf_converged": [true, true, true, true, true, true, true, true, true, true, true, true, true],
    "cc_converged": [true, true, true, true, true, true, true, true, true, true, true, true, true],
    "t1_diagnostic": [0.0049350993366813, 0.004908387196034396, 0.004883593933709065, 0.00486063922943808, 0.004839446078018629, 0.004703211458559625, 0.00499080409590068, 0.005553176083039034, 0.006406783719656839, 0.007615921364992094, 0.009194245155517927, 0.01104235798166575, 0.012956068902088657]
}