{
    "schema_name": "pyscf_apdft_output",
    "provenance": {
        "creator": "PySCF",
        "version": "1.7.6"
    },
    "molecule": {
        "geometry": [[0.0, 0.0, 0.0], [1.9, 0.0, 0.0]],
        "symbols": [ "O", "H" ]
    },
    "molecular_charge": 2,
    "molecular_multiplicity": 4,
    "name": "o.h.chrg2.mult4.sep1.90-pyscf-uccsdt.ccpv5z",
    "atomic_numbers": [ 8, 1 ],
    "n_electrons": 7,
    "model": {
        "method": "UCCSD(T)",
        "basis": "cc-pV5Z",
        "scf_conv_tol": 1e-09,
        "scf_conv_tol_grad": 1e-06,
        "cc_conv_tol": 1e-05,
        "cc_conv_tol_normt": 1e-07
    },
    "broken_symmetry": false,
    "finite_diff_delta": 0.01,
    "finite_diff_acc": 2,
    "apdft_lambdas": [-3.0, -2.75, -2.5, -2.25, -2.0, -1.75, -1.5, -1.25, -1.0, -0.75, -0.5, -0.25, -0.02, -0.01, 0.0, 0.01, 0.02],
    "electronic_energies": [-25.14681026508437, -28.165173875536954, -31.36952717495963, -34.76209589178761, -38.344150022768595, -42.11737080449297, -46.0846446526399, -50.25160790502187, -54.627832181656785, -59.22059170801409, -64.02821740465812, -69.04606028850738, -73.84538316367986, -74.05799968736258, -74.27094456698444, -74.48421771340574, -74.69781903887245],
    "apdft_energies": {
        "0": [-74.27094456698453, -74.27094456698453, -74.27094456698453, -74.27094456698453, -74.27094456698453, -74.27094456698453, -74.27094456698453, -74.27094456698453, -74.27094456698453, -74.27094456698453, -74.27094456698453, -74.27094456698453, -74.27094456698453, -74.27094456698453, -74.27094456698453, -74.27094456698453, -74.27094456698453],
        "1": [-10.33824066051065, -15.66596598605014, -20.99369131158963, -26.32141663712912, -31.649141962668608, -36.9768672882081, -42.30459261374759, -47.63231793928708, -52.96004326482657, -58.287768590366056, -63.615493915905546, -68.94321924144504, -73.84472654094137, -74.05783555396295, -74.27094456698453, -74.4840535800061, -74.69716259302768],
        "2": [-25.1102466277558, -28.078554333526967, -31.252028788843205, -34.630669993704515, -38.2144779481109, -42.00345265206235, -45.997594105558875, -50.19690230860047, -54.60137726118714, -59.21101896331888, -64.02582741499569, -69.04580261621757, -73.84538307453991, -74.05799968736258, -74.27094456698453, -74.48421771340574, -74.69781912662623],
        "3": [-25.5082575000159, -28.385124050528233, -31.482359154734468, -34.79858083043925, -38.33240709544722, -42.08245596756305, -46.04734546459139, -50.22569360433688, -54.61611840460418, -59.21723788319794, -64.02767005792282, -69.04603294658347, -73.84538319246906, -74.05799970210373, -74.27094456698453, -74.4842176986646, -74.69781900869708],
        "4": [-25.976084876853605, -28.715441403165237, -31.707970351126107, -34.9466043363918, -38.42481744148924, -42.136625215816686, -46.076584675643744, -50.239794304111356, -54.621894051231806, -59.219065333888715, -64.02803103583705, -69.0460555077031, -73.84538319339316, -74.05799970216148, -74.27094456698453, -74.48421769872235, -74.69781900962118]
    },
    "apdft_poly_coeff": [ -74.27094456698453, -21.31090130215796, -1.6413339963605722, 0.014741143417040801, -0.005775646627625974 ],
    "hf_energies": [-25.016905738175325, -28.02646392375149, -31.226874912047524, -34.61724824350037, -38.19734630595164, -41.968080541883296, -45.931379570555265, -50.09184131731808, -54.46221858178143, -59.055679785625394, -63.86502744747051, -68.88397279285155, -73.68406921380131, -73.89671778635581, -74.1096946820273, -74.32299982092047, -74.5366331241888],
    "triples_corrections": [-0.0036246920454290235, -0.003967076368106233, -0.004040784959108622, -0.003883057669994212, -0.003689059177643907, -0.0035559418106441486, -0.003522709476884451, -0.0036054241757828187, -0.0037093415260814216, -0.003336513795456759, -0.0028659906486137084, -0.0025357987440200363, -0.0023108830237008153, -0.002302208859984791, -0.0022936093849096574, -0.0022850829331300692, -0.0022766278930849955],
    "scf_converged": [true, true, true, true, true, true, true, true, true, true, true, true, true, true, true, true, true],
    "cc_converged": [true, true, true, true, true, true, true, true, true, true, true, true, true, true, true, true, true],
    "scf_spin_squared": [3.7587855234896623, 3.8228058828134803, 3.8314959558674815, 3.808434129678702, 3.7886940946932715, 3.777393446212708, 3.7716479589035385, 3.767543843890549, 3.757857019316468, 3.7548740403900096, 3.755958568881292, 3.7559816204596888, 3.75561307239789, 3.7555944907190257, 3.755575826292604, 3.7555570899050412, 3.7555382917627007],
    "cc_spin_squared": [3.750709878593575, 3.7509846619046416, 3.750868973482001, 3.7506356567783214, 3.750460130711935, 3.750362675409071, 3.7503260064203108, 3.7503461015393014, 3.7503406432332365, 3.75019786966483, 3.750132887591456, 3.7501046010595815, 3.7500867229456833, 3.7500860468193977, 3.750085377872539, 3.7500847159957775, 3.750084061083436]
}