{
    "schema_name": "pyscf_apdft_output",
    "provenance": {
        "creator": "PySCF",
        "version": "1.7.6"
    },
    "molecule": {
        "geometry": [[0.0, 0.0, 0.0], [1.6, 0.0, 0.0]],
        "symbols": [ "B", "H" ]
    },
    "molecular_charge": 0,
    "molecular_multiplicity": 1,
    "name": "b.h.chrg0.mult1.sep1.60-pyscf-ccsdt.ccpv5z",
    "atomic_numbers": [ 5, 1 ],
    "n_electrons": 6,
    "model": {
        "method": "CCSD(T)",
        "basis": "cc-pV5Z",
        "scf_conv_tol": 1e-09,
        "scf_conv_tol_grad": 1e-06,
        "cc_conv_tol": 1e-05,
        "cc_conv_tol_normt": 1e-07
    },
    "broken_symmetry": false,
    "finite_diff_delta": 0.01,
    "finite_diff_acc": 2,
    "apdft_lambdas": [-1.0, -0.75, -0.5, -0.25, -0.02, -0.01, 0.0, 0.01, 0.02, 0.25, 0.5, 0.75, 1.0, 1.25, 1.5, 1.75, 2.0],
    "electronic_energies": [-15.239032498777854, -17.48713437944142, -19.90149877979894, -22.484626632840925, -25.01176998568458, -25.12494175657924, -25.238389027968406, -25.352111898095128, -25.466110464863867, -28.164388768617165, -31.264056501406557, -34.538540877411954, -37.98865890428765, -41.61505878848542, -45.41840702525952, -49.399027234760005, -53.55563507614133],
    "apdft_energies": {
        "0": [-25.23838902796838, -25.23838902796838, -25.23838902796838, -25.23838902796838, -25.23838902796838, -25.23838902796838, -25.23838902796838, -25.23838902796838, -25.23838902796838, -25.23838902796838, -25.23838902796838, -25.23838902796838, -25.23838902796838, -25.23838902796838, -25.23838902796838, -25.23838902796838, -25.23838902796838],
        "1": [-13.879881952173982, -16.71950872112258, -19.55913549007118, -22.398762259019783, -25.011218886452493, -25.12480395721044, -25.23838902796838, -25.351974098726323, -25.46555916948427, -28.07801579691698, -30.91764256586558, -33.75726933481418, -36.59689610376278, -39.43652287271138, -42.276149641659984, -45.11577641060858, -47.95540317955718],
        "2": [-15.257875640201583, -17.494630170638107, -19.90363391207808, -22.484886864521506, -25.011770083927704, -25.12494175657924, -25.23838902796838, -25.352111898095128, -25.46611036695948, -28.164140402418706, -31.26214098787248, -34.532390784329706, -37.97488979179038, -41.589638010254504, -45.37663543972208, -49.33588208019311, -53.467377931667585],
        "3": [-15.241530014311733, -17.487734359715827, -19.90159070884185, -22.484631464116976, -25.0117699531627, -25.124941740233613, -25.23838902796838, -25.352111914440755, -25.466110497724486, -28.164395802823236, -31.26418419110871, -34.53928659525199, -37.99123541768023, -41.62156306082062, -45.431801927100324, -49.42348441894653, -53.59814293878638],
        "4": [-15.240118595182013, -17.487287777881814, -19.901502495146243, -22.484625950761, -25.01176995293687, -25.1249417402195, -25.23838902796838, -25.35211191442664, -25.46611049749866, -28.16439028946726, -31.264095977413106, -34.538840013417975, -37.98982399855051, -41.61811721333596, -45.42465661775613, -49.41024685124943, -53.575560232710885]
    },
    "apdft_poly_coeff": [ -25.23838902796838, -11.3585070757944, -1.3779936880276011, -0.016345625889850147, 0.0014114191297191307 ],
    "hf_energies": [-15.118618561467194, -17.362970366080138, -19.773083885518513, -22.351480984763185, -24.87383425810039, -24.986788686773547, -25.100017928201893, -25.213522093593863, -25.32730129465756, -28.020397579018333, -31.114458922785676, -34.38414638009744, -37.8312532867399, -41.457048737880584, -45.26185214616566, -49.244601233544486, -53.40250034404656],
    "triples_corrections": [-0.002383420452252382, -0.0026084296048357472, -0.0028311035256785803, -0.003049286462055668, -0.0032506373460316866, -0.003259388353856638, -0.0032681333707055547, -0.003276871343708183, -0.0032856011632814716, -0.0034807707666100903, -0.0036610689265841228, -0.0037721964430497486, -0.003784419134506709, -0.0036937891101634646, -0.003538561755412151, -0.0034001214784890434, -0.0033578276529682787],
    "scf_converged": [true, true, true, true, true, true, true, true, true, true, true, true, true, true, true, true, true],
    "cc_converged": [true, true, true, true, true, true, true, true, true, true, true, true, true, true, true, true, true],
    "t1_diagnostic": [0.018308476484985348, 0.016519567248155186, 0.01548928129985085, 0.015034172939176813, 0.014924140511792578, 0.014921738261226187, 0.01491932395391431, 0.014916872626064228, 0.014914359588921889, 0.014790777266215395, 0.014432314801241197, 0.014118724334889844, 0.014357832091843237, 0.014745030349616405, 0.013898410157557866, 0.011213397462457409, 0.007840530657780191]
}