{
    "schema_name": "pyscf_apdft_output",
    "provenance": {
        "creator": "PySCF",
        "version": "1.7.6"
    },
    "molecule": {
        "geometry": [[0.0, 0.0, 0.0], [1.5, 0.0, 0.0]],
        "symbols": [ "B", "H" ]
    },
    "molecular_charge": -1,
    "molecular_multiplicity": 4,
    "name": "b.h.chrg-1.mult4.sep1.50-pyscf-uccsdt.ccpv5z",
    "atomic_numbers": [ 5, 1 ],
    "n_electrons": 7,
    "model": {
        "method": "UCCSD(T)",
        "basis": "cc-pV5Z",
        "scf_conv_tol": 1e-09,
        "scf_conv_tol_grad": 1e-06,
        "cc_conv_tol": 1e-05,
        "cc_conv_tol_normt": 1e-07
    },
    "broken_symmetry": false,
    "finite_diff_delta": 0.01,
    "finite_diff_acc": 2,
    "apdft_lambdas": [-0.02, -0.01, 0.0, 0.01, 0.02, 0.25, 0.5, 0.75, 1.0, 1.25, 1.5, 1.75, 2.0, 2.25, 2.5, 2.75, 3.0],
    "electronic_energies": [-24.981773067953807, -25.097730673658216, -25.213985468171398, -25.33053763432868, -25.447387350534274, -28.21740376513622, -31.408611588561094, -34.788413622311786, -38.35677045807922, -42.113041373905794, -46.05618526960945, -50.185016872716915, -54.49825851056239, -58.99400778744172, -63.66880248123135, -68.51718054526636, -73.5321720390757],
    "apdft_energies": {
        "0": [-25.213985468171416, -25.213985468171416, -25.213985468171416, -25.213985468171416, -25.213985468171416, -25.213985468171416, -25.213985468171416, -25.213985468171416, -25.213985468171416, -25.213985468171416, -25.213985468171416, -25.213985468171416, -25.213985468171416, -25.213985468171416, -25.213985468171416, -25.213985468171416, -25.213985468171416],
        "1": [-24.98117850750095, -25.097581987836183, -25.213985468171416, -25.33038894850665, -25.44679242884188, -28.12407247655224, -31.034159484933063, -33.944246493313884, -36.85433350169471, -39.76442051007554, -42.67450751845636, -45.58459452683718, -48.49468153521801, -51.404768543598834, -54.314855551979655, -57.224942560360475, -60.1350295687413],
        "2": [-24.981773250789082, -25.097730673658216, -25.213985468171416, -25.33053763432868, -25.447387172130014, -28.21700111532299, -31.405874040016066, -34.78060424225065, -38.34119172202672, -42.0876364793443, -46.01993851420338, -50.13809782660397, -54.44211441654605, -58.93198828402963, -63.60771942905472, -68.46930785162131, -73.5167535517294],
        "3": [-24.981773009962726, -25.09773064355492, -25.213985468171416, -25.330537664431976, -25.44738741295637, -28.217471479302237, -31.409636951850043, -34.79330406969032, -38.37129501669855, -42.146431976750215, -46.1215371337208, -50.29943267148579, -54.68294077392066, -59.274883624900916, -64.07808340830204, -69.09536230799947, -74.32954250786874],
        "4": [-24.981773007008716, -25.097730643370294, -25.213985468171416, -25.330537664247352, -25.44738741000236, -28.21739935990845, -31.4084830415494, -34.78746239879331, -38.35283245188824, -42.1013573556313, -46.02807039936862, -50.126274006995374, -54.38753973695576, -58.80170828224303, -63.35688947039943, -68.03946226351627, -72.83407475823391]
    },
    "apdft_poly_coeff": [ -25.213985468171416, -11.640348033523296, -1.4868582203320102, -0.030103294671827516, 0.018462564810306503 ],
    "hf_energies": [-24.858614178238785, -24.974406775835867, -25.09049732123487, -25.206885954120295, -25.323572810138494, -28.089943091484667, -31.277252398937698, -34.65354448441193, -38.21930791636732, -41.97394542895491, -45.91619701003143, -50.0449168316923, -54.359187829183426, -58.85717354444577, -63.53488212691275, -68.38632277405155, -73.40433970177308],
    "triples_corrections": [-0.0040510083278649895, -0.004059200533902341, -0.004067167658320591, -0.004074914062810437, -0.0040824439713908695, -0.004205666257507045, -0.004261176159651595, -0.004246841514334353, -0.004160903226254892, -0.004014982138031823, -0.003831428198182857, -0.003618233404363699, -0.003347297290984658, -0.002994492199552608, -0.002604422095955498, -0.0022437812135110246, -0.0019398412759573152],
    "scf_converged": [true, true, true, true, true, true, true, true, true, true, true, true, true, true, true, true, true],
    "cc_converged": [true, true, true, true, true, true, true, true, true, true, true, true, true, true, true, true, true],
    "scf_spin_squared": [3.753061411535596, 3.75306810550762, 3.7530753935767587, 3.7530833163174173, 3.7530919260109585, 3.7536829630905073, 3.756684852907725, 3.763481039494446, 3.769464233736114, 3.7698689715234592, 3.765474441363542, 3.759407813970254, 3.755104496308635, 3.754070366807202, 3.754670548140455, 3.755231054018043, 3.755356406710086],
    "cc_spin_squared": [3.7504413669976953, 3.7504422574916174, 3.750443136129199, 3.7504440026824306, 3.750444856883863, 3.7504607059294193, 3.750471441520358, 3.7504824404125374, 3.7504900796945106, 3.750479436036425, 3.750445089696603, 3.7503870980640563, 3.7503058099968527, 3.750219395763593, 3.750153854891389, 3.7501133435573095, 3.7500882712218604]
}