{
    "schema_name": "pyscf_qa_output",
    "provenance": {
        "creator": "PySCF",
        "version": "1.7.6"
    },
    "molecule": {
        "geometry": [[0.0, 0.0, 0.0], [1.4, 0.0, 0.0]],
        "symbols": [ "C", "H" ]
    },
    "molecular_charge": 2,
    "molecular_multiplicity": 4,
    "name": "c.h.chrg2.mult4.sep1.40-pyscf-uccsdt.ccpv5z",
    "atomic_numbers": [ 6, 1 ],
    "n_electrons": 5,
    "model": {
        "method": "UCCSD(T)",
        "basis": "cc-pV5Z",
        "scf_conv_tol": 1e-09,
        "scf_conv_tol_grad": 1e-06,
        "cc_conv_tol": 1e-05,
        "cc_conv_tol_normt": 1e-07
    },
    "broken_symmetry": false,
    "finite_diff_delta": 0.01,
    "finite_diff_acc": 2,
    "qa_lambdas": [-3.0, -2.75, -2.5, -2.25, -2.0, -1.75, -1.5, -1.25, -1.0, -0.75, -0.5, -0.25, -0.02, -0.01, 0.0, 0.01, 0.02],
    "electronic_energies": [-7.854677521194627, -9.427016545473426, -11.144199718680037, -13.009818369206794, -15.02748477783915, -17.200402727903274, -19.531111888083917, -22.02156181579661, -24.67345613902919, -27.48864588023315, -30.469385579936322, -33.618337192725456, -36.66628902358571, -36.80211987010295, -36.9382277111018, -37.07461265466481, -37.21127480559595],
    "qats_energies": {
        "0": [-36.938227711101774, -36.938227711101774, -36.938227711101774, -36.938227711101774, -36.938227711101774, -36.938227711101774, -36.938227711101774, -36.938227711101774, -36.938227711101774, -36.938227711101774, -36.938227711101774, -36.938227711101774, -36.938227711101774, -36.938227711101774, -36.938227711101774, -36.938227711101774, -36.938227711101774],
        "1": [3.935689973177574, 0.529530166154295, -2.876629640868984, -6.282789447892263, -9.688949254915542, -13.095109061938821, -16.5012688689621, -19.90742867598538, -23.313588483008658, -26.719748290031937, -30.125908097055216, -33.532067904078495, -36.66573492653991, -36.80198131882084, -36.938227711101774, -37.074474103382705, -37.21072049566364],
        "2": [-8.533925416356709, -9.948410543107151, -11.536084772490014, -13.296948104505297, -15.231000539153001, -17.338242076433126, -19.61867271634567, -22.072292458890637, -24.699101304068023, -27.49909925187783, -30.472286302320057, -33.618662455394706, -36.666289131668336, -36.80211987010295, -36.938227711101774, -37.07461265466481, -37.21127470079206],
        "3": [-8.054930764414365, -9.579462694880725, -11.258888793356718, -13.09487223571712, -15.08907619783675, -17.243163855590407, -19.558798384852878, -22.037642961498975, -24.68136076140349, -27.491614960441233, -30.47006873448699, -33.618385259415575, -36.666288989744, -36.80211985236241, -36.938227711101774, -37.07461267240535, -37.2112748427164],
        "4": [-6.948352735205816, -8.79814474900677, -10.725238123406598, -12.744744031162853, -14.870492883425186, -17.11503432973538, -19.489637258027344, -22.00428979462709, -24.66769930425277, -27.487292390014634, -30.46921489341507, -33.61833189434858, -36.66628898755816, -36.80211985222579, -36.938227711101774, -37.07461267226874, -37.21127484053057]
    },
    "qats_poly_coeffs": [ -36.938227711101774, -13.624639228093116, -1.3855128210593648, -0.01774054266453125, 0.01366145715072283 ],
    "hf_energies": [-7.803686867065148, -9.375761782191475, -11.092583027928212, -12.957918642355242, -14.975526555682432, -17.148671175540084, -19.47984365088344, -21.970878425841022, -24.623363005932312, -27.439077148512936, -30.42027578111608, -33.56970416118519, -36.61822727319769, -36.75408745787424, -36.890225062038354, -37.02664019806554, -37.16333297476604],
    "triples_corrections": [-0.00015115593586852781, -0.00014744766015311735, -0.00015246276294352318, -0.00016101774914846915, -0.00016888094971157286, -0.0001734479619460464, -0.00017424595355351532, -0.00017232667418413123, -0.0001689925539049183, -0.00016488926383254564, -0.0001597940527699554, -0.00015293367750189457, -0.00014450241829416883, -0.00014408846088329725, -0.00014367078393206795, -0.00014324943339948654, -0.00014282445792504573],
    "scf_converged": [true, true, true, true, true, true, true, true, true, true, true, true, true, true, true, true, true],
    "cc_converged": [true, true, true, true, true, true, true, true, true, true, true, true, true, true, true, true, true],
    "scf_spin_squared": [3.750014607689494, 3.750009683642839, 3.750007947771446, 3.7500075555845065, 3.7500077766493507, 3.7500082287437975, 3.7500086634018204, 3.750008936178697, 3.750009002885446, 3.7500088981867647, 3.7500087133381785, 3.750008572798327, 3.75000857492753, 3.750008578488041, 3.7500085823319074, 3.750008586456319, 3.7500085908581897],
    "cc_spin_squared": [3.75000074613198, 3.7500004950480816, 3.7500004020261146, 3.7500003689446935, 3.750000355269902, 3.7500003427699427, 3.7500003255590753, 3.7500003045184496, 3.7500002824773997, 3.7500002615115466, 3.75000024223466, 3.750000224046168, 3.7500002072864196, 3.7500002065453684, 3.750000205802995, 3.750000205059302, 3.7500002043142677]
}