{
    "schema_name": "pyscf_qa_output",
    "provenance": {
        "creator": "PySCF",
        "version": "1.7.6"
    },
    "molecule": {
        "geometry": [[0.0, 0.0, 0.0], [0.6, 0.0, 0.0]],
        "symbols": [ "C", "H" ]
    },
    "molecular_charge": 0,
    "molecular_multiplicity": 4,
    "name": "c.h.chrg0.mult4.sep0.60-pyscf-uccsdt.ccpv5z",
    "atomic_numbers": [ 6, 1 ],
    "n_electrons": 7,
    "model": {
        "method": "UCCSD(T)",
        "basis": "cc-pV5Z",
        "scf_conv_tol": 1e-09,
        "scf_conv_tol_grad": 1e-06,
        "cc_conv_tol": 1e-05,
        "cc_conv_tol_normt": 1e-07
    },
    "broken_symmetry": false,
    "finite_diff_delta": 0.01,
    "finite_diff_acc": 2,
    "qa_lambdas": [-1.0, -0.75, -0.5, -0.25, -0.02, -0.01, 0.0, 0.01, 0.02, 0.25, 0.5, 0.75, 1.0, 1.25, 1.5, 1.75, 2.0],
    "electronic_energies": [-24.709089379930916, -27.74153780745864, -30.961540398999187, -34.370393764043435, -37.67369447093692, -37.820950462115135, -37.9685092547607, -38.116370840860796, -38.26453521221559, -41.75586380437179, -45.732314653318326, -49.8976709640483, -54.25163583585336, -58.793721926393324, -63.523179300637736, -68.43894048964061, -73.539579840014],
    "qats_energies": {
        "0": [-37.96850925476065, -37.96850925476065, -37.96850925476065, -37.96850925476065, -37.96850925476065, -37.96850925476065, -37.96850925476065, -37.96850925476065, -37.96850925476065, -37.96850925476065, -37.96850925476065, -37.96850925476065, -37.96850925476065, -37.96850925476065, -37.96850925476065, -37.96850925476065, -37.96850925476065],
        "1": [-23.197490317477616, -26.890245051798374, -30.58299978611913, -34.27575452043989, -37.67308887601499, -37.82079906538782, -37.96850925476065, -38.11621944413348, -38.26392963350631, -41.661263989081405, -45.35401872340216, -49.04677345772292, -52.73952819204368, -56.43228292636444, -60.125037660685194, -63.81779239500595, -67.51054712932671],
        "2": [-24.71145759066104, -27.74185164296405, -30.961491604414988, -34.37037747501385, -37.67369446292426, -37.820950462115135, -37.96850925476065, -38.116370840860796, -38.26453522041558, -41.75588694365537, -45.73251054169802, -49.8983800488886, -54.253495465227104, -58.79785679071354, -63.5314640253479, -68.45431716913019, -73.56641622206041],
        "3": [-24.712808645040525, -27.742421619030395, -30.961660486212423, -34.37039858523853, -37.673694473732695, -37.82095046346619, -37.96850925476065, -38.11637083950974, -38.264535209607146, -41.75586583343069, -45.732341659900584, -49.89781007282225, -54.25214441084762, -58.79521801262861, -63.526904216817144, -68.44707636206515, -73.55560778702454],
        "4": [-24.712028202663134, -27.742174682184423, -30.961611708563836, -34.3703955366355, -37.673694473607824, -37.82095046345839, -37.96850925476065, -38.11637083950194, -38.264535209482275, -41.755862784827656, -45.732292882252, -49.897563135976284, -54.25136396847023, -58.793312635730686, -63.522953227281604, -68.43975666617408, -73.5431207089863]
    },
    "qats_poly_coeffs": [ -37.96850925476065, -14.771018937283031, -1.5139672731834253, 0.0013510543794836847, 0.0007804423773905 ],
    "hf_energies": [-24.576323110286452, -27.607271867100646, -30.826554924960657, -34.235156870026444, -37.53842958710381, -37.685686983499195, -37.83324735452206, -37.98111068816583, -38.12927697242186, -41.62068870134399, -45.597299862540204, -49.76288161441665, -54.11713872301504, -58.65958982054676, -63.38949372252514, -68.3057935371559, -73.40707498755964],
    "triples_corrections": [-0.0025777626951652326, -0.0025105173281007565, -0.0023831354070277737, -0.0022338052705896147, -0.0021017601768192075, -0.0020963063853588755, -0.0020908793750494836, -0.0020854792945315575, -0.002080106269537619, -0.0019640216404167078, -0.0018530298167124446, -0.0017551526228550675, -0.0016676512739884947, -0.0015882169469968893, -0.0015148987030863324, -0.0014460300922580103, -0.0013802080281462461],
    "scf_converged": [true, true, true, true, true, true, true, true, true, true, true, true, true, true, true, true, true],
    "cc_converged": [true, true, true, true, true, true, true, true, true, true, true, true, true, true, true, true, true],
    "scf_spin_squared": [3.7524348939138923, 3.752570637781321, 3.7527355532081024, 3.752871167169788, 3.7529515180931683, 3.7529540558662533, 3.75295651904331, 3.752958908377423, 3.752961224634781, 3.752996184241939, 3.7530019961572783, 3.752983877515307, 3.7529485493488792, 3.752900655608909, 3.7528438750724504, 3.752781340723347, 3.7527157856858375],
    "cc_spin_squared": [3.750151085812739, 3.750138407321074, 3.750124442570028, 3.7501102295035436, 3.7500980486742694, 3.750097555297846, 3.7500970588035902, 3.750096565051341, 3.7500960740565916, 3.7500855586683004, 3.750075777438033, 3.750067510179163, 3.7500604928097845, 3.750054483259137, 3.750049281836341, 3.7500447291072794, 3.750040698630215]
}