{
    "schema_name": "pyscf_apdft_output",
    "provenance": {
        "creator": "PySCF",
        "version": "1.7.6"
    },
    "molecule": {
        "geometry": [[0.0, 0.0, 0.0], [1.0, 0.0, 0.0]],
        "symbols": [ "Li", "H" ]
    },
    "molecular_charge": 0,
    "molecular_multiplicity": 1,
    "name": "li.h.chrg0.mult1.sep1.00-pyscf-ccsdt.ccpv5z",
    "atomic_numbers": [ 3, 1 ],
    "n_electrons": 4,
    "model": {
        "method": "CCSD(T)",
        "basis": "cc-pV5Z",
        "scf_conv_tol": 1e-09,
        "scf_conv_tol_grad": 1e-06,
        "cc_conv_tol": 1e-05,
        "cc_conv_tol_normt": 1e-07
    },
    "broken_symmetry": false,
    "finite_diff_delta": 0.01,
    "finite_diff_acc": 2,
    "apdft_lambdas": [-0.02, -0.01, 0.0, 0.01, 0.02, 0.25, 0.5, 0.75, 1.0, 1.25, 1.5, 1.75, 2.0],
    "electronic_energies": [-7.847097203819203, -7.904683669394454, -7.962492241456625, -8.020522841236865, -8.07877536496552, -9.479672834251511, -11.134460249619902, -12.925438086894943, -14.850495272450583, -16.906521410923983, -19.089290037810816, -21.39353470058989, -23.813177226546546],
    "apdft_energies": {
        "0": [-7.962492241456632, -7.962492241456632, -7.962492241456632, -7.962492241456632, -7.962492241456632, -7.962492241456632, -7.962492241456632, -7.962492241456632, -7.962492241456632, -7.962492241456632, -7.962492241456632, -7.962492241456632, -7.962492241456632],
        "1": [-7.846653069614221, -7.904572655535427, -7.962492241456632, -8.020411827377837, -8.078331413299043, -9.410481889486766, -10.858471537516902, -12.306461185547036, -13.75445083357717, -15.202440481607304, -16.650430129637442, -18.098419777667573, -19.54640942569771],
        "2": [-7.847097125050333, -7.904683669394455, -7.962492241456632, -8.020522841236865, -8.078775468735156, -9.47986555137934, -11.1360061850872, -12.930914142580209, -14.864589423858366, -16.93703202892167, -19.148241957770132, -21.498219210403736, -23.986963786822493],
        "3": [-7.8470972467426705, -7.904683684605996, -7.962492241456632, -8.020522826025323, -8.078775347042818, -9.479627871034028, -11.134104742324698, -12.924496773256767, -14.849377881758357, -16.90732198575759, -19.096903003182597, -21.4166948519615, -23.865271450022412],
        "4": [-7.847097230075496, -7.904683683564298, -7.962492241456632, -8.020522824983624, -8.078775330375645, -9.479220957613245, -11.127594127592179, -12.89153678617338, -14.745208046038023, -16.653001097768502, -18.56954320984842, -20.4396957286626, -22.198554078497104]
    },
    "apdft_poly_coeff": [ -7.962492241456632, -5.7919585921205385, -1.1101385902811955, 0.015211542100009483, 0.10416983572033207 ],
    "hf_energies": [-7.772745498022603, -7.830457065045572, -7.8883902362895695, -7.946544947242261, -8.004921134033943, -9.408558057014746, -11.066175632193138, -12.859883423022836, -14.787540949893605, -16.845939206400935, -19.030713799753748, -21.33645560871351, -23.756965952758797],
    "triples_corrections": [-0.0002466607129507157, -0.00024435840672621246, -0.00024210370995575228, -0.00023989533022383998, -0.0002377317224692868, -0.00019810940895281868, -0.00017031317874383216, -0.00015211459907536518, -0.00014009845268264616, -0.00013243520967193363, -0.00012816048804708494, -0.00012672525608212683, -0.00012760380046810066],
    "scf_converged": [true, true, true, true, true, true, true, true, true, true, true, true, true],
    "cc_converged": [true, true, true, true, true, true, true, true, true, true, true, true, true],
    "t1_diagnostic": [0.004911483012238777, 0.00486037847516186, 0.0048116885465362665, 0.004765314461431559, 0.0047211052308699505, 0.004149614232648094, 0.004054928195531568, 0.004208709661475899, 0.004548256000650325, 0.005102357404329897, 0.005926630287883537, 0.007064427312432835, 0.00851326160874787]
}