{
    "schema_name": "pyscf_qa_output",
    "provenance": {
        "creator": "PySCF",
        "version": "1.7.6"
    },
    "molecule": {
        "geometry": [[0.0, 0.0, 0.0], [1.7, 0.0, 0.0]],
        "symbols": [ "O", "H" ]
    },
    "molecular_charge": 2,
    "molecular_multiplicity": 4,
    "name": "o.h.chrg2.mult4.sep1.70-pyscf-uccsdt.ccpv5z",
    "atomic_numbers": [ 8, 1 ],
    "n_electrons": 7,
    "model": {
        "method": "UCCSD(T)",
        "basis": "cc-pV5Z",
        "scf_conv_tol": 1e-09,
        "scf_conv_tol_grad": 1e-06,
        "cc_conv_tol": 1e-05,
        "cc_conv_tol_normt": 1e-07
    },
    "broken_symmetry": false,
    "finite_diff_delta": 0.01,
    "finite_diff_acc": 2,
    "qa_lambdas": [-3.0, -2.75, -2.5, -2.25, -2.0, -1.75, -1.5, -1.25, -1.0, -0.75, -0.5, -0.25, -0.02, -0.01, 0.0, 0.01, 0.02],
    "electronic_energies": [-25.16705800964309, -28.186313077663783, -31.38935914576105, -34.779972688276075, -38.36087382235234, -42.13441115219259, -46.10341121766664, -50.27204659055357, -54.64598558133509, -59.230182386016594, -64.02606626082934, -69.03208642698418, -73.82127819352456, -74.03347127349839, -74.24599404135783, -74.45884639436305, -74.67202823091597],
    "qats_energies": {
        "0": [-74.24599404135783, -74.24599404135783, -74.24599404135783, -74.24599404135783, -74.24599404135783, -74.24599404135783, -74.24599404135783, -74.24599404135783, -74.24599404135783, -74.24599404135783, -74.24599404135783, -74.24599404135783, -74.24599404135783, -74.24599404135783, -74.24599404135783, -74.24599404135783, -74.24599404135783],
        "1": [-10.439725911659181, -15.756914922467402, -21.074103933275623, -26.391292944083844, -31.708481954892065, -37.025670965700286, -42.34285997650851, -47.66004898731673, -52.97723799812495, -58.29442700893317, -63.61161601974139, -68.92880503054961, -73.82061892049317, -74.0333064809255, -74.24599404135783, -74.45868160179016, -74.67136916222249],
        "2": [-25.271057471662672, -28.219353247192558, -31.373639738833603, -34.73391694658581, -38.30018487044917, -42.072443510423696, -46.05069286650938, -50.23493293870622, -54.625163727014225, -59.22138523143339, -64.02359745196371, -69.03180038860519, -73.82127809078473, -74.03347127349839, -74.24599404135783, -74.45884639436305, -74.67202833251405],
        "3": [-25.73081776549877, -28.573485742039686, -31.63970472369246, -34.92787832054791, -38.43641014269691, -42.16370380023029, -46.10816290323889, -50.26819106181358, -54.6421918860452, -59.22856898602458, -64.02572597184258, -69.03206645359005, -73.82127822701, -74.03347129052655, -74.24599404135783, -74.4588463773349, -74.67202819628878],
        "4": [-26.116165519205126, -28.845566975740255, -31.825539867262265, -35.049804758244065, -38.512528217503096, -42.208322818201395, -46.13224713784554, -50.27980575828669, -54.64694926572058, -59.230074250687494, -64.0260233080723, -69.03208503710441, -73.82127822777119, -74.03347129057413, -74.24599404135783, -74.45884637738247, -74.67202819704995]
    },
    "qats_poly_coeffs": [ -74.24599404135783, -21.268756043232884, -1.6479257288892768, 0.017028159030966585, -0.004757379675387104 ],
    "hf_energies": [-25.03758405617295, -28.047475091396414, -31.24327842522823, -34.629639800798394, -38.20768297806916, -41.97848660641642, -45.944126559565476, -50.10890725501912, -54.480548743484405, -59.06535242714532, -63.86270289526299, -68.86990635963473, -73.65995722271515, -73.87218520229538, -74.08474276032102, -74.29762980387537, -74.51084624093943],
    "triples_corrections": [-0.0032653667165411186, -0.0038265484439501283, -0.004101746366103302, -0.004180642860025092, -0.004109241014828523, -0.003986288686904221, -0.0038849977516880307, -0.0038248965060041873, -0.003712848622338445, -0.0033628331248688748, -0.002931263585393956, -0.0025828715590880255, -0.0023387034288879695, -0.002329347072878762, -0.0023200793743986294, -0.0023108985896402898, -0.0023018030104814883],
    "scf_converged": [true, true, true, true, true, true, true, true, true, true, true, true, true, true, true, true, true],
    "cc_converged": [true, true, true, true, true, true, true, true, true, true, true, true, true, true, true, true, true],
    "scf_spin_squared": [3.7542018461457918, 3.762063689655351, 3.795712664862642, 3.806578222932989, 3.798984607027987, 3.787796191730017, 3.7776282189235935, 3.7671876052205966, 3.7569388724566304, 3.754384192809388, 3.7553324657754596, 3.7557050166987906, 3.7555261066719186, 3.7555126316026444, 3.755498864180784, 3.755484821656311, 3.7554705206274606],
    "cc_spin_squared": [3.750467738464253, 3.7505501257927305, 3.7506402340068465, 3.7506508683839463, 3.7505911654175215, 3.750515324303979, 3.7504606201827952, 3.750423401191755, 3.7503400746868265, 3.7502156107932714, 3.7501423625783357, 3.7501077183175022, 3.750088100273364, 3.7500873840369255, 3.7500866766679777, 3.7500859779606306, 3.7500852877188735]
}