{
    "schema_name": "pyscf_qa_output",
    "provenance": {
        "creator": "PySCF",
        "version": "1.7.6"
    },
    "molecule": {
        "geometry": [[0.0, 0.0, 0.0], [1.4, 0.0, 0.0]],
        "symbols": [ "C", "H" ]
    },
    "molecular_charge": 2,
    "molecular_multiplicity": 2,
    "name": "c.h.chrg2.mult2.sep1.40-pyscf-uccsdt.ccpv5z",
    "atomic_numbers": [ 6, 1 ],
    "n_electrons": 5,
    "model": {
        "method": "UCCSD(T)",
        "basis": "cc-pV5Z",
        "scf_conv_tol": 1e-09,
        "scf_conv_tol_grad": 1e-06,
        "cc_conv_tol": 1e-05,
        "cc_conv_tol_normt": 1e-07
    },
    "broken_symmetry": false,
    "finite_diff_delta": 0.01,
    "finite_diff_acc": 2,
    "qa_lambdas": [-3.0, -2.75, -2.5, -2.25, -2.0, -1.75, -1.5, -1.25, -1.0, -0.75, -0.5, -0.25, -0.02, -0.01, 0.0, 0.01, 0.02],
    "electronic_energies": [-8.024951796246073, -9.608619572743171, -11.336396900973032, -13.211473649779666, -15.237043264603146, -17.416086852874994, -19.75136217059366, -22.245513501229517, -24.901135564853647, -27.720775760425358, -30.70696618767815, -33.8622922871154, -36.916773444426845, -37.05290148217498, -37.189307636241715, -37.32599202010603, -37.46295444870057],
    "qats_energies": {
        "0": [-37.18930763624165, -37.18930763624165, -37.18930763624165, -37.18930763624165, -37.18930763624165, -37.18930763624165, -37.18930763624165, -37.18930763624165, -37.18930763624165, -37.18930763624165, -37.18930763624165, -37.18930763624165, -37.18930763624165, -37.18930763624165, -37.18930763624165, -37.18930763624165, -37.18930763624165],
        "1": [3.7742730534154134, 0.3606413292773283, -3.052990394860764, -6.466622118998853, -9.880253843136941, -13.29388556727503, -16.70751729141312, -20.121149015551207, -23.534780739689296, -26.948412463827385, -30.362044187965473, -33.775675912103566, -36.916217098310604, -37.05276236727613, -37.18930763624165, -37.32585290520717, -37.4623981741727],
        "2": [-8.746067843433423, -10.159922896547045, -11.747671573228011, -13.509313873476323, -15.44484979729198, -17.55427934467498, -19.837602515625328, -22.29481931014302, -24.925929728228056, -27.730933769880437, -30.709831435100163, -33.862622723887235, -36.91677355790602, -37.05290148217498, -37.18930763624165, -37.32599202010603, -37.46295463376811],
        "3": [-8.90714166971037, -10.283990756949024, -11.840885593064208, -13.577266893936908, -15.492575375448112, -17.5862517534788, -19.857736743909946, -22.306471062622542, -24.931895425497572, -27.733450548416016, -30.710577147258853, -33.86271593790707, -36.9167736056316, -37.05290148814068, -37.18930763624165, -37.32599201414033, -37.462954586042535],
        "4": [91.85237026429066, 60.858949743905, 36.75070002325573, 18.303672428930597, 4.410538092996532, -5.919412047000382, -13.560267248034883, -19.26949696160255, -23.687950833719782, -27.339858704923824, -30.63283061027274, -33.85785677934544, -36.91677340660046, -37.05290147570123, -37.18930763624165, -37.32599200170088, -37.4629543870114]
    },
    "qats_poly_coeffs": [ -37.18930763624165, -13.654526896552355, -1.3911489885387596, 0.005965697269516567, 1.2439445917777903 ],
    "hf_energies": [-7.941184811954972, -9.524975627478748, -11.252502104657164, -13.126962928581097, -15.151540776907233, -17.329173781719163, -19.66259132342707, -22.154506093446532, -24.80770546365049, -27.62496851762134, -30.608989714432727, -33.762409090372394, -36.8153336251919, -36.951397101374845, -37.087738890173675, -37.224359097506635, -37.361257826643225],
    "triples_corrections": [-0.0004731428845138312, -0.0005132364625971674, -0.0005785537420639993, -0.0006658221518768109, -0.0007717791187294609, -0.0008930083811073746, -0.001023106188454502, -0.0011500154658239305, -0.0012599611601397328, -0.0013458531058145793, -0.0014082716803592748, -0.0014495461363908454, -0.0014698518392380377, -0.0014703681974407865, -0.0014708555960783673, -0.0014713142762864408, -0.001471727346481934],
    "scf_converged": [true, true, true, true, true, true, true, true, true, true, true, true, true, true, true, true, true],
    "cc_converged": [true, true, true, true, true, true, true, true, true, true, true, true, true, true, true, true, true],
    "scf_spin_squared": [0.7507456872007219, 0.7506693517999201, 0.7508339246306632, 0.7513599596658762, 0.7524882816979774, 0.7545943261713566, 0.7581124967703115, 0.7630963959259045, 0.7684073697321572, 0.7717158353514431, 0.7712813074079019, 0.7675581622960077, 0.7630334918210884, 0.7628413344318488, 0.7626505315841396, 0.7624611765725411, 0.7622733587260937],
    "cc_spin_squared": [0.750008298303597, 0.7500110736173479, 0.7500163290108023, 0.7500246607240071, 0.7500359464606154, 0.7500494524527187, 0.7500641478552283, 0.7500783390379588, 0.750088811829628, 0.7500918776707096, 0.7500859838846672, 0.7500730608380419, 0.7500584848168972, 0.7500578465820924, 0.750057210230665, 0.7500565759988339, 0.7500559288654991]
}