{
    "schema_name": "pyscf_apdft_output",
    "provenance": {
        "creator": "PySCF",
        "version": "1.7.6"
    },
    "molecule": {
        "geometry": [[0.0, 0.0, 0.0], [1.8, 0.0, 0.0]],
        "symbols": [ "N", "H" ]
    },
    "molecular_charge": 0,
    "molecular_multiplicity": 1,
    "name": "n.h.chrg0.mult1.sep1.80-pyscf-ccsdt.ccpv5z",
    "atomic_numbers": [ 7, 1 ],
    "n_electrons": 8,
    "model": {
        "method": "CCSD(T)",
        "basis": "cc-pV5Z",
        "scf_conv_tol": 1e-09,
        "scf_conv_tol_grad": 1e-06,
        "cc_conv_tol": 1e-05,
        "cc_conv_tol_normt": 1e-07
    },
    "broken_symmetry": false,
    "finite_diff_delta": 0.01,
    "finite_diff_acc": 2,
    "apdft_lambdas": [-1.0, -0.75, -0.5, -0.25, -0.02, -0.01, 0.0, 0.01, 0.02, 0.25, 0.5, 0.75, 1.0, 1.25, 1.5, 1.75, 2.0],
    "electronic_energies": [-38.384673570103494, -42.235548522057215, -46.289235361638816, -50.54893219347127, -54.651773568968096, -54.83417923053902, -55.01692243214588, -55.19999873243476, -55.383414337309176, -59.69501961690346, -64.58547489918205, -69.69241672226272, -75.02237613881522, -80.57977601095365, -86.36222660169204, -92.36376796216666, -98.57869572165174],
    "apdft_energies": {
        "0": [-55.01692243214574, -55.01692243214574, -55.01692243214574, -55.01692243214574, -55.01692243214574, -55.01692243214574, -55.01692243214574, -55.01692243214574, -55.01692243214574, -55.01692243214574, -55.01692243214574, -55.01692243214574, -55.01692243214574, -55.01692243214574, -55.01692243214574, -55.01692243214574, -55.01692243214574],
        "1": [-36.72594733735895, -41.298691111055646, -45.87143488475235, -50.44417865844905, -54.651102930250005, -54.834012681197876, -55.01692243214574, -55.199832183093605, -55.382741934041476, -59.589666205842434, -64.16240997953913, -68.73515375323583, -73.30789752693252, -77.88064130062922, -82.45338507432592, -87.02612884802261, -91.59887262171932],
        "2": [-38.39144074884576, -42.23553115501698, -46.28780823762405, -50.54827199666697, -54.6517691276146, -54.83417923053902, -55.01692243214574, -55.19999873243476, -55.38340813140607, -59.69375954406036, -64.57878333241084, -69.67199379719716, -74.97339093841933, -80.48297475607737, -86.20074525017124, -92.12670242070097, -98.26084626766655],
        "3": [-38.24439494812479, -42.17349620783782, -46.26942751253393, -50.5459744060307, -54.651767951248196, -54.83417908349322, -55.01692243214574, -55.19999887948056, -55.383409307772475, -59.69605713469663, -64.59716405750096, -69.73402874437632, -75.1204367391403, -80.7701735856105, -86.6970248276045, -92.91477600893988, -99.43721267343426],
        "4": [-82.60796432917732, -56.21040683231148, -49.04215059884971, -50.71926959892544, -54.65177504941929, -54.83417952712892, -55.01692243214574, -55.19999932311625, -55.38341640594358, -59.869352327591365, -67.36988714381674, -83.77093936884998, -119.48400612019284, -189.0796691448208, -311.28759481918297, -508.9965341492022, -809.2543227702748]
    },
    "apdft_poly_coeff": [ -55.01692243214574, -18.290975094786788, -1.665493411486807, -0.1470458007209648, -44.363569381052535 ],
    "hf_energies": [-38.15407812475555, -41.99260995056453, -46.032867899635086, -50.27922181012911, -54.37179287676346, -54.55383046455379, -54.7362121422471, -54.9189382002715, -55.102008928330804, -59.408416147258805, -64.30009774783856, -69.41466415261962, -74.75393740895548, -80.31743694398735, -86.10231655477337, -92.104344555077, -98.3190334850525],
    "triples_corrections": [-0.010895118054669948, -0.012181247344068608, -0.01341789265756125, -0.014434674466454215, -0.015111587017902842, -0.015135663392861098, -0.015159883986885203, -0.015182544399298557, -0.015205901067442362, -0.015600480394196916, -0.01558884508713469, -0.014746464036098385, -0.013265536007496534, -0.012098543691937441, -0.011626573647509611, -0.011605214918058215, -0.011788292954374297],
    "scf_converged": [true, true, true, true, true, true, true, true, true, true, true, true, true, true, true, true, true],
    "cc_converged": [true, true, true, true, true, true, true, true, true, true, true, true, true, true, true, true, true],
    "t1_diagnostic": [0.029747459604706924, 0.032874924700691546, 0.032392942343624845, 0.027460366561117784, 0.020888964732640482, 0.02064123752280916, 0.020402844103102988, 0.0201730274266386, 0.01995456774616564, 0.019070251385523252, 0.02476622936649764, 0.026715102011462693, 0.02080752047027673, 0.01244041656673176, 0.006917038761938191, 0.004381400854769768, 0.0033597267650025873]
}