{
    "schema_name": "pyscf_apdft_output",
    "provenance": {
        "creator": "PySCF",
        "version": "1.7.6"
    },
    "molecule": {
        "geometry": [[0.0, 0.0, 0.0], [1.9, 0.0, 0.0]],
        "symbols": [ "O", "H" ]
    },
    "molecular_charge": 0,
    "molecular_multiplicity": 4,
    "name": "o.h.chrg0.mult4.sep1.90-pyscf-uccsdt.ccpv5z",
    "atomic_numbers": [ 8, 1 ],
    "n_electrons": 9,
    "model": {
        "method": "UCCSD(T)",
        "basis": "cc-pV5Z",
        "scf_conv_tol": 1e-09,
        "scf_conv_tol_grad": 1e-06,
        "cc_conv_tol": 1e-05,
        "cc_conv_tol_normt": 1e-07
    },
    "broken_symmetry": false,
    "finite_diff_delta": 0.01,
    "finite_diff_acc": 2,
    "apdft_lambdas": [-1.0, -0.75, -0.5, -0.25, -0.02, -0.01, 0.0, 0.01, 0.02, 0.25, 0.5, 0.75, 1.0, 1.25, 1.5, 1.75, 2.0],
    "electronic_energies": [-55.0953027547879, -59.86566132836991, -64.86080239590422, -70.08246081850898, -75.08521787399425, -75.3070268296997, -75.52919297476976, -75.75171620159881, -75.97459640366755, -81.19913579805505, -87.09077811659914, -93.2028341866002, -99.5340791842267, -106.08322800746662, -112.84885307489367, -119.82934130612202, -127.02288902523988],
    "apdft_energies": {
        "0": [-75.52919297476978, -75.52919297476978, -75.52919297476978, -75.52919297476978, -75.52919297476978, -75.52919297476978, -75.52919297476978, -75.52919297476978, -75.52919297476978, -75.52919297476978, -75.52919297476978, -75.52919297476978, -75.52919297476978, -75.52919297476978, -75.52919297476978, -75.52919297476978, -75.52919297476978],
        "1": [-53.29472437981397, -58.853341528552924, -64.41195867729188, -69.97057582603082, -75.08450360287067, -75.30684828882022, -75.52919297476978, -75.75153766071935, -75.9738823466689, -81.08781012350875, -86.64642727224769, -92.20504442098664, -97.7636615697256, -103.32227871846456, -108.8808958672035, -114.43951301594245, -119.99813016468141],
        "2": [-55.08013317448845, -59.85763397555732, -64.8583108759605, -70.08216387569799, -75.08521776638854, -75.3070268296997, -75.52919297476978, -75.75171620159881, -75.97459651018677, -81.1993981731759, -87.09277947091631, -93.20933686799104, -99.54907036440008, -106.11197996014343, -112.89806565522109, -119.90732744963306, -127.13976534337934],
        "3": [-55.097976919340525, -59.86516180541679, -64.860541344067, -70.0824426842113, -75.08521790913849, -75.30702684754344, -75.52919297476978, -75.75171618375506, -75.97459636743682, -81.19911936466258, -87.09054900280981, -93.20180903813157, -99.53122661954801, -106.07712889597923, -112.83784301634536, -119.81169612956651, -126.99701538456279],
        "4": [-55.10250390553384, -59.866594172142015, -64.8608242807041, -70.08246036775111, -75.08521790986282, -75.3070268475887, -75.52919297476978, -75.75171618380034, -75.97459636816113, -81.1991370482024, -87.09083193944689, -93.20324140485681, -99.53575360574133, -106.08818110836526, -112.86076088394903, -119.85415430866868, -127.06944716365587]
    },
    "apdft_poly_coeff": [ -75.52919297476978, -22.234468594955814, -1.7854087946744812, 0.01784374485206778, -0.004526986193316891 ],
    "hf_energies": [-54.87241078311184, -59.63588088505575, -64.63171017763844, -69.85700342603043, -74.86254538076302, -75.0844602190301, -75.30673112768, -75.5293580203923, -75.7523408120534, -80.97899100479731, -86.87256625564478, -92.98638357904876, -99.31934504143658, -105.87023532628797, -112.63766167664193, -119.62002396395188, -126.81551512354012],
    "triples_corrections": [-0.006148227614451897, -0.0062530428598861505, -0.006059480092076348, -0.005298572690425563, -0.004643262378133083, -0.004617869404528906, -0.004592736244180187, -0.0045678610869179055, -0.0045432419576079165, -0.004041744563149912, -0.0036099428492583486, -0.003260106310057776, -0.002967489842463896, -0.002716860982331725, -0.002498821171342225, -0.0023074029219034486, -0.002138760152093079],
    "scf_converged": [true, true, true, true, true, true, true, true, true, true, true, true, true, true, true, true, true],
    "cc_converged": [true, true, true, true, true, true, true, true, true, true, true, true, true, true, true, true, true],
    "scf_spin_squared": [3.7767254051850725, 3.78961705545042, 3.776504400858108, 3.765851298091972, 3.761275961628292, 3.761136483449803, 3.7610005968830658, 3.7608681788951017, 3.7607391112722643, 3.7584818433033504, 3.756985692106205, 3.755993051947191, 3.7552753817736506, 3.7547219857283913, 3.754274714755797, 3.753900768329905, 3.753580429881113],
    "cc_spin_squared": [3.7510580514325125, 3.7507667127214184, 3.7506317059221335, 3.750430695897624, 3.7502811042293764, 3.750276106792131, 3.7502712240329137, 3.7502664538143016, 3.750261793956334, 3.750180017010768, 3.7501282360819563, 3.750096803140506, 3.7500762159987078, 3.7500618384721025, 3.7500512853421473, 3.75004324526423, 3.7500369659461064]
}