{
    "schema_name": "pyscf_apdft_output",
    "provenance": {
        "creator": "PySCF",
        "version": "1.7.6"
    },
    "molecule": {
        "geometry": [[0.0, 0.0, 0.0], [1.3, 0.0, 0.0]],
        "symbols": [ "Ne", "H" ]
    },
    "molecular_charge": 1,
    "molecular_multiplicity": 1,
    "name": "ne.h.chrg1.mult1.sep1.30-pyscf-ccsdt.ccpv5z",
    "atomic_numbers": [ 10, 1 ],
    "n_electrons": 10,
    "model": {
        "method": "CCSD(T)",
        "basis": "cc-pV5Z",
        "scf_conv_tol": 1e-09,
        "scf_conv_tol_grad": 1e-06,
        "cc_conv_tol": 1e-05,
        "cc_conv_tol_normt": 1e-07
    },
    "broken_symmetry": false,
    "finite_diff_delta": 0.01,
    "finite_diff_acc": 2,
    "apdft_lambdas": [-2.0, -1.75, -1.5, -1.25, -1.0, -0.75, -0.5, -0.25, -0.02, -0.01, 0.0, 0.01, 0.02],
    "electronic_energies": [-75.69740498411947, -81.50258119938296, -87.54464510318421, -93.82709973263304, -100.35336600747794, -107.12681274028525, -114.15063537884119, -121.42747198913199, -128.34703023159125, -128.65277809305195, -128.9589341432892, -129.26549837174548, -129.57247076544678],
    "apdft_energies": {
        "0": [-128.95893414327884, -128.95893414327884, -128.95893414327884, -128.95893414327884, -128.95893414327884, -128.95893414327884, -128.95893414327884, -128.95893414327884, -128.95893414327884, -128.95893414327884, -128.95893414327884, -128.95893414327884, -128.95893414327884],
        "1": [-67.68690627392584, -75.34590975759497, -83.00491324126409, -90.66391672493322, -98.32292020860234, -105.98192369227147, -113.64092717594059, -121.29993065960971, -128.3462138645853, -128.65257400393207, -128.95893414327884, -129.2652942826256, -129.57165442197237],
        "2": [-75.8504710689665, -81.59613905379797, -87.59691843847446, -93.85280922299597, -100.3638114073625, -107.12992499157406, -114.15114997563063, -121.42748635953222, -128.3470302210648, -128.65277809305195, -128.95893414327884, -129.26549837174548, -129.57247077845187],
        "3": [-75.86615875359931, -81.60664857690159, -87.60353668042893, -93.85663922412704, -100.3657723679416, -107.13075227181837, -114.15139509570302, -121.42751699954127, -128.3470302367525, -128.6527780950129, -128.95893414327884, -129.26549836978452, -129.5724707627642],
        "4": [-75.70091304019033, -81.50978457350926, -87.55125190392062, -93.83142472928313, -100.35544451085354, -107.1274844732866, -114.15074960463501, -121.42747665634953, -128.34703023510005, -128.65277809490962, -128.95893414327884, -129.26549836968124, -129.57247076111173]
    },
    "apdft_poly_coeff": [ -128.95893414327884, -30.636013934676498, -2.040891198760164, 0.001960960579102296, 0.01032785708806235 ],
    "hf_energies": [-75.33694909999, -81.134377260088, -87.170983030556, -93.45066164108152, -99.97698622255622, -106.75305608283861, -113.7813132159948, -121.0633818769808, -127.98770513753433, -128.29365184424404, -128.6000058605171, -128.90676716096615, -129.21393571867995],
    "triples_corrections": [-0.012653410138326913, -0.012563022790801962, -0.012318546764051903, -0.011929007279545318, -0.011363219844431685, -0.010567344015286992, -0.009541799294036991, -0.008394201462569183, -0.007368802382528228, -0.00732658728295067, -0.007284619541561332, -0.007242903538466159, -0.007201443420923491],
    "scf_converged": [true, true, true, true, true, true, true, true, true, true, true, true, true],
    "cc_converged": [true, true, true, true, true, true, true, true, true, true, true, true, true],
    "t1_diagnostic": [0.01868721423392756, 0.015747819681948504, 0.013020713353066598, 0.011626514558321685, 0.011754360113906596, 0.01219242172650755, 0.01184755241644125, 0.010563163249706313, 0.008934821966714458, 0.008861303728810211, 0.00878781983053186, 0.008714397387873838, 0.008641062822268971]
}