{
    "schema_name": "pyscf_qa_output",
    "provenance": {
        "creator": "PySCF",
        "version": "1.7.6"
    },
    "molecule": {
        "geometry": [[0.0, 0.0, 0.0], [1.6, 0.0, 0.0]],
        "symbols": [ "Li", "H" ]
    },
    "molecular_charge": -1,
    "molecular_multiplicity": 4,
    "name": "li.h.chrg-1.mult4.sep1.60-pyscf-uccsdt.ccpv5z",
    "atomic_numbers": [ 3, 1 ],
    "n_electrons": 5,
    "model": {
        "method": "UCCSD(T)",
        "basis": "cc-pV5Z",
        "scf_conv_tol": 1e-09,
        "scf_conv_tol_grad": 1e-06,
        "cc_conv_tol": 1e-05,
        "cc_conv_tol_normt": 1e-07
    },
    "broken_symmetry": false,
    "finite_diff_delta": 0.01,
    "finite_diff_acc": 2,
    "qa_lambdas": [-0.02, -0.01, 0.0, 0.01, 0.02, 0.25, 0.5, 0.75, 1.0, 1.25, 1.5, 1.75, 2.0, 2.25, 2.5, 2.75, 3.0],
    "electronic_energies": [-7.814800268949431, -7.872824335728451, -7.931091971035649, -7.989603489792439, -8.048359199727027, -9.467713351588456, -11.159364083068898, -13.005057988940814, -15.001558489975311, -17.144259919774253, -19.42729152627282, -21.843783262565186, -24.38634501438, -27.047729523018308, -29.821530076227702, -32.70243874202155, -35.68537754219598],
    "qats_energies": {
        "0": [-7.93109197103566, -7.93109197103566, -7.93109197103566, -7.93109197103566, -7.93109197103566, -7.93109197103566, -7.93109197103566, -7.93109197103566, -7.93109197103566, -7.93109197103566, -7.93109197103566, -7.93109197103566, -7.93109197103566, -7.93109197103566, -7.93109197103566, -7.93109197103566, -7.93109197103566],
        "1": [-7.814312816971672, -7.872702394003666, -7.93109197103566, -7.989481548067655, -8.047871125099649, -9.390831396835516, -10.85057082263537, -12.310310248435226, -13.770049674235082, -15.229789100034935, -16.689528525834792, -18.14926795163465, -19.6090073774345, -21.068746803234358, -22.52848622903421, -23.988225654834068, -25.447965080633924],
        "2": [-7.814800583870811, -7.872824335728451, -7.93109197103566, -7.989603489792439, -8.048358891998788, -9.467044974826052, -11.155425134597515, -12.99623245035005, -14.989466922083658, -17.135128549798335, -19.433217333494085, -21.883733273170908, -24.486676368828803, -27.24204662046777, -30.14984402808781, -33.21006859168892, -36.42272031127111],
        "3": [-7.8148001687710655, -7.872824283840982, -7.93109197103566, -7.989603541679908, -8.048359307098535, -9.467855716517425, -11.161911068128509, -13.018122476017155, -15.041354390331607, -17.236471261220114, -19.608337538830916, -22.161817673312267, -24.901776114812403, -27.833077313479578, -30.960585719462028, -34.28916578290801, -37.82368195396576],
        "4": [-7.8148001639756375, -7.872824283541268, -7.93109197103566, -7.989603541380193, -8.048359302303107, -9.467738640637185, -11.160037854044662, -13.008639329717678, -15.01138296499005, -17.163298836069828, -19.456607198039283, -21.880718484854928, -24.422233309347487, -27.064942463221932, -29.789826917057447, -32.575057820307464, -35.39599650129962]
    },
    "qats_poly_coeffs": [ -7.93109197103566, -5.838957703199421, -1.2194172478485754, -0.051887468247950125, 0.02997142534155728 ],
    "hf_energies": [-7.778625582853979, -7.836655579004378, -7.894929981400812, -7.953449155884383, -8.012213457272047, -9.432080943687751, -11.12498093125659, -12.972496738976972, -14.971199339231209, -17.116258843289813, -19.401579269438113, -21.82009263448338, -24.36426554829677, -27.026809132755723, -29.801466270420264, -32.683322041958824, -35.66767411508427],
    "triples_corrections": [-0.0001379593120172929, -0.0001391011623791913, -0.00014020566134745414, -0.00014127223343514763, -0.0001423004752364317, -0.00015634153345639185, -0.0001589242424725658, -0.00015503456603053315, -0.00014682300853384832, -0.00013633937062878506, -0.0001251548107725127, -0.00011420897062734995, -0.0001038095789132943, -9.35275875462547e-05, -8.241580305219987e-05, -6.994820264102564e-05, -5.6700756350062844e-05],
    "scf_converged": [true, true, true, true, true, true, true, true, true, true, true, true, true, true, true, true, true],
    "cc_converged": [true, true, true, true, true, true, true, true, true, true, true, true, true, true, true, true, true],
    "scf_spin_squared": [3.750005756074917, 3.750005683213089, 3.7500056143960157, 3.7500055494778652, 3.7500054883216447, 3.7500049030884193, 3.750005465562396, 3.7500065446971256, 3.7500076053106417, 3.7500083092104033, 3.7500084697181166, 3.750008048204808, 3.7500071373651855, 3.7500059350898876, 3.750004728309523, 3.7500038408327963, 3.750003428384934],
    "cc_spin_squared": [3.750000367590808, 3.75000036827145, 3.7500003689815866, 3.7500003697117843, 3.750000370453274, 3.7500003802195643, 3.750000375814007, 3.750000365532824, 3.7500003457676963, 3.7500003154071515, 3.7500002767749283, 3.7500002341801117, 3.7500001923149724, 3.7500001546256345, 3.750000122490791, 3.7500000953057544, 3.750000071814402]
}