{
    "schema_name": "pyscf_qa_output",
    "provenance": {
        "creator": "PySCF",
        "version": "1.7.6"
    },
    "molecule": {
        "geometry": [[0.0, 0.0, 0.0], [0.8, 0.0, 0.0]],
        "symbols": [ "F", "H" ]
    },
    "molecular_charge": 1,
    "molecular_multiplicity": 2,
    "name": "f.h.chrg1.mult2.sep0.80-pyscf-uccsdt.ccpv5z",
    "atomic_numbers": [ 9, 1 ],
    "n_electrons": 9,
    "model": {
        "method": "UCCSD(T)",
        "basis": "cc-pV5Z",
        "scf_conv_tol": 1e-09,
        "scf_conv_tol_grad": 1e-06,
        "cc_conv_tol": 1e-05,
        "cc_conv_tol_normt": 1e-07
    },
    "broken_symmetry": false,
    "finite_diff_delta": 0.01,
    "finite_diff_acc": 2,
    "qa_lambdas": [-2.0, -1.75, -1.5, -1.25, -1.0, -0.75, -0.5, -0.25, -0.02, -0.01, 0.0, 0.01, 0.02, 0.25, 0.5, 0.75, 1.0],
    "electronic_energies": [-55.11504604837207, -59.92718338069848, -64.9555723589264, -70.20290359224774, -75.67143798594039, -81.36302922598418, -87.2792034178904, -93.42125578835949, -99.2724178426218, -99.53118735097713, -99.79032164091477, -100.04982077227959, -100.30968480453365, -106.38740089707669, -113.21333972178259, -120.26878529043456, -127.5541298994467],
    "qats_energies": {
        "0": [-99.79032164091493, -99.79032164091493, -99.79032164091493, -99.79032164091493, -99.79032164091493, -99.79032164091493, -99.79032164091493, -99.79032164091493, -99.79032164091493, -99.79032164091493, -99.79032164091493, -99.79032164091493, -99.79032164091493, -99.79032164091493, -99.79032164091493, -99.79032164091493, -99.79032164091493],
        "1": [-47.926979510669554, -54.409897276950225, -60.8928150432309, -67.37573280951156, -73.85865057579224, -80.34156834207292, -86.82448610835358, -93.30740387463425, -99.27168821961247, -99.53100493026369, -99.79032164091493, -100.04963835156616, -100.30895506221738, -106.2732394071956, -112.75615717347627, -119.23907493975693, -125.72199270603761],
        "2": [-55.22380804811817, -59.996531625934324, -64.99728109554574, -70.22605645695243, -75.6828577101544, -81.36768485515162, -87.28053789194412, -93.42141682053189, -99.27241790246622, -99.53118735097713, -99.79032164091493, -100.04982077227959, -100.30968474507112, -106.38725235309323, -113.2122089570668, -120.26519145283565, -127.54619984039977],
        "3": [-55.14427009322915, -59.9432474100614, -64.96372602082694, -70.20663801093461, -75.67291546579327, -81.36349047081177, -87.27929511139898, -93.42126147296375, -99.27241782292826, -99.5311873410349, -99.79032164091493, -100.04982078222183, -100.30968482460908, -106.38740770066137, -113.21345173761195, -120.2693858371755, -127.55614208476089],
        "4": [-55.11881276809234, -59.928324793446784, -64.95567116404537, -70.20275353139102, -75.67132438297222, -81.36298704226292, -87.27919566872266, -93.42125525779647, -99.27241782267369, -99.53118734101898, -99.79032164091493, -100.04982078220593, -100.3096848243545, -106.38740148549411, -113.21335229493563, -120.26888240862665, -127.55455100193984]
    },
    "qats_poly_coeffs": [ -99.79032164091493, -25.931671065122686, -1.8242071343621546, -0.009942244361127449, 0.0015910828210508043 ],
    "hf_energies": [-54.84734734390375, -59.65551451642339, -64.68098532455824, -69.92623605227651, -75.39330982600524, -81.08389279314346, -86.99941535903163, -93.14113886944978, -98.99228538382515, -99.2510606335898, -99.5102012080465, -99.76970716797763, -100.0295785737654, -106.10761644010107, -112.9342397118402, -119.9907141988771, -127.27741506615214],
    "triples_corrections": [-0.007227779548322028, -0.007063544871726568, -0.0067947030674835405, -0.006452062795391895, -0.006073211906121697, -0.005689745788979401, -0.005320669469671165, -0.004973309141865565, -0.0046730958569800515, -0.004660432653853894, -0.004647800180176456, -0.0046351982204862, -0.004622626559280968, -0.004341356984093455, -0.0040509301353933965, -0.003774402690674718, -0.0035108462159348583],
    "scf_converged": [true, true, true, true, true, true, true, true, true, true, true, true, true, true, true, true, true],
    "cc_converged": [true, true, true, true, true, true, true, true, true, true, true, true, true, true, true, true, true],
    "scf_spin_squared": [0.7574515851675914, 0.7570493487564498, 0.7565519328211332, 0.7560224121936665, 0.7555145502251257, 0.755054706559295, 0.7546469184282119, 0.7542842586422953, 0.7539822144895982, 0.7539696569198937, 0.7539571432236158, 0.7539446729572457, 0.7539322456849078, 0.7536573970787508, 0.7533796338713228, 0.7531210518015592, 0.7528806738714424],
    "cc_spin_squared": [0.750203745629846, 0.7501887238334841, 0.7501694292968517, 0.7501478874741525, 0.7501265214669721, 0.7501071091316249, 0.750090420931997, 0.7500765285885562, 0.75006588641641, 0.7500654644999427, 0.7500650457372022, 0.7500646300994367, 0.7500642175580818, 0.7500555209762405, 0.7500475506529631, 0.7500408202588784, 0.7500351007660466]
}