{
    "schema_name": "pyscf_apdft_output",
    "provenance": {
        "creator": "PySCF",
        "version": "1.7.6"
    },
    "molecule": {
        "geometry": [[0.0, 0.0, 0.0], [1.2, 0.0, 0.0]],
        "symbols": [ "Li", "H" ]
    },
    "molecular_charge": 0,
    "molecular_multiplicity": 3,
    "name": "li.h.chrg0.mult3.sep1.20-pyscf-uccsdt.ccpv5z",
    "atomic_numbers": [ 3, 1 ],
    "n_electrons": 4,
    "model": {
        "method": "UCCSD(T)",
        "basis": "cc-pV5Z",
        "scf_conv_tol": 1e-09,
        "scf_conv_tol_grad": 1e-06,
        "cc_conv_tol": 1e-05,
        "cc_conv_tol_normt": 1e-07
    },
    "broken_symmetry": false,
    "finite_diff_delta": 0.01,
    "finite_diff_acc": 2,
    "apdft_lambdas": [-0.02, -0.01, 0.0, 0.01, 0.02, 0.25, 0.5, 0.75, 1.0, 1.25, 1.5, 1.75, 2.0],
    "electronic_energies": [-7.776363013638009, -7.832911106594756, -7.889688524482101, -7.946695244521285, -8.003931241575081, -9.383552444294553, -11.019920881889314, -12.797229375010438, -14.7128391660827, -16.762839821411095, -18.94203055249787, -21.24412139783263, -23.662112321734142],
    "apdft_energies": {
        "0": [-7.889688524482109, -7.889688524482109, -7.889688524482109, -7.889688524482109, -7.889688524482109, -7.889688524482109, -7.889688524482109, -7.889688524482109, -7.889688524482109, -7.889688524482109, -7.889688524482109, -7.889688524482109, -7.889688524482109],
        "1": [-7.77590438655558, -7.832796455518844, -7.889688524482109, -7.946580593445374, -8.003472662408637, -9.311990248563719, -10.734291972645327, -12.156593696726937, -13.578895420808546, -15.001197144890156, -16.423498868971762, -17.845800593053376, -19.268102317134982],
        "2": [-7.776362990859227, -7.832911106594756, -7.889688524482109, -7.946695244521285, -8.003931266712286, -9.383647171008592, -11.020919662424824, -12.8015059987308, -14.725406179926527, -16.792620206012, -19.003148076987223, -21.35698979285219, -23.854145353606903],
        "3": [-7.776363022803218, -7.832911110587755, -7.889688524482109, -7.946695240528286, -8.003931234768295, -9.383584780402021, -11.020420537572264, -12.799821452353411, -14.721413181106048, -16.78482138019075, -18.989671705968107, -21.335589814798684, -23.82220136304307],
        "4": [-7.776363021230937, -7.832911110489488, -7.889688524482109, -7.946695240430019, -8.003931233196013, -9.38354639464333, -11.01980636543319, -12.796712205899357, -14.711586426880892, -16.760830281008246, -18.93992376270326, -21.24342560817917, -23.664973295440603]
    },
    "apdft_poly_coeff": [ -7.889688524482109, -5.6892068963264375, -1.1465107591179802, 0.003992998820478987, 0.00982675422515437 ],
    "hf_energies": [-7.742779483888519, -7.799417310140353, -7.856284608102519, -7.913381359280018, -7.970707542698671, -9.35245419044091, -10.991270068495446, -12.771177061642954, -14.689487642809796, -16.742189674060064, -18.923956318393913, -21.228384169468605, -23.648401240675298],
    "triples_corrections": [-6.264733471988141e-05, -6.225597342700513e-05, -6.186939043525973e-05, -6.148748655298165e-05, -6.111016601687755e-05, -5.350904191237055e-05, -4.693524136242135e-05, -4.135015147558448e-05, -3.627044856007579e-05, -3.1480607891366866e-05, -2.6950251225425992e-05, -2.2735970390815434e-05, -1.8902484928692128e-05],
    "scf_converged": [true, true, true, true, true, true, true, true, true, true, true, true, true],
    "cc_converged": [true, true, true, true, true, true, true, true, true, true, true, true, true],
    "scf_spin_squared": [2.000039728088645, 2.000039015644385, 2.0000383256789864, 2.0000376573921317, 2.0000370100153497, 2.0000265027451434, 2.000020772010917, 2.0000177564094437, 2.0000159752044784, 2.000014699580661, 2.0000135446145837, 2.0000123267049656, 2.0000109979664575],
    "cc_spin_squared": [2.0000007208243042, 2.00000070397178, 2.0000006876600906, 2.0000006718708176, 2.0000006565861583, 2.0000004113191214, 2.0000002816560105, 2.0000002144922, 2.0000001743289584, 2.0000001461479107, 2.0000001237157905, 2.000000104560942, 2.000000087735514]
}