{
    "schema_name": "pyscf_apdft_output",
    "provenance": {
        "creator": "PySCF",
        "version": "1.7.6"
    },
    "molecule": {
        "geometry": [[0.0, 0.0, 0.0], [0.6, 0.0, 0.0]],
        "symbols": [ "Be", "H" ]
    },
    "molecular_charge": 1,
    "molecular_multiplicity": 3,
    "name": "be.h.chrg1.mult3.sep0.60-pyscf-uccsdt.ccpv5z",
    "atomic_numbers": [ 4, 1 ],
    "n_electrons": 4,
    "model": {
        "method": "UCCSD(T)",
        "basis": "cc-pV5Z",
        "scf_conv_tol": 1e-09,
        "scf_conv_tol_grad": 1e-06,
        "cc_conv_tol": 1e-05,
        "cc_conv_tol_normt": 1e-07
    },
    "broken_symmetry": false,
    "finite_diff_delta": 0.01,
    "finite_diff_acc": 2,
    "apdft_lambdas": [-1.0, -0.75, -0.5, -0.25, -0.02, -0.01, 0.0, 0.01, 0.02, 0.25, 0.5, 0.75, 1.0],
    "electronic_energies": [-7.473753979011659, -8.92163737037472, -10.517583993812153, -12.261513366196723, -13.996442376027778, -14.074707910534066, -14.153209425128066, -14.231946896723112, -14.310920301821323, -16.192365143597307, -18.378507711601998, -20.710884886987408, -23.18834117872762],
    "apdft_energies": {
        "0": [-14.153209425128098, -14.153209425128098, -14.153209425128098, -14.153209425128098, -14.153209425128098, -14.153209425128098, -14.153209425128098, -14.153209425128098, -14.153209425128098, -14.153209425128098, -14.153209425128098, -14.153209425128098, -14.153209425128098],
        "1": [-6.291260115675778, -8.256747443038858, -10.222234770401938, -12.187722097765018, -13.995970438939052, -14.074589932033575, -14.153209425128098, -14.231828918222622, -14.310448411317145, -16.11869675249118, -18.08418407985426, -20.04967140721734, -22.015158734580417],
        "2": [-7.471045120583563, -8.920376508299487, -10.517181021628884, -12.261458660571755, -13.996442352941015, -14.074707910534066, -14.153209425128098, -14.231946896723112, -14.310920325319108, -16.192433315297915, -18.379130331081207, -20.713300472477968, -23.194943739488203],
        "3": [-7.474927166231466, -8.922014246307196, -10.517666277334872, -12.261519317535003, -13.99644238399738, -14.074707914416111, -14.153209425128098, -14.231946892841068, -14.310920294262743, -16.192372658334666, -18.378645075375218, -20.71166273447026, -23.1910616938403],
        "4": [-7.473214588004088, -8.921472375852439, -10.517559241195661, -12.261512627776302, -13.996442383723368, -14.074707914398985, -14.153209425128098, -14.231946892823942, -14.31092029398873, -16.192365968575967, -18.378538039236005, -20.711120864015502, -23.18934911561292]
    },
    "apdft_poly_coeff": [ -14.153209425128098, -7.861949309452321, -1.1797850049077852, 0.0038820456479034715, 0.0017125782273789507 ],
    "hf_energies": [-7.4235913000052545, -8.872871121619596, -10.470296136748011, -12.215766905034961, -13.952170975947848, -14.0305020541515, -14.109069239733447, -14.187872510854532, -14.266911845269522, -16.149911772299138, -18.33784001474932, -20.672113844749358, -23.15157777049522],
    "triples_corrections": [-0.00018236664598531284, -0.00014873998973292856, -0.00012235310044691385, -0.00010168121701365746, -8.66201865882174e-05, -8.603761473919289e-05, -8.546053800034013e-05, -8.488889676009845e-05, -8.432263193527715e-05, -7.265421216108846e-05, -6.24311893892355e-05, -5.413921167736065e-05, -4.727889679143249e-05],
    "scf_converged": [true, true, true, true, true, true, true, true, true, true, true, true, true],
    "cc_converged": [true, true, true, true, true, true, true, true, true, true, true, true, true],
    "scf_spin_squared": [2.0002070606019897, 2.0001572847864146, 2.0001190597031977, 2.000090820882352, 2.0000717149491907, 2.0000710064450473, 2.000070307070017, 2.0000696167055114, 2.000068935234202, 2.000055464412465, 2.0000446837037584, 2.000036779555086, 2.000030899108857],
    "cc_spin_squared": [2.0000035886601095, 2.000002378730241, 2.000001591100683, 2.0000010823708196, 2.0000007744136923, 2.0000007635860824, 2.000000752940957, 2.000000742474999, 2.0000007321849838, 2.0000005374443672, 2.000000394287696, 2.0000002973101116, 2.0000002300394764]
}