{
    "schema_name": "pyscf_apdft_output",
    "provenance": {
        "creator": "PySCF",
        "version": "1.7.6"
    },
    "molecule": {
        "geometry": [[0.0, 0.0, 0.0], [1.8, 0.0, 0.0]],
        "symbols": [ "B", "H" ]
    },
    "molecular_charge": 2,
    "molecular_multiplicity": 3,
    "name": "b.h.chrg2.mult3.sep1.80-pyscf-uccsdt.ccpv5z",
    "atomic_numbers": [ 5, 1 ],
    "n_electrons": 4,
    "model": {
        "method": "UCCSD(T)",
        "basis": "cc-pV5Z",
        "scf_conv_tol": 1e-09,
        "scf_conv_tol_grad": 1e-06,
        "cc_conv_tol": 1e-05,
        "cc_conv_tol_normt": 1e-07
    },
    "broken_symmetry": false,
    "finite_diff_delta": 0.01,
    "finite_diff_acc": 2,
    "apdft_lambdas": [-2.0, -1.75, -1.5, -1.25, -1.0, -0.75, -0.5, -0.25, -0.02, -0.01, 0.0, 0.01, 0.02],
    "electronic_energies": [-7.946573725449202, -9.448816715633896, -11.09133527184064, -12.876001040846303, -14.804148238581494, -16.877006844724264, -19.096400680316457, -21.465484018539566, -23.78151283006332, -23.885252601908082, -23.98924919942934, -24.09350299896844, -24.19801435151511],
    "apdft_energies": {
        "0": [-23.989249199429395, -23.989249199429395, -23.989249199429395, -23.989249199429395, -23.989249199429395, -23.989249199429395, -23.989249199429395, -23.989249199429395, -23.989249199429395, -23.989249199429395, -23.989249199429395, -23.989249199429395, -23.989249199429395],
        "1": [-3.164209493393642, -5.767339456648109, -8.37046941990258, -10.97359938315705, -13.576729346411518, -16.179859309665986, -18.782989272920457, -21.386119236174927, -23.780998802369037, -23.885124000899218, -23.989249199429395, -24.093374397959572, -24.197499596489752],
        "2": [-8.3082498480302, -9.705745353166726, -11.263992119385644, -12.982990146686955, -14.862739435070658, -16.903239984536754, -19.10449179508524, -21.466494866716122, -23.7815132064045, -23.885252601908082, -23.989249199429395, -24.09350299896844, -24.198014000525216],
        "3": [-7.823362465636112, -9.38090868878944, -11.059430254938139, -12.864609438094648, -14.802128512271397, -16.877669751480816, -19.096915429735333, -21.465547821047384, -23.781512721517117, -23.88525254129716, -23.989249199429395, -24.093503059579362, -24.1980144854126],
        "4": [-6.13327735673607, -8.390211826858527, -10.524676763450234, -12.606722916350869, -14.696498192965144, -16.844247658262823, -19.090313534778694, -21.465135202612593, -23.78151270461627, -23.885252540240856, -23.989249199429395, -24.09350305852306, -24.198014468511747]
    },
    "apdft_poly_coeff": [ -23.989249199429395, -10.412519853017876, -1.2860100886591397, -0.0606109227992609, 0.10563031930625282 ],
    "hf_energies": [-7.9055786110652155, -9.408875625456055, -11.05264880544191, -12.838710576666216, -14.768307611769574, -16.842563831239627, -19.0631949481582, -21.433272292327644, -23.750020923405952, -23.853790051248936, -23.957816012568024, -24.06209919342038, -24.166639972883413],
    "triples_corrections": [-5.172348097020509e-05, -4.800276848916477e-05, -4.559771118618255e-05, -4.3783687112356735e-05, -4.241413621301031e-05, -4.168806274463683e-05, -4.183479762813382e-05, -4.278450133713683e-05, -4.366948981321798e-05, -4.368980024988364e-05, -4.3707741924099014e-05, -4.372323304249808e-05, -4.373618179229547e-05],
    "scf_converged": [true, true, true, true, true, true, true, true, true, true, true, true, true],
    "cc_converged": [true, true, true, true, true, true, true, true, true, true, true, true, true],
    "scf_spin_squared": [2.0000149901006616, 2.0000148648664284, 2.000015567652194, 2.0000161405540102, 2.0000161150931834, 2.000015426439619, 2.0000142076538787, 2.000012707977757, 2.0000115004853725, 2.000011460734823, 2.0000114224375323, 2.0000113856322854, 2.000011350355684],
    "cc_spin_squared": [2.000000190445384, 2.0000001601307447, 2.0000001459411, 2.000000135851104, 2.000000127257116, 2.0000001210531906, 2.000000118309659, 2.0000001191400494, 2.0000001219256127, 2.000000122056429, 2.000000122184674, 2.0000001223131116, 2.000000122439995]
}