{
    "schema_name": "pyscf_apdft_output",
    "provenance": {
        "creator": "PySCF",
        "version": "1.7.6"
    },
    "molecule": {
        "geometry": [[0.0, 0.0, 0.0], [0.9, 0.0, 0.0]],
        "symbols": [ "Li", "H" ]
    },
    "molecular_charge": -1,
    "molecular_multiplicity": 4,
    "name": "li.h.chrg-1.mult4.sep0.90-pyscf-uccsdt.ccpv5z",
    "atomic_numbers": [ 3, 1 ],
    "n_electrons": 5,
    "model": {
        "method": "UCCSD(T)",
        "basis": "cc-pV5Z",
        "scf_conv_tol": 1e-09,
        "scf_conv_tol_grad": 1e-06,
        "cc_conv_tol": 1e-05,
        "cc_conv_tol_normt": 1e-07
    },
    "broken_symmetry": false,
    "finite_diff_delta": 0.01,
    "finite_diff_acc": 2,
    "apdft_lambdas": [-0.02, -0.01, 0.0, 0.01, 0.02, 0.25, 0.5, 0.75, 1.0, 1.25, 1.5, 1.75, 2.0, 2.25, 2.5, 2.75, 3.0],
    "electronic_energies": [-7.667252114461944, -7.7249413089572, -7.782880214437273, -7.841069115391575, -7.899508288056643, -9.313159282756464, -11.001482435410493, -12.846296654554202, -14.844418992004274, -16.991647304165934, -19.282676061330925, -21.711142326121045, -24.26982988686119, -26.95097895668392, -29.74662631546837, -32.64890351751259, -35.65025283917399],
    "apdft_energies": {
        "0": [-7.782880214437248, -7.782880214437248, -7.782880214437248, -7.782880214437248, -7.782880214437248, -7.782880214437248, -7.782880214437248, -7.782880214437248, -7.782880214437248, -7.782880214437248, -7.782880214437248, -7.782880214437248, -7.782880214437248, -7.782880214437248, -7.782880214437248, -7.782880214437248, -7.782880214437248],
        "1": [-7.666752408002873, -7.72481631122006, -7.782880214437248, -7.840944117654436, -7.899008020871623, -9.234477794866935, -10.686075375296621, -12.137672955726309, -13.589270536155993, -15.040868116585681, -16.49246569701537, -17.944063277445053, -19.39566085787474, -20.847258438304426, -22.298856018734114, -23.7504535991638, -25.20205117959349],
        "2": [-7.66725239895143, -7.7249413089572, -7.782880214437248, -7.841069115391575, -7.8995080118201795, -9.312601380578899, -10.998569718144479, -12.840785227133988, -14.839247907547424, -16.99395775938479, -19.304914782646087, -21.77211897733131, -24.395570343440465, -27.175268880973547, -30.111214589930558, -33.2034074703115, -36.45184752211637],
        "3": [-7.66725202513413, -7.724941262230037, -7.782880214437248, -7.841069162118737, -7.899508385637479, -9.313331492491956, -11.004410613448936, -12.860498248786534, -14.885975069983088, -17.085221748516947, -19.46261895586645, -22.022547363509943, -24.76938764292577, -27.70752046559227, -30.841326502987798, -34.17518642659068, -37.71348090787927],
        "4": [-7.667252019632115, -7.724941261886161, -7.782880214437248, -7.841069161774861, -7.8995083801354635, -9.31319716594323, -11.002261388669309, -12.849617798339668, -14.851587473509046, -17.00126765556274, -19.288531748716608, -21.700029320017066, -24.219186099341083, -26.826203979396194, -29.49806101572049, -32.20851142668263, -34.928085593481796]
    },
    "apdft_poly_coeff": [ -7.782880214437248, -5.806390321718746, -1.2499773713914308, -0.04672716243566317, 0.034387596474042915 ],
    "hf_energies": [-7.62230699866546, -7.679992811292999, -7.737929532213399, -7.796117495788721, -7.854557023633781, -9.268616636242955, -10.958177306036443, -12.804847300602013, -14.805269505478105, -16.955065776965565, -19.24875972452083, -21.679843141830016, -24.24099704883808, -26.924408012742383, -29.722102856607094, -32.62623409543099, -35.62928138660199],
    "triples_corrections": [-0.00022912250177073922, -0.00022943153604524814, -0.0002296829533244413, -0.0002298767208583927, -0.00023001307307915435, -0.00022050147713488237, -0.00019906114452663472, -0.0001775463364698245, -0.00015758578955066938, -0.00013932082934991642, -0.0001225720888912241, -0.00010718290299560725, -9.310168566427895e-05, -8.032191660319926e-05, -6.883350948512547e-05, -5.8608242125983216e-05, -4.960275068893053e-05],
    "scf_converged": [true, true, true, true, true, true, true, true, true, true, true, true, true, true, true, true, true],
    "cc_converged": [true, true, true, true, true, true, true, true, true, true, true, true, true, true, true, true, true],
    "scf_spin_squared": [3.7500929950526314, 3.7500907629236746, 3.7500885866079603, 3.7500864649110026, 3.7500843966773463, 3.7500492813957664, 3.750029821440465, 3.750020273062332, 3.750015391391443, 3.7500126647513037, 3.7500108865514887, 3.750009501019853, 3.7500082890790516, 3.7500071996725635, 3.7500062535029524, 3.7500054904827707, 3.7500049439016077],
    "cc_spin_squared": [3.7500025420399004, 3.7500024984117246, 3.7500024556348763, 3.7500024136916044, 3.750002372564905, 3.7500016203035345, 3.750001117052645, 3.750000809416197, 3.7500006111650643, 3.7500004747506352, 3.750000374402943, 3.750000296585574, 3.750000234496807, 3.7500001846494015, 3.750000144949537, 3.7500001137356236, 3.7500000894511683]
}