{
    "schema_name": "pyscf_apdft_output",
    "provenance": {
        "creator": "PySCF",
        "version": "1.7.6"
    },
    "molecule": {
        "geometry": [[0.0, 0.0, 0.0], [1.6, 0.0, 0.0]],
        "symbols": [ "C", "H" ]
    },
    "molecular_charge": -1,
    "molecular_multiplicity": 1,
    "name": "c.h.chrg-1.mult1.sep1.60-pyscf-ccsdt.ccpv5z",
    "atomic_numbers": [ 6, 1 ],
    "n_electrons": 8,
    "model": {
        "method": "CCSD(T)",
        "basis": "cc-pV5Z",
        "scf_conv_tol": 1e-09,
        "scf_conv_tol_grad": 1e-06,
        "cc_conv_tol": 1e-05,
        "cc_conv_tol_normt": 1e-07
    },
    "broken_symmetry": false,
    "finite_diff_delta": 0.01,
    "finite_diff_acc": 2,
    "apdft_lambdas": [-0.02, -0.01, 0.0, 0.01, 0.02, 0.25, 0.5, 0.75, 1.0, 1.25, 1.5, 1.75, 2.0, 2.25, 2.5, 2.75, 3.0],
    "electronic_energies": [-38.10897286031399, -38.258400424959255, -38.4081484204038, -38.558217049891546, -38.708606514158724, -42.25653885363443, -46.307903747847384, -50.56391528654871, -55.02538882799275, -59.692592131524755, -64.56573160175773, -69.64548482418778, -74.93299678812723, -80.42845878173375, -86.12913219879408, -92.02930891745525, -98.12192344676261],
    "apdft_energies": {
        "0": [-38.408148420403734, -38.408148420403734, -38.408148420403734, -38.408148420403734, -38.408148420403734, -38.408148420403734, -38.408148420403734, -38.408148420403734, -38.408148420403734, -38.408148420403734, -38.408148420403734, -38.408148420403734, -38.408148420403734, -38.408148420403734, -38.408148420403734, -38.408148420403734, -38.408148420403734],
        "1": [-38.10833179547144, -38.25824010793759, -38.408148420403734, -38.55805673286988, -38.707965045336024, -42.15585623205737, -45.903564043711, -49.651271855364634, -53.39897966701827, -57.1466874786719, -60.894395290325534, -64.64210310197916, -68.3898109136328, -72.13751872528644, -75.88522653694007, -79.6329343485937, -83.38064216024733],
        "2": [-38.10897306355811, -38.258400424959255, -38.408148420403734, -38.558217049891546, -38.70860631342269, -42.25605437059915, -46.30435659787814, -50.5530551022407, -55.002149883686826, -59.651640942216524, -64.50152827782979, -69.55181189052664, -74.80249178030704, -80.253567947171, -85.90504039111856, -91.75690911214969, -97.80917411026437],
        "3": [-38.10897279423801, -38.258400391294245, -38.408148420403734, -38.558217083556556, -38.708606582742796, -42.25658038642264, -46.30856472446607, -50.567257529474965, -55.03581489639028, -59.717392920152946, -64.61514769570393, -69.73223531798416, -75.07181188193462, -80.63703348249621, -86.43105621460992, -92.45703617321666, -98.71812945325743],
        "4": [-38.10897279256597, -38.25840039118974, -38.408148420403734, -38.55821708345206, -38.708606581070754, -42.256539565141104, -46.30791158396143, -50.563951005670205, -55.02536464831597, -59.6918796191903, -64.5622433148278, -69.63422342100608, -74.90460791274586, -80.36920505431081, -86.02284339920769, -91.85937179018627, -97.87165935923937]
    },
    "apdft_poly_coeff": [ -38.408148420403734, -14.990831246614533, -1.603170216668559, -0.03366501270344694, 0.010450248074297027 ],
    "hf_energies": [-37.882319827273605, -38.031422043588734, -38.180844664489214, -38.33058786007846, -38.48065179849798, -42.02100836772675, -46.063837225197624, -50.3113558893568, -54.765501320419496, -59.42809611135419, -64.30058728435974, -69.38364448587676, -74.67668859467892, -80.17746212531034, -85.88187107252327, -91.7843115456709, -97.87833990854426],
    "triples_corrections": [-0.010748202895315261, -0.010772153413716706, -0.010796056857194468, -0.010819915686476098, -0.010843732223487326, -0.011385129031924738, -0.011972562131907316, -0.012543523049007662, -0.013047736058529803, -0.013419052652245758, -0.013554091593725708, -0.01332356781966144, -0.012738858828521094, -0.012073067803462248, -0.011617126128605923, -0.011438824283578751, -0.011459671161406905],
    "scf_converged": [true, true, true, true, true, true, true, true, true, true, true, true, true, true, true, true, true],
    "cc_converged": [true, true, true, true, true, true, true, true, true, true, true, true, true, true, true, true, true],
    "t1_diagnostic": [0.020803341279449876, 0.020897243931667205, 0.02098915360857062, 0.02107897987495731, 0.021166633463786305, 0.02242431958450765, 0.02175312566095367, 0.018975680678711488, 0.015360522373165318, 0.013948121811971756, 0.015886860045748182, 0.01740768618462414, 0.015785431508394773, 0.011860426453220113, 0.007968945861392891, 0.005346239090472279, 0.003906987994070983]
}