{
    "schema_name": "pyscf_apdft_output",
    "provenance": {
        "creator": "PySCF",
        "version": "1.7.6"
    },
    "molecule": {
        "geometry": [[0.0, 0.0, 0.0], [0.8, 0.0, 0.0]],
        "symbols": [ "C", "H" ]
    },
    "molecular_charge": 2,
    "molecular_multiplicity": 2,
    "name": "c.h.chrg2.mult2.sep0.80-pyscf-uccsdt.ccpv5z",
    "atomic_numbers": [ 6, 1 ],
    "n_electrons": 5,
    "model": {
        "method": "UCCSD(T)",
        "basis": "cc-pV5Z",
        "scf_conv_tol": 1e-09,
        "scf_conv_tol_grad": 1e-06,
        "cc_conv_tol": 1e-05,
        "cc_conv_tol_normt": 1e-07
    },
    "broken_symmetry": false,
    "finite_diff_delta": 0.01,
    "finite_diff_acc": 2,
    "apdft_lambdas": [-3.0, -2.75, -2.5, -2.25, -2.0, -1.75, -1.5, -1.25, -1.0, -0.75, -0.5, -0.25, -0.02, -0.01, 0.0, 0.01, 0.02],
    "electronic_energies": [-7.804232853548285, -9.386406544101485, -11.119754573883743, -13.005709092077971, -15.045774214667546, -17.241155930465307, -19.592699663689473, -22.10109434101388, -24.76707704635855, -27.591523780275825, -30.575449821256452, -33.719963496955195, -36.7557207065057, -36.89082843272646, -37.02619657886763, -37.161825210285976, -37.2977143919438],
    "apdft_energies": {
        "0": [-37.02619657886766, -37.02619657886766, -37.02619657886766, -37.02619657886766, -37.02619657886766, -37.02619657886766, -37.02619657886766, -37.02619657886766, -37.02619657886766, -37.02619657886766, -37.02619657886766, -37.02619657886766, -37.02619657886766, -37.02619657886766, -37.02619657886766, -37.02619657886766, -37.02619657886766],
        "1": [3.6233200550599562, 0.23586033556598807, -3.15159938392798, -6.539059103421948, -9.926518822915916, -13.313978542409885, -16.701438261903853, -20.08889798139782, -23.47635770089179, -26.863817420385757, -30.251277139879726, -33.638736859373694, -36.755199801308144, -36.8906981900879, -37.02619657886766, -37.16169496764742, -37.29719335642718],
        "2": [-8.09851741488908, -9.613739205155078, -11.291764293614811, -13.132592680268282, -15.136224365115488, -17.302659348156432, -19.631897629391112, -22.12393920881953, -24.778784086441682, -27.596432262257572, -30.5768837362672, -33.72013850847056, -36.755720771862364, -36.89082843272646, -37.02619657886766, -37.161825210285976, -37.2977143269814],
        "3": [-7.805299516927086, -9.387886761759582, -11.122078010071995, -13.008891379565565, -15.049344987941563, -17.244456952901245, -19.595245392145863, -22.102728423376675, -24.76792416429494, -27.591850732601916, -30.575526245998855, -33.71996882218702, -36.75572068498299, -36.89082842186654, -37.02619657886766, -37.1618252211459, -37.297714413860774],
        "4": [-7.6722371557975535, -9.293935853710902, -11.057908275730973, -12.966789616864425, -15.023061064755485, -17.229049799685967, -19.586928994575267, -22.09871781498036, -24.76628141909581, -27.591330957753755, -30.575423574423912, -33.719962405213586, -36.755720684720146, -36.89082842185011, -37.02619657886766, -37.16182522112947, -37.29771441359794]
    },
    "apdft_poly_coeff": [ -37.02619657886766, -13.549838877975873, -1.302426385549893, -0.010859922146740546, 0.0016427451991300284 ],
    "hf_energies": [-7.710824250938806, -9.293862705606992, -11.027898333545215, -12.914376130620736, -14.954885897478851, -17.150675154097208, -19.502568572372873, -22.011205961918563, -24.677277815633005, -27.501627486742414, -30.485252804423123, -33.62925849713055, -36.664372487575775, -36.79944862819547, -36.93478489825261, -37.07038136457829, -37.20623809362878],
    "triples_corrections": [-0.0009148478775209115, -0.0008226572498691848, -0.0007681111453619099, -0.0007386291514602739, -0.00072321624239346, -0.0007163211986930957, -0.0007166812942821078, -0.0007244067025987972, -0.000739358083605246, -0.0007608707316677547, -0.0007878922987769782, -0.0008191099674217523, -0.0008502489821834236, -0.0008516353786723028, -0.0008530236089870206, -0.0008544135670824651, -0.0008558051468484304],
    "scf_converged": [true, true, true, true, true, true, true, true, true, true, true, true, true, true, true, true, true],
    "cc_converged": [true, true, true, true, true, true, true, true, true, true, true, true, true, true, true, true, true],
    "scf_spin_squared": [0.7539004910838942, 0.7516399261428823, 0.7509456898300624, 0.750668925886208, 0.7505461044809212, 0.7504977123748544, 0.7504929472943682, 0.7505184793503772, 0.7505687649365436, 0.7506413409591421, 0.7507341099712188, 0.7508438367403771, 0.7509554472293476, 0.7509604496150244, 0.7509654604886185, 0.7509704793445986, 0.7509755056737002],
    "cc_spin_squared": [0.7500308353654639, 0.7500217508961416, 0.7500177743496983, 0.7500158900890445, 0.750014924131577, 0.7500143349059625, 0.7500139015381951, 0.7500135727850424, 0.7500133394403179, 0.7500131838914165, 0.750013073562356, 0.7500129689069993, 0.7500128444367008, 0.7500128379718601, 0.7500128314023318, 0.7500128247262658, 0.7500128179417967]
}