{
    "schema_name": "pyscf_qa_output",
    "provenance": {
        "creator": "PySCF",
        "version": "1.7.6"
    },
    "molecule": {
        "geometry": [[0.0, 0.0, 0.0], [0.7, 0.0, 0.0]],
        "symbols": [ "F", "H" ]
    },
    "molecular_charge": 0,
    "molecular_multiplicity": 3,
    "name": "f.h.chrg0.mult3.sep0.70-pyscf-uccsdt.ccpv5z",
    "atomic_numbers": [ 9, 1 ],
    "n_electrons": 10,
    "model": {
        "method": "UCCSD(T)",
        "basis": "cc-pV5Z",
        "scf_conv_tol": 1e-09,
        "scf_conv_tol_grad": 1e-06,
        "cc_conv_tol": 1e-05,
        "cc_conv_tol_normt": 1e-07
    },
    "broken_symmetry": false,
    "finite_diff_delta": 0.01,
    "finite_diff_acc": 2,
    "qa_lambdas": [-1.0, -0.75, -0.5, -0.25, -0.02, -0.01, 0.0, 0.01, 0.02, 0.25, 0.5, 0.75, 1.0],
    "electronic_energies": [-75.48731031789026, -81.24453210148606, -87.22860374574715, -93.44142181750422, -99.36094904887099, -99.62277479204448, -99.88497291124848, -100.14754354207146, -100.41048682005281, -106.56134171730675, -113.47256753300542, -120.62036310972347, -128.0058061781628],
    "qats_energies": {
        "0": [-99.88497291124847, -99.88497291124847, -99.88497291124847, -99.88497291124847, -99.88497291124847, -99.88497291124847, -99.88497291124847, -99.88497291124847, -99.88497291124847, -99.88497291124847, -99.88497291124847, -99.88497291124847, -99.88497291124847],
        "1": [-73.64653540989951, -80.20614478523675, -86.76575416057399, -93.32536353591124, -99.36020416122149, -99.62258853623499, -99.88497291124847, -100.14735728626195, -100.40974166127545, -106.4445822865857, -113.00419166192295, -119.56380103726019, -126.12341041259742],
        "2": [-75.50909350492662, -81.2538337136895, -87.23139368433077, -93.44177341685042, -99.3609491844595, -99.62277479204448, -99.88497291124847, -100.14754354207146, -100.41048668451346, -106.5609921675249, -113.46983118567972, -120.61148996571293, -127.98596850762453],
        "3": [-75.48649951661672, -81.24430187487125, -87.22856943579202, -93.44142038578308, -99.36094900370759, -99.62277476945049, -99.88497291124847, -100.14754356466545, -100.41048686526537, -106.56134519859225, -113.47265543421847, -120.62102180453118, -128.00856249593446],
        "4": [-75.48629476188502, -81.24423708919443, -87.2285566386213, -93.4414195859599, -99.36094900367483, -99.62277476944844, -99.88497291124847, -100.14754356466341, -100.4104868652326, -106.56134439876908, -113.47264263704773, -120.62095701885436, -128.00835774120276]
    },
    "qats_poly_coeffs": [ -99.88497291124847, -26.238437501348955, -1.8625580950271114, -0.022593988309912064, 0.0002047547316882022 ],
    "hf_energies": [-75.20360307474328, -80.95980771533766, -86.94299598026439, -93.15497792085478, -99.0737665408611, -99.33556133268704, -99.59772863763939, -99.86026859734697, -100.12318135357472, -106.27339246041892, -113.18413551808136, -120.3318320251629, -127.71768644406157],
    "triples_corrections": [-0.0063543859996270866, -0.005963939912878841, -0.005599780814315999, -0.005270485950022219, -0.004996550281425088, -0.004985178405183557, -0.004973846146592375, -0.00496255281528009, -0.004951297713267338, -0.004701293059287969, -0.004441474003079728, -0.004184416821803528, -0.003925746694232756],
    "scf_converged": [true, true, true, true, true, true, true, true, true, true, true, true, true],
    "cc_converged": [true, true, true, true, true, true, true, true, true, true, true, true, true],
    "scf_spin_squared": [2.004638728240418, 2.004323395185116, 2.0040370188398997, 2.0037769170592874, 2.0035574638809637, 2.0035482947950296, 2.0035391540220444, 2.0035300412428763, 2.0035209561382246, 2.003318889691984, 2.0031111607442416, 2.0029121569629327, 2.002720755764878],
    "cc_spin_squared": [2.0001108562348264, 2.000095159371454, 2.0000819818698554, 2.0000712022363905, 2.000063104141122, 2.0000627866124665, 2.0000624717370323, 2.000062159486951, 2.000061849834308, 2.000055379340103, 2.000049479583605, 2.0000443411135254, 2.000039635747585]
}