{
    "schema_name": "pyscf_apdft_output",
    "provenance": {
        "creator": "PySCF",
        "version": "1.7.6"
    },
    "molecule": {
        "geometry": [[0.0, 0.0, 0.0], [1.8, 0.0, 0.0]],
        "symbols": [ "B", "H" ]
    },
    "molecular_charge": 1,
    "molecular_multiplicity": 4,
    "name": "b.h.chrg1.mult4.sep1.80-pyscf-uccsdt.ccpv5z",
    "atomic_numbers": [ 5, 1 ],
    "n_electrons": 5,
    "model": {
        "method": "UCCSD(T)",
        "basis": "cc-pV5Z",
        "scf_conv_tol": 1e-09,
        "scf_conv_tol_grad": 1e-06,
        "cc_conv_tol": 1e-05,
        "cc_conv_tol_normt": 1e-07
    },
    "broken_symmetry": false,
    "finite_diff_delta": 0.01,
    "finite_diff_acc": 2,
    "apdft_lambdas": [-2.0, -1.75, -1.5, -1.25, -1.0, -0.75, -0.5, -0.25, -0.02, -0.01, 0.0, 0.01, 0.02, 0.25, 0.5, 0.75, 1.0],
    "electronic_energies": [-7.909384486640266, -9.468486374530622, -11.174206123478308, -13.031027731153639, -15.04270851048661, -17.21171826401333, -19.539456901907315, -22.026967229432568, -24.457758209302085, -24.566562596592977, -24.67562818694132, -24.78495517267698, -24.894543750619444, -27.487805913586477, -30.46751146061024, -33.61995847637268, -36.948215579808746],
    "apdft_energies": {
        "0": [-24.67562818694132, -24.67562818694132, -24.67562818694132, -24.67562818694132, -24.67562818694132, -24.67562818694132, -24.67562818694132, -24.67562818694132, -24.67562818694132, -24.67562818694132, -24.67562818694132, -24.67562818694132, -24.67562818694132, -24.67562818694132, -24.67562818694132, -24.67562818694132, -24.67562818694132],
        "1": [-2.83637057854099, -5.566277779591029, -8.296184980641073, -11.026092181691114, -13.755999382741155, -16.4859065837912, -19.215813784841238, -21.945720985891278, -24.457235610857317, -24.566431898899317, -24.67562818694132, -24.784824474983324, -24.894020763025324, -27.405535387991364, -30.135442589041403, -32.86534979009144, -35.59525699114148],
        "2": [-8.064278324857863, -9.568894647864887, -11.236883087944314, -13.068243645096143, -15.062976319320374, -17.221081110617007, -19.542558018986043, -22.02740704442748, -24.45775840163195, -24.566562596592977, -24.67562818694132, -24.78495517267698, -24.894543553799956, -27.487221446527563, -30.462186823186208, -33.60052431691726, -36.9022339277207],
        "3": [-7.804845423029914, -9.395094871835617, -11.127434832485648, -13.004905534298302, -15.03054720659188, -17.207400078684675, -19.53850437989498, -22.026900339541097, -24.457758142199047, -24.566562564163863, -24.67562818694132, -24.784955205106094, -24.894543813232858, -27.487728151413947, -30.46624046227727, -33.61420534884959, -36.934663040449195],
        "4": [-8.104153023956027, -9.570543492398018, -11.222137628091176, -13.050576249771648, -15.049253931649762, -17.21331900341002, -19.5396735502111, -22.026973412685855, -24.457758145192123, -24.56656256435093, -24.67562818694132, -24.78495520529316, -24.894543816225934, -27.4878012245587, -30.467409632593387, -33.62012427357493, -36.95336976550708]
    },
    "apdft_poly_coeff": [ -24.67562818694132, -10.919628804200165, -1.3069769365792183, -0.032429112728493685, -0.018706725057882068 ],
    "hf_energies": [-7.862728338898921, -9.42194641014139, -11.12792918940678, -12.985300686623825, -14.997862479888848, -17.167962257368814, -19.49680678705073, -21.98525516190183, -24.416608413927683, -24.52542847135684, -24.634508914334983, -24.743849926674542, -24.85345169713883, -27.44677977524496, -30.426186926861053, -33.57871085426426, -36.908106341550045],
    "triples_corrections": [-0.00012159689248525502, -0.00013362105988885494, -0.00014773780106056838, -0.00015834983459802183, -0.00016225767127853925, -0.00016080526495114146, -0.00015769665649374376, -0.00015611314914442377, -0.000157501040765143, -0.0001576280534229349, -0.00015776013193121973, -0.00015789715790281395, -0.00015803900206826695, -0.00016214596543905082, -0.0001647080928914411, -0.00015772672181084491, -0.00013942861250535252],
    "scf_converged": [true, true, true, true, true, true, true, true, true, true, true, true, true, true, true, true, true],
    "cc_converged": [true, true, true, true, true, true, true, true, true, true, true, true, true, true, true, true, true],
    "scf_spin_squared": [3.750006557983263, 3.7500064116819414, 3.750007019919423, 3.75000801555342, 3.7500090929549996, 3.7500099741273436, 3.7500105031872666, 3.750010642938043, 3.7500104212271186, 3.7500104037500273, 3.7500103856110805, 3.750010366810161, 3.750010347347411, 3.7500097245389665, 3.750008820642432, 3.7500082802008747, 3.750008470727508],
    "cc_spin_squared": [3.7500003286584507, 3.750000320836019, 3.750000339874148, 3.7500003570071634, 3.7500003570002223, 3.7500003406369347, 3.75000031646411, 3.750000292021454, 3.750000272959932, 3.750000272233596, 3.750000271516381, 3.7500002708083158, 3.7500002701094566, 3.7500002565355017, 3.7500002457417185, 3.7500002320804073, 3.750000207877675]
}