{
    "schema_name": "pyscf_apdft_output",
    "provenance": {
        "creator": "PySCF",
        "version": "1.7.6"
    },
    "molecule": {
        "geometry": [[0.0, 0.0, 0.0], [0.6, 0.0, 0.0]],
        "symbols": [ "N", "H" ]
    },
    "molecular_charge": 1,
    "molecular_multiplicity": 4,
    "name": "n.h.chrg1.mult4.sep0.60-pyscf-uccsdt.ccpv5z",
    "atomic_numbers": [ 7, 1 ],
    "n_electrons": 7,
    "model": {
        "method": "UCCSD(T)",
        "basis": "cc-pV5Z",
        "scf_conv_tol": 1e-09,
        "scf_conv_tol_grad": 1e-06,
        "cc_conv_tol": 1e-05,
        "cc_conv_tol_normt": 1e-07
    },
    "broken_symmetry": false,
    "finite_diff_delta": 0.01,
    "finite_diff_acc": 2,
    "apdft_lambdas": [-2.0, -1.75, -1.5, -1.25, -1.0, -0.75, -0.5, -0.25, -0.02, -0.01, 0.0, 0.01, 0.02, 0.25, 0.5, 0.75, 1.0],
    "electronic_energies": [-24.699652864479507, -27.73911518640266, -30.963120066184054, -34.373848582155745, -37.97278598129304, -41.76083541487939, -45.73856845372746, -49.90645049215399, -53.909243797934735, -54.086943925384865, -54.26494977866481, -54.443261388148855, -54.62187878412185, -58.8145437644229, -63.55567322077974, -68.48868152388486, -73.61375569170896],
    "apdft_energies": {
        "0": [-54.264949778664786, -54.264949778664786, -54.264949778664786, -54.264949778664786, -54.264949778664786, -54.264949778664786, -54.264949778664786, -54.264949778664786, -54.264949778664786, -54.264949778664786, -54.264949778664786, -54.264949778664786, -54.264949778664786, -54.264949778664786, -54.264949778664786, -54.264949778664786, -54.264949778664786],
        "1": [-18.63320350226583, -23.0871717868157, -27.541140071365568, -31.995108355915438, -36.44907664046531, -40.90304492501518, -45.35701320956505, -49.81098149411491, -53.908632315900796, -54.08679104728279, -54.264949778664786, -54.443108510046784, -54.621267241428775, -58.71891806321466, -63.172886347764525, -67.62685463231439, -72.08082291686426],
        "2": [-24.748327585247367, -27.76906366284844, -30.980897368042683, -34.3838287008301, -37.97785766121069, -41.762984249184456, -45.73920846475139, -49.9065303079115, -53.909243828309094, -54.086943925384865, -54.264949778664786, -54.443261388148855, -54.62187875383707, -58.81446687701124, -63.55508160295087, -68.48679395648367, -73.60960393760965],
        "3": [-24.707888163362153, -27.741972409515178, -30.963836986934858, -34.37395579509641, -37.972802733475035, -41.760851701545974, -45.738576598784434, -49.90645132466563, -53.90924378786967, -54.08694392032994, -54.264949778664786, -54.443261393203784, -54.6218787942765, -58.81454586025711, -63.55571346891783, -68.48892650412215, -73.6146588653453],
        "4": [-24.701916288515665, -27.73847180612006, -30.961947448409212, -34.3730445593105, -37.972429491297135, -41.760733605388126, -45.73855327114832, -49.90644986668838, -53.909243787809956, -54.086943920326206, -54.264949778664786, -54.44326139320005, -54.62187879421678, -58.81454440227985, -63.55569014128171, -68.4888084079643, -73.61428562316739]
    },
    "apdft_poly_coeff": [ -54.264949778664786, -17.81587313819948, -1.5287810207453845, -0.005054927735651896, 0.00037324217790531594 ],
    "hf_energies": [-24.564745692667433, -27.602107613143698, -30.824658056578368, -34.23449661023386, -37.832918963611704, -41.620650429279664, -45.598151489758415, -49.76583705380603, -53.7684682313189, -53.946161715774295, -54.124160963138415, -54.30246600431365, -54.48107687013112, -58.673603674653116, -63.4146168773343, -68.34755886566357, -73.47263393282903],
    "triples_corrections": [-0.0023660926326807973, -0.0023534566071073413, -0.0022984818606552374, -0.002207159860317343, -0.0020976028147130427, -0.001987065616399352, -0.0018848893364978728, -0.0017936047421003706, -0.0017185612458350825, -0.001715470645755799, -0.001712393344673751, -0.0017093292161521122, -0.0017062781339283108, -0.00163941915986887, -0.0015728112443081413, -0.0015109378822133874, -0.0014524303616442972],
    "scf_converged": [true, true, true, true, true, true, true, true, true, true, true, true, true, true, true, true, true],
    "cc_converged": [true, true, true, true, true, true, true, true, true, true, true, true, true, true, true, true, true],
    "scf_spin_squared": [3.752984702182092, 3.75286646538495, 3.752862778685237, 3.7529116020130573, 3.752965591987639, 3.7529989959902075, 3.7530048746962748, 3.7529865048905084, 3.7529533675470432, 3.7529516437422514, 3.7529498990427697, 3.752948133736592, 3.752946348107569, 3.752900264058858, 3.7528413987894096, 3.7527760294650405, 3.7527063167837764],
    "cc_spin_squared": [3.7501464420896515, 3.7501307670504573, 3.7501179889925598, 3.75010625756651, 3.7500951593187866, 3.7500848618648766, 3.7500756085865468, 3.7500674922606474, 3.750060990020061, 3.75006072685923, 3.7500604652527363, 3.750060205191123, 3.7500599466649716, 3.7500544021019264, 3.7500491536328897, 3.7500445773193087, 3.7500405498574088]
}