{
    "schema_name": "pyscf_qa_output",
    "provenance": {
        "creator": "PySCF",
        "version": "1.7.6"
    },
    "molecule": {
        "geometry": [[0.0, 0.0, 0.0], [1.9, 0.0, 0.0]],
        "symbols": [ "C", "H" ]
    },
    "molecular_charge": 2,
    "molecular_multiplicity": 4,
    "name": "c.h.chrg2.mult4.sep1.90-pyscf-uccsdt.ccpv5z",
    "atomic_numbers": [ 6, 1 ],
    "n_electrons": 5,
    "model": {
        "method": "UCCSD(T)",
        "basis": "cc-pV5Z",
        "scf_conv_tol": 1e-09,
        "scf_conv_tol_grad": 1e-06,
        "cc_conv_tol": 1e-05,
        "cc_conv_tol_normt": 1e-07
    },
    "broken_symmetry": false,
    "finite_diff_delta": 0.01,
    "finite_diff_acc": 2,
    "qa_lambdas": [-3.0, -2.75, -2.5, -2.25, -2.0, -1.75, -1.5, -1.25, -1.0, -0.75, -0.5, -0.25, -0.02, -0.01, 0.0, 0.01, 0.02],
    "electronic_energies": [-7.8670760979478755, -9.443472495511669, -11.163209305331781, -13.029762455065383, -15.046947303299062, -17.218238400604662, -19.54632156094169, -22.03320453507843, -24.680926749906224, -27.49273609938544, -30.47449275350897, -33.63425252806187, -36.70271873638783, -36.83963508059674, -36.97684161611713, -37.114338066536796, -37.2521241515261],
    "qats_energies": {
        "0": [-36.97684161611715, -36.97684161611715, -36.97684161611715, -36.97684161611715, -36.97684161611715, -36.97684161611715, -36.97684161611715, -36.97684161611715, -36.97684161611715, -36.97684161611715, -36.97684161611715, -36.97684161611715, -36.97684161611715, -36.97684161611715, -36.97684161611715, -36.97684161611715, -36.97684161611715],
        "1": [4.228606274890758, 0.7948189506400993, -2.6389683736105596, -6.0727556978612185, -9.506543022111877, -12.940330346362536, -16.374117670613195, -19.807904994863854, -23.241692319114513, -26.675479643365172, -30.10926696761583, -33.54305429186649, -36.702138630177096, -36.83949012314712, -36.97684161611715, -37.114193109087175, -37.2515446020572],
        "2": [-8.817564190965008, -10.16758817691926, -11.698808974899286, -13.411226584905087, -15.304841006936662, -17.379652240994012, -19.635660287077137, -22.072865145186036, -24.69126681532071, -27.490865297481157, -30.47166059166738, -33.63365269787938, -36.70271845997558, -36.83963508059674, -36.97684161611715, -37.114338066536796, -37.252124431855684],
        "3": [-10.07023332738509, -11.132462378640977, -12.423733243660912, -13.939696376832309, -15.676002232542611, -17.62830126517925, -19.792243929129647, -22.163480678781237, -24.73766196852145, -27.51043825273772, -30.47745998581747, -33.634377622148136, -36.702718831136806, -36.839635126991894, -36.97684161611715, -37.114338020141645, -37.252124060694456],
        "4": [-8.748132498569525, -10.198970951427981, -11.786146038406493, -13.521375411464884, -15.414846513270401, -17.475216577197664, -19.709612627328674, -22.123631478452836, -24.721339736066938, -27.50527379637516, -30.476439846289065, -33.634313863427614, -36.70271882852525, -36.839635126828675, -36.97684161611715, -37.11433801997842, -37.2521240580829]
    },
    "qats_poly_coeffs": [ -36.97684161611715, -13.735149297002636, -1.4495744962061963, 0.04639515320074375, 0.01632223245451314 ],
    "hf_energies": [-7.817966839262914, -9.394182544192605, -11.113763794970822, -12.980315108049851, -14.997750324452817, -17.16955773694494, -19.498305343119263, -21.985777633756143, -24.633720605781637, -27.445056300844243, -30.425659924062284, -33.58476017006798, -36.653858364617555, -36.790821072877776, -36.92807496480607, -37.065619704578, -37.20345495494147],
    "triples_corrections": [-0.0001221295420443557, -0.00012377532856014072, -0.00013093728686422795, -0.0001395663157313562, -0.0001465311186646716, -0.0001503366385592864, -0.00015204890464067103, -0.00015460093883003928, -0.00016112991811962168, -0.00017271335341077464, -0.0001836810661527261, -0.00018067630118448217, -0.0001626360694808875, -0.0001616985559776797, -0.0001607581616112498, -0.0001598158577838117, -0.00015887256693448352],
    "scf_converged": [true, true, true, true, true, true, true, true, true, true, true, true, true, true, true, true, true],
    "cc_converged": [true, true, true, true, true, true, true, true, true, true, true, true, true, true, true, true, true],
    "scf_spin_squared": [3.750010315485108, 3.750009489927798, 3.7500093583950327, 3.7500096502354707, 3.750010213497303, 3.750010855049492, 3.7500113463132085, 3.7500114981042745, 3.750011183661395, 3.7500103113194325, 3.7500090222275473, 3.750008271109174, 3.750008553099395, 3.750008576192003, 3.7500085996128596, 3.7500086233077283, 3.7500086472252265],
    "cc_spin_squared": [3.750000415928327, 3.7500003478941726, 3.7500003310221186, 3.7500003319570436, 3.750000333618663, 3.7500003266219553, 3.7500003102349675, 3.7500002896549005, 3.750000271002679, 3.750000258561007, 3.750000253097616, 3.750000245470523, 3.7500002254885922, 3.7500002244183985, 3.7500002233405154, 3.7500002222558986, 3.75000022116554]
}