{
    "schema_name": "pyscf_apdft_output",
    "provenance": {
        "creator": "PySCF",
        "version": "1.7.6"
    },
    "molecule": {
        "geometry": [[0.0, 0.0, 0.0], [1.5, 0.0, 0.0]],
        "symbols": [ "Li", "H" ]
    },
    "molecular_charge": -1,
    "molecular_multiplicity": 2,
    "name": "li.h.chrg-1.mult2.sep1.50-pyscf-uccsdt.ccpv5z",
    "atomic_numbers": [ 3, 1 ],
    "n_electrons": 5,
    "model": {
        "method": "UCCSD(T)",
        "basis": "cc-pV5Z",
        "scf_conv_tol": 1e-09,
        "scf_conv_tol_grad": 1e-06,
        "cc_conv_tol": 1e-05,
        "cc_conv_tol_normt": 1e-07
    },
    "broken_symmetry": false,
    "finite_diff_delta": 0.01,
    "finite_diff_acc": 2,
    "apdft_lambdas": [-0.02, -0.01, 0.0, 0.01, 0.02, 0.25, 0.5, 0.75, 1.0, 1.25, 1.5, 1.75, 2.0, 2.25, 2.5, 2.75, 3.0],
    "electronic_energies": [-7.9413427297566175, -8.000317416802591, -8.059529607750148, -8.118979693856549, -8.17866805561135, -9.617911684918885, -11.327459358357991, -13.18671424490766, -15.192933067982807, -17.342719715857843, -19.631820681244875, -22.05501973115062, -24.606173449023316, -27.278486321185603, -30.06506896600336, -32.95951160291785, -35.95596775784313],
    "apdft_energies": {
        "0": [-8.05952960775013, -8.05952960775013, -8.05952960775013, -8.05952960775013, -8.05952960775013, -8.05952960775013, -8.05952960775013, -8.05952960775013, -8.05952960775013, -8.05952960775013, -8.05952960775013, -8.05952960775013, -8.05952960775013, -8.05952960775013, -8.05952960775013, -8.05952960775013, -8.05952960775013],
        "1": [-7.9408673306961735, -8.000198469223152, -8.05952960775013, -8.11886074627711, -8.178191884804088, -9.542808070924595, -11.02608653409906, -12.509364997273524, -13.992643460447988, -15.475921923622453, -16.959200386796915, -18.44247884997138, -19.925757313145844, -21.40903577632031, -22.892314239494773, -24.375592702669238, -25.858871165843702],
        "2": [-7.941343121013931, -8.000317416802591, -8.05952960775013, -8.118979693856549, -8.178667675121845, -9.617150308074233, -11.323455482697613, -13.178445131620268, -15.1821192548422, -17.33447785236341, -19.635520924183893, -22.085248470303657, -24.683660490722694, -27.430756985441008, -30.3265379544586, -33.37100339777547, -36.564153315391614],
        "3": [-7.941342606516051, -8.000317352490356, -8.05952960775013, -8.118979758168784, -8.178668189619724, -9.618155186745248, -11.331494512065728, -13.20557685573766, -15.246431489787128, -17.46008768624022, -19.85257471712302, -22.429921854461618, -25.19815837028211, -28.16331353661056, -31.331416625473068, -34.70849690889573, -38.30058365890462],
        "4": [-7.941342599337508, -8.000317352041698, -8.05952960775013, -8.118979757720124, -8.178668182441182, -9.617979929338281, -11.328690393554265, -13.191381005773371, -15.201565593603698, -17.350551806886145, -19.625441117694415, -22.009128820335008, -24.480304031347245, -27.013449689503226, -29.57884255580789, -32.142553213498935, -34.66644606804689]
    },
    "apdft_poly_coeff": [ -8.05952960775013, -5.933113852697858, -1.1894757943942125, -0.06431223494492617, 0.04486589618342881 ],
    "hf_energies": [-7.871838181104785, -7.9308808708710155, -7.9901597638121205, -8.049675309433528, -8.10942794803944, -9.549956577192146, -11.260764751155458, -13.121072001561249, -15.12790050027154, -17.277659782295576, -19.566042673623077, -21.987991874809467, -24.537640654908596, -27.208415336210525, -29.993588474224598, -32.886908215078954, -35.88259687934951],
    "triples_corrections": [-0.0004457855586927424, -0.00044896932801999286, -0.0004521984655992365, -0.0004554677351034138, -0.0004587718835105891, -0.0005346330856742278, -0.0006065690793942842, -0.0006838611699790619, -0.0007769734840549309, -0.0008822624953868354, -0.0009822025618952414, -0.0010541886421448414, -0.0010905746170799084, -0.001101213266371573, -0.0010937837444134964, -0.0010622969335894483, -0.0009951993286697047],
    "scf_converged": [true, true, true, true, true, true, true, true, true, true, true, true, true, true, true, true, true],
    "cc_converged": [true, true, true, true, true, true, true, true, true, true, true, true, true, true, true, true, true],
    "scf_spin_squared": [0.7503754127249471, 0.7503860654482466, 0.7503969752071116, 0.7504081434527663, 0.7504195711027528, 0.7507520700636645, 0.7513114865124781, 0.752378983063738, 0.7545748607749734, 0.7589497580717541, 0.7666601315704393, 0.777118932738758, 0.7860538758620277, 0.788400861387083, 0.7831543113070607, 0.7736444713506854, 0.7645589612419568],
    "cc_spin_squared": [0.7500127715437472, 0.7500131276892781, 0.7500134913796352, 0.7500138623413665, 0.7500142402640064, 0.7500238244273101, 0.7500335512205311, 0.7500440772909841, 0.7500578158914174, 0.7500756737344503, 0.7500961707358249, 0.7501141951334497, 0.7501230601504205, 0.7501195152742008, 0.7501051210068626, 0.7500838390399046, 0.7500606883343128]
}