{
    "schema_name": "pyscf_apdft_output",
    "provenance": {
        "creator": "PySCF",
        "version": "1.7.6"
    },
    "molecule": {
        "geometry": [[0.0, 0.0, 0.0], [1.6, 0.0, 0.0]],
        "symbols": [ "N", "H" ]
    },
    "molecular_charge": 2,
    "molecular_multiplicity": 3,
    "name": "n.h.chrg2.mult3.sep1.60-pyscf-uccsdt.ccpv5z",
    "atomic_numbers": [ 7, 1 ],
    "n_electrons": 6,
    "model": {
        "method": "UCCSD(T)",
        "basis": "cc-pV5Z",
        "scf_conv_tol": 1e-09,
        "scf_conv_tol_grad": 1e-06,
        "cc_conv_tol": 1e-05,
        "cc_conv_tol_normt": 1e-07
    },
    "broken_symmetry": false,
    "finite_diff_delta": 0.01,
    "finite_diff_acc": 2,
    "apdft_lambdas": [-3.0, -2.75, -2.5, -2.25, -2.0, -1.75, -1.5, -1.25, -1.0, -0.75, -0.5, -0.25, -0.02, -0.01, 0.0, 0.01, 0.02],
    "electronic_energies": [-15.171910343789204, -17.429436216778896, -19.84852430759556, -22.433941862249, -25.190038774322918, -28.120427373291697, -31.227944788946637, -34.51502471348871, -37.98435932192314, -41.63945437102091, -45.48436822758994, -49.52228034138449, -53.40848512245275, -53.58116711937952, -53.75415807871467, -53.92745789365155, -54.10106645552748],
    "apdft_energies": {
        "0": [-53.75415807871465, -53.75415807871465, -53.75415807871465, -53.75415807871465, -53.75415807871465, -53.75415807871465, -53.75415807871465, -53.75415807871465, -53.75415807871465, -53.75415807871465, -53.75415807871465, -53.75415807871465, -53.75415807871465, -53.75415807871465, -53.75415807871465, -53.75415807871465, -53.75415807871465],
        "1": [-1.8105419379105143, -6.139176616310863, -10.467811294711204, -14.796445973111545, -19.125080651511894, -23.45371532991224, -27.782350008312584, -32.110984686712925, -36.43961936511327, -40.76825404351362, -45.09688872191396, -49.425523400314304, -53.407867304442625, -53.581012691578636, -53.75415807871465, -53.92730346585067, -54.10044885298668],
        "2": [-15.70904401737404, -17.817779058082294, -20.11954884989421, -22.614353392809782, -25.302192686829017, -28.18306673195191, -31.256975528178465, -34.52391907550868, -37.983897373942554, -41.63691042348009, -45.48295822412128, -49.52204077586614, -53.40848501564616, -53.58116711937952, -53.75415807871465, -53.92745789365155, -54.10106656419021],
        "3": [-16.19385000472927, -18.191203114314824, -20.40010787035441, -22.81888091872527, -25.44583890530464, -28.27929847596976, -31.31757627659787, -34.558988953066205, -38.00185315125201, -41.644485517032514, -45.485202696284965, -49.5223213348866, -53.408485159292375, -53.5811671373353, -53.75415807871465, -53.92745787569577, -54.101066420543994],
        "4": [-15.567403909731425, -17.74889035983645, -20.098002307566098, -22.620669458979858, -25.322096466786547, -28.206762930344286, -31.278423395660504, -34.54010735539194, -37.994119248844626, -41.642038461973925, -45.484719327384504, -49.52229112433032, -53.40848515805495, -53.581167137257964, -53.75415807871465, -53.92745787561843, -54.10106641930657]
    },
    "apdft_poly_coeff": [ -53.75415807871465, -17.31453871360138, -1.5442780088292807, 0.017955777309452966, 0.0077339024073808105 ],
    "hf_energies": [-15.07407566621837, -17.327798253701616, -19.742129324691046, -22.322132742770716, -25.072908128632896, -27.99888157224039, -31.102980943347138, -34.38725971387912, -37.85420947049045, -41.50756984298866, -45.35170895835001, -49.389500505762626, -53.275684992226886, -53.44836451290828, -53.6213528378917, -53.794649862808775, -53.96825548202971],
    "triples_corrections": [-0.001267471528590304, -0.0015618169665630255, -0.0019131843379948446, -0.0022686681470339065, -0.002548703646512924, -0.0027207796822602587, -0.002804100892802906, -0.0028262209417931807, -0.0028095475949881593, -0.002750924715764791, -0.0026230712571365137, -0.0024373947509522733, -0.002265959236538662, -0.0022590598927008615, -0.0022522175687504768, -0.0022454328100228165, -0.0022387060668163294],
    "scf_converged": [true, true, true, true, true, true, true, true, true, true, true, true, true, true, true, true, true],
    "cc_converged": [true, true, true, true, true, true, true, true, true, true, true, true, true, true, true, true, true],
    "scf_spin_squared": [2.002487879822935, 2.0020547685609666, 2.0029768006269952, 2.0090787295964985, 2.024797528553129, 2.0423923098239642, 2.049137616449017, 2.044275864726383, 2.032474665897031, 2.018930797853083, 2.009467331488336, 2.00586107277651, 2.005167096699137, 2.0051579881148296, 2.0051497071783553, 2.0051421773719094, 2.0051353266449308],
    "cc_spin_squared": [2.0001382792637536, 2.000173965441788, 2.00024409106954, 2.0003453219498235, 2.000440391213926, 2.0004863217835016, 2.000478922448661, 2.000437921752016, 2.0003803412941386, 2.0003064107149533, 2.0002175055655735, 2.0001407802783033, 2.0000968136039634, 2.0000954204820323, 2.000094063222463, 2.0000927408892073, 2.0000914525518305]
}