{
    "schema_name": "pyscf_qa_output",
    "provenance": {
        "creator": "PySCF",
        "version": "1.7.6"
    },
    "molecule": {
        "geometry": [[0.0, 0.0, 0.0], [1.3, 0.0, 0.0]],
        "symbols": [ "O", "H" ]
    },
    "molecular_charge": 0,
    "molecular_multiplicity": 2,
    "name": "o.h.chrg0.mult2.sep1.30-pyscf-uccsdt.ccpv5z",
    "atomic_numbers": [ 8, 1 ],
    "n_electrons": 9,
    "model": {
        "method": "UCCSD(T)",
        "basis": "cc-pV5Z",
        "scf_conv_tol": 1e-09,
        "scf_conv_tol_grad": 1e-06,
        "cc_conv_tol": 1e-05,
        "cc_conv_tol_normt": 1e-07
    },
    "broken_symmetry": false,
    "finite_diff_delta": 0.01,
    "finite_diff_acc": 2,
    "qa_lambdas": [-1.0, -0.75, -0.5, -0.25, -0.02, -0.01, 0.0, 0.01, 0.02, 0.25, 0.5, 0.75, 1.0, 1.25, 1.5, 1.75, 2.0],
    "electronic_energies": [-55.16578833354504, -59.95604726894419, -64.96598914987689, -70.1986917869141, -75.21183476451424, -75.43415571513736, -75.65684110517653, -75.87989108256077, -76.10330579489141, -81.34284523666834, -87.25894418693284, -93.4072132838479, -99.7893446173508, -106.40615549835614, -113.25723625637966, -120.34099252809358, -127.65495149338604],
    "qats_energies": {
        "0": [-75.65684110517651, -75.65684110517651, -75.65684110517651, -75.65684110517651, -75.65684110517651, -75.65684110517651, -75.65684110517651, -75.65684110517651, -75.65684110517651, -75.65684110517651, -75.65684110517651, -75.65684110517651, -75.65684110517651, -75.65684110517651, -75.65684110517651, -75.65684110517651, -75.65684110517651],
        "1": [-53.370072734006015, -58.94176482679864, -64.51345691959126, -70.08514901238388, -75.2111057377531, -75.4339734214648, -75.65684110517651, -75.87970878888822, -76.10257647259992, -81.22853319796914, -86.80022529076176, -92.37191738355438, -97.943609476347, -103.51530156913964, -109.08699366193225, -114.65868575472487, -120.2303778475175],
        "2": [-55.193009459594435, -59.967166734942126, -64.96919110098837, -70.19908255773316, -75.21183491244334, -75.43415571513736, -75.65684110517651, -75.87989108256077, -76.10330564729016, -81.34246674331841, -87.25595947215886, -93.39731929169787, -99.76654620193543, -106.36364020287154, -113.1886012945062, -120.24142947683941, -127.52212474987118],
        "3": [-55.168381929949206, -59.95677699587304, -64.96611265978271, -70.19869775258246, -75.2118347154231, -75.43415569050984, -75.65684110517651, -75.8798911071883, -76.1033058443104, -81.34285154846911, -87.25903791336452, -93.40770903076695, -99.79117373158066, -106.41174084670988, -113.27171920705887, -120.37341764353184, -127.71914498703305],
        "4": [-55.16701608917539, -59.956344835315704, -64.96602729473435, -70.19869241726694, -75.21183471520456, -75.43415569049618, -75.65684110517651, -75.87989110717464, -76.10330584409186, -81.34284621315359, -87.25895254831616, -93.40727687020961, -99.78980789080684, -106.4084062745082, -113.26480463814143, -120.3606075509618, -127.69729153465201]
    },
    "qats_poly_coeffs": [ -75.65684110517651, -22.286768371170496, -1.82293672558842, -0.02462752964523436, 0.0013658407738148526 ],
    "hf_energies": [-54.88978220954183, -59.67450843038985, -64.6801912746743, -69.90978710818203, -74.92094694320244, -75.14320098710984, -75.36582122944857, -75.58880784655938, -75.81216101606718, -81.05087671697804, -86.96778374396462, -93.118805166874, -99.50498233660102, -106.12629233268801, -112.98176977912894, -120.06961708367709, -127.38738533601602],
    "triples_corrections": [-0.009940392575236089, -0.009818342289484612, -0.009551256869728573, -0.009178183747957216, -0.008767926040857996, -0.008748978770699665, -0.00872995369463345, -0.008710852443497253, -0.008691676614309696, -0.008232047170981065, -0.0076749587511269965, -0.007003774505129747, -0.006234877111977512, -0.005456616073795651, -0.004751924166946811, -0.0041583021599830615, -0.00367317262230043],
    "scf_converged": [true, true, true, true, true, true, true, true, true, true, true, true, true, true, true, true, true],
    "cc_converged": [true, true, true, true, true, true, true, true, true, true, true, true, true, true, true, true, true],
    "scf_spin_squared": [0.7832388001488599, 0.8085520976357197, 0.8418485087314762, 0.8651954968040769, 0.86319789709676, 0.8624921477343745, 0.8617351808578433, 0.8609274710770025, 0.860069551496708, 0.829037096518412, 0.7903417469622633, 0.7688225511181694, 0.7600288879229975, 0.7563470176223994, 0.7546059444100854, 0.753665979977169, 0.7530931068081097],
    "cc_spin_squared": [0.7508729700992771, 0.7511104456733475, 0.7513551496406943, 0.7514927211507316, 0.7514314649477996, 0.7514241231857675, 0.7514164036205253, 0.7514083105543707, 0.7513998486701299, 0.7511217814117708, 0.7507519058965619, 0.7504631084913196, 0.7502766979926832, 0.7501654672878835, 0.7501027476415656, 0.7500679905302583, 0.7500483053904188]
}