{
    "schema_name": "pyscf_qa_output",
    "provenance": {
        "creator": "PySCF",
        "version": "1.7.6"
    },
    "molecule": {
        "geometry": [[0.0, 0.0, 0.0], [0.7, 0.0, 0.0]],
        "symbols": [ "F", "H" ]
    },
    "molecular_charge": 0,
    "molecular_multiplicity": 1,
    "name": "f.h.chrg0.mult1.sep0.70-pyscf-ccsdt.ccpv5z",
    "atomic_numbers": [ 9, 1 ],
    "n_electrons": 10,
    "model": {
        "method": "CCSD(T)",
        "basis": "cc-pV5Z",
        "scf_conv_tol": 1e-09,
        "scf_conv_tol_grad": 1e-06,
        "cc_conv_tol": 1e-05,
        "cc_conv_tol_normt": 1e-07
    },
    "broken_symmetry": false,
    "finite_diff_delta": 0.01,
    "finite_diff_acc": 2,
    "qa_lambdas": [-1.0, -0.75, -0.5, -0.25, -0.02, -0.01, 0.0, 0.01, 0.02, 0.25, 0.5, 0.75, 1.0],
    "electronic_energies": [-75.63354444202811, -81.45308243130486, -87.50791801859638, -93.8000661807841, -99.79971482898043, -100.0651676169244, -100.33100411778074, -100.59722438650765, -100.86382847718967, -107.10177122614598, -114.11309263981369, -121.36547258734208, -128.85923452727064],
    "qats_energies": {
        "0": [-100.33100411767201, -100.33100411767201, -100.33100411767201, -100.33100411767201, -100.33100411767201, -100.33100411767201, -100.33100411767201, -100.33100411767201, -100.33100411767201, -100.33100411767201, -100.33100411767201, -100.33100411767201, -100.33100411767201],
        "1": [-73.72816563850954, -80.37887525830016, -87.02958487809077, -93.68029449788139, -99.79894734808876, -100.06497573288038, -100.33100411767201, -100.59703250246363, -100.86306088725526, -106.98171373746263, -113.63242335725324, -120.28313297704386, -126.93384259683448],
        "2": [-75.64700607865, -81.45822300587916, -87.50929498812589, -93.80022202539017, -99.79971488426482, -100.0651676169244, -100.33100411767201, -100.59722438650765, -100.86382842343131, -107.1016412649714, -114.11213346728836, -121.36248072462287, -128.85268303697495],
        "3": [-75.6379191832657, -81.45438947188892, -87.50815912620286, -93.8000800426498, -99.79971481156966, -100.06516760783751, -100.33100411767201, -100.59722439559454, -100.86382849612647, -107.10178324771178, -114.11326932921139, -121.36631425861312, -128.86176993235924],
        "4": [-75.63156053632338, -81.45237755625482, -87.50776171076896, -93.80005520418517, -99.79971481055227, -100.06516760777392, -100.33100411767201, -100.59722439553096, -100.86382849510909, -107.10175840924717, -114.1128719137775, -121.36430234297903, -128.85541128541692]
    },
    "qats_poly_coeffs": [ -100.33100411767201, -26.60283847916247, -1.9188404401404568, -0.009086895384295227, 0.0063586469423171366 ],
    "hf_energies": [-75.29013533388768, -81.10822501634826, -87.1624914183095, -93.4546422087069, -99.454609920755, -99.72008171660202, -99.98593760615292, -100.25217764022416, -100.51880186905446, -106.75730443120146, -113.7694361483846, -121.02285060573331, -128.51790090919997],
    "triples_corrections": [-0.010117090133579644, -0.009508749242658258, -0.008823539659437399, -0.00812913528795422, -0.007523449683157635, -0.007498188639416039, -0.007473025203781111, -0.00744795999881474, -0.007422993574615548, -0.006876681004662922, -0.006342317307006509, -0.005862720176847919, -0.005428271119508796],
    "scf_converged": [true, true, true, true, true, true, true, true, true, true, true, true, true],
    "cc_converged": [true, true, true, true, true, true, true, true, true, true, true, true, true],
    "t1_diagnostic": [0.007000362288511487, 0.006888919242071215, 0.006624990746676735, 0.006192283311174497, 0.005700609769279346, 0.005678239902617787, 0.005655829631376076, 0.0056333835083389235, 0.005610906648485138, 0.005094936585872899, 0.00456746630292271, 0.004102461272528379, 0.0037067508452303115]
}