{
    "schema_name": "pyscf_apdft_output",
    "provenance": {
        "creator": "PySCF",
        "version": "1.7.6"
    },
    "molecule": {
        "geometry": [[0.0, 0.0, 0.0], [0.6, 0.0, 0.0]],
        "symbols": [ "C", "H" ]
    },
    "molecular_charge": 1,
    "molecular_multiplicity": 1,
    "name": "c.h.chrg1.mult1.sep0.60-pyscf-ccsdt.ccpv5z",
    "atomic_numbers": [ 6, 1 ],
    "n_electrons": 6,
    "model": {
        "method": "CCSD(T)",
        "basis": "cc-pV5Z",
        "scf_conv_tol": 1e-09,
        "scf_conv_tol_grad": 1e-06,
        "cc_conv_tol": 1e-05,
        "cc_conv_tol_normt": 1e-07
    },
    "broken_symmetry": false,
    "finite_diff_delta": 0.01,
    "finite_diff_acc": 2,
    "apdft_lambdas": [-2.0, -1.75, -1.5, -1.25, -1.0, -0.75, -0.5, -0.25, -0.02, -0.01, 0.0, 0.01, 0.02, 0.25, 0.5, 0.75, 1.0],
    "electronic_energies": [-14.66674489573863, -16.927919498241987, -19.35884834579064, -21.961329623889327, -24.736552692716035, -27.685149696714312, -30.80742820197008, -34.103586353933856, -37.28978795994667, -37.43166305102598, -37.573816961404404, -37.716249703034066, -37.858961287757836, -41.218313489892836, -45.03722421970651, -49.03058753693222, -53.19826907640398],
    "apdft_energies": {
        "0": [-37.57381696140435, -37.57381696140435, -37.57381696140435, -37.57381696140435, -37.57381696140435, -37.57381696140435, -37.57381696140435, -37.57381696140435, -37.57381696140435, -37.57381696140435, -37.57381696140435, -37.57381696140435, -37.57381696140435, -37.57381696140435, -37.57381696140435, -37.57381696140435, -37.57381696140435],
        "1": [-9.115151760595595, -12.672484910696689, -16.229818060797783, -19.787151210898877, -23.34448436099997, -26.901817511101065, -30.45915066120216, -34.01648381130325, -37.28923030939626, -37.4315236354003, -37.57381696140435, -37.71611028740839, -37.858403613412435, -41.13115011150544, -44.688483261606535, -48.24581641170763, -51.80314956180872],
        "2": [-14.69177678759955, -16.942088446996593, -19.366669638487508, -21.965520362072297, -24.73864061775096, -27.686030405523496, -30.807689725389906, -34.10361857735019, -37.28978797189896, -37.43166305102598, -37.57381696140435, -37.716249703034066, -37.858961275915135, -41.21828487755238, -45.03702232579428, -49.03002930613006, -53.19730581855971],
        "3": [-14.675913461539405, -16.93146125785864, -19.359977297805884, -21.961647479733394, -24.736657701993444, -27.68519386293829, -30.807441860920218, -34.103587594291476, -37.28978795603563, -37.43166304904306, -37.57381696140435, -37.716249705016985, -37.85896129177846, -41.21831586061109, -45.037270190263975, -49.030865848715266, -53.19928873431723],
        "4": [-14.668606713740004, -16.92717817644596, -19.35766539713498, -21.960532558499356, -24.736201030255977, -27.685049369146363, -30.807413318936625, -34.103585810417506, -37.28978795596257, -37.4316630490385, -37.57381696140435, -37.716249705012416, -37.85896129170539, -41.218314076737116, -45.03724164828038, -49.03072135492333, -53.19883206257977]
    },
    "apdft_poly_coeff": [ -37.57381696140435, -14.229332600404376, -1.394156256750989, -0.0019829157575183367, 0.0004566717374624811 ],
    "hf_energies": [-14.528986789770826, -16.787407848212997, -19.2155855044093, -21.815443025952337, -24.588224231215232, -27.534582162869004, -30.65481971733774, -33.94911568855757, -37.133743979348694, -37.275553492265914, -37.417642052856735, -37.56000967232993, -37.70265636180197, -41.060577176185795, -44.878060564607566, -48.870127033099074, -53.036639611749024],
    "triples_corrections": [-0.0027426556800281693, -0.0027457476668721363, -0.002765163858259769, -0.002790484189800352, -0.002813414051962623, -0.0028297283022581656, -0.0028387169952085772, -0.002841066590360592, -0.0028380165027339275, -0.002837777312351999, -0.0028375294459355325, -0.0028372729243196972, -0.0028370077679588717, -0.0028285678954370072, -0.002814487151540004, -0.0027954907234114886, -0.002771961658346118],
    "scf_converged": [true, true, true, true, true, true, true, true, true, true, true, true, true, true, true, true, true],
    "cc_converged": [true, true, true, true, true, true, true, true, true, true, true, true, true, true, true, true, true],
    "t1_diagnostic": [0.01928937466382903, 0.016836190177993277, 0.014647482704058622, 0.012835220929163477, 0.011329447990785994, 0.010067547346554923, 0.00902323568347342, 0.00816787358437337, 0.007516170073385439, 0.007490311224286707, 0.0074646404510815305, 0.0074391556861210986, 0.007413854882196695, 0.006878308364898564, 0.0063807540247206255, 0.005950710929694657, 0.005572961172997741]
}