{
    "schema_name": "pyscf_qa_output",
    "provenance": {
        "creator": "PySCF",
        "version": "1.7.6"
    },
    "molecule": {
        "geometry": [[0.0, 0.0, 0.0], [1.1, 0.0, 0.0]],
        "symbols": [ "C", "H" ]
    },
    "molecular_charge": -1,
    "molecular_multiplicity": 1,
    "name": "c.h.chrg-1.mult1.sep1.10-pyscf-ccsdt.ccpv5z",
    "atomic_numbers": [ 6, 1 ],
    "n_electrons": 8,
    "model": {
        "method": "CCSD(T)",
        "basis": "cc-pV5Z",
        "scf_conv_tol": 1e-09,
        "scf_conv_tol_grad": 1e-06,
        "cc_conv_tol": 1e-05,
        "cc_conv_tol_normt": 1e-07
    },
    "broken_symmetry": false,
    "finite_diff_delta": 0.01,
    "finite_diff_acc": 2,
    "qa_lambdas": [-0.02, -0.01, 0.0, 0.01, 0.02, 0.25, 0.5, 0.75, 1.0, 1.25, 1.5, 1.75, 2.0, 2.25, 2.5, 2.75, 3.0],
    "electronic_energies": [-38.148935962516305, -38.29879725860348, -38.44897879496717, -38.599480761817176, -38.75030334666726, -42.308101489397984, -46.369766212443416, -50.63519315022111, -55.10472212256807, -59.77816980968718, -64.65501598169924, -69.73441466028531, -75.01513140807383, -80.49545278551558, -86.17308724130399, -92.04506643349217, -98.10768635737864],
    "qats_energies": {
        "0": [-38.44897879496709, -38.44897879496709, -38.44897879496709, -38.44897879496709, -38.44897879496709, -38.44897879496709, -38.44897879496709, -38.44897879496709, -38.44897879496709, -38.44897879496709, -38.44897879496709, -38.44897879496709, -38.44897879496709, -38.44897879496709, -38.44897879496709, -38.44897879496709, -38.44897879496709],
        "1": [-38.14829529175339, -38.298637043360245, -38.44897879496709, -38.599320546573935, -38.74966229818079, -42.20752258513831, -45.96606637530953, -49.724610165480755, -53.48315395565197, -57.24169774582319, -61.00024153599441, -64.75878532616564, -68.51732911633685, -72.27587290650807, -76.0344166966793, -79.79296048685052, -83.55150427702173],
        "2": [-38.14893615272634, -38.29879725860348, -38.44897879496709, -38.599480761817176, -38.75030315915374, -42.30765711216182, -46.36660448340357, -50.62582090869234, -55.08530638802813, -59.74506092141094, -64.60508450884078, -69.66537715031762, -74.92593884584149, -80.38676959541237, -86.04786939903028, -91.9092382566952, -97.97087616840716],
        "3": [-38.14893590091064, -38.298797227126514, -38.44897879496709, -38.59948079329414, -38.750303410969444, -42.30814893971273, -46.370539103810835, -50.639100252566855, -55.116783351286244, -59.806539365274446, -64.7113192598369, -69.83407400027907, -75.1777545519064, -80.74531188002433, -86.53969694993833, -92.5638607269538, -98.82075417637625],
        "4": [-38.148935899112956, -38.29879722701416, -38.44897879496709, -38.59948079318178, -38.750303409171764, -42.30810505097749, -46.36983688404702, -50.635545265012524, -55.10554783506514, -59.77910890575028, -64.65443945896757, -69.72869714697102, -74.99798629236878, -80.45735788812338, -86.10080959755155, -91.92128575432434, -97.91067736246706]
    },
    "qats_poly_coeffs": [ -38.44897879496709, -15.034175160684882, -1.6021524323761582, -0.03147696325811466, 0.01123551622110123 ],
    "hf_energies": [-37.92797505770427, -38.077612552041735, -38.22757190757119, -38.377853292447604, -38.52845687164432, -42.08159684228752, -46.138791490693535, -50.400123947923746, -54.86589033480113, -59.53601379209457, -64.4101383080123, -69.48756744689896, -74.76714279072465, -80.24712162335089, -85.92508168599905, -91.79786837688854, -97.86159467232397],
    "triples_corrections": [-0.009113120725548826, -0.00912331895573979, -0.009133398151098374, -0.009143361461351654, -0.00915321215631232, -0.009357577504329754, -0.009571819851323868, -0.009823055468135198, -0.010120269697717767, -0.01044844136816664, -0.010786991642097914, -0.011115867441024442, -0.011419353802069494, -0.011688157068835844, -0.011922278617808332, -0.012129206217938795, -0.012320542238830607],
    "scf_converged": [true, true, true, true, true, true, true, true, true, true, true, true, true, true, true, true, true],
    "cc_converged": [true, true, true, true, true, true, true, true, true, true, true, true, true, true, true, true, true],
    "t1_diagnostic": [0.00904304181926308, 0.00897622396055569, 0.008912089499060076, 0.008850601520266663, 0.008791718335980527, 0.008012295973651006, 0.0077485779839623495, 0.007478816153425855, 0.007098316140128679, 0.00668262229113175, 0.006320270486034491, 0.006048957149008545, 0.0058290552798306, 0.005574242468417319, 0.005218758099450342, 0.004759486729608832, 0.004247142626656714]
}