{
    "schema_name": "pyscf_apdft_output",
    "provenance": {
        "creator": "PySCF",
        "version": "1.7.6"
    },
    "molecule": {
        "geometry": [[0.0, 0.0, 0.0], [0.6, 0.0, 0.0]],
        "symbols": [ "Li", "H" ]
    },
    "molecular_charge": -1,
    "molecular_multiplicity": 4,
    "name": "li.h.chrg-1.mult4.sep0.60-pyscf-uccsdt.ccpv5z",
    "atomic_numbers": [ 3, 1 ],
    "n_electrons": 5,
    "model": {
        "method": "UCCSD(T)",
        "basis": "cc-pV5Z",
        "scf_conv_tol": 1e-09,
        "scf_conv_tol_grad": 1e-06,
        "cc_conv_tol": 1e-05,
        "cc_conv_tol_normt": 1e-07
    },
    "broken_symmetry": false,
    "finite_diff_delta": 0.01,
    "finite_diff_acc": 2,
    "apdft_lambdas": [-0.02, -0.01, 0.0, 0.01, 0.02, 0.25, 0.5, 0.75, 1.0, 1.25, 1.5, 1.75, 2.0, 2.25, 2.5, 2.75, 3.0],
    "electronic_energies": [-7.357408962953356, -7.413576691244861, -7.4700024714680495, -7.526686604198657, -7.58362937839804, -8.965146938575726, -10.623217586131513, -12.44262225163427, -14.420895996093693, -16.55507775530897, -18.84152032145006, -21.27579303032605, -23.852688373821522, -26.566324285527433, -29.410309979832597, -32.377934577198836, -35.462346809763],
    "apdft_energies": {
        "0": [-7.470002471468336, -7.470002471468336, -7.470002471468336, -7.470002471468336, -7.470002471468336, -7.470002471468336, -7.470002471468336, -7.470002471468336, -7.470002471468336, -7.470002471468336, -7.470002471468336, -7.470002471468336, -7.470002471468336, -7.470002471468336, -7.470002471468336, -7.470002471468336, -7.470002471468336],
        "1": [-7.356892558514541, -7.4134475149914385, -7.470002471468336, -7.526557427945234, -7.583112384422132, -8.883876383390785, -10.297750295313232, -11.71162420723568, -13.125498119158127, -14.539372031080575, -15.953245943003022, -17.36711985492547, -18.780993766847917, -20.194867678770365, -21.608741590692812, -23.02261550261526, -24.436489414537707],
        "2": [-7.357409263528232, -7.413576691244861, -7.470002471468336, -7.526686604198657, -7.583629089435823, -8.964611541780029, -10.62069092887021, -12.43824063273888, -14.417260653386041, -16.55775099081169, -18.859711645015828, -21.323142615998457, -23.948043903759572, -26.73441550829918, -29.682257429617273, -32.79156966771386, -36.06235222258893],
        "3": [-7.3574088705035035, -7.41357664211677, -7.470002471468336, -7.526686653326748, -7.583629482460552, -8.965379168203103, -10.626831940254803, -12.458966546161882, -14.466388744462789, -16.653704293695963, -19.025518952399853, -21.5864384791129, -24.341068632373556, -27.29401517072026, -30.449883852691467, -33.8132804368256, -37.38881068166113],
        "4": [-7.35740886276173, -7.413576641632909, -7.470002471468336, -7.526686652842887, -7.583629474718778, -8.965190160062367, -10.623807810003031, -12.443656886762287, -14.418002660434437, -16.535574205736122, -18.780564402006323, -21.132629933206374, -23.566891287919937, -26.053932759353025, -28.559802445333993, -31.046012248313534, -33.46953787536468]
    },
    "apdft_poly_coeff": [ -7.470002471468336, -5.65549564768979, -1.2917625342279138, -0.04912809107674812, 0.048386084028351206 ],
    "hf_energies": [-7.3026740449941165, -7.358833737601129, -7.4152531947653575, -7.471932744186195, -7.528872697676359, -8.910806144525882, -10.57015313081633, -12.391409461611065, -14.371947340139666, -16.50867722201588, -18.797836436488996, -21.23488896021658, -23.814536034359545, -26.530824018197826, -29.37731332385425, -32.347266718947964, -35.433825818023564],
    "triples_corrections": [-0.00037839167714702005, -0.0003774829278977068, -0.00037650300000294956, -0.00037545333594198396, -0.00037433563718350876, -0.000335856037730951, -0.00028820270672548525, -0.0002467034448902222, -0.00021180636904068027, -0.00018248833534962594, -0.00015760792840789837, -0.00013625988938663507, -0.00011779847365886423, -0.00010175550602034942, -8.777691248042861e-05, -7.55855121815958e-05, -6.495866699786293e-05],
    "scf_converged": [true, true, true, true, true, true, true, true, true, true, true, true, true, true, true, true, true],
    "cc_converged": [true, true, true, true, true, true, true, true, true, true, true, true, true, true, true, true, true],
    "scf_spin_squared": [3.7501815892330264, 3.750179003963894, 3.7501764402826083, 3.7501738991471445, 3.750171381494997, 3.7501214092160655, 3.750084493337952, 3.750060524345553, 3.7500447571156377, 3.750034165289048, 3.7500268472059197, 3.75002162216058, 3.7500177696406616, 3.750014856204572, 3.750012620885276, 3.7500109023513515, 3.750009595094252],
    "cc_spin_squared": [3.7500049865316827, 3.750004923959965, 3.750004861861918, 3.7500048002342683, 3.7500047390749858, 3.750003471689641, 3.7500024429167067, 3.7500017364187075, 3.7500012556626645, 3.7500009248800925, 3.750000692771828, 3.7500005262048623, 3.7500004041216535, 3.750000313124277, 3.7500002444599847, 3.7500001922105732, 3.7500001522059696]
}