{
    "schema_name": "pyscf_apdft_output",
    "provenance": {
        "creator": "PySCF",
        "version": "1.7.6"
    },
    "molecule": {
        "geometry": [[0.0, 0.0, 0.0], [1.2, 0.0, 0.0]],
        "symbols": [ "N", "H" ]
    },
    "molecular_charge": 0,
    "molecular_multiplicity": 1,
    "name": "n.h.chrg0.mult1.sep1.20-pyscf-ccsdt.ccpv5z",
    "atomic_numbers": [ 7, 1 ],
    "n_electrons": 8,
    "model": {
        "method": "CCSD(T)",
        "basis": "cc-pV5Z",
        "scf_conv_tol": 1e-09,
        "scf_conv_tol_grad": 1e-06,
        "cc_conv_tol": 1e-05,
        "cc_conv_tol_normt": 1e-07
    },
    "broken_symmetry": false,
    "finite_diff_delta": 0.01,
    "finite_diff_acc": 2,
    "apdft_lambdas": [-1.0, -0.75, -0.5, -0.25, -0.02, -0.01, 0.0, 0.01, 0.02, 0.25, 0.5, 0.75, 1.0, 1.25, 1.5, 1.75, 2.0],
    "electronic_energies": [-38.44051145776632, -42.30397403582222, -46.36825928246493, -50.636418184201666, -54.7453132112806, -54.92794771976855, -55.11091547555376, -55.29421673605317, -55.47785133437639, -59.79373849049395, -64.6865552749083, -69.79082266641429, -75.10778328446877, -80.63833235905973, -86.3827827409187, -92.34061053410773, -98.51030789115885],
    "apdft_energies": {
        "0": [-55.11091547555363, -55.11091547555363, -55.11091547555363, -55.11091547555363, -55.11091547555363, -55.11091547555363, -55.11091547555363, -55.11091547555363, -55.11091547555363, -55.11091547555363, -55.11091547555363, -55.11091547555363, -55.11091547555363, -55.11091547555363, -55.11091547555363, -55.11091547555363, -55.11091547555363],
        "1": [-36.79746466132233, -41.37582736488015, -45.95419006843798, -50.53255277199581, -54.744646459269006, -54.92778096741132, -55.11091547555363, -55.29404998369594, -55.47718449183826, -59.689278179111454, -64.26764088266928, -68.84600358622711, -73.42436628978493, -78.00272899334276, -82.58109169690059, -87.1594544004584, -91.73781710401624],
        "2": [-38.464988233595285, -42.31380937428369, -46.37107096150622, -50.63677299526287, -54.745313468697915, -54.92794771976855, -55.11091547555363, -55.29421673605317, -55.47785150126717, -59.79349840237852, -64.68452177573752, -69.78398559563064, -75.09188986205788, -80.60823457501925, -86.33301973451474, -92.26624534054434, -98.40791139310807],
        "3": [-38.45744435577656, -42.31062680082892, -46.37012797677888, -50.63665512217195, -54.745313408346895, -54.92794771222467, -55.11091547555363, -55.29421674359705, -55.47785156161819, -59.79361627546943, -64.68546476046487, -69.78716816908542, -75.09943373987662, -80.62296871138395, -86.35848032215293, -92.30667581072906, -98.46826241565785],
        "4": [-36.68949412511877, -41.75123629815985, -46.25963108736277, -50.62974906658344, -54.74531312547486, -54.92794769454517, -55.11091547555363, -55.29421672591755, -55.47785127874615, -59.78671021988093, -64.57496787104876, -69.22777766641636, -73.33148350921883, -76.30668396856709, -77.40823227944787, -75.72523634272379, -70.18105872513323]
    },
    "apdft_poly_coeff": [ -55.11091547555363, -18.313450814231302, -1.6675235722729553, -0.0075438778187238605, 1.7679502306577888 ],
    "hf_energies": [-38.21419432483826, -42.07085599407602, -46.128978711363516, -50.391516638274986, -54.495716267648156, -54.67815829294172, -54.8609346303407, -55.04404540775766, -55.22749075254357, -59.539359004304266, -64.42867566343422, -69.53051662056197, -74.84614220681212, -80.37626541703222, -86.12087510866253, -92.07911020709876, -98.24922129733258],
    "triples_corrections": [-0.008999194425351662, -0.009425739636237572, -0.009822625235274034, -0.010204579157497524, -0.010551915411197616, -0.010566928627177242, -0.010581930188094325, -0.01059699808096879, -0.01061197641960306, -0.010950496977102459, -0.011293103020466275, -0.011588112249238312, -0.011819180901286381, -0.011983993095214937, -0.012098974735073847, -0.012192839022078152, -0.01229497970851228],
    "scf_converged": [true, true, true, true, true, true, true, true, true, true, true, true, true, true, true, true, true],
    "cc_converged": [true, true, true, true, true, true, true, true, true, true, true, true, true, true, true, true, true],
    "t1_diagnostic": [0.0094408122817535, 0.008877367770563898, 0.00870235826240882, 0.008491533621995397, 0.00814108340399342, 0.008123356331535778, 0.008105512895199169, 0.008087579925075543, 0.008069542012483805, 0.007659764238137409, 0.007327179183700596, 0.00713632370528254, 0.006926086693140788, 0.006509841257650336, 0.0058426589301799675, 0.005032674606076416, 0.004240872828004026]
}