{
    "schema_name": "pyscf_qa_output",
    "provenance": {
        "creator": "PySCF",
        "version": "1.7.6"
    },
    "molecule": {
        "geometry": [[0.0, 0.0, 0.0], [1.4, 0.0, 0.0]],
        "symbols": [ "Be", "H" ]
    },
    "molecular_charge": 0,
    "molecular_multiplicity": 2,
    "name": "be.h.chrg0.mult2.sep1.40-pyscf-uccsdt.ccpv5z",
    "atomic_numbers": [ 4, 1 ],
    "n_electrons": 5,
    "model": {
        "method": "UCCSD(T)",
        "basis": "cc-pV5Z",
        "scf_conv_tol": 1e-09,
        "scf_conv_tol_grad": 1e-06,
        "cc_conv_tol": 1e-05,
        "cc_conv_tol_normt": 1e-07
    },
    "broken_symmetry": false,
    "finite_diff_delta": 0.01,
    "finite_diff_acc": 2,
    "qa_lambdas": [-1.0, -0.75, -0.5, -0.25, -0.02, -0.01, 0.0, 0.01, 0.02, 0.25, 0.5, 0.75, 1.0, 1.25, 1.5, 1.75, 2.0],
    "electronic_energies": [-8.05030478818935, -9.619024203283457, -11.336263350005584, -13.205251069617082, -15.06030701714242, -15.143924254312768, -15.227788953839603, -15.311901184883984, -15.396261016739338, -17.405036305417987, -19.738081581753537, -22.227876428300775, -24.874916250001743, -27.678961216107183, -30.638935083832845, -33.752983341684704, -37.018481232135535],
    "qats_energies": {
        "0": [-15.227788953839594, -15.227788953839594, -15.227788953839594, -15.227788953839594, -15.227788953839594, -15.227788953839594, -15.227788953839594, -15.227788953839594, -15.227788953839594, -15.227788953839594, -15.227788953839594, -15.227788953839594, -15.227788953839594, -15.227788953839594, -15.227788953839594, -15.227788953839594, -15.227788953839594],
        "1": [-6.828942425278795, -8.928654057418996, -11.028365689559195, -13.128077321699394, -15.059812023268378, -15.143800488553985, -15.227788953839594, -15.311777419125203, -15.39576588441081, -17.327500585979795, -19.427212218119994, -21.526923850260193, -23.626635482400395, -25.726347114540594, -27.826058746680793, -29.925770378820992, -32.02548201096119],
        "2": [-8.066600013099146, -9.624836450567942, -11.337780086514282, -13.205430920938166, -15.060307086303506, -15.143924254312768, -15.227788953839594, -15.311901184883984, -15.396260947445938, -17.404854185218568, -19.73662661507508, -22.22310624340914, -24.864293070220747, -27.66018709550989, -30.610788319276583, -33.716096741520815, -36.976112362242596],
        "3": [-8.055062139331637, -9.619968910072274, -11.336337852293344, -13.205250641660548, -15.060306994000516, -15.143924242774894, -15.227788953839594, -15.311901196421857, -15.396261039748929, -17.405034464496183, -19.73806884929602, -22.227973783904808, -24.875830943988255, -27.682722005212057, -30.649728643241925, -33.77793253374356, -37.068415352382665],
        "4": [-8.055613453881206, -9.620143349441474, -11.336372309452692, -13.205252795233008, -15.060306994088727, -15.143924242780407, -15.227788953839594, -15.311901196427371, -15.396261039837139, -17.405036618068642, -19.73810330645537, -22.228148223274008, -24.876382258537824, -27.684067987999086, -30.652519673149115, -33.78310326121822, -37.07723638517576]
    },
    "qats_poly_coeffs": [ -15.227788953839594, -8.3988465285608, -1.237657587820351, -0.011537873767508698, -0.0005513145495683602 ],
    "hf_energies": [-7.97260025782097, -9.542642394860083, -11.26073112056169, -13.13015454291502, -14.985200645470117, -15.068807385038369, -15.152660709441836, -15.236760684559549, -15.321107376648067, -17.329333638686126, -19.66127263591864, -22.149571068880903, -24.794976034344998, -27.59750076856092, -30.556213819207304, -33.669269558340204, -36.933941538181664],
    "triples_corrections": [-0.0004883385949740116, -0.0005385445284326835, -0.0006053303353477242, -0.0006815791759445559, -0.0007628890218863203, -0.000766717425337266, -0.0007705707531455505, -0.0007744489207943542, -0.000778351820001656, -0.0008743283788965408, -0.0009865048495805303, -0.0010926924915509017, -0.0011776305574149378, -0.0012350482933221737, -0.0012679676926708784, -0.0012808794964258637, -0.0012751547854438384],
    "scf_converged": [true, true, true, true, true, true, true, true, true, true, true, true, true, true, true, true, true],
    "cc_converged": [true, true, true, true, true, true, true, true, true, true, true, true, true, true, true, true, true],
    "scf_spin_squared": [0.7502858451185923, 0.7505703440003821, 0.750949629099753, 0.7515677816291122, 0.7525703448213046, 0.7526280855561991, 0.7526872500943873, 0.7527478702740642, 0.7528099782571689, 0.7547259227349072, 0.7581684900609789, 0.763106696190694, 0.7684151977833409, 0.771753433982338, 0.7713661219398471, 0.7676921681102322, 0.7628141264809916],
    "cc_spin_squared": [0.7500109310319591, 0.7500166580141501, 0.7500238311042619, 0.7500319453643265, 0.7500403167174853, 0.7500407108548335, 0.750041107898086, 0.750041507885169, 0.7500419108514818, 0.7500520392742782, 0.7500646475660899, 0.7500772665325902, 0.7500864759270846, 0.7500887342767585, 0.750082759321851, 0.7500704253484324, 0.7500554091896067]
}