{
    "schema_name": "pyscf_apdft_output",
    "provenance": {
        "creator": "PySCF",
        "version": "1.7.6"
    },
    "molecule": {
        "geometry": [[0.0, 0.0, 0.0], [1.6, 0.0, 0.0]],
        "symbols": [ "O", "H" ]
    },
    "molecular_charge": 2,
    "molecular_multiplicity": 2,
    "name": "o.h.chrg2.mult2.sep1.60-pyscf-uccsdt.ccpv5z",
    "atomic_numbers": [ 8, 1 ],
    "n_electrons": 7,
    "model": {
        "method": "UCCSD(T)",
        "basis": "cc-pV5Z",
        "scf_conv_tol": 1e-09,
        "scf_conv_tol_grad": 1e-06,
        "cc_conv_tol": 1e-05,
        "cc_conv_tol_normt": 1e-07
    },
    "broken_symmetry": false,
    "finite_diff_delta": 0.01,
    "finite_diff_acc": 2,
    "apdft_lambdas": [-3.0, -2.75, -2.5, -2.25, -2.0, -1.75, -1.5, -1.25, -1.0, -0.75, -0.5, -0.25, -0.02, -0.01, 0.0, 0.01, 0.02],
    "electronic_energies": [-25.2138543842978, -28.240521905493214, -31.445816086338738, -34.833893224015, -38.40852674121978, -42.173275659568084, -46.131055810901145, -50.285056588975884, -54.6387361549109, -59.196432577029164, -63.96248540629062, -68.93968590513182, -73.70527531678337, -73.91651158608752, -74.1280831350125, -74.33998982129206, -74.55223150202394],
    "apdft_energies": {
        "0": [-74.12808313501247, -74.12808313501247, -74.12808313501247, -74.12808313501247, -74.12808313501247, -74.12808313501247, -74.12808313501247, -74.12808313501247, -74.12808313501247, -74.12808313501247, -74.12808313501247, -74.12808313501247, -74.12808313501247, -74.12808313501247, -74.12808313501247, -74.12808313501247, -74.12808313501247],
        "1": [-10.606347854331261, -15.899825794388029, -21.193303734444797, -26.486781674501565, -31.780259614558332, -37.0737375546151, -42.36721549467187, -47.660693434728636, -52.9541713747854, -58.24764931484217, -63.54112725489894, -68.83460519495571, -73.70460489980793, -73.91634401741021, -74.12808313501247, -74.33982225261474, -74.55156137021702],
        "2": [-25.687528813104905, -28.572207016690882, -31.666346066926494, -34.96994596381174, -38.48300670734662, -42.20552829753113, -46.13751073436528, -50.27895401784906, -54.629858147982475, -59.190223124765524, -63.96004894819821, -68.93933561828052, -73.70527517451721, -73.91651158608752, -74.12808313501247, -74.33998982129206, -74.5522316449263],
        "3": [-26.329157962916156, -29.066424839838326, -32.03765923232652, -35.24063326138836, -38.67311904803143, -42.332888713263344, -46.217714378091685, -50.32536816352406, -54.65362219056807, -59.200248580231325, -63.963019453521405, -68.93970693144593, -73.70527536462956, -73.91651160985157, -74.12808313501247, -74.33998979752802, -74.55223145481395],
        "4": [-26.11443852068976, -28.91481858242915, -31.93411011859851, -35.17269468787141, -38.63070533104844, -42.30802657105724, -46.204294412952535, -50.318896343916066, -54.650971333256635, -59.199409832410126, -63.96285377493944, -68.93969657653454, -73.70527536420542, -73.91651160982505, -74.12808313501247, -74.33998979750152, -74.55223145438981]
    },
    "apdft_poly_coeff": [ -74.12808313501247, -21.17391176022707, -1.6756867731970715, 0.0237640425856019, 0.0026508573114369938 ],
    "hf_energies": [-25.053094936270593, -28.073180564008656, -31.271359184793685, -34.65232653941557, -38.22157551805222, -41.97317833835188, -45.937927042632985, -50.08870765746697, -54.438801271712094, -58.99501624417586, -63.762546985086814, -68.74080151350508, -73.50606989017616, -73.7172676160178, -73.92879888861233, -74.14066360598365, -74.35286166545306],
    "triples_corrections": [-0.004125491445413058, -0.004506991319803947, -0.004904372130559458, -0.005290002633719575, -0.005681610663073862, -0.006321333983272293, -0.006070163742980342, -0.0058942694293394465, -0.005504590696474595, -0.005156726362472653, -0.004955070377388251, -0.004972297694441559, -0.005259682281158768, -0.0052775906466303495, -0.005295902697520598, -0.0053146120658024605, -0.005333712346179078],
    "scf_converged": [true, true, true, true, true, false, true, true, true, true, true, true, true, true, true, true, true],
    "cc_converged": [true, true, true, true, true, true, true, true, true, true, true, true, true, true, true, true, true],
    "scf_spin_squared": [0.7663408703899455, 0.7638671919110958, 0.7666278378409044, 0.8137832457622762, 0.9525984491448454, 0.9306577336548627, 1.117416250163445, 1.1007821048601292, 0.9962864745016882, 0.8289714344006667, 0.7685240163124787, 0.7582503971365919, 0.7555441879967004, 0.7554731807554544, 0.7554045704245382, 0.7553382428884574, 0.7552740905305351],
    "cc_spin_squared": [0.7502485705979753, 0.7502918766959437, 0.7504273279529989, 0.7509077134508468, 0.7520869080448167, 0.7501741713353867, 0.7543189456743142, 0.7539385566305801, 0.7524908107170296, 0.7510046865132112, 0.7503776826938111, 0.7501785711507221, 0.750111266195512, 0.7501094864620368, 0.7501077713461748, 0.7501061180957582, 0.7501045240782853]
}