{
    "schema_name": "pyscf_qa_output",
    "provenance": {
        "creator": "PySCF",
        "version": "1.7.6"
    },
    "molecule": {
        "geometry": [[0.0, 0.0, 0.0], [0.6, 0.0, 0.0]],
        "symbols": [ "F", "H" ]
    },
    "molecular_charge": 2,
    "molecular_multiplicity": 1,
    "name": "f.h.chrg2.mult1.sep0.60-pyscf-ccsdt.ccpv5z",
    "atomic_numbers": [ 9, 1 ],
    "n_electrons": 8,
    "model": {
        "method": "CCSD(T)",
        "basis": "cc-pV5Z",
        "scf_conv_tol": 1e-09,
        "scf_conv_tol_grad": 1e-06,
        "cc_conv_tol": 1e-05,
        "cc_conv_tol_normt": 1e-07
    },
    "broken_symmetry": false,
    "finite_diff_delta": 0.01,
    "finite_diff_acc": 2,
    "qa_lambdas": [-3.0, -2.75, -2.5, -2.25, -2.0, -1.75, -1.5, -1.25, -1.0, -0.75, -0.5, -0.25, -0.02, -0.01, 0.0, 0.01, 0.02],
    "electronic_energies": [-37.943388462012294, -41.83982142905949, -45.93417779461371, -50.228844012117115, -54.725853963590865, -59.42681755221752, -64.33296281873541, -69.44525262886623, -74.76451369847281, -80.29152926407569, -86.02707919641588, -91.97194095222346, -97.62672309816853, -97.87662488709867, -98.12686384073369, -98.37744000028852, -98.62835340671296],
    "qats_energies": {
        "0": [-98.12686384073345, -98.12686384073345, -98.12686384073345, -98.12686384073345, -98.12686384073345, -98.12686384073345, -98.12686384073345, -98.12686384073345, -98.12686384073345, -98.12686384073345, -98.12686384073345, -98.12686384073345, -98.12686384073345, -98.12686384073345, -98.12686384073345, -98.12686384073345, -98.12686384073345],
        "1": [-23.00459686225679, -29.264785777129845, -35.5249746920029, -41.785163606875955, -48.04535252174901, -54.305541436622065, -60.56573035149512, -66.82591926636817, -73.08610818124123, -79.34629709611428, -85.60648601098734, -91.8666749258604, -97.6260487275436, -97.87645628413853, -98.12686384073345, -98.37727139732837, -98.6276789539233],
        "2": [-38.17886327525514, -42.01538463805207, -46.06265970102953, -50.320688464187526, -54.789470927526054, -59.469007091045114, -64.3592969547447, -69.46034051862483, -74.77213778268549, -80.29468874692668, -86.0279934113484, -91.97205177595066, -97.62672313938418, -97.87662488709867, -98.12686384073345, -98.37744000028852, -98.62835336576387],
        "3": [-37.99399259648965, -41.87298714185018, -45.95567435452172, -50.242696146583334, -54.734694430114054, -59.43231111719293, -64.33618811989902, -69.44696735031135, -74.76529072050899, -80.29180014257096, -86.02713752857635, -91.97194479060416, -97.62672308460769, -97.87662488025161, -98.12686384073345, -98.37744000713558, -98.62835342054036],
        "4": [-37.90401177369688, -41.80945467529399, -45.91228082501132, -50.21422565187156, -54.7169204404266, -59.42189233075749, -64.33056431847447, -69.44425525471695, -74.76417984615352, -80.29144865498193, -86.02706809892912, -91.9719404512512, -97.62672308442994, -97.8766248802405, -98.12686384073345, -98.37744000712446, -98.62835342036263]
    },
    "qats_poly_coeffs": [ -98.12686384073345, -25.04075565949222, -1.686029601444261, -0.006847062176499699, 0.00111087435546627 ],
    "hf_energies": [-37.714336465839125, -41.60502020667742, -45.69429287117853, -49.98448074763189, -54.47749887440809, -59.17482945917029, -64.0775967863409, -69.18669367051534, -74.50290553688751, -80.0269946210668, -85.75973438698682, -91.7019041464368, -97.35431979250797, -97.60412120410312, -97.854259995105, -98.10473620735729, -98.3555498824379],
    "triples_corrections": [-0.007631775085450387, -0.007945125475393729, -0.008280780612926959, -0.008637698143584532, -0.009019714851730616, -0.009429760469028815, -0.009867541967128452, -0.010330328110318195, -0.010814823970454274, -0.011318144260314467, -0.011837071879143353, -0.012368459119247626, -0.01286534241436263, -0.012887067363541782, -0.012908800222066176, -0.01293054072379288, -0.012952288602412092],
    "scf_converged": [true, true, true, true, true, true, true, true, true, true, true, true, true, true, true, true, true],
    "cc_converged": [true, true, true, true, true, true, true, true, true, true, true, true, true, true, true, true, true],
    "t1_diagnostic": [0.009168197203453455, 0.00791430835149441, 0.006858102711533334, 0.0060287219069193035, 0.005402996944659891, 0.004927326684105154, 0.004550736248064839, 0.004238434768418284, 0.003969713565366563, 0.00373254844709789, 0.0035197029473484362, 0.0033266085306667623, 0.003163763890903819, 0.003156975797469613, 0.003150210979744377, 0.003143469319350353, 0.0031367506992584127]
}