{
    "schema_name": "pyscf_qa_output",
    "provenance": {
        "creator": "PySCF",
        "version": "1.7.6"
    },
    "molecule": {
        "geometry": [[0.0, 0.0, 0.0], [1.3, 0.0, 0.0]],
        "symbols": [ "O", "H" ]
    },
    "molecular_charge": -1,
    "molecular_multiplicity": 3,
    "name": "o.h.chrg-1.mult3.sep1.30-pyscf-uccsdt.ccpv5z",
    "atomic_numbers": [ 8, 1 ],
    "n_electrons": 10,
    "model": {
        "method": "UCCSD(T)",
        "basis": "cc-pV5Z",
        "scf_conv_tol": 1e-09,
        "scf_conv_tol_grad": 1e-06,
        "cc_conv_tol": 1e-05,
        "cc_conv_tol_normt": 1e-07
    },
    "broken_symmetry": false,
    "finite_diff_delta": 0.01,
    "finite_diff_acc": 2,
    "qa_lambdas": [-0.02, -0.01, 0.0, 0.01, 0.02, 0.25, 0.5, 0.75, 1.0, 1.25, 1.5, 1.75, 2.0],
    "electronic_energies": [-75.16927322555362, -75.39472944015719, -75.62056313328155, -75.84677452487699, -76.07336383401005, -81.38967033833427, -87.39736771580051, -93.6445651971907, -100.13061962924257, -106.85392351881703, -113.81238581705693, -121.00365877595777, -128.42520163770527],
    "qats_energies": {
        "0": [-75.62056313328155, -75.62056313328155, -75.62056313328155, -75.62056313328155, -75.62056313328155, -75.62056313328155, -75.62056313328155, -75.62056313328155, -75.62056313328155, -75.62056313328155, -75.62056313328155, -75.62056313328155, -75.62056313328155],
        "1": [-75.16851804856175, -75.39454059092165, -75.62056313328155, -75.84658567564145, -76.07260821800135, -81.27112669227904, -86.92169025127653, -92.57225381027402, -98.22281736927151, -103.873380928269, -109.52394448726649, -115.17450804626398, -120.82507160526147],
        "2": [-75.16927344550392, -75.39472944015719, -75.62056313328155, -75.84677452487699, -76.07336361494352, -81.38915746449277, -87.39381334013144, -93.63453076019758, -100.11130972469117, -106.82415023361222, -113.77305228696072, -120.95801588473668, -128.37904102694011],
        "3": [-75.16927315282604, -75.39472940357246, -75.62056313328155, -75.84677456146173, -76.0733639076214, -81.38972910099017, -87.39838643211061, -93.64996494562729, -100.14789446052455, -106.8956047957868, -113.89652577039838, -121.15408720334372, -128.67171891360715],
        "4": [-75.16927315223688, -75.39472940353564, -75.62056313328155, -75.84677456142491, -76.07336390703225, -81.389714717357, -87.39815629397984, -93.64879987134023, -100.14421225043216, -106.8866150250534, -113.87788458180565, -121.11955210009435, -128.61280355212887]
    },
    "qats_poly_coeffs": [ -75.62056313328155, -22.60225423598996, -1.8884923554196575, -0.03658473583338188, 0.003682210092392779 ],
    "hf_energies": [-74.86911933267342, -75.0945702543494, -75.32040284734967, -75.54661734979868, -75.77321399255727, -81.09082162412103, -87.10185819125445, -93.35327740591754, -99.84363233989886, -106.57101076721331, -113.53328864160844, -120.72818108616634, -128.15322753785122],
    "triples_corrections": [-0.009485778114121617, -0.00946041681769228, -0.009434690187021897, -0.009408597310860722, -0.009382136599636355, -0.008674924777009858, -0.0077509757664320405, -0.006809015513805085, -0.0059616270714820795, -0.005244754188711917, -0.004649493928077932, -0.004153778575832084, -0.0037362984855141947],
    "scf_converged": [true, true, true, true, true, true, true, true, true, true, true, true, true],
    "cc_converged": [true, true, true, true, true, true, true, true, true, true, true, true, true],
    "scf_spin_squared": [2.0187414262917396, 2.0183362368931945, 2.017941952126223, 2.0175585315821287, 2.0171861197319894, 2.011388746137136, 2.008687697342613, 2.0070465105340043, 2.00576387314093, 2.004767896246042, 2.0040182009824186, 2.003457163256776, 2.003031577626045],
    "cc_spin_squared": [2.0005732946366117, 2.000566627634056, 2.000559914517037, 2.000553161684576, 2.0005463762137716, 2.0003958276786276, 2.000277371679523, 2.000200476075209, 2.000145506629369, 2.000105761883947, 2.0000780325861744, 2.0000590329681494, 2.0000459355096094]
}