{
    "schema_name": "pyscf_qa_output",
    "provenance": {
        "creator": "PySCF",
        "version": "1.7.6"
    },
    "molecule": {
        "geometry": [[0.0, 0.0, 0.0], [1.5, 0.0, 0.0]],
        "symbols": [ "B", "H" ]
    },
    "molecular_charge": 1,
    "molecular_multiplicity": 2,
    "name": "b.h.chrg1.mult2.sep1.50-pyscf-uccsdt.ccpv5z",
    "atomic_numbers": [ 5, 1 ],
    "n_electrons": 5,
    "model": {
        "method": "UCCSD(T)",
        "basis": "cc-pV5Z",
        "scf_conv_tol": 1e-09,
        "scf_conv_tol_grad": 1e-06,
        "cc_conv_tol": 1e-05,
        "cc_conv_tol_normt": 1e-07
    },
    "broken_symmetry": false,
    "finite_diff_delta": 0.01,
    "finite_diff_acc": 2,
    "qa_lambdas": [-2.0, -1.75, -1.5, -1.25, -1.0, -0.75, -0.5, -0.25, -0.02, -0.01, 0.0, 0.01, 0.02, 0.25, 0.5, 0.75, 1.0],
    "electronic_energies": [-8.04888795569901, -9.621143234145356, -11.339521231805849, -13.207440458281301, -15.227837286266373, -17.403298742290445, -19.736324042301305, -22.229403329475588, -24.666404944684317, -24.775504838558593, -24.88486772056502, -24.994493711780102, -25.104382932705708, -27.70475701912914, -30.69090307951572, -33.845055005915086, -37.16861895499631],
    "qats_energies": {
        "0": [-24.88486772056501, -24.88486772056501, -24.88486772056501, -24.88486772056501, -24.88486772056501, -24.88486772056501, -24.88486772056501, -24.88486772056501, -24.88486772056501, -24.88486772056501, -24.88486772056501, -24.88486772056501, -24.88486772056501, -24.88486772056501, -24.88486772056501, -24.88486772056501, -24.88486772056501],
        "1": [-2.9859803984141244, -5.723341313682983, -8.460702228951845, -11.198063144220706, -13.935424059489566, -16.67278497475843, -19.410145890027287, -22.147506805296146, -24.6658788473435, -24.775373283954252, -24.88486772056501, -24.994362157175765, -25.103856593786517, -27.62222863583387, -30.35958955110273, -33.09695046637159, -35.83431138164045],
        "2": [-8.248164571974183, -9.752201071564905, -11.420680826579378, -13.253603837017604, -15.250970102879581, -17.41277962416531, -19.73903240087479, -22.229728433008024, -24.666405065760856, -24.775504838558593, -24.88486772056501, -24.994493711780102, -25.104382812203873, -27.704450263545745, -30.688476061950233, -33.83694511577848, -37.14985742503046],
        "3": [-8.087112323103764, -9.644308647028666, -11.35273690908717, -13.214284440320725, -15.230838571770779, -17.404286634478783, -19.73651595948619, -22.22941387783445, -24.666404904708607, -24.775504818427063, -24.88486772056501, -24.994493731911632, -25.104382973256122, -27.70476481871932, -30.690992503338833, -33.845438105465, -37.169988956139264],
        "4": [-8.048797964010951, -9.621849473156148, -11.34061400640546, -13.208438133086103, -15.228443924327477, -17.403528953061176, -19.736366294020986, -22.229404523742872, -24.666404904325464, -24.775504818403114, -24.88486772056501, -24.994493731887687, -25.10438297287298, -27.704755464627745, -30.690842837873628, -33.8446804240474, -37.16759430869597]
    },
    "qats_poly_coeffs": [ -24.88486772056501, -10.949443661075442, -1.3155460433900146, -0.02013153110880239, 0.002394647443300831 ],
    "hf_energies": [-7.968712319750469, -9.541374478157064, -11.259877277498635, -13.127574355635304, -15.147259436654085, -17.321385086688146, -19.65247076653826, -22.14325696174855, -24.578139579063826, -24.687150741452847, -24.79642528024371, -24.90596332619007, -25.0157650090828, -27.61425487815654, -30.598682035922423, -33.75149350887092, -37.0740342932195],
    "triples_corrections": [-0.0004413976765746939, -0.0005184727023421899, -0.0006109831428549807, -0.000716192075865783, -0.0008372720327543563, -0.0009740716233035307, -0.0011134724213888066, -0.0012334149898429927, -0.0013161742515092581, -0.0013191978806786047, -0.0013221781294278873, -0.0013251156089727524, -0.0013280109303045824, -0.0013842497974498671, -0.0014261966231672184, -0.0014475448277502779, -0.0014444653191705201],
    "scf_converged": [true, true, true, true, true, true, true, true, true, true, true, true, true, true, true, true, true],
    "cc_converged": [true, true, true, true, true, true, true, true, true, true, true, true, true, true, true, true, true],
    "scf_spin_squared": [0.7501204028387922, 0.7504178694707528, 0.7510335133244253, 0.7522149953931281, 0.7545114712974423, 0.7589534338512816, 0.7667175451230428, 0.7772111264966648, 0.7855850864042186, 0.7858478441042598, 0.7860995063427216, 0.7863398297529527, 0.7865685848720263, 0.7883283375418242, 0.7830038872020908, 0.7735318661112709, 0.7645609997460774],
    "cc_spin_squared": [0.7500070674765161, 0.7500147900197853, 0.7500260266282351, 0.7500402042437192, 0.750057243843245, 0.750077777598676, 0.7501013572371411, 0.7501232882500861, 0.7501348938786929, 0.7501351220409143, 0.750135324998549, 0.7501355026250931, 0.7501356548148803, 0.7501321822856895, 0.7501153056277592, 0.7500904833473727, 0.7500648185089662]
}