{
    "schema_name": "pyscf_qa_output",
    "provenance": {
        "creator": "PySCF",
        "version": "1.7.6"
    },
    "molecule": {
        "geometry": [[0.0, 0.0, 0.0], [0.6, 0.0, 0.0]],
        "symbols": [ "C", "H" ]
    },
    "molecular_charge": -1,
    "molecular_multiplicity": 3,
    "name": "c.h.chrg-1.mult3.sep0.60-pyscf-uccsdt.ccpv5z",
    "atomic_numbers": [ 6, 1 ],
    "n_electrons": 8,
    "model": {
        "method": "UCCSD(T)",
        "basis": "cc-pV5Z",
        "scf_conv_tol": 1e-09,
        "scf_conv_tol_grad": 1e-06,
        "cc_conv_tol": 1e-05,
        "cc_conv_tol_normt": 1e-07
    },
    "broken_symmetry": false,
    "finite_diff_delta": 0.01,
    "finite_diff_acc": 2,
    "qa_lambdas": [-0.02, -0.01, 0.0, 0.01, 0.02, 0.25, 0.5, 0.75, 1.0, 1.25, 1.5, 1.75, 2.0, 2.25, 2.5, 2.75, 3.0],
    "electronic_energies": [-37.716767340710085, -37.86757488681944, -38.01870682380827, -38.17016326651558, -38.321944326389996, -41.90270850154563, -45.9905401580271, -50.28222682671373, -54.777127532594314, -59.47427858528764, -64.37250718064737, -69.47040956780666, -74.76629759190408, -80.25815838231523, -85.94363441736317, -91.82001992882564, -97.88426865134224],
    "qats_energies": {
        "0": [-38.01870682380831, -38.01870682380831, -38.01870682380831, -38.01870682380831, -38.01870682380831, -38.01870682380831, -38.01870682380831, -38.01870682380831, -38.01870682380831, -38.01870682380831, -38.01870682380831, -38.01870682380831, -38.01870682380831, -38.01870682380831, -38.01870682380831, -38.01870682380831, -38.01870682380831],
        "1": [-37.71611844411217, -37.86741263396024, -38.01870682380831, -38.170001013656375, -38.32129520350445, -41.80106157001005, -45.583416316211796, -49.36577106241354, -53.14812580861528, -56.930480554817024, -60.71283530101877, -64.49519004722052, -68.27754479342227, -72.05989953962401, -75.84225428582575, -79.62460903202748, -83.40696377822923],
        "2": [-37.716767455548975, -37.86757488681944, -38.01870682380831, -38.17016326651558, -38.321944214941254, -41.902469607011035, -45.98904846421573, -50.278443395422386, -54.77065440063101, -59.4656814798416, -64.36352463305415, -69.46418386026868, -74.76765916148517, -80.27395053670361, -85.98305798592403, -91.89498150914642, -98.00972110637076],
        "3": [-37.716767304690556, -37.86757486796214, -38.01870682380831, -38.17016328537288, -38.32194436579967, -41.902764252365444, -45.991405627051016, -50.28639881999149, -54.78951170331334, -59.502512149143016, -64.427168029607, -69.56524721683176, -74.91851758294376, -80.48874700006948, -86.27770334033536, -92.28715447586791, -98.51886827879355],
        "4": [-37.716767302430455, -37.867574867820885, -38.01870682380831, -38.170163285231624, -38.32194436353958, -41.90270907416547, -45.99052277585147, -50.28192938579375, -54.77538608412048, -59.46802577416045, -64.35565708244316, -69.43276435869875, -74.69250767585804, -80.12672283005251, -85.72592134061435, -91.47929045007636, -97.37469312417204]
    },
    "qats_poly_coeffs": [ -38.01870682380831, -15.129418984806975, -1.6225285920157262, -0.0188573026823254, 0.014125619192858116 ],
    "hf_energies": [-37.51836122929937, -37.66912403185597, -37.82021312042721, -37.97162856716536, -38.12337044089605, -41.70363901254025, -45.79148444293336, -50.08344700109363, -54.57877855703972, -59.276508912558775, -64.17548399820788, -69.27431900121059, -74.57134183529374, -80.06455436001762, -85.75161341033014, -91.62982698979079, -97.69616136225272],
    "triples_corrections": [-0.005676680070486458, -0.005659443644766284, -0.00564199425740719, -0.005624341013432786, -0.00560649304813389, -0.005162663285869958, -0.004678195970867571, -0.004250322712162717, -0.0038870109412819666, -0.00357641711747391, -0.0033054572804534473, -0.003064303908031258, -0.002846074365679528, -0.0026458714035598285, -0.002460124333507461, -0.0022862242301495556, -0.0021223065246961433],
    "scf_converged": [true, true, true, true, true, true, true, true, true, true, true, true, true, true, true, true, true],
    "cc_converged": [true, true, true, true, true, true, true, true, true, true, true, true, true, true, true, true, true],
    "scf_spin_squared": [2.027025518620544, 2.0267420461350163, 2.026461293045852, 2.0261832902260304, 2.025908066678746, 2.0203825871679264, 2.016074809899689, 2.0131637236362456, 2.0111851029889505, 2.0097888789931044, 2.0087549243896254, 2.0079533003139645, 2.0073068440407567, 2.006768262232458, 2.0063072032474834, 2.005903208707972, 2.005541881395181],
    "cc_spin_squared": [2.001018048511108, 2.0010038963327137, 2.0009898355698583, 2.000975871139471, 2.000962007764434, 2.0006788620253007, 2.0004611167262913, 2.000323442572687, 2.0002383482338786, 2.0001840678612792, 2.0001475130707433, 2.000121519294847, 2.0001021113308197, 2.0000870499268446, 2.000074991141216, 2.0000651136296996, 2.0000568512959678]
}