{
    "schema_name": "pyscf_qa_output",
    "provenance": {
        "creator": "PySCF",
        "version": "1.7.6"
    },
    "molecule": {
        "geometry": [[0.0, 0.0, 0.0], [1.7, 0.0, 0.0]],
        "symbols": [ "B", "H" ]
    },
    "molecular_charge": 2,
    "molecular_multiplicity": 3,
    "name": "b.h.chrg2.mult3.sep1.70-pyscf-uccsdt.ccpv5z",
    "atomic_numbers": [ 5, 1 ],
    "n_electrons": 4,
    "model": {
        "method": "UCCSD(T)",
        "basis": "cc-pV5Z",
        "scf_conv_tol": 1e-09,
        "scf_conv_tol_grad": 1e-06,
        "cc_conv_tol": 1e-05,
        "cc_conv_tol_normt": 1e-07
    },
    "broken_symmetry": false,
    "finite_diff_delta": 0.01,
    "finite_diff_acc": 2,
    "qa_lambdas": [-2.0, -1.75, -1.5, -1.25, -1.0, -0.75, -0.5, -0.25, -0.02, -0.01, 0.0, 0.01, 0.02],
    "electronic_energies": [-7.94307856737799, -9.445098271976203, -11.087556511091844, -12.872364973289324, -14.800906934423386, -16.874417098491186, -19.094580879732657, -21.464083367689113, -23.779334039018245, -23.8829984475329, -23.98691559125726, -24.091085773760838, -24.195509295164207],
    "qats_energies": {
        "0": [-23.986915591257258, -23.986915591257258, -23.986915591257258, -23.986915591257258, -23.986915591257258, -23.986915591257258, -23.986915591257258, -23.986915591257258, -23.986915591257258, -23.986915591257258, -23.986915591257258, -23.986915591257258, -23.986915591257258],
        "1": [-3.1781829684632896, -5.779274546312536, -8.380366124161782, -10.981457702011028, -13.582549279860274, -16.18364085770952, -18.784732435558766, -21.385824013408012, -23.77882826502932, -23.882871928143288, -23.986915591257258, -24.090959254371228, -24.195002917485198],
        "2": [-8.238958552874493, -9.653930853127363, -11.227052390393084, -12.958323164671654, -14.847743175963075, -16.895312424267345, -19.101030909584466, -21.464898631914437, -23.77933434258776, -23.8829984475329, -23.986915591257258, -24.091085773760838, -24.19550899504364],
        "3": [-7.836498497666401, -9.384314058329757, -11.05726455460217, -12.860066315255615, -14.797435669062063, -16.87408894479348, -19.09474247122184, -21.46411257711911, -23.779333940127703, -23.882998397225393, -23.986915591257258, -24.091085824068344, -24.195509397503695],
        "4": [-7.6065699473929556, -9.24953416350394, -10.984513724242213, -12.824982002774927, -14.783065134669974, -16.869542017895984, -19.093844312822334, -21.46405644221914, -23.77933393782842, -23.882998397081685, -23.986915591257258, -24.09108582392464, -24.195509395204407]
    },
    "qats_poly_coeffs": [ -23.986915591257258, -10.404366311396984, -1.2651938961028009, -0.05030750690101133, 0.014370534392090425 ],
    "hf_energies": [-7.90192707253356, -9.405015452401324, -11.04873385050308, -12.834935515598062, -14.764921743184578, -16.839833265753683, -19.061267397306892, -21.431848955529144, -23.747934985078544, -23.85163368156366, -23.955585044178694, -24.059789390715252, -24.164247035769957],
    "triples_corrections": [-5.407261928179094e-05, -4.97510654104869e-05, -4.693979372511859e-05, -4.485023026196209e-05, -4.325745136046355e-05, -4.225533108749102e-05, -4.1956792483391304e-05, -4.2252382407758306e-05, -4.257019177014459e-05, -4.257330994798305e-05, -4.257497549094569e-05, -4.257512461722299e-05, -4.257369490047702e-05],
    "scf_converged": [true, true, true, true, true, true, true, true, true, true, true, true, true],
    "cc_converged": [true, true, true, true, true, true, true, true, true, true, true, true, true],
    "scf_spin_squared": [2.000015468123253, 2.0000146385339277, 2.000014990275619, 2.0000154213390244, 2.000015396490186, 2.0000148073266772, 2.0000137717374282, 2.0000125250985867, 2.000011517481143, 2.0000114828124005, 2.000011449164742, 2.00001141656524, 2.0000113850399153],
    "cc_spin_squared": [2.0000002123233998, 2.0000001693161327, 2.0000001499931708, 2.000000137821873, 2.000000128316545, 2.0000001213905483, 2.0000001175418287, 2.000000116620657, 2.000000117503509, 2.0000001175581743, 2.0000001176130766, 2.0000001176680087, 2.0000001177228386]
}