{
    "schema_name": "pyscf_qa_output",
    "provenance": {
        "creator": "PySCF",
        "version": "1.7.6"
    },
    "molecule": {
        "geometry": [[0.0, 0.0, 0.0], [0.7, 0.0, 0.0]],
        "symbols": [ "F", "H" ]
    },
    "molecular_charge": 2,
    "molecular_multiplicity": 3,
    "name": "f.h.chrg2.mult3.sep0.70-pyscf-uccsdt.ccpv5z",
    "atomic_numbers": [ 9, 1 ],
    "n_electrons": 8,
    "model": {
        "method": "UCCSD(T)",
        "basis": "cc-pV5Z",
        "scf_conv_tol": 1e-09,
        "scf_conv_tol_grad": 1e-06,
        "cc_conv_tol": 1e-05,
        "cc_conv_tol_normt": 1e-07
    },
    "broken_symmetry": false,
    "finite_diff_delta": 0.01,
    "finite_diff_acc": 2,
    "qa_lambdas": [-3.0, -2.75, -2.5, -2.25, -2.0, -1.75, -1.5, -1.25, -1.0, -0.75, -0.5, -0.25, -0.02, -0.01, 0.0, 0.01, 0.02],
    "electronic_energies": [-38.233368136953644, -42.13142645944103, -46.227413780172604, -50.52380058771198, -55.02269991135102, -59.72583399169342, -64.63460160790521, -69.75019149012626, -75.07368851245647, -80.60614093255192, -86.34858286292307, -92.30202206647581, -97.96635453260735, -98.21670978017806, -98.46740528784562, -98.71844144834316, -98.96981813931285],
    "qats_energies": {
        "0": [-98.46740528784565, -98.46740528784565, -98.46740528784565, -98.46740528784565, -98.46740528784565, -98.46740528784565, -98.46740528784565, -98.46740528784565, -98.46740528784565, -98.46740528784565, -98.46740528784565, -98.46740528784565, -98.46740528784565, -98.46740528784565, -98.46740528784565, -98.46740528784565, -98.46740528784565],
        "1": [-23.207655063081774, -29.47930091514543, -35.750946767209086, -42.02259261927274, -48.2942384713364, -54.565884323400056, -60.83753017546371, -67.10917602752737, -73.38082187959102, -79.65246773165468, -85.92411358371834, -92.195759435782, -97.96567361968056, -98.2165394537631, -98.46740528784565, -98.7182711219282, -98.96913695601074],
        "2": [-38.53703240945762, -42.36023604647514, -46.396347702192315, -50.64536737660916, -55.107295069725666, -59.78213078154184, -64.66987451205767, -69.77052626127318, -75.08408602918834, -80.61055381580317, -86.34992962111767, -92.30221344513183, -97.9663549253404, -98.21670978017806, -98.46740528784565, -98.71844144834316, -98.96981826167058],
        "3": [-37.92868796264017, -41.89165591990451, -46.04429651769148, -50.38872206310805, -54.92704486326124, -59.66137722525805, -64.59383145620549, -69.72651986321057, -75.06155475338029, -80.60104843382165, -86.34711321164166, -92.30186139394732, -97.96635474509019, -98.21670975764678, -98.46740528784565, -98.71844147087444, -98.9698184419208],
        "4": [135.9144391310356, 80.85319476385834, 37.79208807609507, 4.616329868875312, -20.58766173364627, -39.5322612842899, -53.72863601285076, -64.48674582609891, -72.91534330777935, -79.92197371861198, -86.2129749962916, -92.29347775548794, -97.96635440169636, -98.21670973618467, -98.46740528784565, -98.71844144941232, -98.96981809852696]
    },
    "qats_poly_coeffs": [ -98.46740528784565, -25.086583408254626, -1.7032641495973166, -0.022531275808053877, 2.1462114456009354 ],
    "hf_energies": [-38.03438380725996, -41.92809602237957, -46.02066564378196, -50.314463095112266, -54.81142241782014, -59.51307755410501, -64.42067794333565, -69.53531906099879, -74.85804241684329, -80.38988705001785, -86.13189648732059, -92.08509483056059, -97.74938954738946, -97.99974731930342, -98.25044587501117, -98.5014852652497, -98.75286554035544],
    "triples_corrections": [-0.004365818931614574, -0.004361057404561729, -0.004293306727307315, -0.004164856837507512, -0.003992981804894695, -0.0037988182543411296, -0.003599536095811912, -0.003405523586564054, -0.0032213412305490325, -0.0030479206614473803, -0.0028844536864075514, -0.002729573697218733, -0.0025935185069008294, -0.0025877287419191117, -0.0025819468670472386, -0.0025761769744607308, -0.002570416931246011],
    "scf_converged": [true, true, true, true, true, true, true, true, true, true, true, true, true, true, true, true, true],
    "cc_converged": [true, true, true, true, true, true, true, true, true, true, true, true, true, true, true, true, true],
    "scf_spin_squared": [2.017866340959556, 2.015728082945728, 2.01400590520431, 2.012544436927526, 2.0113097065728716, 2.0102779449706354, 2.0094180827323362, 2.00869470990907, 2.0080743225405038, 2.0075288126286437, 2.0070365393691034, 2.0065817289588685, 2.006187100562247, 2.006170364450571, 2.006153660505986, 2.006136988425535, 2.0061203479148206],
    "cc_spin_squared": [2.000415758886026, 2.000343683511158, 2.0002964406494206, 2.0002545545749975, 2.000216725720083, 2.0001838080771663, 2.0001561172604756, 2.0001332261801457, 2.0001143839084374, 2.0000987978716034, 2.000085767125265, 2.0000747590941974, 2.000066058483248, 2.000065706819095, 2.000065362242134, 2.000065014615724, 2.000064669021756]
}