{
    "schema_name": "pyscf_qa_output",
    "provenance": {
        "creator": "PySCF",
        "version": "1.7.6"
    },
    "molecule": {
        "geometry": [[0.0, 0.0, 0.0], [1.3, 0.0, 0.0]],
        "symbols": [ "Be", "H" ]
    },
    "molecular_charge": 0,
    "molecular_multiplicity": 4,
    "name": "be.h.chrg0.mult4.sep1.30-pyscf-uccsdt.ccpv5z",
    "atomic_numbers": [ 4, 1 ],
    "n_electrons": 5,
    "model": {
        "method": "UCCSD(T)",
        "basis": "cc-pV5Z",
        "scf_conv_tol": 1e-09,
        "scf_conv_tol_grad": 1e-06,
        "cc_conv_tol": 1e-05,
        "cc_conv_tol_normt": 1e-07
    },
    "broken_symmetry": false,
    "finite_diff_delta": 0.01,
    "finite_diff_acc": 2,
    "qa_lambdas": [-1.0, -0.75, -0.5, -0.25, -0.02, -0.01, 0.0, 0.01, 0.02, 0.25, 0.5, 0.75, 1.0, 1.25, 1.5, 1.75, 2.0],
    "electronic_energies": [-7.898134826580736, -9.444191355096851, -11.142635574108406, -12.997114539137337, -14.842488613905731, -14.925757455382934, -15.00927936877123, -15.09305436429569, -15.177082451450907, -17.17959429158394, -19.508097852166173, -21.99452849338555, -24.63820100679748, -27.437924204575747, -30.391979437401833, -33.498091624830586, -36.75331745027109],
    "qats_energies": {
        "0": [-15.009279368771189, -15.009279368771189, -15.009279368771189, -15.009279368771189, -15.009279368771189, -15.009279368771189, -15.009279368771189, -15.009279368771189, -15.009279368771189, -15.009279368771189, -15.009279368771189, -15.009279368771189, -15.009279368771189, -15.009279368771189, -15.009279368771189, -15.009279368771189, -15.009279368771189],
        "1": [-6.64443392313343, -8.73564528454287, -10.82685664595231, -12.91806800736175, -14.841982459858434, -14.925630914314812, -15.009279368771189, -15.092927823227566, -15.176576277683944, -17.100490730180628, -19.191702091590066, -21.28291345299951, -23.374124814408948, -25.465336175818386, -27.55654753722783, -29.647758898637267, -31.738970260046706],
        "2": [-7.909844604359417, -9.447438792732488, -11.143209316258806, -12.997156174938373, -14.842488624130924, -14.925757455382934, -15.009279368771189, -15.09305436429569, -15.177082441956435, -17.179578897757253, -19.508054761896567, -21.994706961189124, -24.639535495634934, -27.44254036523399, -30.403721569986295, -33.52307910989185, -36.800612984950654],
        "3": [-7.908201298867734, -9.446745523228184, -11.143003903072346, -12.997130498290066, -14.84248861098448, -14.925757453739628, -15.009279368771189, -15.093054365938995, -15.177082455102878, -17.17960457440556, -19.508260175083024, -21.995400230693427, -24.641178801126618, -27.445749946272436, -30.40926772602073, -33.53188620026134, -36.81375942888412],
        "4": [-7.905156615843516, -9.445782166490051, -11.142813610383332, -12.997118604997002, -14.84248861049733, -14.925757453709181, -15.009279368771189, -15.093054365908548, -15.177082454615729, -17.179592681112496, -19.50806988239401, -21.994436873955298, -24.6381341181024, -27.43831663810784, -30.393854018210618, -33.503330403616225, -36.765044500496614]
    },
    "qats_poly_coeffs": [ -15.009279368771189, -8.364845445637759, -1.2654106812259869, -0.0016433054916831222, 0.0030446830242188603 ],
    "hf_energies": [-7.854297000832881, -9.400173099503434, -11.09862688452576, -12.953562026954785, -14.799697202496832, -14.883004899562955, -14.96656608583155, -15.050380764834465, -15.1344489395082, -17.137981066740803, -19.467762365748534, -21.95559218808862, -24.6007388244373, -27.40197293888385, -30.35755658954476, -33.46522646736094, -36.7220792457758],
    "triples_corrections": [-0.00013521094001809288, -0.00015307024836227058, -0.00016545236943628773, -0.00016979871118101493, -0.00016918057359486207, -0.0001690834969467161, -0.0001689813345425477, -0.0001688741563825472, -0.0001687620302804894, -0.00016495343210742836, -0.00015866295973584305, -0.00015089259003579642, -0.0001422223628921383, -0.00013287024632078516, -0.00012273368831142465, -0.00011161190050670811, -9.950446010972308e-05],
    "scf_converged": [true, true, true, true, true, true, true, true, true, true, true, true, true, true, true, true, true],
    "cc_converged": [true, true, true, true, true, true, true, true, true, true, true, true, true, true, true, true, true],
    "scf_spin_squared": [3.7500165647116788, 3.7500100707043567, 3.7500078133775103, 3.7500073298942604, 3.750007472089891, 3.750007483839167, 3.750007495876533, 3.7500075081862567, 3.7500075207532393, 3.750007853497815, 3.7500082312516376, 3.750008545307587, 3.7500087392625456, 3.7500087800527435, 3.750008667248746, 3.750008434529607, 3.7500081310756954],
    "cc_spin_squared": [3.750000637517886, 3.750000496041051, 3.7500004459490404, 3.750000413255803, 3.7500003861493774, 3.750000385007295, 3.7500003838674205, 3.7500003827296613, 3.750000381593903, 3.7500003558309962, 3.7500003280986647, 3.750000300506095, 3.7500002732685047, 3.7500002464596247, 3.7500002198993387, 3.7500001933176, 3.7500001666367164]
}