{
    "schema_name": "pyscf_qa_output",
    "provenance": {
        "creator": "PySCF",
        "version": "1.7.6"
    },
    "molecule": {
        "geometry": [[0.0, 0.0, 0.0], [1.8, 0.0, 0.0]],
        "symbols": [ "Be", "H" ]
    },
    "molecular_charge": 1,
    "molecular_multiplicity": 1,
    "name": "be.h.chrg1.mult1.sep1.80-pyscf-ccsdt.ccpv5z",
    "atomic_numbers": [ 4, 1 ],
    "n_electrons": 4,
    "model": {
        "method": "CCSD(T)",
        "basis": "cc-pV5Z",
        "scf_conv_tol": 1e-09,
        "scf_conv_tol_grad": 1e-06,
        "cc_conv_tol": 1e-05,
        "cc_conv_tol_normt": 1e-07
    },
    "broken_symmetry": false,
    "finite_diff_delta": 0.01,
    "finite_diff_acc": 2,
    "qa_lambdas": [-1.0, -0.75, -0.5, -0.25, -0.02, -0.01, 0.0, 0.01, 0.02, 0.25, 0.5, 0.75, 1.0],
    "electronic_energies": [-8.05552817366986, -9.552703942415778, -11.187721215822698, -12.964041160968423, -14.726204104465188, -14.805645066731493, -14.88532320507759, -14.965238723124887, -15.045391823970903, -16.954953289986804, -19.17625443797221, -21.553132288175007, -24.089164778214606],
    "qats_energies": {
        "0": [-14.885323205077583, -14.885323205077583, -14.885323205077583, -14.885323205077583, -14.885323205077583, -14.885323205077583, -14.885323205077583, -14.885323205077583, -14.885323205077583, -14.885323205077583, -14.885323205077583, -14.885323205077583, -14.885323205077583],
        "1": [-6.905640385407885, -8.90056109032531, -10.895481795242734, -12.890402500160159, -14.725729548684189, -14.805526376880886, -14.885323205077583, -14.96512003327428, -15.044916861470977, -16.88024390999501, -18.875164614912432, -20.870085319829855, -22.86500602474728],
        "2": [-8.09253889148156, -9.568191499991752, -11.192206421761153, -12.964583656789763, -14.726204308086619, -14.805645066731493, -14.885323205077583, -14.965238723124887, -15.045391620873406, -16.954425066624612, -19.17188924143085, -21.5377157294963, -24.051904530820956],
        "3": [-8.058645647566404, -9.553892787715046, -11.187969766271758, -12.964054074853589, -14.726204036940667, -14.80564503283825, -14.885323205077583, -14.965238757018131, -15.045391892019358, -16.954954648560786, -19.176125896920244, -21.552014441773004, -24.085797774736108],
        "4": [-8.056462586427138, -9.55320205352645, -11.187833324950555, -12.964045547271013, -14.726204036591378, -14.805645032816418, -14.885323205077583, -14.965238756996301, -15.045391891670068, -16.95494612097821, -19.17598945559904, -21.55132370758441, -24.083614713596845]
    },
    "qats_poly_coeffs": [ -14.885323205077583, -7.979682819669698, -1.1868985060736748, -0.03389324391515439, 0.002183061139267769 ],
    "hf_energies": [-7.982770515932137, -9.481012739884095, -11.116146914339955, -12.891491825538889, -14.652153352476118, -14.73152848761579, -14.811141469573055, -14.890992593714879, -14.971082155048036, -16.879617858371663, -19.101276522658207, -21.479544115384215, -24.016041766328932],
    "triples_corrections": [-0.00014516724784317125, -0.0001638153075233749, -0.0002024502216219843, -0.000263598650160864, -0.000333836990301657, -0.0003369408903260167, -0.00034003316794876395, -0.00034311172191962114, -0.00034617443555739596, -0.00040746548523097777, -0.0004395896230646487, -0.0004373996241398425, -0.0004269940045209514],
    "scf_converged": [true, true, true, true, true, true, true, true, true, true, true, true, true],
    "cc_converged": [true, true, true, true, true, true, true, true, true, true, true, true, true],
    "t1_diagnostic": [0.009814498890518938, 0.012157112184518112, 0.015336968148281458, 0.018580545913050465, 0.020474101312136454, 0.02051891792047173, 0.02056041255399384, 0.0205985954112921, 0.020633481837221898, 0.02062042924565394, 0.01929503150245551, 0.016875763748421407, 0.015076821426482815]
}