{
    "schema_name": "pyscf_apdft_output",
    "provenance": {
        "creator": "PySCF",
        "version": "1.7.6"
    },
    "molecule": {
        "geometry": [[0.0, 0.0, 0.0], [1.4, 0.0, 0.0]],
        "symbols": [ "B", "H" ]
    },
    "molecular_charge": 2,
    "molecular_multiplicity": 1,
    "name": "b.h.chrg2.mult1.sep1.40-pyscf-ccsdt.ccpv5z",
    "atomic_numbers": [ 5, 1 ],
    "n_electrons": 4,
    "model": {
        "method": "CCSD(T)",
        "basis": "cc-pV5Z",
        "scf_conv_tol": 1e-09,
        "scf_conv_tol_grad": 1e-06,
        "cc_conv_tol": 1e-05,
        "cc_conv_tol_normt": 1e-07
    },
    "broken_symmetry": false,
    "finite_diff_delta": 0.01,
    "finite_diff_acc": 2,
    "apdft_lambdas": [-2.0, -1.75, -1.5, -1.25, -1.0, -0.75, -0.5, -0.25, -0.02, -0.01, 0.0, 0.01, 0.02],
    "electronic_energies": [-8.058024197421624, -9.567414916080102, -11.213651485861854, -12.998826830084042, -14.925534234173485, -16.99681040381139, -19.215994262743035, -21.58654105946682, -23.90401051792481, -24.00777752168659, -24.111796608489442, -24.216067614551125, -24.32059134650603],
    "apdft_energies": {
        "0": [-24.111796608489442, -24.111796608489442, -24.111796608489442, -24.111796608489442, -24.111796608489442, -24.111796608489442, -24.111796608489442, -24.111796608489442, -24.111796608489442, -24.111796608489442, -24.111796608489442, -24.111796608489442, -24.111796608489442],
        "1": [-3.2827873220360715, -5.886413482842741, -8.490039643649414, -11.093665804456085, -13.697291965262757, -16.300918126069426, -18.9045442868761, -21.508170447682772, -23.90350651562491, -24.007651562057177, -24.111796608489442, -24.215941654921707, -24.320086701353976],
        "2": [-8.32117249869718, -9.743927133723904, -11.324131305521288, -13.061785014089331, -14.956888259428034, -17.009441041537396, -19.21944336041742, -21.5868952160681, -23.904010354142574, -24.00777752168659, -24.111796608489442, -24.216067614551125, -24.32059053987164],
        "3": [-7.892604396209439, -9.456819986940127, -11.143329137284272, -12.95715412969291, -14.903317246617066, -16.98684077050777, -19.212746983816047, -21.586058168992928, -23.90400992557447, -24.007777468115577, -24.111796608489442, -24.21606766812214, -24.320590968439745],
        "4": [-72.58704631831422, -47.37951409215829, -31.61305490170024, -22.82874255774845, -18.946719866748616, -18.26619863078377, -19.46545964757427, -21.601852710477818, -23.904010572518892, -24.007777508549605, -24.111796608489442, -24.216067708556164, -24.320591615384163]
    },
    "apdft_poly_coeff": [ -24.111796608489442, -10.414504643226685, -1.2595962941652772, -0.053571012810967496, -4.043402620131549 ],
    "hf_energies": [-7.980214272115788, -9.490914349452575, -11.138225745381897, -12.924113555187368, -14.851075674532282, -16.922137822784396, -19.14073240835576, -21.51044083155303, -23.826927518245725, -23.93064540684572, -24.034614722442086, -24.138835608089153, -24.243308203917334],
    "triples_corrections": [-0.00017906759223117394, -0.00017010838288658052, -0.00017270781306503487, -0.00018614251603845668, -0.00021049656830291052, -0.00024543287526848835, -0.00028855139800481987, -0.000334701000555561, -0.00037461394487961865, -0.0003762318843197336, -0.00037783812126833237, -0.00037942853138759887, -0.0003810109916640478],
    "scf_converged": [true, true, true, true, true, true, true, true, true, true, true, true, true],
    "cc_converged": [true, true, true, true, true, true, true, true, true, true, true, true, true],
    "t1_diagnostic": [0.005663976137341411, 0.006280492499108975, 0.007185032998826191, 0.008413342868970603, 0.009950353722705137, 0.011670552004765663, 0.013322401657513748, 0.014639368038197797, 0.015446314699902765, 0.015472769700045122, 0.015498547333985513, 0.015523649514205838, 0.015548142359849656]
}