{
    "schema_name": "pyscf_qa_output",
    "provenance": {
        "creator": "PySCF",
        "version": "1.7.6"
    },
    "molecule": {
        "geometry": [[0.0, 0.0, 0.0], [1.1, 0.0, 0.0]],
        "symbols": [ "O", "H" ]
    },
    "molecular_charge": 1,
    "molecular_multiplicity": 3,
    "name": "o.h.chrg1.mult3.sep1.10-pyscf-uccsdt.ccpv5z",
    "atomic_numbers": [ 8, 1 ],
    "n_electrons": 8,
    "model": {
        "method": "UCCSD(T)",
        "basis": "cc-pV5Z",
        "scf_conv_tol": 1e-09,
        "scf_conv_tol_grad": 1e-06,
        "cc_conv_tol": 1e-05,
        "cc_conv_tol_normt": 1e-07
    },
    "broken_symmetry": false,
    "finite_diff_delta": 0.01,
    "finite_diff_acc": 2,
    "qa_lambdas": [-2.0, -1.75, -1.5, -1.25, -1.0, -0.75, -0.5, -0.25, -0.02, -0.01, 0.0, 0.01, 0.02, 0.25, 0.5, 0.75, 1.0],
    "electronic_energies": [-38.47893790643911, -42.35618989961577, -46.43273196795648, -50.71165558164016, -55.19564178528506, -59.88703092167421, -64.78792954539506, -69.90030092895967, -74.79205268896457, -75.0088546878175, -75.2260006759378, -75.44349075697345, -75.66132503392386, -80.76673745380607, -86.52395778988544, -92.4986854871069, -98.6913654286346],
    "qats_energies": {
        "0": [-75.22600067593788, -75.22600067593788, -75.22600067593788, -75.22600067593788, -75.22600067593788, -75.22600067593788, -75.22600067593788, -75.22600067593788, -75.22600067593788, -75.22600067593788, -75.22600067593788, -75.22600067593788, -75.22600067593788, -75.22600067593788, -75.22600067593788, -75.22600067593788, -75.22600067593788],
        "1": [-31.762393760343627, -37.19534462479291, -42.62829548924219, -48.06124635369147, -53.494197218140755, -58.92714808259004, -64.36009894703932, -69.7930498114886, -74.79136460678194, -75.00868264135991, -75.22600067593788, -75.44331871051585, -75.66063674509383, -80.65895154038716, -86.09190240483645, -91.52485326928573, -96.95780413373501],
        "2": [-38.644252064043656, -42.46426738856324, -46.49934078507346, -50.7494722535743, -55.21466179406576, -59.89490940654785, -64.79021509102057, -69.90057884748391, -74.79205279261231, -75.0088546878175, -75.22600067593788, -75.44349075697345, -75.6613249309242, -80.76648057638248, -86.5220185488177, -92.49261459324354, -98.67826870966002],
        "3": [-38.50648713095266, -42.37197564627767, -46.44122120392569, -50.715838236706375, -55.19744117742938, -59.88764445890438, -64.78806251394103, -69.90030977534897, -74.79205265484738, -75.00885467059689, -75.22600067593788, -75.44349077419406, -75.66132506868912, -80.76674964851742, -86.52417112589724, -92.49987954088701, -98.6954893262964],
        "4": [-38.46328613261844, -42.34665201419748, -46.42755213804651, -50.70924628749766, -55.194741115033494, -59.886790142286934, -64.78789376004129, -69.90029922823024, -74.79205265441537, -75.00885467056989, -75.22600067593788, -75.44349077416706, -75.66132506825711, -80.76673910139868, -86.5240023719975, -92.49902522426956, -98.69278926390051]
    },
    "qats_poly_coeffs": [ -75.22600067593788, -21.731803457797128, -1.720464575925007, -0.017220616636374565, 0.0027000623958883807 ],
    "hf_energies": [-38.2800276405929, -42.152300229821456, -46.224712820446896, -50.500197353799, -54.9813011258961, -59.67032260876605, -64.56941902505828, -69.68064963078069, -74.57200420593358, -74.78880352676819, -75.00594804756169, -75.22343786970283, -75.44127309368075, -80.54703058053921, -86.30526140846673, -92.28151208194066, -98.47605601110133],
    "triples_corrections": [-0.005437460567813731, -0.005507110319129776, -0.005475678228346215, -0.005363005875500156, -0.005194267743426744, -0.004989751014992212, -0.004760828458206323, -0.004511689029649632, -0.004265470553619826, -0.0042544069247550465, -0.004243314402907299, -0.004232193158305633, -0.004221043370544798, -0.00395729052890237, -0.0036585507516894225, -0.003356270226311281, -0.0030620644056369656],
    "scf_converged": [true, true, true, true, true, true, true, true, true, true, true, true, true, true, true, true, true],
    "cc_converged": [true, true, true, true, true, true, true, true, true, true, true, true, true, true, true, true, true],
    "scf_spin_squared": [2.0197734309296256, 2.0185368470347615, 2.018190431691411, 2.0184993201547856, 2.019190793706464, 2.0198700164589587, 2.020054370714241, 2.0193662041566514, 2.0179120349229622, 2.017833821694056, 2.0177545652383055, 2.017674293791909, 2.017593035965862, 2.0155207897682135, 2.013110254711613, 2.0108779621967092, 2.008997038017997],
    "cc_spin_squared": [2.0005117877838634, 2.000480350570113, 2.0004585373025394, 2.000443304851316, 2.0004306418045474, 2.0004152383855014, 2.000391890665679, 2.0003574119308443, 2.000316222375143, 2.000314269416682, 2.0003123056983467, 2.000310331602542, 2.000308347517143, 2.0002609022267706, 2.000209383623073, 2.0001631478724153, 2.000125142673256]
}