{
    "schema_name": "pyscf_apdft_output",
    "provenance": {
        "creator": "PySCF",
        "version": "1.7.6"
    },
    "molecule": {
        "geometry": [[0.0, 0.0, 0.0], [1.7, 0.0, 0.0]],
        "symbols": [ "N", "H" ]
    },
    "molecular_charge": 2,
    "molecular_multiplicity": 3,
    "name": "n.h.chrg2.mult3.sep1.70-pyscf-uccsdt.ccpv5z",
    "atomic_numbers": [ 7, 1 ],
    "n_electrons": 6,
    "model": {
        "method": "UCCSD(T)",
        "basis": "cc-pV5Z",
        "scf_conv_tol": 1e-09,
        "scf_conv_tol_grad": 1e-06,
        "cc_conv_tol": 1e-05,
        "cc_conv_tol_normt": 1e-07
    },
    "broken_symmetry": false,
    "finite_diff_delta": 0.01,
    "finite_diff_acc": 2,
    "apdft_lambdas": [-3.0, -2.75, -2.5, -2.25, -2.0, -1.75, -1.5, -1.25, -1.0, -0.75, -0.5, -0.25, -0.02, -0.01, 0.0, 0.01, 0.02],
    "electronic_energies": [-15.166097336764292, -17.42126081451819, -19.838423831261952, -22.422669990091368, -25.178446317706957, -28.10912334114178, -31.21711736442361, -34.50458506873551, -37.97441073810681, -41.63094798345946, -45.47935684153334, -49.52299660715577, -53.415588192455374, -53.58855703100437, -53.761835072193236, -53.935422157868786, -54.10931811902288],
    "apdft_energies": {
        "0": [-53.76183507219321, -53.76183507219321, -53.76183507219321, -53.76183507219321, -53.76183507219321, -53.76183507219321, -53.76183507219321, -53.76183507219321, -53.76183507219321, -53.76183507219321, -53.76183507219321, -53.76183507219321, -53.76183507219321, -53.76183507219321, -53.76183507219321, -53.76183507219321, -53.76183507219321],
        "1": [-1.7320660425309313, -6.067880128336121, -10.40369421414131, -14.7395082999465, -19.07532238575169, -23.41113647155688, -27.74695055736207, -32.08276464316726, -36.41857872897245, -40.75439281477764, -45.09020690058283, -49.42602098638802, -53.41496994532879, -53.588402508761, -53.76183507219321, -53.935267635625415, -54.10870019905762],
        "2": [-15.63906794587919, -17.753624783232922, -20.061334424799824, -22.562196870579896, -25.25621212057314, -28.14338017477955, -31.223701033199134, -34.49717469583189, -37.96380116267781, -41.623580433736905, -45.47651250900917, -49.5225973884946, -53.415588034302274, -53.58855703100437, -53.76183507219321, -53.935422157868786, -54.109318288031105],
        "3": [-16.375180924451314, -18.320619212908554, -20.48732573184388, -22.87274453341501, -25.474319669779693, -28.289495193095664, -31.31571515552065, -34.550423609212395, -37.99106460632863, -41.635082199027096, -45.47992043946552, -49.52302337980165, -53.415588252409826, -53.58855705826782, -53.76183507219321, -53.93542213060534, -54.10931806992355],
        "4": [-12.711573906694838, -15.733868135218906, -18.720539940101744, -21.713556375453003, -24.750644209482118, -27.865289924498374, -31.08673971691087, -34.43999949722851, -37.945834890060034, -41.62077123411398, -45.477093582198734, -49.52284670122247, -53.41558824517307, -53.588557057815514, -53.76183507219321, -53.93542213015304, -54.1093180626868]
    },
    "apdft_poly_coeff": [ -53.76183507219321, -17.34325634322076, -1.5452224337053622, 0.027263443650819372, 0.04522971626859847 ],
    "hf_energies": [-15.0685722704892, -17.319432137763403, -19.731113803374356, -22.309386111423745, -25.060151682873563, -27.987249695241164, -31.092407134912794, -34.377142391574466, -37.844177749880245, -41.49846778763341, -45.34604790334947, -49.389776762934304, -53.28245289612575, -53.45542173364415, -53.628699499503206, -53.80228604496369, -53.976181221654336],
    "triples_corrections": [-0.0012953506468605686, -0.0016501635888158145, -0.0020714010911409785, -0.0024480073394330592, -0.002687649532852851, -0.002812240734506624, -0.0028524946434812203, -0.0028520280359942037, -0.002841059697230013, -0.002803065745063477, -0.0026699002488628355, -0.0024541797634477424, -0.00226777230457139, -0.002260586897745334, -0.0022534823310914587, -0.0022464581828214787, -0.002239515399557288],
    "scf_converged": [true, true, true, true, true, true, true, true, true, true, true, true, true, true, true, true, true],
    "cc_converged": [true, true, true, true, true, true, true, true, true, true, true, true, true, true, true, true, true],
    "scf_spin_squared": [2.0023676180615233, 2.002059614568794, 2.005748984359657, 2.0251997313450936, 2.057662228434408, 2.0737594432681687, 2.070721490121102, 2.0580890154221465, 2.041113867400549, 2.0225242952608924, 2.0097562394724435, 2.0058709207697696, 2.0053873149011188, 2.0053828768260127, 2.0053788534164076, 2.0053751779713775, 2.0053717892346903],
    "cc_spin_squared": [2.0001561753375157, 2.0002139993991133, 2.0003384994620372, 2.000516414385694, 2.0006337158392737, 2.000633506031379, 2.000564833005065, 2.000484253653723, 2.000414675868994, 2.000336638270892, 2.0002285294100837, 2.000137796510989, 2.0000930310107297, 2.0000917092127137, 2.0000904263580424, 2.0000891810371244, 2.000087973774696]
}