{
    "schema_name": "pyscf_qa_output",
    "provenance": {
        "creator": "PySCF",
        "version": "1.7.6"
    },
    "molecule": {
        "geometry": [[0.0, 0.0, 0.0], [1.9, 0.0, 0.0]],
        "symbols": [ "C", "H" ]
    },
    "molecular_charge": 1,
    "molecular_multiplicity": 3,
    "name": "c.h.chrg1.mult3.sep1.90-pyscf-uccsdt.ccpv5z",
    "atomic_numbers": [ 6, 1 ],
    "n_electrons": 6,
    "model": {
        "method": "UCCSD(T)",
        "basis": "cc-pV5Z",
        "scf_conv_tol": 1e-09,
        "scf_conv_tol_grad": 1e-06,
        "cc_conv_tol": 1e-05,
        "cc_conv_tol_normt": 1e-07
    },
    "broken_symmetry": false,
    "finite_diff_delta": 0.01,
    "finite_diff_acc": 2,
    "qa_lambdas": [-2.0, -1.75, -1.5, -1.25, -1.0, -0.75, -0.5, -0.25, -0.02, -0.01, 0.0, 0.01, 0.02, 0.25, 0.5, 0.75, 1.0],
    "electronic_energies": [-15.175424334141715, -17.416480074304406, -19.82394864232763, -22.402858312882067, -25.15671987839379, -28.087327870362238, -31.19553611048369, -34.48256661299974, -37.66719341826345, -37.809214221144025, -37.95153557802616, -38.09415803270037, -38.23708213716335, -41.60891824563719, -45.46248540799553, -49.51393897052979, -53.758628653814064],
    "qats_energies": {
        "0": [-37.951535578026146, -37.951535578026146, -37.951535578026146, -37.951535578026146, -37.951535578026146, -37.951535578026146, -37.951535578026146, -37.951535578026146, -37.951535578026146, -37.951535578026146, -37.951535578026146, -37.951535578026146, -37.951535578026146, -37.951535578026146, -37.951535578026146, -37.951535578026146, -37.951535578026146],
        "1": [-9.457154422391561, -13.018952066845884, -16.580749711300207, -20.14254735575453, -23.704345000208853, -27.266142644663176, -30.8279402891175, -34.38973793357182, -37.6665917664698, -37.80906367224797, -37.951535578026146, -38.09400748380432, -38.23647938958249, -41.51333322248047, -45.07513086693479, -48.636928511389115, -52.19872615584344],
        "2": [-15.479110264464218, -17.629512008432762, -19.968099872466077, -22.494873856564162, -25.209833960727018, -28.112980184954644, -31.20431252924704, -34.48383099360421, -37.66719396205401, -37.809214221144025, -37.951535578026146, -38.09415803270037, -38.2370815851667, -41.607426282512854, -45.45150310706433, -49.48376605168058, -53.7042151163616],
        "3": [-14.748585461147961, -17.140117462461127, -19.65990972106703, -22.31652307450453, -25.118518360312486, -28.07445641602976, -31.192898079195224, -34.48240418734773, -37.667193231529204, -37.809214129828426, -37.951535578026146, -38.09415812401597, -38.2370823156915, -41.60885308876933, -45.46291755711615, -49.522289820605465, -53.795530716776135],
        "4": [-15.295656945557838, -17.460800722731662, -19.833006557931093, -22.399999558331718, -25.152710328088105, -28.085274968333767, -31.1950350771812, -34.48253774972186, -37.66719323699992, -37.809214130170346, -37.951535578026146, -38.09415812435789, -38.23708232116222, -41.608986651143454, -45.46505455510213, -49.53310837290947, -53.829722684551754]
    },
    "qats_poly_coeffs": [ -37.951535578026146, -14.247190577817292, -1.5054889605181643, -0.09131560041453211, -0.03419196777561714 ],
    "hf_energies": [-15.079167589028703, -17.31514393811771, -19.71726054020596, -22.292595011874074, -25.044410585548512, -27.973352561750268, -31.07962756766202, -34.364026969700454, -37.54529545571269, -37.68715132786113, -37.82930682691389, -37.971762642996765, -38.11451948792434, -41.4829016078729, -45.33572357590057, -49.388136056213945, -53.6335266542359],
    "triples_corrections": [-0.0016578639398924391, -0.002158567103280242, -0.002553438923182794, -0.0027778896076686285, -0.0028496657065354867, -0.002802486585222539, -0.0027331446276750186, -0.002707055792765548, -0.002740285095979354, -0.0027427687171460284, -0.0027453074131310955, -0.0027478951465228414, -0.0027505254143807578, -0.0027979028153352855, -0.0026632851107291546, -0.002383234102857509, -0.0021644463961912708],
    "scf_converged": [true, true, true, true, true, true, true, true, true, true, true, true, true, true, true, true, true],
    "cc_converged": [true, true, true, true, true, true, true, true, true, true, true, true, true, true, true, true, true],
    "scf_spin_squared": [2.0020702480540757, 2.0103924811584215, 2.056476741794918, 2.107044040392583, 2.1141309964268395, 2.097429081671798, 2.0766481060681214, 2.0595211127914403, 2.046121078518916, 2.0455065021927545, 2.0448837732178036, 2.0442521710022117, 2.043610983272632, 2.025434516237067, 2.008904923604847, 2.005959754566181, 2.0058462022608308],
    "cc_spin_squared": [2.0002939639932995, 2.0005666490403193, 2.000987717492414, 2.0011224580202596, 2.00095119007216, 2.000703503657291, 2.0005130823772586, 2.0004078542420363, 2.0003739508042937, 2.000373484807412, 2.000373072021878, 2.000372706466864, 2.000372381643883, 2.0003525868902416, 2.000228157517239, 2.0001237373583427, 2.0000836256704067]
}