{
    "schema_name": "pyscf_apdft_output",
    "provenance": {
        "creator": "PySCF",
        "version": "1.7.6"
    },
    "molecule": {
        "geometry": [[0.0, 0.0, 0.0], [1.5, 0.0, 0.0]],
        "symbols": [ "O", "H" ]
    },
    "molecular_charge": -1,
    "molecular_multiplicity": 3,
    "name": "o.h.chrg-1.mult3.sep1.50-pyscf-uccsdt.ccpv5z",
    "atomic_numbers": [ 8, 1 ],
    "n_electrons": 10,
    "model": {
        "method": "UCCSD(T)",
        "basis": "cc-pV5Z",
        "scf_conv_tol": 1e-09,
        "scf_conv_tol_grad": 1e-06,
        "cc_conv_tol": 1e-05,
        "cc_conv_tol_normt": 1e-07
    },
    "broken_symmetry": false,
    "finite_diff_delta": 0.01,
    "finite_diff_acc": 2,
    "apdft_lambdas": [-0.02, -0.01, 0.0, 0.01, 0.02, 0.25, 0.5, 0.75, 1.0, 1.25, 1.5, 1.75, 2.0],
    "electronic_energies": [-75.16268504398664, -75.38838611757582, -75.6144673020982, -75.84092877654626, -76.06777071679865, -81.39049311953065, -87.40600026710499, -93.66107874989382, -100.15447795778316, -106.88429545523434, -113.84835674233585, -121.04434268352034, -128.46979220872777],
    "apdft_energies": {
        "0": [-75.61446730209826, -75.61446730209826, -75.61446730209826, -75.61446730209826, -75.61446730209826, -75.61446730209826, -75.61446730209826, -75.61446730209826, -75.61446730209826, -75.61446730209826, -75.61446730209826, -75.61446730209826, -75.61446730209826],
        "1": [-75.16192464312782, -75.38819597261303, -75.61446730209826, -75.84073863158349, -76.0670099610687, -81.27125053922882, -86.92803377635936, -92.5848170134899, -98.24160025062045, -103.898383487751, -109.55516672488154, -115.21194996201208, -120.86873319914264],
        "2": [-75.16268522297894, -75.38838611757582, -75.61446730209826, -75.84092877654626, -76.06777054091982, -81.39009114096598, -87.40339618330803, -93.65438242912442, -100.14304987841516, -106.86939853118022, -113.83342838741963, -121.03513944713337, -128.47453171032146],
        "3": [-75.16268498639819, -75.38838608800323, -75.61446730209826, -75.84092880611885, -76.06777077750057, -81.39055321273571, -87.40709275746592, -93.66685836690729, -100.17262247167824, -106.92715750239718, -113.93323588968254, -121.19363006415271, -128.71111245642612],
        "4": [-75.16268498432254, -75.3883860878735, -75.61446730209826, -75.84092880598912, -76.06777077542492, -81.39050253753094, -87.40628195418955, -93.66275367532066, -100.15964961925631, -106.89548549941395, -113.86756082429652, -121.07195889749235, -128.50354681767524]
    },
    "apdft_poly_coeff": [ -75.61446730209826, -22.62713294852219, -1.9014496277947046, -0.029572593263083032, 0.012972852421929323 ],
    "hf_energies": [-74.86204026610298, -75.08775120209683, -75.31385086200456, -75.54033928731307, -75.76721649939877, -81.092562896076, -87.1128711855233, -93.37289013361064, -99.8707491463328, -106.60451767307431, -113.57216268567242, -120.77151621549916, -128.20023483528223],
    "triples_corrections": [-0.009647393650034322, -0.009627226753857408, -0.009606424701478215, -0.009584953402862846, -0.009562782016322447, -0.008841233411490387, -0.0077649035865051735, -0.006707264598101649, -0.00581442952492823, -0.005095250222521936, -0.004515635780569443, -0.004039973213052927, -0.0036413294561073355],
    "scf_converged": [true, true, true, true, true, true, true, true, true, true, true, true, true],
    "cc_converged": [true, true, true, true, true, true, true, true, true, true, true, true, true],
    "scf_spin_squared": [2.024439063511686, 2.02382950916866, 2.0232527045793223, 2.0227064927820333, 2.0221887802143166, 2.0147572358193315, 2.010345357437408, 2.007501171979279, 2.0056961961023436, 2.004546841015199, 2.0037896064196135, 2.003265062075994, 2.00288185721267],
    "cc_spin_squared": [2.000798630081892, 2.0007799451758874, 2.0007617680412513, 2.000744113835673, 2.000726993832568, 2.0004658651179272, 2.0003253864535324, 2.000221551323244, 2.0001476868326318, 2.0001007034848386, 2.000071856035584, 2.0000537963657417, 2.000041982822036]
}