{
    "schema_name": "pyscf_apdft_output",
    "provenance": {
        "creator": "PySCF",
        "version": "1.7.6"
    },
    "molecule": {
        "geometry": [[0.0, 0.0, 0.0], [0.7, 0.0, 0.0]],
        "symbols": [ "O", "H" ]
    },
    "molecular_charge": -1,
    "molecular_multiplicity": 1,
    "name": "o.h.chrg-1.mult1.sep0.70-pyscf-ccsdt.ccpv5z",
    "atomic_numbers": [ 8, 1 ],
    "n_electrons": 10,
    "model": {
        "method": "CCSD(T)",
        "basis": "cc-pV5Z",
        "scf_conv_tol": 1e-09,
        "scf_conv_tol_grad": 1e-06,
        "cc_conv_tol": 1e-05,
        "cc_conv_tol_normt": 1e-07
    },
    "broken_symmetry": false,
    "finite_diff_delta": 0.01,
    "finite_diff_acc": 2,
    "apdft_lambdas": [-0.02, -0.01, 0.0, 0.01, 0.02, 0.25, 0.5, 0.75, 1.0, 1.25, 1.5, 1.75, 2.0],
    "electronic_energies": [-75.18270152014549, -75.41003140368868, -75.63773625477742, -75.86581621631417, -76.09427142951822, -81.45260440209995, -87.50366484237415, -93.79195328283257, -100.31786036558066, -107.08131965784547, -114.08194988843208, -121.31911532132206, -128.79192414663973],
    "apdft_energies": {
        "0": [-75.637736254568, -75.637736254568, -75.637736254568, -75.637736254568, -75.637736254568, -75.637736254568, -75.637736254568, -75.637736254568, -75.637736254568, -75.637736254568, -75.637736254568, -75.637736254568, -75.637736254568],
        "1": [-75.1819514419425, -75.40984384825525, -75.637736254568, -75.86562866088074, -76.09352106719349, -81.33504641238669, -87.03235657020538, -92.72966672802407, -98.42697688584276, -104.12428704366145, -109.82159720148015, -115.51890735929884, -121.21621751711753],
        "2": [-75.18270166367621, -75.41003140368868, -75.637736254568, -75.86581621631417, -76.0942712889272, -81.45226855827896, -87.50124515377446, -93.7846660410545, -100.30253122011909, -107.05484069096822, -114.04159445360189, -121.2627925080201, -128.71843485422283],
        "3": [-75.18270147426172, -75.41003138001187, -75.637736254568, -75.86581623999098, -76.0942714783417, -81.45263850846055, -87.50420475522726, -93.79465469595772, -100.3262080317415, -107.10108446366823, -114.12150369282752, -121.38968542030895, -128.9078493472021],
        "4": [-75.18270147230189, -75.41003137988938, -75.637736254568, -75.8658162398685, -76.09427147638186, -81.45259066085505, -87.50343919353915, -93.79077903991163, -100.31395904473163, -107.07117971022616, -114.05949319609003, -121.27480331948587, -128.71186555504414]
    },
    "apdft_poly_coeff": [ -75.637736254568, -22.789240631274765, -1.8755543342763303, -0.02367681162240842, 0.012248987009873721 ],
    "hf_energies": [-74.84087346064406, -75.06818716471211, -75.29587755102011, -75.52394473175112, -75.7523888171308, -81.11085335605816, -87.16264123470731, -93.45197773229901, -99.97911649945817, -106.74397246004922, -113.74620410546031, -120.98523116203393, -128.4602117859965],
    "triples_corrections": [-0.010849591854253448, -0.010815968772970521, -0.01078214638228662, -0.010748132336630283, -0.010713934432724198, -0.00989430208065536, -0.008998933816352197, -0.008171912949960142, -0.007441713861999625, -0.006804887204037407, -0.0062454671120622885, -0.0057465470907602486, -0.005294505548062753],
    "scf_converged": [true, true, true, true, true, true, true, true, true, true, true, true, true],
    "cc_converged": [true, true, true, true, true, true, true, true, true, true, true, true, true],
    "t1_diagnostic": [0.00851784452638393, 0.008509590270794828, 0.008500933300519771, 0.008491863748421933, 0.008482371119233762, 0.008136654245347891, 0.007508485515490459, 0.006738639532691864, 0.005962269850818416, 0.005263686344998862, 0.004673832523203439, 0.004190479014325768, 0.0037972680681774566]
}