{
    "schema_name": "pyscf_qa_output",
    "provenance": {
        "creator": "PySCF",
        "version": "1.7.6"
    },
    "molecule": {
        "geometry": [[0.0, 0.0, 0.0], [1.9, 0.0, 0.0]],
        "symbols": [ "N", "H" ]
    },
    "molecular_charge": 2,
    "molecular_multiplicity": 3,
    "name": "n.h.chrg2.mult3.sep1.90-pyscf-uccsdt.ccpv5z",
    "atomic_numbers": [ 7, 1 ],
    "n_electrons": 6,
    "model": {
        "method": "UCCSD(T)",
        "basis": "cc-pV5Z",
        "scf_conv_tol": 1e-09,
        "scf_conv_tol_grad": 1e-06,
        "cc_conv_tol": 1e-05,
        "cc_conv_tol_normt": 1e-07
    },
    "broken_symmetry": false,
    "finite_diff_delta": 0.01,
    "finite_diff_acc": 2,
    "qa_lambdas": [-3.0, -2.75, -2.5, -2.25, -2.0, -1.75, -1.5, -1.25, -1.0, -0.75, -0.5, -0.25, -0.02, -0.01, 0.0, 0.01, 0.02],
    "electronic_energies": [-15.15299467359294, -17.40413117632175, -19.818691657755377, -22.402503802639778, -25.159632961544087, -28.092103832877072, -31.20112255725245, -34.48841357186573, -37.95758835275953, -41.61564009135216, -45.4710051595708, -49.526259887537314, -53.430649629988935, -53.60412457201796, -53.77790745690272, -53.95199807562549, -54.126396222948564],
    "qats_energies": {
        "0": [-53.77790745690265, -53.77790745690265, -53.77790745690265, -53.77790745690265, -53.77790745690265, -53.77790745690265, -53.77790745690265, -53.77790745690265, -53.77790745690265, -53.77790745690265, -53.77790745690265, -53.77790745690265, -53.77790745690265, -53.77790745690265, -53.77790745690265, -53.77790745690265, -53.77790745690265],
        "1": [-1.5968819157730536, -5.945300710867187, -10.29371950596132, -14.642138301055454, -18.990557096149587, -23.33897589124372, -27.687394686337853, -32.03581348143199, -36.38423227652612, -40.73265107162025, -45.08106986671439, -49.42948866180852, -53.43003395329512, -53.60397070509889, -53.77790745690265, -53.95184420870642, -54.125780960510184],
        "2": [-15.44490463214703, -17.581486465598097, -19.910401947887692, -22.431651079015815, -25.145233858982465, -28.051150287787642, -31.149400365431347, -34.43998409191358, -37.92290146723434, -41.59815249139363, -45.46573716439144, -49.525655486227784, -53.430649420971406, -53.60412457201796, -53.77790745690265, -53.95199807562549, -54.12639642818647],
        "3": [-16.376979353551803, -18.299421334920872, -20.449797041293237, -22.824870102108456, -25.4214041468061, -28.236162804825746, -31.265909705606944, -34.50740847858927, -37.95742275321229, -41.612716158915575, -45.47005232513869, -49.52619488132119, -53.430649697141696, -53.604124606539244, -53.77790745690265, -53.951998041104204, -54.12639615201618],
        "4": [-17.652595766051206, -19.20009166166681, -21.064966993308765, -23.22848310762584, -25.673377759151663, -28.38386511030467, -31.345635731388157, -34.54585660059024, -37.973171103983894, -41.617699035526904, -45.47103659706191, -49.52625639831639, -53.43064969966143, -53.60412460669673, -53.77790745690265, -53.95199804126169, -54.12639615453592]
    },
    "qats_poly_coeffs": [ -53.77790745690265, -17.393675180376533, -1.5386691907082195, 0.0345212859779546, -0.01574835077159757 ],
    "hf_energies": [-15.055979000861893, -17.301684225491574, -19.709553433114127, -22.288369899229814, -25.042632739928212, -27.972867619887, -31.079504237325008, -34.36377941792115, -37.82889567141137, -41.48275967492764, -45.33691470915476, -49.392600891730275, -53.2971267926008, -53.47060148750792, -53.64438379448366, -53.818473525972614, -53.992870497852174],
    "triples_corrections": [-0.0013591623673822764, -0.0018586270352851347, -0.0023505798689094515, -0.002636172256603321, -0.002764726486206382, -0.0027594705606839424, -0.0027205148698199815, -0.0027165349317290095, -0.002770976571058819, -0.0028367700524602256, -0.0027141694463465728, -0.002445466900593656, -0.002252429270755566, -0.002245501958054421, -0.0022386770839817843, -0.002231952035674094, -0.002225324226480779],
    "scf_converged": [true, true, true, true, true, true, true, true, true, true, true, true, true, true, true, true, true],
    "cc_converged": [true, true, true, true, true, true, true, true, true, true, true, true, true, true, true, true, true],
    "scf_spin_squared": [2.002051399878233, 2.004084148675001, 2.0386503156383564, 2.1028121985780612, 2.115810452101921, 2.0985219393594434, 2.0768503433860626, 2.059474451130313, 2.0448522161448626, 2.025436063824748, 2.0089091010562066, 2.005972603216075, 2.005860355043674, 2.0058570861184046, 2.0058535046267147, 2.0058495970432713, 2.0058453489259493],
    "cc_spin_squared": [2.000202209826419, 2.000355540108469, 2.000750788690432, 2.0010227102078106, 2.0009114380174893, 2.000680399738322, 2.0004979452326257, 2.0003975379785763, 2.000365417929826, 2.0003473162201892, 2.000225614747927, 2.0001231061924996, 2.0000856117899843, 2.0000845807992804, 2.000083580868435, 2.00008261044192, 2.000081668053343]
}