{
    "schema_name": "pyscf_apdft_output",
    "provenance": {
        "creator": "PySCF",
        "version": "1.7.6"
    },
    "molecule": {
        "geometry": [[0.0, 0.0, 0.0], [1.2, 0.0, 0.0]],
        "symbols": [ "N", "H" ]
    },
    "molecular_charge": 2,
    "molecular_multiplicity": 1,
    "name": "n.h.chrg2.mult1.sep1.20-pyscf-ccsdt.ccpv5z",
    "atomic_numbers": [ 7, 1 ],
    "n_electrons": 6,
    "model": {
        "method": "CCSD(T)",
        "basis": "cc-pV5Z",
        "scf_conv_tol": 1e-09,
        "scf_conv_tol_grad": 1e-06,
        "cc_conv_tol": 1e-05,
        "cc_conv_tol_normt": 1e-07
    },
    "broken_symmetry": false,
    "finite_diff_delta": 0.01,
    "finite_diff_acc": 2,
    "apdft_lambdas": [-3.0, -2.75, -2.5, -2.25, -2.0, -1.75, -1.5, -1.25, -1.0, -0.75, -0.5, -0.25, -0.02, -0.01, 0.0, 0.01, 0.02],
    "electronic_energies": [-15.188433419865675, -17.465434485776726, -19.90343999955562, -22.505253835408755, -25.27374648188219, -28.211666427088847, -31.321558958478608, -34.605792738894735, -38.06664636742411, -41.70639541787682, -45.52735319509703, -49.53183454921261, -53.3799275651893, -53.550825237618085, -53.72202294625587, -53.89352079318724, -54.06531887889026],
    "apdft_energies": {
        "0": [-53.722022946255926, -53.722022946255926, -53.722022946255926, -53.722022946255926, -53.722022946255926, -53.722022946255926, -53.722022946255926, -53.722022946255926, -53.722022946255926, -53.722022946255926, -53.722022946255926, -53.722022946255926, -53.722022946255926, -53.722022946255926, -53.722022946255926, -53.722022946255926, -53.722022946255926],
        "1": [-2.3176896108822618, -6.60138405549673, -10.885078500111206, -15.168772944725681, -19.45246738934015, -23.736161833954622, -28.019856278569094, -32.30355072318356, -36.58724516779804, -40.87093961241251, -45.15463405702698, -49.43832850164145, -53.37932739068677, -53.550675168471344, -53.722022946255926, -53.89337072404051, -54.064718501825084],
        "2": [-15.823912817280977, -17.9503632775401, -20.264400171221425, -22.766023498324955, -25.45523325885069, -28.33202945279863, -31.396412080168773, -34.64838114096112, -38.08793663517567, -41.71507856281243, -45.52980692387139, -49.532121718352556, -53.37992766727372, -53.550825237618085, -53.722022946255926, -53.89352079318724, -54.065318778412035],
        "3": [-15.36814686430295, -17.599307442231215, -20.000646726210988, -22.57374723691235, -25.32019149500535, -28.24156202116005, -31.33944133604652, -34.61541196033482, -38.07105641469501, -41.70795721979715, -45.527696896311305, -49.531857964907545, -53.37992753223195, -53.55082522073786, -53.722022946255926, -53.893520810067464, -54.0653189134538],
        "4": [-14.826055692351808, -17.21655489359422, -19.739221585416658, -22.402226202037184, -25.213111757335987, -28.17879384485533, -31.305560637799573, -34.59907288903517, -38.06436393109067, -41.705839676156714, -45.527278616086036, -49.531831822393464, -53.37992753116116, -53.55082522067094, -53.722022946255926, -53.89352081000054, -54.065318912383]
    },
    "apdft_poly_coeff": [ -53.722022946255926, -17.134777778457888, -1.500691467377635, -0.016880220480667653, 0.006692483604335091 ],
    "hf_energies": [-15.05554138146214, -17.32974377814994, -19.764686054133335, -22.363103568356124, -25.127926753972652, -28.06201285278234, -31.16802775919173, -34.44847466064058, -37.90578757286389, -41.542401551161205, -45.36074402785968, -49.36313677879593, -53.20966283266604, -53.38049735536098, -53.5516321930269, -53.72306743086714, -53.89480315245998],
    "triples_corrections": [-0.0024638275640677413, -0.0025023197827581272, -0.0025716334569407273, -0.0026669893981611137, -0.0027753532037650143, -0.0028833424870808293, -0.0029812160308137856, -0.003063260626730357, -0.00312658505744921, -0.0031706393806253483, -0.003198164688501401, -0.0032165366609995683, -0.003235784472593073, -0.0032368580821120446, -0.0032379597670379274, -0.00323909052734096, -0.0032402513600201625],
    "scf_converged": [true, true, true, true, true, true, true, true, true, true, true, true, true, true, true, true, true],
    "cc_converged": [true, true, true, true, true, true, true, true, true, true, true, true, true, true, true, true, true],
    "t1_diagnostic": [0.019470278917367623, 0.01643747584581253, 0.014321038819080914, 0.01291122103664307, 0.011915011638614035, 0.011152850267715033, 0.010517872000524009, 0.009944884207060432, 0.009397654866048906, 0.008853670417914085, 0.00828185445151373, 0.007635431631171035, 0.006949633158280143, 0.006918041677992565, 0.006886334048039359, 0.006854515534543888, 0.00682259161295915]
}