{
    "schema_name": "pyscf_apdft_output",
    "provenance": {
        "creator": "PySCF",
        "version": "1.7.6"
    },
    "molecule": {
        "geometry": [[0.0, 0.0, 0.0], [1.1, 0.0, 0.0]],
        "symbols": [ "O", "H" ]
    },
    "molecular_charge": 2,
    "molecular_multiplicity": 2,
    "name": "o.h.chrg2.mult2.sep1.10-pyscf-uccsdt.ccpv5z",
    "atomic_numbers": [ 8, 1 ],
    "n_electrons": 7,
    "model": {
        "method": "UCCSD(T)",
        "basis": "cc-pV5Z",
        "scf_conv_tol": 1e-09,
        "scf_conv_tol_grad": 1e-06,
        "cc_conv_tol": 1e-05,
        "cc_conv_tol_normt": 1e-07
    },
    "broken_symmetry": false,
    "finite_diff_delta": 0.01,
    "finite_diff_acc": 2,
    "apdft_lambdas": [-3.0, -2.75, -2.5, -2.25, -2.0, -1.75, -1.5, -1.25, -1.0, -0.75, -0.5, -0.25, -0.02, -0.01, 0.0, 0.01, 0.02],
    "electronic_energies": [-25.21661348623409, -28.256143953330167, -31.47453668478834, -34.874934413014735, -38.46034116876427, -42.233485813107166, -46.19682313065442, -50.35261028226791, -54.70299722101664, -59.25008452659733, -63.99592040714452, -68.94242796324306, -73.67188551681168, -73.88141567981951, -74.09127158721458, -74.30145330374008, -74.51196089270694],
    "apdft_energies": {
        "0": [-74.09127158721456, -74.09127158721456, -74.09127158721456, -74.09127158721456, -74.09127158721456, -74.09127158721456, -74.09127158721456, -74.09127158721456, -74.09127158721456, -74.09127158721456, -74.09127158721456, -74.09127158721456, -74.09127158721456, -74.09127158721456, -74.09127158721456, -74.09127158721456, -74.09127158721456],
        "1": [-11.085627999129983, -16.33609829813703, -21.58656859714408, -26.837038896151128, -32.08750919515818, -37.337979494165225, -42.58844979317227, -47.83892009217932, -53.08939039118637, -58.33986069019342, -63.59033098920047, -68.84080128820752, -73.671233963294, -73.88125277525428, -74.09127158721456, -74.30129039917485, -74.51130921113513],
        "2": [-25.747038869774414, -28.655756043609088, -31.76810392398049, -35.08408251088862, -38.60369180433348, -42.326931804315066, -46.25380251083338, -50.384303923888424, -54.718436043480196, -59.256198869608696, -63.99759240227392, -68.94261664147588, -73.67188558155492, -73.88141567981951, -74.09127158721456, -74.30145330374008, -74.51196082939605],
        "3": [-25.458917087341987, -28.433828906793366, -31.601366781369137, -34.96253113392494, -38.518322387316466, -42.269740964399375, -46.21778728802933, -50.36346178106201, -54.707764866353074, -59.25169696675819, -63.996258505133035, -68.94244990433327, -73.6718854961855, -73.88141566914834, -74.09127158721456, -74.30145331441125, -74.51196091476547],
        "4": [-24.975492586911614, -28.092498943888216, -31.368233823985662, -34.80957260058564, -38.422831127972195, -42.2137657413316, -46.18757325675243, -50.34889097122554, -54.70179666264406, -59.24980858980338, -63.99588549240122, -68.94242659103753, -73.67188549523058, -73.88141566908865, -74.09127158721456, -74.30145331435158, -74.51196091381055]
    },
    "apdft_poly_coeff": [ -74.09127158721456, -21.001881196028194, -1.6290456522938257, -0.010671177127126912, 0.0059682037090169615 ],
    "hf_energies": [-25.05658462608416, -28.09097407007015, -31.304558458905582, -34.700536080895425, -38.28190984264775, -42.05137804435978, -46.01138641579814, -50.164231645286634, -54.512137022680974, -59.05726619904043, -63.801672975978256, -68.74720254462295, -73.4760309317295, -73.685537373358, -73.89536976512078, -74.10552816033086, -74.31601261093769],
    "triples_corrections": [-0.0036971415989317073, -0.00384620100885036, -0.00396897445881915, -0.00405353259535191, -0.004097323189705483, -0.004105151024189526, -0.004085048478496722, -0.004044836593843031, -0.003991290277689559, -0.00393144214745943, -0.0038745260902985764, -0.003833547132609003, -0.003824391270307896, -0.003824853131705766, -0.0038253970872080857, -0.003826024394513567, -0.003826736309040368],
    "scf_converged": [true, true, true, true, true, true, true, true, true, true, true, true, true, true, true, true, true],
    "cc_converged": [true, true, true, true, true, true, true, true, true, true, true, true, true, true, true, true, true],
    "scf_spin_squared": [0.7625989675696716, 0.761183239193965, 0.7601811920807684, 0.7594428240375075, 0.7588745547499598, 0.7584239079102102, 0.7580514430699425, 0.7577065486699599, 0.7573250037693864, 0.7568536598273781, 0.7562814783660259, 0.7556452485278511, 0.7550544879135925, 0.7550293954868206, 0.7550043775597342, 0.7549794367268556, 0.754954575515062],
    "cc_spin_squared": [0.7502225681392434, 0.7502022855833566, 0.7501900495525571, 0.7501798148464933, 0.7501699598700693, 0.7501600141944331, 0.7501498224774157, 0.7501392332340053, 0.7501280765934883, 0.7501163442643657, 0.7501043427488381, 0.7500927033128999, 0.7500828949810825, 0.7500824958657424, 0.7500820991925388, 0.7500817049805686, 0.7500813132478443]
}