{
    "schema_name": "pyscf_qa_output",
    "provenance": {
        "creator": "PySCF",
        "version": "1.7.6"
    },
    "molecule": {
        "geometry": [[0.0, 0.0, 0.0], [1.7, 0.0, 0.0]],
        "symbols": [ "O", "H" ]
    },
    "molecular_charge": 2,
    "molecular_multiplicity": 2,
    "name": "o.h.chrg2.mult2.sep1.70-pyscf-uccsdt.ccpv5z",
    "atomic_numbers": [ 8, 1 ],
    "n_electrons": 7,
    "model": {
        "method": "UCCSD(T)",
        "basis": "cc-pV5Z",
        "scf_conv_tol": 1e-09,
        "scf_conv_tol_grad": 1e-06,
        "cc_conv_tol": 1e-05,
        "cc_conv_tol_normt": 1e-07
    },
    "broken_symmetry": false,
    "finite_diff_delta": 0.01,
    "finite_diff_acc": 2,
    "qa_lambdas": [-3.0, -2.75, -2.5, -2.25, -2.0, -1.75, -1.5, -1.25, -1.0, -0.75, -0.5, -0.25, -0.02, -0.01, 0.0, 0.01, 0.02],
    "electronic_energies": [-25.208429588475543, -28.232699991419675, -31.4358045311555, -34.75664804098517, -38.39570035974668, -42.15981961347637, -46.11729610194954, -50.27106988237182, -54.625021830177516, -59.184628125511146, -63.955374900324976, -68.93939895878883, -73.71204202908191, -73.92358646914204, -74.13546586073225, -74.34768002098025, -74.56022890690429],
    "qats_energies": {
        "0": [-74.1354658607323, -74.1354658607323, -74.1354658607323, -74.1354658607323, -74.1354658607323, -74.1354658607323, -74.1354658607323, -74.1354658607323, -74.1354658607323, -74.1354658607323, -74.1354658607323, -74.1354658607323, -74.1354658607323, -74.1354658607323, -74.1354658607323, -74.1354658607323, -74.1354658607323],
        "1": [-10.521433085000552, -15.822602482978198, -21.123771880955843, -26.42494127893349, -31.726110676911134, -37.02728007488878, -42.328449472866424, -47.62961887084407, -52.930788268821715, -58.23195766679936, -63.533127064777005, -68.83429646275465, -73.71137230889408, -73.92341908481319, -74.1354658607323, -74.3475126366514, -74.55955941257051],
        "2": [-25.58602268125034, -28.4810423520492, -31.585292433907085, -34.898772926823995, -38.42148383079993, -42.15342514583489, -46.09459687192887, -50.24499900908188, -54.604631557293914, -59.17349451656497, -63.951587886895055, -68.93891166828416, -73.71204184620947, -73.92358646914204, -74.1354658607323, -74.34768002098025, -74.5602289498859],
        "3": [-26.094194298036854, -28.87246389252538, -31.879373230658544, -35.113157827655805, -38.572053198736675, -42.254294859120634, -46.158118324027186, -50.281759108675814, -54.62345272828601, -59.18143469807726, -63.95394053326907, -68.93920574908091, -73.71204199677884, -73.9235864879632, -74.1354658607323, -74.34768000215908, -74.56022879931653],
        "4": [-73.30736367209758, -62.208112658228664, -54.64806988095789, -50.05169969991721, -47.89811134669929, -47.721058924857516, -49.10894140990598, -51.70480264931952, -55.206331362533675, -59.36586114094469, -63.99037044790955, -68.94148261874595, -73.71204209003942, -73.923586493792, -74.1354658607323, -74.34768000798786, -74.56022889257711]
    },
    "qats_poly_coeffs": [ -74.1354658607323, -21.20467759191058, -1.6738432884721988, 0.01882117099209305, -0.5828786342476633 ],
    "hf_energies": [-25.04779123334666, -28.065067535939217, -31.26047671380216, -34.59409797068731, -38.20076278475237, -41.956049115406266, -45.9070071890374, -50.058146995467126, -54.413201258651235, -58.983445095797094, -63.75531331240423, -68.74028025826698, -73.5121949170334, -73.7236825010401, -73.93550342959158, -74.14765757400279, -74.36014480583644],
    "triples_corrections": [-0.004186487258409614, -0.004650692216838166, -0.00515730119059032, -0.01069559449090304, -0.006352074329061348, -0.006669415213320633, -0.006810751428083012, -0.006728957721395621, -0.006337595439762064, -0.005362644113811219, -0.005161637648629165, -0.005256461370969344, -0.005671199124065665, -0.005694754122339006, -0.00571868543548006, -0.0057429835267808526, -0.005767693924760382],
    "scf_converged": [true, true, true, true, true, true, true, true, false, true, true, true, true, true, true, true, true],
    "cc_converged": [true, true, true, true, true, true, true, true, true, true, true, true, true, true, true, true, true],
    "scf_spin_squared": [0.7675054990675596, 0.764643161645226, 0.7897923580890378, 1.8294909337050143, 0.7985946000017297, 0.7812646751769616, 0.7794829065456823, 0.7899005341500875, 0.8087986286294297, 0.9030958418488417, 0.7712434934498225, 0.7579748661223635, 0.7552881561039122, 0.7552219000768017, 0.7551580572741226, 0.7550964997739618, 0.7550371078481546],
    "cc_spin_squared": [0.7502725079810688, 0.7503775990142929, 0.7508363525047006, 2.6279429263200944, 0.7506326774026026, 0.7511437141669519, 0.7514234180826354, 0.751185799249996, 0.7506658235712744, 0.7518793287194956, 0.7504763218828501, 0.7501862264844681, 0.750109558106383, 0.7501077156924514, 0.7501059495760247, 0.7501042559029198, 0.750102631870315]
}