{
    "schema_name": "pyscf_apdft_output",
    "provenance": {
        "creator": "PySCF",
        "version": "1.7.6"
    },
    "molecule": {
        "geometry": [[0.0, 0.0, 0.0], [1.3, 0.0, 0.0]],
        "symbols": [ "O", "H" ]
    },
    "molecular_charge": 1,
    "molecular_multiplicity": 3,
    "name": "o.h.chrg1.mult3.sep1.30-pyscf-uccsdt.ccpv5z",
    "atomic_numbers": [ 8, 1 ],
    "n_electrons": 8,
    "model": {
        "method": "UCCSD(T)",
        "basis": "cc-pV5Z",
        "scf_conv_tol": 1e-09,
        "scf_conv_tol_grad": 1e-06,
        "cc_conv_tol": 1e-05,
        "cc_conv_tol_normt": 1e-07
    },
    "broken_symmetry": false,
    "finite_diff_delta": 0.01,
    "finite_diff_acc": 2,
    "apdft_lambdas": [-2.0, -1.75, -1.5, -1.25, -1.0, -0.75, -0.5, -0.25, -0.02, -0.01, 0.0, 0.01, 0.02, 0.25, 0.5, 0.75, 1.0],
    "electronic_energies": [-38.47241969850863, -42.34399418769536, -46.415238845545574, -50.68950290391584, -55.16974917936142, -59.85864259109704, -64.75868691070679, -69.87236373845431, -74.76778227358172, -74.9848060326376, -75.20217933103227, -75.41990231197474, -75.63797511736102, -80.75050361547584, -86.51918230773826, -92.50911079163001, -98.7200581184979],
    "apdft_energies": {
        "0": [-75.2021793310322, -75.2021793310322, -75.2021793310322, -75.2021793310322, -75.2021793310322, -75.2021793310322, -75.2021793310322, -75.2021793310322, -75.2021793310322, -75.2021793310322, -75.2021793310322, -75.2021793310322, -75.2021793310322, -75.2021793310322, -75.2021793310322, -75.2021793310322, -75.2021793310322],
        "1": [-31.692551397317686, -37.131254889032, -42.569958380746314, -48.00866187246063, -53.44736536417494, -58.886068855889256, -64.32477234760357, -69.76347583931789, -74.76708305169505, -74.98463119136363, -75.2021793310322, -75.41972747070076, -75.63727561036934, -80.6408828227465, -86.07958631446083, -91.51828980617515, -96.95699329788945],
        "2": [-38.686202356008664, -42.48576890427978, -46.50388704500999, -50.74055677819929, -55.19577810384769, -59.869551021955175, -64.76187553252176, -69.87275163554743, -74.76778241679092, -74.9848060326376, -75.2021793310322, -75.41990231197474, -75.63797497546521, -80.75015861897606, -86.51668949937901, -92.50177197224106, -98.7054060375622],
        "3": [-38.496132344723094, -42.35843684593808, -46.42370125899889, -50.694152966850275, -55.17201935243699, -59.85952779870379, -64.75890568859542, -69.87238040505665, -74.76778222672091, -74.98480600887885, -75.2021793310322, -75.4199023357335, -75.63797516553522, -80.75052984946686, -86.51965934330535, -92.51179519549245, -98.7291647889729],
        "4": [-38.408570742309905, -42.30710984217976, -46.39599622073534, -50.6807921266383, -55.166546752286166, -59.857796233812316, -64.75856365108599, -69.87235902771229, -74.7677822258453, -74.98480600882411, -75.2021793310322, -75.41990233567876, -75.63797516465961, -80.7505084721225, -86.51931730579592, -92.51006363060097, -98.72369218882207]
    },
    "apdft_poly_coeff": [ -75.2021793310322, -21.754813966857256, -1.7484127396727445, -0.023758751410696274, 0.005472600150824292 ],
    "hf_energies": [-38.27227572128463, -42.13796468568049, -46.20404092841288, -50.47387348729773, -54.95049374976698, -59.63661278719535, -64.5347680275494, -69.64759243246988, -74.54333665934008, -74.76039974404995, -74.97781439198518, -75.19558072897718, -75.41369887827149, -80.52775969821815, -86.29883739331484, -92.29142001126549, -98.50495481292405],
    "triples_corrections": [-0.005976939647271668, -0.006136047896828046, -0.006193163375700247, -0.006157670522349637, -0.006041298782072271, -0.005850602297278607, -0.00558824015663684, -0.005260474676015973, -0.004907019998517598, -0.004890566668453326, -0.0048740257459514704, -0.004857397885339459, -0.004840683809344314, -0.0044353102879159684, -0.003970527621849429, -0.0035235152474807816, -0.003128253074250854],
    "scf_converged": [true, true, true, true, true, true, true, true, true, true, true, true, true, true, true, true, true],
    "cc_converged": [true, true, true, true, true, true, true, true, true, true, true, true, true, true, true, true, true],
    "scf_spin_squared": [2.022589955089782, 2.025607970180415, 2.034304470013556, 2.0502092804025174, 2.070326660873869, 2.084978470682522, 2.0844433706343266, 2.0681825960972615, 2.0479851586701803, 2.0471486287752283, 2.0463204669718422, 2.0455010809497756, 2.044690849357937, 2.02906458365142, 2.0185175371812543, 2.0125741603063747, 2.009185985934887],
    "cc_spin_squared": [2.0007090670204697, 2.0008163644147383, 2.0009874592758994, 2.001212713520923, 2.001440129963737, 2.001572831942778, 2.0015222229460905, 2.0012833607834173, 2.0009769328457385, 2.000963273892377, 2.0009496470093406, 2.0009366046723702, 2.0009230553732227, 2.000634284558837, 2.0003979315696414, 2.0002456101472914, 2.0001556357910433]
}