{
    "schema_name": "pyscf_apdft_output",
    "provenance": {
        "creator": "PySCF",
        "version": "1.7.6"
    },
    "molecule": {
        "geometry": [[0.0, 0.0, 0.0], [1.0, 0.0, 0.0]],
        "symbols": [ "F", "H" ]
    },
    "molecular_charge": 0,
    "molecular_multiplicity": 3,
    "name": "f.h.chrg0.mult3.sep1.00-pyscf-uccsdt.ccpv5z",
    "atomic_numbers": [ 9, 1 ],
    "n_electrons": 10,
    "model": {
        "method": "UCCSD(T)",
        "basis": "cc-pV5Z",
        "scf_conv_tol": 1e-09,
        "scf_conv_tol_grad": 1e-06,
        "cc_conv_tol": 1e-05,
        "cc_conv_tol_normt": 1e-07
    },
    "broken_symmetry": false,
    "finite_diff_delta": 0.01,
    "finite_diff_acc": 2,
    "apdft_lambdas": [-1.0, -0.75, -0.5, -0.25, -0.02, -0.01, 0.0, 0.01, 0.02, 0.25, 0.5, 0.75, 1.0],
    "electronic_energies": [-75.62876070921166, -81.38745663533739, -87.37941998700514, -93.60819399512128, -99.55024829624296, -99.81322132008266, -100.07658013951588, -100.34032479786255, -100.60445532524575, -106.78598695830574, -113.73639232533088, -120.92687973195095, -128.3561508349869],
    "apdft_energies": {
        "0": [-100.07658013951571, -100.07658013951571, -100.07658013951571, -100.07658013951571, -100.07658013951571, -100.07658013951571, -100.07658013951571, -100.07658013951571, -100.07658013951571, -100.07658013951571, -100.07658013951571, -100.07658013951571, -100.07658013951571],
        "1": [-73.72140625052127, -80.31019972276988, -86.89899319501849, -93.4877866672671, -99.54947666173582, -99.81302840062577, -100.07658013951571, -100.34013187840566, -100.6036836172956, -106.66537361176432, -113.25416708401293, -119.84296055626154, -126.43175402851016],
        "2": [-75.65060081945164, -81.39537166779321, -87.38129183725108, -93.60836132782525, -99.5502483395634, -99.81322132008266, -100.07658013951571, -100.34032479786255, -100.60445529512317, -106.78594827232247, -113.73646572624553, -120.92813250128488, -128.36094859744054],
        "3": [-75.64448056788683, -81.39278968666432, -87.38052680580549, -93.60826569889456, -99.55024829060139, -99.81322131396242, -100.07658013951571, -100.3403248039828, -100.60445534408518, -106.78604390125317, -113.73723075769112, -120.93071448241378, -128.36706884900534],
        "4": [-75.58948977078573, -81.37539025476904, -87.37708988098666, -93.60805089109337, -99.55024828180285, -99.8132213134125, -100.07658013951571, -100.34032480343289, -100.60445533528666, -106.785829093452, -113.73379383287231, -120.9133150505185, -128.31207805190422]
    },
    "apdft_poly_coeff": [ -100.07658013951571, -26.355173888994443, -1.9291945689303702, -0.006120251564804371, 0.05499079710110285 ],
    "hf_energies": [-75.33462245912835, -81.0914726622936, -87.08236411970806, -93.31101736834646, -99.25390413667552, -99.51693254446391, -99.78034819209724, -100.04415109650458, -100.30834127015824, -106.49157196694985, -113.44429920951201, -120.6373367085444, -128.06925339622663],
    "triples_corrections": [-0.007775911280343089, -0.007404203972106333, -0.006979399707621012, -0.006493336160350298, -0.005999287482910719, -0.0059772327752624045, -0.0059551570257638615, -0.005933063567094948, -0.00591095597099845, -0.005405991924769, -0.004889481986124555, -0.004426512078800613, -0.0040192456542701375],
    "scf_converged": [true, true, true, true, true, true, true, true, true, true, true, true, true],
    "cc_converged": [true, true, true, true, true, true, true, true, true, true, true, true, true],
    "scf_spin_squared": [2.007140363747257, 2.0066361293652757, 2.005968633212051, 2.005281312638652, 2.004740997418184, 2.004719926939586, 2.004699040486745, 2.0046783346030965, 2.0046578057266213, 2.004225926386166, 2.003814859174046, 2.0034435020182455, 2.003109648775447],
    "cc_spin_squared": [2.0001727715768274, 2.000161363746032, 2.000147997052263, 2.000131359298383, 2.000113429843362, 2.0001126244050225, 2.000111818610551, 2.0001110124843593, 2.0001102066085776, 2.0000921322413032, 2.0000747692954457, 2.0000605441693926, 2.0000492539468357]
}