{
    "schema_name": "pyscf_qa_output",
    "provenance": {
        "creator": "PySCF",
        "version": "1.7.6"
    },
    "molecule": {
        "geometry": [[0.0, 0.0, 0.0], [1.2, 0.0, 0.0]],
        "symbols": [ "Be", "H" ]
    },
    "molecular_charge": 1,
    "molecular_multiplicity": 1,
    "name": "be.h.chrg1.mult1.sep1.20-pyscf-ccsdt.ccpv5z",
    "atomic_numbers": [ 4, 1 ],
    "n_electrons": 4,
    "model": {
        "method": "CCSD(T)",
        "basis": "cc-pV5Z",
        "scf_conv_tol": 1e-09,
        "scf_conv_tol_grad": 1e-06,
        "cc_conv_tol": 1e-05,
        "cc_conv_tol_normt": 1e-07
    },
    "broken_symmetry": false,
    "finite_diff_delta": 0.01,
    "finite_diff_acc": 2,
    "qa_lambdas": [-1.0, -0.75, -0.5, -0.25, -0.02, -0.01, 0.0, 0.01, 0.02, 0.25, 0.5, 0.75, 1.0],
    "electronic_energies": [-8.030012843554355, -9.544519236319582, -11.196683361367375, -12.987733443365565, -14.759499034206181, -14.83924970252058, -14.91922778576711, -14.999433401384575, -15.07986666692926, -16.99293347549233, -19.21065185099478, -21.573979833210686, -24.084021971424004],
    "qats_energies": {
        "0": [-14.919227785767076, -14.919227785767076, -14.919227785767076, -14.919227785767076, -14.919227785767076, -14.919227785767076, -14.919227785767076, -14.919227785767076, -14.919227785767076, -14.919227785767076, -14.919227785767076, -14.919227785767076, -14.919227785767076],
        "1": [-6.910042842567277, -8.912339078367227, -10.914635314167176, -12.916931549967126, -14.75904408690308, -14.839135936335078, -14.919227785767076, -14.999319635199074, -15.079411484631072, -16.921524021567024, -18.923820257366977, -20.926116493166923, -22.928412728966876],
        "2": [-8.047704697582459, -9.552273871813266, -11.199050777920972, -12.988035415905575, -14.759499151645086, -14.83924970252058, -14.919227785767076, -14.999433401384575, -15.079866549373078, -16.992627887505474, -19.208235721120772, -21.566051286612964, -24.066074583982058],
        "3": [-8.028121773707372, -9.544012325803465, -11.196602912436585, -12.987729432720027, -14.759498994981694, -14.839249682937655, -14.919227785767076, -14.999433420967499, -15.07986670603647, -16.992933870691022, -19.210683586605157, -21.574312832622766, -24.085657507857142],
        "4": [-8.028610397663483, -9.544166929477077, -11.196633451433843, -12.987731341407356, -14.759498995059875, -14.839249682942542, -14.919227785767076, -14.999433420972386, -15.079866706114649, -16.99293577937835, -19.210714125602415, -21.57446743629638, -24.086146131813255]
    },
    "qats_poly_coeffs": [ -14.919227785767076, -8.009184943199799, -1.1376618550151818, -0.019582923875087012, -0.000488623956111193 ],
    "hf_energies": [-7.953539099628316, -9.47035129616154, -11.124512345574692, -12.917191895423027, -14.690098636012184, -14.76989090842197, -14.849909925908944, -14.930155806072907, -15.010628666693114, -16.92442273801352, -19.1425436687718, -21.505890097486734, -24.015572041670424],
    "triples_corrections": [-0.00020796940639999397, -0.00018373892719630028, -0.0001721495067512286, -0.0001697709924932057, -0.00017433667486459653, -0.00017467188951950858, -0.00017501823777198261, -0.0001753756945238181, -0.00017574423517623193, -0.00018722386580801353, -0.00020588094572249015, -0.00022977293917156202, -0.0002562294298382314],
    "scf_converged": [true, true, true, true, true, true, true, true, true, true, true, true, true],
    "cc_converged": [true, true, true, true, true, true, true, true, true, true, true, true, true],
    "t1_diagnostic": [0.005017465617151825, 0.004872261575020158, 0.005167220849867012, 0.005721333364276971, 0.00646194697410042, 0.006499816858876938, 0.0065381892097226705, 0.006577067231004993, 0.006616454022228244, 0.007667705559691547, 0.00912066535015355, 0.010807590631734863, 0.012531315789725425]
}