{
    "schema_name": "pyscf_apdft_output",
    "provenance": {
        "creator": "PySCF",
        "version": "1.7.6"
    },
    "molecule": {
        "geometry": [[0.0, 0.0, 0.0], [1.4, 0.0, 0.0]],
        "symbols": [ "N", "H" ]
    },
    "molecular_charge": 0,
    "molecular_multiplicity": 3,
    "name": "n.h.chrg0.mult3.sep1.40-pyscf-uccsdt.ccpv5z",
    "atomic_numbers": [ 7, 1 ],
    "n_electrons": 8,
    "model": {
        "method": "UCCSD(T)",
        "basis": "cc-pV5Z",
        "scf_conv_tol": 1e-09,
        "scf_conv_tol_grad": 1e-06,
        "cc_conv_tol": 1e-05,
        "cc_conv_tol_normt": 1e-07
    },
    "broken_symmetry": false,
    "finite_diff_delta": 0.01,
    "finite_diff_acc": 2,
    "apdft_lambdas": [-1.0, -0.75, -0.5, -0.25, -0.02, -0.01, 0.0, 0.01, 0.02, 0.25, 0.5, 0.75, 1.0, 1.25, 1.5, 1.75, 2.0],
    "electronic_energies": [-38.47148022907975, -42.33543148827456, -46.401223006884884, -50.6717567926608, -54.783573838827174, -54.96635204184019, -55.14946493194685, -55.332912632115665, -55.51669526483143, -59.8364138209393, -64.73449009955448, -69.84561924922224, -75.17180241899628, -80.71474128353269, -86.4751331209781, -92.4520298714861, -98.6428435406982],
    "apdft_energies": {
        "0": [-55.14946493194688, -55.14946493194688, -55.14946493194688, -55.14946493194688, -55.14946493194688, -55.14946493194688, -55.14946493194688, -55.14946493194688, -55.14946493194688, -55.14946493194688, -55.14946493194688, -55.14946493194688, -55.14946493194688, -55.14946493194688, -55.14946493194688, -55.14946493194688, -55.14946493194688],
        "1": [-36.82143541817307, -41.40344279661652, -45.985450175059974, -50.56745755350343, -54.782904341671404, -54.966184636809146, -55.14946493194688, -55.332745227084615, -55.51602552222236, -59.73147231039033, -64.31347968883378, -68.89548706727724, -73.4774944457207, -78.05950182416414, -82.64150920260761, -87.22351658105106, -91.80552395949451],
        "2": [-38.49548572863593, -42.34509609625188, -46.40396275267569, -50.672085697907356, -54.78357396179559, -54.96635204184019, -55.14946493194688, -55.332912632115665, -55.51669514234654, -59.83610045479426, -64.73199226644951, -69.83714036691259, -75.15154475618355, -80.67520543426237, -86.40812240114903, -92.35029565684357, -98.50172520134595],
        "3": [-38.475031286939966, -42.3364668786614, -46.401405947463694, -50.671766097255855, -54.783573798160056, -54.966352021385745, -55.14946493194688, -55.33291265257011, -55.516695305982076, -59.836420055445764, -64.73454907166149, -69.84576958450309, -75.17199919787952, -80.71515551569979, -86.47715614187291, -92.45991868030785, -98.66536073491363],
        "4": [-38.47301657261866, -42.335829410458174, -46.401280027818615, -50.67175822727804, -54.783573797837704, -54.9663520213656, -55.14946493194688, -55.33291265254996, -55.516695305659724, -59.83641218546794, -64.73442315201642, -69.84513211629985, -75.16998448355821, -80.7102367795638, -86.46695665062131, -92.44102286356784, -98.63312530577284]
    },
    "apdft_poly_coeff": [ -55.14946493194688, -18.328029513773814, -1.6740503104628601, -0.020454441695960664, 0.0020147143213004406 ],
    "hf_energies": [-38.27193168862805, -42.13066588044597, -46.19204639759304, -50.45920680064543, -54.56881969365233, -54.75151695005005, -54.93454985714583, -55.1179185036837, -55.30162297810811, -59.61972040615567, -64.51625654042402, -69.62637656483133, -74.9531389327897, -80.49870287732453, -86.26279533934552, -92.24347513295189, -98.43778334467251],
    "triples_corrections": [-0.006740008991220207, -0.0068363796426100494, -0.006828594771699689, -0.00674488241073134, -0.006608318120912776, -0.006600871603944521, -0.006593284300407252, -0.006585554316743591, -0.0065776797687911994, -0.0063527977003444164, -0.006005455337153696, -0.005571526952670606, -0.005093139087943799, -0.004554235972037023, -0.003979128308444862, -0.003451230719532105, -0.003014211124992184],
    "scf_converged": [true, true, true, true, true, true, true, true, true, true, true, true, true, true, true, true, true],
    "cc_converged": [true, true, true, true, true, true, true, true, true, true, true, true, true, true, true, true, true],
    "scf_spin_squared": [2.0272374554771138, 2.0429372287466396, 2.082209701735487, 2.144859830318936, 2.1999329212519636, 2.2018948191296026, 2.203808640330281, 2.205673210733928, 2.207487391972126, 2.2331192709902643, 2.2194005388919864, 2.160945966452604, 2.0864356452843036, 2.0402300777165494, 2.0207984540714503, 2.0126836762841496, 2.0088702578528284],
    "cc_spin_squared": [2.0011132835500884, 2.0014890382876436, 2.002112883788703, 2.0029505527771745, 2.003690843952451, 2.003717566363708, 2.003743614886711, 2.003768964086733, 2.0037935888119556, 2.0041090003437336, 2.0037839743759696, 2.0028671178887727, 2.0017993540196493, 2.0009952407321263, 2.000523172922354, 2.000280210285478, 2.00016157042462]
}