{
    "schema_name": "pyscf_qa_output",
    "provenance": {
        "creator": "PySCF",
        "version": "1.7.6"
    },
    "molecule": {
        "geometry": [[0.0, 0.0, 0.0], [0.6, 0.0, 0.0]],
        "symbols": [ "Li", "H" ]
    },
    "molecular_charge": 0,
    "molecular_multiplicity": 1,
    "name": "li.h.chrg0.mult1.sep0.60-pyscf-ccsdt.ccpv5z",
    "atomic_numbers": [ 3, 1 ],
    "n_electrons": 4,
    "model": {
        "method": "CCSD(T)",
        "basis": "cc-pV5Z",
        "scf_conv_tol": 1e-09,
        "scf_conv_tol_grad": 1e-06,
        "cc_conv_tol": 1e-05,
        "cc_conv_tol_normt": 1e-07
    },
    "broken_symmetry": false,
    "finite_diff_delta": 0.01,
    "finite_diff_acc": 2,
    "qa_lambdas": [-0.02, -0.01, 0.0, 0.01, 0.02, 0.25, 0.5, 0.75, 1.0, 1.25, 1.5, 1.75, 2.0],
    "electronic_energies": [-7.42696154576938, -7.482884092799353, -7.539049395395903, -7.595457200999374, -7.6521072607094585, -9.021394071668674, -10.651976068249, -12.427956830229942, -14.34655258774169, -16.404657964628168, -18.598590883611827, -20.923958982230722, -23.375645540996175],
    "qats_energies": {
        "0": [-7.539049395396594, -7.539049395396594, -7.539049395396594, -7.539049395396594, -7.539049395396594, -7.539049395396594, -7.539049395396594, -7.539049395396594, -7.539049395396594, -7.539049395396594, -7.539049395396594, -7.539049395396594, -7.539049395396594],
        "1": [-7.426476287196573, -7.482762841296584, -7.539049395396594, -7.595335949496604, -7.651622503596615, -8.946213247896853, -10.353377100397113, -11.760540952897372, -13.167704805397632, -14.574868657897891, -15.98203251039815, -17.38919636289841, -18.79636021539867],
        "2": [-7.426961293207652, -7.482884092799353, -7.539049395396594, -7.595457200999374, -7.652107509607694, -9.021995437127952, -10.65650585732151, -12.442580655977267, -14.380219833095223, -16.46942338867538, -18.710191322717733, -21.102523635222283, -23.646420326189038],
        "3": [-7.426961627514294, -7.4828841345876835, -7.539049395396594, -7.595457159211044, -7.652107175301052, -9.021342494467365, -10.65128231603681, -12.424951204141403, -14.338431502817617, -16.387805556101927, -18.569155708030806, -20.878564302640733, -23.312113683968178],
        "4": [-7.426961629956625, -7.482884134740329, -7.539049395396594, -7.59545715936369, -7.652107177743382, -9.021402121669269, -10.652236351267256, -12.429781007495533, -14.353696066504746, -16.42507255729121, -18.646432561696905, -21.021729214409483, -23.556346702962266]
    },
    "qats_poly_coeffs": [ -7.539049395396594, -5.628655410001038, -1.2125150276975916, 0.041788330277607116, -0.015264563687130325 ],
    "hf_energies": [-7.340037663326996, -7.3960422407501, -7.452289792171742, -7.508780074088215, -7.565512846132226, -8.936780679301437, -10.5697114822625, -12.348235990477317, -14.269521350927885, -16.330384503561245, -18.527047893730565, -20.85501791253693, -23.30908299523232],
    "triples_corrections": [-0.0005894190431426638, -0.0005816279525698528, -0.0005740309039949573, -0.0005666206349190944, -0.0005593902479021275, -0.00043091166983027, -0.00034285248905059856, -0.0002837781658782359, -0.00024179866090625574, -0.0002105580444430299, -0.00018637003183709431, -0.00016702839887935256, -0.0001512085857117877],
    "scf_converged": [true, true, true, true, true, true, true, true, true, true, true, true, true],
    "cc_converged": [true, true, true, true, true, true, true, true, true, true, true, true, true],
    "t1_diagnostic": [0.008761452180965856, 0.008603402515374932, 0.008450770218735441, 0.008303334843312185, 0.008160886021766326, 0.005894644631455286, 0.004679741274895496, 0.004044177393290573, 0.0036982497405448167, 0.003522356863453834, 0.0034645670416849393, 0.0035019573183549253, 0.0036244630760877664]
}