{
    "schema_name": "pyscf_qa_output",
    "provenance": {
        "creator": "PySCF",
        "version": "1.7.6"
    },
    "molecule": {
        "geometry": [[0.0, 0.0, 0.0], [0.9, 0.0, 0.0]],
        "symbols": [ "Be", "H" ]
    },
    "molecular_charge": 0,
    "molecular_multiplicity": 4,
    "name": "be.h.chrg0.mult4.sep0.90-pyscf-uccsdt.ccpv5z",
    "atomic_numbers": [ 4, 1 ],
    "n_electrons": 5,
    "model": {
        "method": "UCCSD(T)",
        "basis": "cc-pV5Z",
        "scf_conv_tol": 1e-09,
        "scf_conv_tol_grad": 1e-06,
        "cc_conv_tol": 1e-05,
        "cc_conv_tol_normt": 1e-07
    },
    "broken_symmetry": false,
    "finite_diff_delta": 0.01,
    "finite_diff_acc": 2,
    "qa_lambdas": [-1.0, -0.75, -0.5, -0.25, -0.02, -0.01, 0.0, 0.01, 0.02, 0.25, 0.5, 0.75, 1.0, 1.25, 1.5, 1.75, 2.0],
    "electronic_energies": [-7.775689224380883, -9.313848484426147, -11.007173092343045, -12.858388012405191, -14.701784778168376, -14.784984067079806, -14.868437612986673, -14.952145406709656, -15.036107438619895, -17.037375616491026, -19.36496912693994, -21.850729902110448, -24.493752487532255, -27.292566564502945, -30.24503687969838, -33.34831010236292, -36.59880787632551],
    "qats_energies": {
        "0": [-14.868437612986725, -14.868437612986725, -14.868437612986725, -14.868437612986725, -14.868437612986725, -14.868437612986725, -14.868437612986725, -14.868437612986725, -14.868437612986725, -14.868437612986725, -14.868437612986725, -14.868437612986725, -14.868437612986725, -14.868437612986725, -14.868437612986725, -14.868437612986725, -14.868437612986725],
        "1": [-6.51037063149424, -8.599887376867361, -10.689404122240482, -12.778920867613603, -14.701276273356875, -14.7848569431718, -14.868437612986725, -14.95201828280165, -15.035598952616574, -16.957954358359846, -19.047471103732967, -21.136987849106088, -23.22650459447921, -25.31602133985233, -27.40553808522545, -29.495054830598573, -31.584571575971694],
        "2": [-7.781609711559341, -9.31495935940398, -11.007213892256758, -12.858373310117672, -14.701784768988901, -14.784984067079806, -14.868437612986725, -14.952145406709656, -15.0361074482486, -17.037406800863913, -19.365280873749242, -21.852059831642705, -24.49774367454431, -27.30233240245405, -30.26582601537193, -33.38822451329794, -36.6695278962321],
        "3": [-7.783177059884541, -9.315620584478674, -11.007409810797407, -12.858397799935254, -14.701784781527687, -14.784984068647155, -14.868437612986725, -14.952145405142307, -15.036107435709814, -17.037382311046333, -19.36508495520859, -21.85139860656801, -24.496176326219107, -27.299271175256393, -30.260536214774376, -33.379824505867575, -36.65698910963049],
        "4": [-7.781305253470971, -9.31502833323063, -11.00729282289656, -12.85839048819145, -14.701784781228199, -14.784984068628436, -14.868437612986725, -14.95214540512359, -15.036107435410324, -17.03737499930253, -19.364967967307745, -21.850806355319968, -24.49430451980554, -27.294701335379514, -30.251060194805675, -33.36226900899654, -36.627040207013366]
    },
    "qats_poly_coeffs": [ -14.868437612986725, -8.358066981492485, -1.2712390800651008, 0.0015673483252006308, 0.0018718064135706907 ],
    "hf_energies": [-7.72748156881702, -9.265430167190681, -10.958855340430695, -12.810682806877578, -14.654981457511067, -14.738225352378858, -14.82172389061071, -14.905477056841859, -14.989484835454467, -16.99189727035682, -19.32090288484406, -21.80822333934656, -24.452935406857126, -27.25354866088486, -30.2079009534118, -33.31310673280365, -36.565554650082746],
    "triples_corrections": [-0.00020375741814782785, -0.00020910917392557302, -0.00020610690779268058, -0.0001953123712012623, -0.00018289973155953, -0.00018234458598623295, -0.00018178899011166253, -0.0001812330134190441, -0.0001806767219887407, -0.00016790975527403458, -0.00015440076305002352, -0.00014152017800115804, -0.00012931391297380047, -0.00011770794416701184, -0.00010660037732729102, -9.592372665804694e-05, -8.566803605053908e-05],
    "scf_converged": [true, true, true, true, true, true, true, true, true, true, true, true, true, true, true, true, true],
    "cc_converged": [true, true, true, true, true, true, true, true, true, true, true, true, true, true, true, true, true],
    "scf_spin_squared": [3.7500867160624773, 3.7500491781367407, 3.7500301086640158, 3.750020599133863, 3.7500160583111297, 3.750015916469825, 3.750015778247086, 3.750015643544207, 3.7500155122654326, 3.7500132545690152, 3.750011896869072, 3.7500111390690174, 3.75001067463146, 3.7500103254517354, 3.7500099856368356, 3.750009597075234, 3.7500091366006947],
    "cc_spin_squared": [3.7500023712761514, 3.750001551357636, 3.7500010982667344, 3.7500008207259965, 3.750000651820765, 3.7500006457890125, 3.7500006398487633, 3.7500006339980763, 3.750000628235192, 3.750000516274225, 3.750000427371133, 3.7500003600774368, 3.7500003067474386, 3.7500002627227618, 3.750000225151098, 3.750000192296482, 3.7500001631578828]
}