{
    "schema_name": "pyscf_qa_output",
    "provenance": {
        "creator": "PySCF",
        "version": "1.7.6"
    },
    "molecule": {
        "geometry": [[0.0, 0.0, 0.0], [0.8, 0.0, 0.0]],
        "symbols": [ "N", "H" ]
    },
    "molecular_charge": 0,
    "molecular_multiplicity": 1,
    "name": "n.h.chrg0.mult1.sep0.80-pyscf-ccsdt.ccpv5z",
    "atomic_numbers": [ 7, 1 ],
    "n_electrons": 8,
    "model": {
        "method": "CCSD(T)",
        "basis": "cc-pV5Z",
        "scf_conv_tol": 1e-09,
        "scf_conv_tol_grad": 1e-06,
        "cc_conv_tol": 1e-05,
        "cc_conv_tol_normt": 1e-07
    },
    "broken_symmetry": false,
    "finite_diff_delta": 0.01,
    "finite_diff_acc": 2,
    "qa_lambdas": [-1.0, -0.75, -0.5, -0.25, -0.02, -0.01, 0.0, 0.01, 0.02, 0.25, 0.5, 0.75, 1.0, 1.25, 1.5, 1.75, 2.0],
    "electronic_energies": [-38.33614292236941, -42.21372791657191, -46.291903304991266, -50.57306715493928, -54.692471694732596, -54.87552048583126, -55.058898473853155, -55.242605712920415, -55.42664225619588, -59.75047864933363, -64.64850726461464, -69.75343560600034, -75.06552736854798, -80.58482005988627, -86.31106547796064, -92.24366596316843, -98.38161911017181],
    "qats_energies": {
        "0": [-55.058898473853134, -55.058898473853134, -55.058898473853134, -55.058898473853134, -55.058898473853134, -55.058898473853134, -55.058898473853134, -55.058898473853134, -55.058898473853134, -55.058898473853134, -55.058898473853134, -55.058898473853134, -55.058898473853134, -55.058898473853134, -55.058898473853134, -55.058898473853134, -55.058898473853134],
        "1": [-36.70463711939534, -41.29320245800979, -45.88176779662424, -50.47033313523869, -54.69181324676398, -54.87535586030856, -55.058898473853134, -55.24244108739771, -55.42598370094229, -59.64746381246758, -64.23602915108202, -68.82459448969648, -73.41315982831092, -78.00172516692537, -82.59029050553983, -87.17885584415427, -91.76742118276871],
        "2": [-38.35089234643222, -42.21922102321803, -46.29333160338346, -50.57322408692849, -54.69247174885479, -54.87552048583126, -55.058898473853134, -55.242605712920415, -55.426642203033104, -59.750354764157386, -64.64759295784125, -69.75061305490472, -75.0594150553478, -80.5739989591705, -86.29436476637278, -92.2205124769547, -98.35244209091621],
        "3": [-38.341951931801376, -42.21544928579564, -46.2922140515546, -50.57308439294988, -54.692471677331476, -54.87552047689084, -55.058898473853134, -55.242605721860826, -55.42664227455642, -59.75049445813599, -64.64871050967011, -69.7543847923271, -75.06835546997864, -80.59146070649635, -86.32453866575187, -92.26842751161686, -98.42396540796295],
        "4": [-38.33795435915809, -42.214184428826485, -46.2919642032644, -50.57306877743174, -54.692471676691866, -54.875520476850866, -55.058898473853134, -55.24260572182085, -55.42664227391681, -59.75047884261785, -64.6484606613799, -69.75311993535794, -75.06435789733536, -80.58170100766021, -86.30430095424526, -92.23093465256797, -98.36000424567047]
    },
    "qats_poly_coeffs": [ -55.058898473853134, -18.35426135445779, -1.6462552270368747, -0.008940414630842495, 0.003997572643280971 ],
    "hf_energies": [-38.11224753528991, -41.98469361187008, -46.058474533191465, -50.33577256795026, -54.45193186369676, -54.634844821761234, -54.8180873747354, -55.0016595731479, -55.18556146674871, -59.50640500164514, -64.40139208705631, -69.50351555136321, -74.81306445931416, -80.33010569523668, -86.05441401277339, -91.98540297380602, -98.12206876517808],
    "triples_corrections": [-0.008131819057291918, -0.008432722399521073, -0.008717027200115707, -0.00900907425177122, -0.009302528549574647, -0.009315967643132656, -0.009329465742955827, -0.009343022931072547, -0.009356639263402489, -0.009685038555035108, -0.010076272572441501, -0.010494041646988585, -0.010931758341273603, -0.011381904086541599, -0.011837514696114333, -0.012292574486842487, -0.012741565785630274],
    "scf_converged": [true, true, true, true, true, true, true, true, true, true, true, true, true, true, true, true, true],
    "cc_converged": [true, true, true, true, true, true, true, true, true, true, true, true, true, true, true, true, true],
    "t1_diagnostic": [0.009181607755242186, 0.007617149375645811, 0.006574867763060161, 0.00590876632729529, 0.0054711742863282125, 0.005454388868657935, 0.005437746490199786, 0.005421243097286534, 0.005404874788053366, 0.005058452229559875, 0.004728577822781337, 0.004431450325964715, 0.004160740302016993, 0.0039131577695872815, 0.0036860456305224517, 0.0034764318703289477, 0.003281167353306558]
}