{
    "schema_name": "pyscf_qa_output",
    "provenance": {
        "creator": "PySCF",
        "version": "1.7.6"
    },
    "molecule": {
        "geometry": [[0.0, 0.0, 0.0], [0.7, 0.0, 0.0]],
        "symbols": [ "O", "H" ]
    },
    "molecular_charge": 1,
    "molecular_multiplicity": 3,
    "name": "o.h.chrg1.mult3.sep0.70-pyscf-uccsdt.ccpv5z",
    "atomic_numbers": [ 8, 1 ],
    "n_electrons": 8,
    "model": {
        "method": "UCCSD(T)",
        "basis": "cc-pV5Z",
        "scf_conv_tol": 1e-09,
        "scf_conv_tol_grad": 1e-06,
        "cc_conv_tol": 1e-05,
        "cc_conv_tol_normt": 1e-07
    },
    "broken_symmetry": false,
    "finite_diff_delta": 0.01,
    "finite_diff_acc": 2,
    "qa_lambdas": [-2.0, -1.75, -1.5, -1.25, -1.0, -0.75, -0.5, -0.25, -0.02, -0.01, 0.0, 0.01, 0.02, 0.25, 0.5, 0.75, 1.0],
    "electronic_energies": [-38.24758474041582, -42.138939809793506, -46.23016789843314, -50.52345605045514, -55.02052173954662, -59.72267887986089, -64.63097114592716, -69.74629762705091, -74.63596164838584, -74.8525561037684, -75.06948432507099, -75.28674635925756, -75.50434225307379, -80.60129693295256, -86.3424129390278, -92.29337196427237, -98.45452314955172],
    "qats_energies": {
        "0": [-75.069484325071, -75.069484325071, -75.069484325071, -75.069484325071, -75.069484325071, -75.069484325071, -75.069484325071, -75.069484325071, -75.069484325071, -75.069484325071, -75.069484325071, -75.069484325071, -75.069484325071, -75.069484325071, -75.069484325071, -75.069484325071, -75.069484325071],
        "1": [-31.65045877615539, -37.07783696976984, -42.50521516338429, -47.932593356998744, -53.359971550613196, -58.78734974422765, -64.2147279378421, -69.64210613145656, -74.63529406958185, -74.85238919732643, -75.069484325071, -75.28657945281557, -75.50367458056016, -80.49686251868545, -85.9242407122999, -91.35161890591436, -96.77899709952881],
        "2": [-38.32671645547207, -42.18934675549667, -46.26061010799992, -50.54050651298182, -55.029035970442365, -59.726198480381555, -64.63199404279939, -69.74642265769587, -74.63596169534978, -74.8525561037684, -75.069484325071, -75.28674635925756, -75.50434220632809, -80.60117904492478, -86.3415068172572, -92.29046764206826, -98.44806151935798],
        "3": [-38.26424336862022, -42.147494668015845, -46.2342542744843, -50.52525429451214, -55.02122683458589, -59.722904001192106, -64.63101790081733, -69.74630063994812, -74.63596163287669, -74.85255609595927, -75.069484325071, -75.2867463670667, -75.50434226880118, -80.60130106267253, -86.34248295923926, -92.29376212125771, -98.45587065521445],
        "4": [-38.2496942955628, -42.13896626850147, -46.229650856837225, -50.523034282143755, -55.0203175175198, -59.72261628758916, -64.6309610685007, -69.74629708792833, -74.6359616327312, -74.85255609595018, -75.069484325071, -75.2867463670576, -75.50434226865569, -80.60129751065274, -86.34242612692263, -92.29347440765477, -98.45496133814837]
    },
    "qats_poly_coeffs": [ -75.069484325071, -21.709512774457806, -1.6690644198291693, -0.007809135856480982, 0.0009093170660889882 ],
    "hf_energies": [-38.04810008047094, -41.936008938094346, -46.02477451121677, -50.31634199695357, -54.81217815677149, -59.513408214110655, -64.42096969064441, -69.53572210432773, -74.42499676210936, -74.64157752105908, -74.85849232773542, -75.0757412307118, -75.29332427835548, -80.3900660116658, -86.13114620846405, -92.0822976806525, -98.24388868366412],
    "triples_corrections": [-0.004790178040998995, -0.0047127633911325855, -0.004551062247622702, -0.00433141417178599, -0.00408650647357479, -0.0038416115506632585, -0.0036102103853867685, -0.0033965390783592653, -0.0032150188107790746, -0.003207423696469678, -0.0031998518064299554, -0.003192302952130801, -0.003184776944930798, -0.0030175556740354723, -0.0028468581504905847, -0.002685412736210199, -0.0025314966749166302],
    "scf_converged": [true, true, true, true, true, true, true, true, true, true, true, true, true, true, true, true, true],
    "cc_converged": [true, true, true, true, true, true, true, true, true, true, true, true, true, true, true, true, true],
    "scf_spin_squared": [2.021449164876653, 2.0176813780559124, 2.0150047189813116, 2.0130284132892444, 2.0115328801904377, 2.010376330433077, 2.0094591409482967, 2.0087102390489084, 2.0081260539362398, 2.0081024395590092, 2.008078956366203, 2.008055602435592, 2.008032375871512, 2.0075293488667434, 2.0070360190102963, 2.0065815242187117, 2.0061544309281842],
    "cc_spin_squared": [2.000581487733789, 2.0004567475073576, 2.000363439606172, 2.0002914593714385, 2.0002360224740494, 2.0001935065546483, 2.000160786123753, 2.0001353598723197, 2.000116722841951, 2.000115996507205, 2.000115276470972, 2.0001145626564547, 2.0001138549877164, 2.0000991148150202, 2.000085836270771, 2.0000747640364525, 2.0000653535500894]
}