{
    "schema_name": "pyscf_apdft_output",
    "provenance": {
        "creator": "PySCF",
        "version": "1.7.6"
    },
    "molecule": {
        "geometry": [[0.0, 0.0, 0.0], [0.6, 0.0, 0.0]],
        "symbols": [ "O", "H" ]
    },
    "molecular_charge": 1,
    "molecular_multiplicity": 3,
    "name": "o.h.chrg1.mult3.sep0.60-pyscf-uccsdt.ccpv5z",
    "atomic_numbers": [ 8, 1 ],
    "n_electrons": 8,
    "model": {
        "method": "UCCSD(T)",
        "basis": "cc-pV5Z",
        "scf_conv_tol": 1e-09,
        "scf_conv_tol_grad": 1e-06,
        "cc_conv_tol": 1e-05,
        "cc_conv_tol_normt": 1e-07
    },
    "broken_symmetry": false,
    "finite_diff_delta": 0.01,
    "finite_diff_acc": 2,
    "apdft_lambdas": [-2.0, -1.75, -1.5, -1.25, -1.0, -0.75, -0.5, -0.25, -0.02, -0.01, 0.0, 0.01, 0.02, 0.25, 0.5, 0.75, 1.0],
    "electronic_energies": [-38.00888345233422, -41.902377570456125, -45.99656676478191, -50.293335845166574, -54.79406760449492, -59.49974097124038, -64.4110850212252, -69.52871110033261, -74.41960033274721, -74.63622561556161, -74.85318266888117, -75.07047152503108, -75.28809221617908, -80.38502585919052, -86.1247029674818, -92.072569665394, -98.22882873012566],
    "apdft_energies": {
        "0": [-74.85318266888116, -74.85318266888116, -74.85318266888116, -74.85318266888116, -74.85318266888116, -74.85318266888116, -74.85318266888116, -74.85318266888116, -74.85318266888116, -74.85318266888116, -74.85318266888116, -74.85318266888116, -74.85318266888116, -74.85318266888116, -74.85318266888116, -74.85318266888116, -74.85318266888116],
        "1": [-31.42859172193441, -36.856665590302754, -42.2847394586711, -47.71281332703944, -53.140887195407785, -58.56896106377613, -63.99703493214447, -69.42510880051282, -74.4189367594117, -74.63605971414643, -74.85318266888116, -75.0703056236159, -75.28742857835063, -80.2812565372495, -85.70933040561785, -91.13740427398619, -96.56547814235454],
        "2": [-38.06464832941076, -41.93739643040183, -46.01752130037654, -50.30502293933489, -54.79990134727687, -59.50215652420249, -64.41178847011174, -69.52879718500463, -74.41960036507244, -74.63622561556161, -74.85318266888116, -75.07047152503108, -75.28809218401138, -80.38494492174132, -86.12408394358512, -92.07059973441255, -98.22449229422362],
        "3": [-38.0216530379355, -41.90859294412056, -45.99938266178542, -50.29452604200206, -54.79452693584247, -59.499889194378596, -64.41111666868244, -69.52871320982597, -74.41960032207714, -74.6362256101872, -74.85318266888116, -75.0704715304055, -75.28809222700667, -80.38502889691999, -86.12475574501443, -92.07286706423645, -98.22986670565803],
        "4": [-38.011149321520335, -41.902435858399656, -45.99605922026343, -50.29292330207055, -54.79387045356651, -59.499681479283474, -64.4110756385402, -69.52871064544208, -74.41960032197211, -74.63622561018063, -74.85318266888116, -75.07047153039893, -75.28809222690163, -80.3850263325361, -86.12471471487217, -92.07265934914132, -98.22921022338208]
    },
    "apdft_poly_coeff": [ -74.85318266888116, -21.712295473473375, -1.659014151869087, -0.005374411434407495, 0.0006564822759476859 ],
    "hf_energies": [-37.807223027985515, -41.69770930443949, -45.78987539588896, -50.08534020202779, -54.58522945418323, -59.29033563514411, -64.20128323573678, -69.31864070831166, -74.20938920634973, -74.42601077005689, -74.64296431087689, -74.86024986204356, -75.07786745664673, -80.17478967824367, -85.91459470846158, -91.8627518493277, -98.01947982039466],
    "triples_corrections": [-0.004774030476065915, -0.004647918801881065, -0.004442520868259508, -0.004189191320522563, -0.003921607494932963, -0.003663123331918393, -0.0034246178894992026, -0.003208393859411566, -0.0030276102705699953, -0.0030201065678323947, -0.003012630823599439, -0.003005182828312254, -0.002997762372867904, -0.0028342233717781914, -0.002670106098348215, -0.0025177037155002086, -0.002374991181207509],
    "scf_converged": [true, true, true, true, true, true, true, true, true, true, true, true, true, true, true, true, true],
    "cc_converged": [true, true, true, true, true, true, true, true, true, true, true, true, true, true, true, true, true],
    "scf_spin_squared": [2.023302523473333, 2.0185576817953983, 2.015222937192158, 2.012823658612234, 2.0110671053077285, 2.009754730482559, 2.008747853664619, 2.0079514372659104, 2.0073493167160614, 2.007325384295927, 2.007301618657459, 2.0072780175933898, 2.007254578930866, 2.00675578429552, 2.0062851681425844, 2.0058700457893597, 2.0054967099850303],
    "cc_spin_squared": [2.000628151625663, 2.000481370717761, 2.0003697947535652, 2.0002861151030045, 2.0002244568340846, 2.0001793096062297, 2.0001460482450266, 2.000121097112244, 2.0001033237257815, 2.000102640072444, 2.0001019630279195, 2.0001012925039916, 2.0001006284139464, 2.000086949369586, 2.000074902674312, 2.0000650602280237, 2.0000568716544014]
}