{
    "schema_name": "pyscf_qa_output",
    "provenance": {
        "creator": "PySCF",
        "version": "1.7.6"
    },
    "molecule": {
        "geometry": [[0.0, 0.0, 0.0], [1.7, 0.0, 0.0]],
        "symbols": [ "O", "H" ]
    },
    "molecular_charge": 0,
    "molecular_multiplicity": 4,
    "name": "o.h.chrg0.mult4.sep1.70-pyscf-uccsdt.ccpv5z",
    "atomic_numbers": [ 8, 1 ],
    "n_electrons": 9,
    "model": {
        "method": "UCCSD(T)",
        "basis": "cc-pV5Z",
        "scf_conv_tol": 1e-09,
        "scf_conv_tol_grad": 1e-06,
        "cc_conv_tol": 1e-05,
        "cc_conv_tol_normt": 1e-07
    },
    "broken_symmetry": false,
    "finite_diff_delta": 0.01,
    "finite_diff_acc": 2,
    "qa_lambdas": [-1.0, -0.75, -0.5, -0.25, -0.02, -0.01, 0.0, 0.01, 0.02, 0.25, 0.5, 0.75, 1.0, 1.25, 1.5, 1.75, 2.0],
    "electronic_energies": [-55.09548217176447, -59.86712703119097, -64.86092019437957, -70.07937883724144, -75.07897798972908, -75.30065804247275, -75.52269625692222, -75.7450925453218, -75.9678468194421, -81.18979249412875, -87.07928143909197, -93.1897943211076, -99.51999264793383, -106.06849288498246, -112.83378652160405, -119.81418512710738, -127.00779612796501],
    "qats_energies": {
        "0": [-75.52269625692225, -75.52269625692225, -75.52269625692225, -75.52269625692225, -75.52269625692225, -75.52269625692225, -75.52269625692225, -75.52269625692225, -75.52269625692225, -75.52269625692225, -75.52269625692225, -75.52269625692225, -75.52269625692225, -75.52269625692225, -75.52269625692225, -75.52269625692225, -75.52269625692225],
        "1": [-53.3009711144698, -58.856402400082914, -64.41183368569602, -69.96726497130913, -75.0782617540732, -75.30047900549772, -75.52269625692225, -75.74491350834677, -75.9671307597713, -81.07812754253536, -86.63355882814847, -92.18899011376158, -97.74442139937469, -103.2998526849878, -108.85528397060091, -114.41071525621402, -119.96614654182713],
        "2": [-55.091340864737276, -59.86348538460837, -64.85942612326289, -70.07916308070085, -75.0789779019733, -75.30065804247275, -75.52269625692225, -75.7450925453218, -75.9678469076714, -81.19002565192707, -87.08115126571533, -93.19607309828703, -99.53479114964216, -106.09730541978072, -112.88361590870272, -119.89372261640816, -127.12762554289702],
        "3": [-55.10600628798345, -59.86967236004034, -64.86125930116866, -70.07939222793907, -75.07897801929668, -75.30065805713816, -75.52269625692225, -75.74509253065638, -75.96784679034802, -81.18979650468886, -87.07931808780957, -93.18988612285506, -99.52012572639599, -106.06866201500306, -112.83412010524691, -119.81512511369823, -127.01030215692768],
        "4": [-55.104033229230026, -59.869048071919146, -64.86113598499658, -70.07938452067832, -75.078978018981, -75.30065805711844, -75.52269625692225, -75.74509253063664, -75.96784679003233, -81.1897887974281, -87.07919477163748, -93.18926183473386, -99.51815266764258, -106.06384497703084, -112.82413149530774, -119.7966199806242, -126.97873321687302]
    },
    "qats_poly_coeffs": [ -75.52269625692225, -22.221725142452442, -1.7903697502674731, 0.014665423246166633, 0.0019730587534165047 ],
    "hf_energies": [-54.86811124406985, -59.635756026991295, -64.6299681282476, -69.85146215470796, -74.85400217130525, -75.07580156983104, -75.29795828200268, -75.52047221582377, -75.74334328014889, -80.96774650131667, -86.8594990232425, -92.97201819417616, -99.3041054399407, -105.85446824025438, -112.62165137726495, -119.60399453518338, -126.79961593341916],
    "triples_corrections": [-0.0065418951347756245, -0.0063708728147192275, -0.006040876992687897, -0.005404134703926635, -0.004777474433899025, -0.004751873283973481, -0.004726455168981228, -0.004701222845570535, -0.004676178748461661, -0.00415408435879744, -0.003695616435890947, -0.003325251928550828, -0.0030185747411989117, -0.002758515746576334, -0.0025339603753289164, -0.002337662326907648, -0.002164793813656728],
    "scf_converged": [true, true, true, true, true, true, true, true, true, true, true, true, true, true, true, true, true],
    "cc_converged": [true, true, true, true, true, true, true, true, true, true, true, true, true, true, true, true, true],
    "scf_spin_squared": [3.785001663315437, 3.7786666492124175, 3.7729891291623026, 3.765965075079008, 3.761752069108465, 3.761611444750352, 3.761473783465601, 3.7613390178210997, 3.7612070813213134, 3.7588173555563205, 3.7571767155661875, 3.7560897681232692, 3.755316794949432, 3.754732285710706, 3.7542681350441294, 3.7538856613161036, 3.753561801423736],
    "cc_spin_squared": [3.7511070189398077, 3.7507375796406315, 3.750536641926266, 3.7504010419329634, 3.750284949488425, 3.7502805513394906, 3.7502762180973486, 3.7502719501800974, 3.7502677478955926, 3.750188708610189, 3.750134167200671, 3.750100233280758, 3.7500781435753203, 3.750062949752592, 3.750051963123454, 3.750043690327193, 3.7500372763156995]
}