{
    "schema_name": "pyscf_qa_output",
    "provenance": {
        "creator": "PySCF",
        "version": "1.7.6"
    },
    "molecule": {
        "geometry": [[0.0, 0.0, 0.0], [1.0, 0.0, 0.0]],
        "symbols": [ "B", "H" ]
    },
    "molecular_charge": 0,
    "molecular_multiplicity": 1,
    "name": "b.h.chrg0.mult1.sep1.00-pyscf-ccsdt.ccpv5z",
    "atomic_numbers": [ 5, 1 ],
    "n_electrons": 6,
    "model": {
        "method": "CCSD(T)",
        "basis": "cc-pV5Z",
        "scf_conv_tol": 1e-09,
        "scf_conv_tol_grad": 1e-06,
        "cc_conv_tol": 1e-05,
        "cc_conv_tol_normt": 1e-07
    },
    "broken_symmetry": false,
    "finite_diff_delta": 0.01,
    "finite_diff_acc": 2,
    "qa_lambdas": [-1.0, -0.75, -0.5, -0.25, -0.02, -0.01, 0.0, 0.01, 0.02, 0.25, 0.5, 0.75, 1.0, 1.25, 1.5, 1.75, 2.0],
    "electronic_energies": [-15.175924823562454, -17.439593063263146, -19.869766637660547, -22.468925276511268, -25.010753770420248, -25.12455419022063, -25.238628805653573, -25.35297765091075, -25.467600759148233, -28.179691685686244, -31.29249009621514, -34.577129945750215, -38.03343708241984, -41.66086664430846, -45.45840790658967, -49.42451201475184, -53.55704356337333],
    "qats_energies": {
        "0": [-25.23862880565359, -25.23862880565359, -25.23862880565359, -25.23862880565359, -25.23862880565359, -25.23862880565359, -25.23862880565359, -25.23862880565359, -25.23862880565359, -25.23862880565359, -25.23862880565359, -25.23862880565359, -25.23862880565359, -25.23862880565359, -25.23862880565359, -25.23862880565359, -25.23862880565359],
        "1": [-13.817455771147586, -16.67274902977409, -19.528042288400588, -22.383335547027087, -25.01020534496347, -25.12441707530853, -25.23862880565359, -25.352840535998652, -25.46705226634371, -28.093922064280093, -30.949215322906593, -33.80450858153309, -36.659801840159595, -39.5150950987861, -42.370388357412594, -45.2256816160391, -48.0809748746656],
        "2": [-15.188604892128716, -17.444020410325972, -19.87082956864587, -22.46903236708841, -25.010753804611863, -25.12455419022063, -25.23862880565359, -25.35297765091075, -25.467600725992103, -28.179618884341412, -31.292002603151875, -34.57577996208498, -38.030950961140725, -41.657515600319115, -45.45547387962014, -49.42482579904381, -53.56557135859012],
        "3": [-15.182992580032176, -17.441652716160245, -19.870128029633804, -22.468944674711903, -25.010753759713367, -25.124554184608318, -25.23862880565359, -25.35297765652306, -25.4676007708906, -28.17970657671792, -31.29270414216394, -34.57814765625071, -38.03656327323726, -41.66847714738267, -45.47441543294596, -49.454904284186206, -53.61046985536244],
        "4": [-15.178678060919824, -17.44028757534735, -19.86985837218928, -22.468927821121618, -25.010753759023043, -25.12455418456517, -25.23862880565359, -25.352977656479915, -25.467600770200278, -28.179689723127638, -31.292434484719422, -34.57678251543781, -38.032248754124915, -41.65794365345603, -45.45257317993969, -49.414438813917634, -53.54143754956483]
    },
    "qats_poly_coeffs": [ -25.23862880565359, -11.421173034506005, -1.37114912098113, -0.005612312096540486, 0.00431451911235096 ],
    "hf_energies": [-15.051991195007682, -17.313104029154978, -19.740548142683792, -22.336923007301937, -24.87623229132678, -24.989925137617437, -25.10389237612778, -25.218134044306087, -25.332650178451967, -28.042342455256797, -31.152683950539224, -34.43504249897905, -37.88927094874322, -41.51486278606759, -45.310847385392506, -49.27570246054138, -53.40729117387486],
    "triples_corrections": [-0.0023801007431819344, -0.0024464926103521427, -0.00252200634958244, -0.0025905643368210923, -0.0026408024198461316, -0.0026426918498050674, -0.002644557512603472, -0.002646399550607008, -0.0026482181100538635, -0.002683924197174797, -0.0027108170468531766, -0.002726728578874845, -0.0027323056432214327, -0.002727889094314196, -0.002713927668731699, -0.0026911953770843247, -0.0026608516999277027],
    "scf_converged": [true, true, true, true, true, true, true, true, true, true, true, true, true, true, true, true, true],
    "cc_converged": [true, true, true, true, true, true, true, true, true, true, true, true, true, true, true, true, true],
    "t1_diagnostic": [0.01969628954397308, 0.016280517224732435, 0.01409225443277379, 0.012524885243958245, 0.011357745110032196, 0.011311237412521226, 0.011265056910864343, 0.011219202275164665, 0.011173672346241175, 0.010214724675722079, 0.009356366196433959, 0.008659043184926007, 0.008075620572487563, 0.007563122314134989, 0.0070908559950262, 0.006637690082721852, 0.006188472858344327]
}