{
    "schema_name": "pyscf_apdft_output",
    "provenance": {
        "creator": "PySCF",
        "version": "1.7.6"
    },
    "molecule": {
        "geometry": [[0.0, 0.0, 0.0], [1.9, 0.0, 0.0]],
        "symbols": [ "B", "H" ]
    },
    "molecular_charge": -1,
    "molecular_multiplicity": 4,
    "name": "b.h.chrg-1.mult4.sep1.90-pyscf-uccsdt.ccpv5z",
    "atomic_numbers": [ 5, 1 ],
    "n_electrons": 7,
    "model": {
        "method": "UCCSD(T)",
        "basis": "cc-pV5Z",
        "scf_conv_tol": 1e-09,
        "scf_conv_tol_grad": 1e-06,
        "cc_conv_tol": 1e-05,
        "cc_conv_tol_normt": 1e-07
    },
    "broken_symmetry": false,
    "finite_diff_delta": 0.01,
    "finite_diff_acc": 2,
    "apdft_lambdas": [-0.02, -0.01, 0.0, 0.01, 0.02, 0.25, 0.5, 0.75, 1.0, 1.25, 1.5, 1.75, 2.0, 2.25, 2.5, 2.75, 3.0],
    "electronic_energies": [-24.940119886079728, -25.055965379929614, -25.172110522118224, -25.288555460561916, -25.40530042820535, -28.173610978287098, -31.36447067271397, -34.744900457242565, -38.31355357521467, -42.06848997459999, -46.00834707350316, -50.13403896958463, -54.4498930254304, -58.9576994717573, -63.65008900505329, -68.51621497945301, -73.54638332983009],
    "apdft_energies": {
        "0": [-25.172110522118235, -25.172110522118235, -25.172110522118235, -25.172110522118235, -25.172110522118235, -25.172110522118235, -25.172110522118235, -25.172110522118235, -25.172110522118235, -25.172110522118235, -25.172110522118235, -25.172110522118235, -25.172110522118235, -25.172110522118235, -25.172110522118235, -25.172110522118235, -25.172110522118235],
        "1": [-24.939520441485932, -25.055815481802085, -25.172110522118235, -25.288405562434384, -25.404700602750538, -28.079486530022017, -30.986862537925802, -33.89423854582959, -36.80161455373337, -39.70899056163715, -42.616366569540936, -45.52374257744472, -48.4311185853485, -51.33849459325229, -54.24587060115607, -57.15324660905985, -60.06062261696364],
        "2": [-24.940120033996052, -25.055965379929614, -25.172110522118235, -25.288555460561916, -25.405300195260658, -28.173172859728318, -31.361607856751, -34.73741551318628, -38.300595829034165, -42.05114880429464, -45.98907443896772, -50.1143727330534, -54.42704368655167, -58.92708729946254, -63.61450357178602, -68.4892925035221, -73.55145409467077],
        "3": [-24.940119780088708, -25.055965348191194, -25.172110522118235, -25.288555492300333, -25.405300449168003, -28.173668772511377, -31.365575159015485, -34.750805158328916, -38.332334247150044, -42.113137902177215, -46.09619160010881, -50.28447081764318, -54.6809510314787, -59.28860771831373, -64.11041635484662, -69.14935241777576, -74.4083913837995],
        "4": [-24.94011983677429, -25.055965351734045, -25.172110522118235, -25.288555495843184, -25.405300505853585, -28.175052697835255, -31.387717964197503, -34.86290310956288, -38.686619130062304, -42.978091229599734, -47.88975881985214, -53.607275520269525, -60.34950915807491, -68.36854176826434, -77.9496695936069, -89.41140308464466, -103.10546689969277]
    },
    "apdft_poly_coeff": [ -25.172110522118235, -11.629504031615134, -1.4989812753007925, -0.031738418115878624, -0.35428488291226284 ],
    "hf_energies": [-24.81334825193004, -24.929050393239926, -25.04505693524543, -25.161368058801898, -25.277983933538486, -28.044510177115733, -31.23520583791804, -34.61610906593737, -38.18503719853004, -41.93943124153227, -45.87711702235178, -49.998128871477356, -54.310017686049605, -58.82048741371088, -63.516690498632116, -68.38602450921226, -73.419129640591],
    "triples_corrections": [-0.004963528951815147, -0.004966377006258446, -0.004968892621179071, -0.004971048514893606, -0.004972861842828269, -0.004903350651215571, -0.004586999245966356, -0.004162867192714573, -0.0037865355352367483, -0.0035271823175537743, -0.003406368962837045, -0.003421131394286102, -0.003452536786059353, -0.0030308711332579746, -0.002520382780002486, -0.0021516890823661244, -0.001873383260061256],
    "scf_converged": [true, true, true, true, true, true, true, true, true, true, true, true, true, true, true, true, true],
    "cc_converged": [true, true, true, true, true, true, true, true, true, true, true, true, true, true, true, true, true],
    "scf_spin_squared": [3.811135995212578, 3.812872783648983, 3.8145567548010275, 3.81618451858536, 3.8177531350577163, 3.8356138404957, 3.824841433600393, 3.8042706840943907, 3.7873935475965887, 3.7770354025007578, 3.7714176203626697, 3.7673327490136814, 3.758010847549928, 3.754916282026501, 3.755952017921959, 3.756031116297285, 3.7557060284166264],
    "cc_spin_squared": [3.7512968965545292, 3.751296439948539, 3.7512955183293792, 3.7512942167932186, 3.7512925013932508, 3.7511769945665256, 3.750945985493314, 3.750692969226285, 3.7505030631350262, 3.75039203398875, 3.7503477332543858, 3.7503651585769484, 3.750358590301201, 3.7502082856264662, 3.750135797955226, 3.750104824161965, 3.750084505997757]
}