{
    "schema_name": "pyscf_qa_output",
    "provenance": {
        "creator": "PySCF",
        "version": "1.7.6"
    },
    "molecule": {
        "geometry": [[0.0, 0.0, 0.0], [1.4, 0.0, 0.0]],
        "symbols": [ "B", "H" ]
    },
    "molecular_charge": 1,
    "molecular_multiplicity": 2,
    "name": "b.h.chrg1.mult2.sep1.40-pyscf-uccsdt.ccpv5z",
    "atomic_numbers": [ 5, 1 ],
    "n_electrons": 5,
    "model": {
        "method": "UCCSD(T)",
        "basis": "cc-pV5Z",
        "scf_conv_tol": 1e-09,
        "scf_conv_tol_grad": 1e-06,
        "cc_conv_tol": 1e-05,
        "cc_conv_tol_normt": 1e-07
    },
    "broken_symmetry": false,
    "finite_diff_delta": 0.01,
    "finite_diff_acc": 2,
    "qa_lambdas": [-2.0, -1.75, -1.5, -1.25, -1.0, -0.75, -0.5, -0.25, -0.02, -0.01, 0.0, 0.01, 0.02, 0.25, 0.5, 0.75, 1.0],
    "electronic_energies": [-8.042339364322116, -9.617141287076509, -11.338337340191833, -13.209182639847644, -15.23241880349312, -17.41037888658163, -19.745267445480128, -22.239336027295362, -24.676402894975062, -24.785487717789106, -24.89483407648438, -25.00444209680901, -25.114311903752096, -27.713846495222167, -30.69817988621928, -33.84932276879119, -37.16829916918027],
    "qats_energies": {
        "0": [-24.894834076484365, -24.894834076484365, -24.894834076484365, -24.894834076484365, -24.894834076484365, -24.894834076484365, -24.894834076484365, -24.894834076484365, -24.894834076484365, -24.894834076484365, -24.894834076484365, -24.894834076484365, -24.894834076484365, -24.894834076484365, -24.894834076484365, -24.894834076484365, -24.894834076484365],
        "1": [-2.999396174493832, -5.736325912242648, -8.473255649991465, -11.210185387740282, -13.947115125489098, -16.684044863237915, -19.42097460098673, -22.15790433873555, -24.67587969746446, -24.785356886974412, -24.894834076484365, -25.004311265994318, -25.11378845550427, -27.63176381423318, -30.368693551982, -33.105623289730815, -35.84255302747963],
        "2": [-8.232628762249597, -9.743019612243156, -11.416948980604083, -13.254416867332377, -15.25542327242804, -17.41996819589107, -19.748051637721467, -22.239673597919232, -24.676403020723235, -24.785487717789106, -24.894834076484365, -25.00444209680901, -25.114311778763046, -27.713533073416865, -30.695770588716734, -33.84154662238397, -37.15086117441857],
        "3": [-8.065470613593398, -9.631036711873866, -11.346429136639749, -13.21360677244561, -15.234528503846015, -17.41115321539553, -19.745439791648714, -22.239347117160136, -24.676402853565087, -24.785487696894336, -24.894834076484365, -25.004442117703782, -25.114311945921195, -27.71385955417596, -30.698382434789487, -33.85036160287951, -37.1717559430006],
        "4": [-8.014863628324356, -9.601371826221774, -11.330416770206966, -13.205884759312516, -15.2313655672667, -17.410152442493477, -19.745242108112507, -22.239334761939126, -24.676402853059017, -24.78548769686271, -24.894834076484365, -25.004442117672152, -25.114311945415125, -27.713847198954948, -30.69818475125328, -33.84936082997746, -37.16859300642128]
    },
    "qats_poly_coeffs": [ -24.894834076484365, -10.947718950995267, -1.3083081469389413, -0.020894768582024877, 0.003162936579315101 ],
    "hf_energies": [-7.961404563863205, -9.536761605308836, -11.258271531224144, -13.129156281971877, -15.152046813960077, -17.329143787916507, -19.662598243273248, -22.154762158667086, -24.5898709698559, -24.698869837092722, -24.808130321813834, -24.917652566361284, -25.02743671205207, -27.625065795640538, -30.607570307895433, -33.75720668592661, -37.07496189992467],
    "triples_corrections": [-0.00046185679855859123, -0.0005261177130028234, -0.0006018730195718107, -0.000685567546919152, -0.0007805286039991009, -0.0008901039847505732, -0.001010344424449032, -0.001128182549482727, -0.0012210891737863532, -0.001224655794605038, -0.001228180078997688, -0.0012316618648320322, -0.0012351010157854074, -0.00130243630104385, -0.00135149667954596, -0.001378074009321884, -0.0013839252092600605],
    "scf_converged": [true, true, true, true, true, true, true, true, true, true, true, true, true, true, true, true, true],
    "cc_converged": [true, true, true, true, true, true, true, true, true, true, true, true, true, true, true, true, true],
    "scf_spin_squared": [0.7501063642749313, 0.7503444763317826, 0.7507638803395391, 0.7514569080424067, 0.752644561367056, 0.7547209261194041, 0.7581735218619265, 0.7631071945719614, 0.7680153477283831, 0.768208948976616, 0.7683994686683233, 0.7685867350985816, 0.7687705781905629, 0.7717104494666311, 0.771290048103686, 0.7675844074494158, 0.762687103975044],
    "cc_spin_squared": [0.7500066599707074, 0.7500130892323431, 0.7500214500479621, 0.7500308908223436, 0.7500411440817687, 0.7500525657935007, 0.7500653332586691, 0.7500781678098665, 0.7500871869385424, 0.7500874687559729, 0.7500877393245516, 0.750087998435344, 0.7500882458860996, 0.7500903721011116, 0.7500845479134294, 0.7500719728603181, 0.7500564522156283]
}