{
    "schema_name": "pyscf_apdft_output",
    "provenance": {
        "creator": "PySCF",
        "version": "1.7.6"
    },
    "molecule": {
        "geometry": [[0.0, 0.0, 0.0], [1.5, 0.0, 0.0]],
        "symbols": [ "N", "H" ]
    },
    "molecular_charge": 2,
    "molecular_multiplicity": 1,
    "name": "n.h.chrg2.mult1.sep1.50-pyscf-ccsdt.ccpv5z",
    "atomic_numbers": [ 7, 1 ],
    "n_electrons": 6,
    "model": {
        "method": "CCSD(T)",
        "basis": "cc-pV5Z",
        "scf_conv_tol": 1e-09,
        "scf_conv_tol_grad": 1e-06,
        "cc_conv_tol": 1e-05,
        "cc_conv_tol_normt": 1e-07
    },
    "broken_symmetry": false,
    "finite_diff_delta": 0.01,
    "finite_diff_acc": 2,
    "apdft_lambdas": [-3.0, -2.75, -2.5, -2.25, -2.0, -1.75, -1.5, -1.25, -1.0, -0.75, -0.5, -0.25, -0.02, -0.01, 0.0, 0.01, 0.02],
    "electronic_energies": [-15.20167335160181, -17.47248673626504, -19.903098303685468, -22.496960384328805, -25.257550519688444, -28.18821232464037, -31.292089417344613, -34.57214005232198, -38.03125247060803, -41.67246121177844, -45.49913375557166, -49.51481393289279, -53.37875373433489, -53.550461197947186, -53.72247839979657, -53.894805374414176, -54.067442151256266],
    "apdft_energies": {
        "0": [-53.72247839979662, -53.72247839979662, -53.72247839979662, -53.72247839979662, -53.72247839979662, -53.72247839979662, -53.72247839979662, -53.72247839979662, -53.72247839979662, -53.72247839979662, -53.72247839979662, -53.72247839979662, -53.72247839979662, -53.72247839979662, -53.72247839979662, -53.72247839979662, -53.72247839979662],
        "1": [-2.0708519297481374, -6.375154135585511, -10.679456341422885, -14.983758547260258, -19.288060753097632, -23.592362958935006, -27.89666516477238, -32.20096737060975, -36.50526957644713, -40.8095717822845, -45.113873988121874, -49.41817619395925, -53.37813422332963, -53.550306311563126, -53.72247839979662, -53.894650488030116, -54.06682257626361],
        "2": [-16.01062649512057, -18.088436930099846, -20.35985534515374, -22.82488174028225, -25.48351611548538, -28.335758470763125, -31.381608806115487, -34.62106712154247, -38.05413341704406, -41.68080769262028, -45.50108994827111, -49.514980183996556, -53.37875376886587, -53.550461197947186, -53.72247839979662, -53.894805374414176, -54.06744212179985],
        "3": [-15.866654860506465, -17.977542112002986, -20.276538426974277, -22.764143706929424, -25.440857853377498, -28.307180767827568, -31.363612351788724, -34.61065250677004, -38.04880113428058, -41.678558135829434, -45.50042341292567, -49.51489686707838, -53.378753726207606, -53.550461192614904, -53.72247839979662, -53.89480537974646, -54.067442164458114],
        "4": [-14.153997644460055, -16.768291808177004, -19.45060419855684, -22.22224825966474, -25.10255519341771, -28.108873959584542, -31.256571275785824, -34.55903161749394, -38.02765721803309, -41.67186806857925, -45.49910191816021, -49.51481427365553, -53.378753722824584, -53.55046119240346, -53.72247839979662, -53.89480537953502, -54.067442161075085]
    },
    "apdft_poly_coeff": [ -53.72247839979662, -17.217208823349495, -1.5488638405969368, -0.005332282763485332, 0.021143916247486533 ],
    "hf_energies": [-15.068425922465618, -17.33646116490132, -19.763547116395, -22.353111480208824, -25.108732548584, -28.033955040101464, -31.132275064887708, -34.40720061934546, -37.86228582344137, -41.50106299927411, -45.326845292158644, -49.342421430866096, -53.206048773372466, -53.377727210291575, -53.549713821988796, -53.72200862293279, -53.894611624537475],
    "triples_corrections": [-0.00242042718829129, -0.0025144464305618484, -0.002670386073010679, -0.0028696899909441916, -0.003090921589621591, -0.0033112429711138073, -0.0035064907826933786, -0.003652023144378369, -0.003727821111282979, -0.0037290765464299425, -0.0036789839442487645, -0.0036330532465050506, -0.003652314203253077, -0.003655135159182904, -0.003658136312592056, -0.00366131851896769, -0.003664682487193791],
    "scf_converged": [true, true, true, true, true, true, true, true, true, true, true, true, true, true, true, true, true],
    "cc_converged": [true, true, true, true, true, true, true, true, true, true, true, true, true, true, true, true, true],
    "t1_diagnostic": [0.018759927642806984, 0.016214591251972863, 0.014828683816869507, 0.01416913377969379, 0.013877170975953233, 0.013652464932957761, 0.013313148863980315, 0.012903917931635978, 0.012628398119150855, 0.012409615502600302, 0.01165485274184288, 0.009915647321716714, 0.0078041021184041305, 0.007713797740921086, 0.007624209984629128, 0.007535403933830375, 0.0074474429819259315]
}