{
    "schema_name": "pyscf_qa_output",
    "provenance": {
        "creator": "PySCF",
        "version": "1.7.6"
    },
    "molecule": {
        "geometry": [[0.0, 0.0, 0.0], [1.4, 0.0, 0.0]],
        "symbols": [ "Li", "H" ]
    },
    "molecular_charge": -1,
    "molecular_multiplicity": 2,
    "name": "li.h.chrg-1.mult2.sep1.40-pyscf-uccsdt.ccpv5z",
    "atomic_numbers": [ 3, 1 ],
    "n_electrons": 5,
    "model": {
        "method": "UCCSD(T)",
        "basis": "cc-pV5Z",
        "scf_conv_tol": 1e-09,
        "scf_conv_tol_grad": 1e-06,
        "cc_conv_tol": 1e-05,
        "cc_conv_tol_normt": 1e-07
    },
    "broken_symmetry": false,
    "finite_diff_delta": 0.01,
    "finite_diff_acc": 2,
    "qa_lambdas": [-0.02, -0.01, 0.0, 0.01, 0.02, 0.25, 0.5, 0.75, 1.0, 1.25, 1.5, 1.75, 2.0, 2.25, 2.5, 2.75, 3.0],
    "electronic_energies": [-7.935436200876019, -7.994501667341653, -8.053804840458191, -8.11334611166425, -8.173125863533995, -9.614553233108085, -11.326772575809375, -13.189023636245118, -15.19842993531027, -17.35140874650167, -19.643500289597867, -22.069343082170455, -24.62279533478535, -27.297180380736524, -30.085649163289283, -32.98157595988376, -35.97874140303491],
    "qats_energies": {
        "0": [-8.053804840458174, -8.053804840458174, -8.053804840458174, -8.053804840458174, -8.053804840458174, -8.053804840458174, -8.053804840458174, -8.053804840458174, -8.053804840458174, -8.053804840458174, -8.053804840458174, -8.053804840458174, -8.053804840458174, -8.053804840458174, -8.053804840458174, -8.053804840458174, -8.053804840458174],
        "1": [-7.934960396135577, -7.994382618296875, -8.053804840458174, -8.113227062619472, -8.172649284780771, -9.539360394490632, -11.024915948523091, -12.510471502555548, -13.996027056588007, -15.481582610620466, -16.967138164652923, -18.45269371868538, -19.93824927271784, -21.4238048267503, -22.909360380782758, -24.394915934815216, -25.88047148884767],
        "2": [-7.935436592314685, -7.994501667341652, -8.053804840458174, -8.11334611166425, -8.173125480959879, -9.613766047476187, -11.322538560465308, -13.180122379425535, -15.186517504356873, -17.341723935259317, -19.64574167213287, -22.098570714977534, -24.700211063793304, -27.450662718580183, -30.34992567933817, -33.397999946067266, -36.59488551876747],
        "3": [-7.935436076306162, -7.994501602840587, -8.053804840458174, -8.113346176165313, -8.1731259969684, -9.614773876620399, -11.330601193619016, -13.207333766319302, -15.251018569586542, -17.467702578286016, -19.863432767283, -22.444256111442787, -25.21621958563065, -28.18537016471187, -31.357754823551733, -34.73942053701552, -38.33641427996851],
        "4": [-7.935436070396463, -7.994501602471231, -8.053804840458174, -8.113346175795957, -8.1731259910587, -9.61462959683552, -11.328292717060958, -13.195647103744129, -15.214082944657601, -17.377527712736846, -19.676446166080247, -22.097840347949106, -24.625249586767623, -27.23875049612293, -29.914956974765047, -32.62702020660693, -35.34462866072444]
    },
    "qats_poly_coeffs": [ -8.053804840458174, -5.942222216129833, -1.190490447768866, -0.0645010652296681, 0.03693562492893913 ],
    "hf_energies": [-7.8650399509021724, -7.92417752462734, -7.9835514438751325, -8.043162157600472, -8.103010107903955, -9.54580324918992, -11.259410550840062, -13.122943145327511, -15.133316445345553, -17.286749342036135, -19.578653039244834, -22.003678711266726, -24.555857313093426, -27.228762871148117, -30.015775966005815, -32.9104382948953, -35.906616335315796],
    "triples_corrections": [-0.0004544444363984725, -0.0004571837898971272, -0.0004599750517002111, -0.00046281293027148316, -0.00046569207841909763, -0.0005326968844372479, -0.0005923723871439324, -0.0006519886560567604, -0.0007228457781122645, -0.0008058235324798238, -0.0008932900274783468, -0.0009708725736728628, -0.0010247268844750836, -0.0010499440671013285, -0.0010483141288024965, -0.0010197792408860637, -0.0009612286401553048],
    "scf_converged": [true, true, true, true, true, true, true, true, true, true, true, true, true, true, true, true, true],
    "cc_converged": [true, true, true, true, true, true, true, true, true, true, true, true, true, true, true, true, true],
    "scf_spin_squared": [0.7503535677233311, 0.7503616632647705, 0.7503699352773263, 0.7503783829893491, 0.7503870051677217, 0.7506263012565086, 0.7509784088422504, 0.7515757608968316, 0.7526960029513419, 0.7547492324672644, 0.7582183849613562, 0.7632003318389584, 0.7685606738285031, 0.7719221494013322, 0.7714846846555874, 0.7676866716365613, 0.7626612622831193],
    "cc_spin_squared": [0.750011535477984, 0.7500118160968171, 0.7500121022753921, 0.7500123938159506, 0.7500126904917266, 0.7500201255827579, 0.7500271594991759, 0.7500338977111699, 0.7500419783462646, 0.7500519443880477, 0.7500633329884968, 0.7500742785797883, 0.7500817754699589, 0.7500831374261251, 0.7500775003396016, 0.7500662065737637, 0.7500520516063756]
}