{
    "schema_name": "pyscf_qa_output",
    "provenance": {
        "creator": "PySCF",
        "version": "1.7.6"
    },
    "molecule": {
        "geometry": [[0.0, 0.0, 0.0], [1.9, 0.0, 0.0]],
        "symbols": [ "Be", "H" ]
    },
    "molecular_charge": 1,
    "molecular_multiplicity": 3,
    "name": "be.h.chrg1.mult3.sep1.90-pyscf-uccsdt.ccpv5z",
    "atomic_numbers": [ 4, 1 ],
    "n_electrons": 4,
    "model": {
        "method": "UCCSD(T)",
        "basis": "cc-pV5Z",
        "scf_conv_tol": 1e-09,
        "scf_conv_tol_grad": 1e-06,
        "cc_conv_tol": 1e-05,
        "cc_conv_tol_normt": 1e-07
    },
    "broken_symmetry": false,
    "finite_diff_delta": 0.01,
    "finite_diff_acc": 2,
    "qa_lambdas": [-1.0, -0.75, -0.5, -0.25, -0.02, -0.01, 0.0, 0.01, 0.02, 0.25, 0.5, 0.75, 1.0],
    "electronic_energies": [-7.95005304205321, -9.448324482127822, -11.089163227784795, -12.873190094002485, -14.641207497270612, -14.720837487345838, -14.800697749966824, -14.880788328153857, -14.961109266201248, -16.872195296918548, -19.08876533326729, -21.452766126173557, -23.968564287693496],
    "qats_energies": {
        "0": [-14.800697749966833, -14.800697749966833, -14.800697749966833, -14.800697749966833, -14.800697749966833, -14.800697749966833, -14.800697749966833, -14.800697749966833, -14.800697749966833, -14.800697749966833, -14.800697749966833, -14.800697749966833, -14.800697749966833],
        "1": [-6.803155709565882, -8.80254121966612, -10.801926729766357, -12.801312239866595, -14.640746909158814, -14.720722329562824, -14.800697749966833, -14.880673170370843, -14.960648590774852, -16.80008326006707, -18.79946877016731, -20.79885428026755, -22.798239790367784],
        "2": [-7.954733539708851, -9.45030374912154, -11.0898211873021, -12.87328585425053, -14.641207540290871, -14.720837487345838, -14.800697749966833, -14.880788328153857, -14.96110922190691, -16.872056874451005, -19.08736322770305, -21.44661680972297, -23.949817620510753],
        "3": [-7.947457323190658, -9.447234095277928, -11.088911660237326, -12.873172163367434, -14.641207482081139, -14.720837480069621, -14.800697749966833, -14.880788335430074, -14.961109280116641, -16.872170565334102, -19.088272754767825, -21.44968646356658, -23.957093837028946],
        "4": [-7.952766017415613, -9.448913799310041, -11.089243453626386, -12.87319290045425, -14.64120748293053, -14.720837480122709, -14.800697749966833, -14.88078833548316, -14.961109280966033, -16.87219130242092, -19.088604548156884, -21.451366167598692, -23.9624025312539]
    },
    "qats_poly_coeffs": [ -14.800697749966833, -7.997542040400951, -1.151577830142969, -0.007276216518192768, -0.005308694224955464 ],
    "hf_energies": [-7.913285202606401, -9.413392327493554, -11.056120460436741, -12.84201646994907, -14.611681007235198, -14.69138042812896, -14.771309915169857, -14.851469508372997, -14.931859248991733, -16.84446133289742, -19.062493864703715, -21.427701504835497, -23.944520051561074],
    "triples_corrections": [-4.480597598658748e-05, -4.363007447150617e-05, -4.252584188419537e-05, -4.126884364888459e-05, -4.015447219754439e-05, -4.011010261395136e-05, -4.006621486219153e-05, -4.00228266838014e-05, -3.997995593542952e-05, -3.9178895848907836e-05, -3.8870272975287955e-05, -3.911932661498532e-05, -3.8907933314975846e-05],
    "scf_converged": [true, true, true, true, true, true, true, true, true, true, true, true, true],
    "cc_converged": [true, true, true, true, true, true, true, true, true, true, true, true, true],
    "scf_spin_squared": [2.0000120569561624, 2.000014193057848, 2.000015978974295, 2.000016748720416, 2.0000166318050985, 2.0000166119189045, 2.0000165909323995, 2.0000165688605684, 2.0000165457182297, 2.0000157490870514, 2.0000144217504405, 2.000012823943926, 2.000011521686712],
    "cc_spin_squared": [2.0000001476324663, 2.0000001387651123, 2.000000134535779, 2.0000001310227447, 2.0000001285808175, 2.0000001284909064, 2.0000001284022266, 2.0000001283147593, 2.000000128228508, 2.000000126585852, 2.0000001258496285, 2.000000127011311, 2.0000001295221503]
}