{
    "schema_name": "pyscf_apdft_output",
    "provenance": {
        "creator": "PySCF",
        "version": "1.7.6"
    },
    "molecule": {
        "geometry": [[0.0, 0.0, 0.0], [1.5, 0.0, 0.0]],
        "symbols": [ "N", "H" ]
    },
    "molecular_charge": 0,
    "molecular_multiplicity": 1,
    "name": "n.h.chrg0.mult1.sep1.50-pyscf-ccsdt.ccpv5z",
    "atomic_numbers": [ 7, 1 ],
    "n_electrons": 8,
    "model": {
        "method": "CCSD(T)",
        "basis": "cc-pV5Z",
        "scf_conv_tol": 1e-09,
        "scf_conv_tol_grad": 1e-06,
        "cc_conv_tol": 1e-05,
        "cc_conv_tol_normt": 1e-07
    },
    "broken_symmetry": false,
    "finite_diff_delta": 0.01,
    "finite_diff_acc": 2,
    "apdft_lambdas": [-1.0, -0.75, -0.5, -0.25, -0.02, -0.01, 0.0, 0.01, 0.02, 0.25, 0.5, 0.75, 1.0, 1.25, 1.5, 1.75, 2.0],
    "electronic_energies": [-38.41388565649037, -42.270133450683446, -46.32789792789463, -50.590469386996205, -54.69527179470896, -54.8777547607445, -55.06057335097358, -55.24372770413883, -55.42721795870951, -59.740520475716266, -64.63252645482575, -69.73905808332933, -75.0628217050039, -80.60595611517554, -86.36877714954493, -92.34931640033707, -98.54400041780333],
    "apdft_energies": {
        "0": [-55.060573350973634, -55.060573350973634, -55.060573350973634, -55.060573350973634, -55.060573350973634, -55.060573350973634, -55.060573350973634, -55.060573350973634, -55.060573350973634, -55.060573350973634, -55.060573350973634, -55.060573350973634, -55.060573350973634, -55.060573350973634, -55.060573350973634, -55.060573350973634, -55.060573350973634],
        "1": [-36.76192618125736, -41.33658797368643, -45.911249766115496, -50.485911558544565, -54.69460040757931, -54.87758687927647, -55.060573350973634, -55.2435598226708, -55.42654629436796, -59.6352351434027, -64.20989693583178, -68.78455872826083, -73.35922052068992, -77.93388231311897, -82.50854410554805, -87.08320589797711, -91.65786769040619],
        "2": [-38.44074086156109, -42.280921231357276, -46.33095343619143, -50.59083747606355, -54.69527193345143, -54.8777547607445, -55.060573350973634, -55.24372770413883, -55.42721782024008, -59.740161060921686, -64.62960060590771, -69.72889198593168, -75.03803520099365, -80.55703025109355, -86.28587713623145, -92.22457585640728, -98.37312641162112],
        "3": [-38.41763986962691, -42.27117550038504, -46.328065812199654, -50.590476523064574, -54.69527174864349, -54.87775473764351, -55.060573350973634, -55.24372772723982, -55.42721800504802, -59.74052201392066, -64.63248822989948, -69.73863771690392, -75.06113619292782, -80.60214937596501, -86.3638429840093, -92.34838273505454, -98.55793434709456],
        "4": [-38.41650234991885, -42.270815582039916, -46.327994717217905, -50.59047207962821, -54.695271748461494, -54.87775473763213, -55.060573350973634, -55.243727727228446, -55.42721800486601, -59.7405175704843, -64.63241713491772, -69.7382777985588, -75.05999867321977, -80.59937222824026, -86.35808429048726, -92.33771404435515, -98.53973403176565]
    },
    "apdft_poly_coeff": [ -55.060573350973634, -18.298647169716276, -1.6788146803037307, -0.023100991934181057, 0.0011375197080572737 ],
    "hf_energies": [-38.184241062603434, -42.031634019805125, -46.080713560469064, -50.33501877806052, -54.43313122773041, -54.615354636064936, -54.79791682310478, -54.98081799383925, -55.16405835280287, -59.47266442422783, -64.36231259860438, -69.46945122133859, -74.79584366949379, -80.3420475226847, -86.1071767143204, -92.0889613015787, -98.28409588231888],
    "triples_corrections": [-0.009943780368871863, -0.010604402631431652, -0.01123083224319511, -0.011809084883724461, -0.01228111608239828, -0.012299940952752601, -0.012318601610791713, -0.012337094862255944, -0.012355417433417615, -0.012720930160078681, -0.012949846107786482, -0.012929445404979093, -0.012655610978617065, -0.012265700290552052, -0.011953392182982922, -0.011820477395317514, -0.01185767764043184],
    "scf_converged": [true, true, true, true, true, true, true, true, true, true, true, true, true, true, true, true, true],
    "cc_converged": [true, true, true, true, true, true, true, true, true, true, true, true, true, true, true, true, true],
    "t1_diagnostic": [0.015961636690682218, 0.01678617234697853, 0.01655829157950567, 0.015063497620844512, 0.013121662737038974, 0.013043368153349295, 0.012966637234407241, 0.012891602946066795, 0.012818397517669706, 0.01189168952838569, 0.012670179033630581, 0.013575616806865629, 0.012796838026434514, 0.010365073171909513, 0.0075279410558304815, 0.005310365545987739, 0.003944088485879331]
}