{
    "schema_name": "pyscf_apdft_output",
    "provenance": {
        "creator": "PySCF",
        "version": "1.7.6"
    },
    "molecule": {
        "geometry": [[0.0, 0.0, 0.0], [0.8, 0.0, 0.0]],
        "symbols": [ "C", "H" ]
    },
    "molecular_charge": 0,
    "molecular_multiplicity": 2,
    "name": "c.h.chrg0.mult2.sep0.80-pyscf-uccsdt.ccpv5z",
    "atomic_numbers": [ 6, 1 ],
    "n_electrons": 7,
    "model": {
        "method": "UCCSD(T)",
        "basis": "cc-pV5Z",
        "scf_conv_tol": 1e-09,
        "scf_conv_tol_grad": 1e-06,
        "cc_conv_tol": 1e-05,
        "cc_conv_tol_normt": 1e-07
    },
    "broken_symmetry": false,
    "finite_diff_delta": 0.01,
    "finite_diff_acc": 2,
    "apdft_lambdas": [-1.0, -0.75, -0.5, -0.25, -0.02, -0.01, 0.0, 0.01, 0.02, 0.25, 0.5, 0.75, 1.0, 1.25, 1.5, 1.75, 2.0],
    "electronic_energies": [-25.106896442184127, -28.138593754871636, -31.35515154033172, -34.75858312360765, -38.055767220982325, -38.20274067541107, -38.350015842245014, -38.497592745992044, -38.64547141056836, -42.130014225487095, -46.09887442226258, -50.256737509761344, -54.603565122416214, -59.13906368080805, -63.86260690640263, -68.77317302583145, -73.86929776306239],
    "apdft_energies": {
        "0": [-38.35001584224489, -38.35001584224489, -38.35001584224489, -38.35001584224489, -38.35001584224489, -38.35001584224489, -38.35001584224489, -38.35001584224489, -38.35001584224489, -38.35001584224489, -38.35001584224489, -38.35001584224489, -38.35001584224489, -38.35001584224489, -38.35001584224489, -38.35001584224489, -38.35001584224489],
        "1": [-23.607412313196257, -27.293063195458416, -30.978714077720575, -34.664364959982734, -38.05516377166392, -38.20258980695441, -38.35001584224489, -38.49744187753538, -38.644867912825866, -42.03566672450705, -45.72131760676921, -49.40696848903137, -53.09261937129353, -56.77827025355569, -60.46392113581785, -64.14957201808001, -67.83522290034216],
        "2": [-25.116096879840804, -28.141698264195973, -31.35588521938171, -34.75865774539802, -38.05576724549058, -38.20274067541107, -38.35001584224489, -38.497592745992044, -38.645471386652524, -42.12995950992234, -46.09848874843035, -50.25560355776893, -54.60130393793808, -59.135589888937794, -63.85846141076808, -68.76991850342893, -73.86996116692035],
        "3": [-25.112061538890522, -28.139995854732575, -31.355380801762927, -34.75859469319567, -38.05576721320785, -38.20274067137573, -38.35001584224489, -38.49759275002739, -38.64547141893525, -42.13002256212469, -46.098993166049134, -50.25730596723233, -54.60533927888836, -59.143471414231314, -63.87208068647528, -68.79154540883434, -73.9022438945226],
        "4": [-25.10959302460865, -28.139214801385574, -31.35522651962031, -34.758585050561756, -38.05576721281289, -38.202740671351044, -38.35001584224489, -38.4975927500027, -38.64547141854029, -42.130012919490774, -46.09883888390652, -50.25652491388533, -54.602870764606486, -59.13744476803534, -63.8595838329233, -68.76839344480788, -73.86274766601264]
    },
    "apdft_poly_coeff": [ -38.35001584224489, -14.742603529048637, -1.508684566644547, -0.004035340950281351, 0.002468514281872558 ],
    "hf_energies": [-24.9488839982572, -27.97705182079191, -31.190899740128533, -34.59218389594659, -37.88769293012136, -38.03459828788087, -38.18180570571329, -38.329315204049706, -38.477126802930925, -41.96021451408006, -45.92767111687737, -50.084318160626935, -54.43013289564965, -58.96484194738581, -63.687838961881766, -68.59811763587076, -73.69422145326345],
    "triples_corrections": [-0.004055239489080988, -0.004086863807652434, -0.004024597922318771, -0.0039122934292859105, -0.003798670671639925, -0.0037937962075231518, -0.0037889338116535876, -0.003784083997404629, -0.0037792472428101404, -0.0036722772666983703, -0.0035659044476757575, -0.0034684455576961893, -0.0033779300576742637, -0.003293026794004197, -0.00321319306761088, -0.0031386009754314093, -0.0030699885754402697],
    "scf_converged": [true, true, true, true, true, true, true, true, true, true, true, true, true, true, true, true, true],
    "cc_converged": [true, true, true, true, true, true, true, true, true, true, true, true, true, true, true, true, true],
    "scf_spin_squared": [0.7638688451786741, 0.7624938427036363, 0.7611012465092597, 0.7597283364109138, 0.7586094052352004, 0.7585648544450869, 0.7585206566353628, 0.7584768117364797, 0.7584333195003112, 0.7575276707673257, 0.7567276645504992, 0.7560786816847735, 0.7555419158410439, 0.7550872190035669, 0.7546925895246823, 0.7543423229211252, 0.7540254007885796],
    "cc_spin_squared": [0.7503205431371704, 0.7502890184115139, 0.7502484719086029, 0.7502076171968435, 0.7501752272846145, 0.750173965171687, 0.7501727155171742, 0.7501714783033808, 0.7501702535064589, 0.7501453828634725, 0.7501246453374406, 0.7501088985991007, 0.7500967407222425, 0.7500871426245719, 0.7500793937143588, 0.7500730176145105, 0.7500676684129228]
}