{
    "schema_name": "pyscf_apdft_output",
    "provenance": {
        "creator": "PySCF",
        "version": "1.7.6"
    },
    "molecule": {
        "geometry": [[0.0, 0.0, 0.0], [0.9, 0.0, 0.0]],
        "symbols": [ "F", "H" ]
    },
    "molecular_charge": 1,
    "molecular_multiplicity": 2,
    "name": "f.h.chrg1.mult2.sep0.90-pyscf-uccsdt.ccpv5z",
    "atomic_numbers": [ 9, 1 ],
    "n_electrons": 9,
    "model": {
        "method": "UCCSD(T)",
        "basis": "cc-pV5Z",
        "scf_conv_tol": 1e-09,
        "scf_conv_tol_grad": 1e-06,
        "cc_conv_tol": 1e-05,
        "cc_conv_tol_normt": 1e-07
    },
    "broken_symmetry": false,
    "finite_diff_delta": 0.01,
    "finite_diff_acc": 2,
    "apdft_lambdas": [-2.0, -1.75, -1.5, -1.25, -1.0, -0.75, -0.5, -0.25, -0.02, -0.01, 0.0, 0.01, 0.02, 0.25, 0.5, 0.75, 1.0],
    "electronic_energies": [-55.16309429031435, -59.971154534165784, -64.99566764928142, -70.23954285435936, -75.70528803480553, -81.39502582317978, -87.31055751431819, -93.45344073538126, -99.30686803046916, -99.56577115329061, -99.8250420764129, -100.08468086963713, -100.34468760221466, -106.4265442756478, -113.25891087146694, -120.3228256511873, -127.6186279776122],
    "apdft_energies": {
        "0": [-99.82504207641313, -99.82504207641313, -99.82504207641313, -99.82504207641313, -99.82504207641313, -99.82504207641313, -99.82504207641313, -99.82504207641313, -99.82504207641313, -99.82504207641313, -99.82504207641313, -99.82504207641313, -99.82504207641313, -99.82504207641313, -99.82504207641313, -99.82504207641313, -99.82504207641313],
        "1": [-47.934070441761776, -54.420441896093195, -60.90681335042461, -67.39318480475603, -73.87955625908745, -80.36592771341887, -86.85229916775029, -93.33867062208171, -99.30613236006661, -99.56558721823987, -99.82504207641313, -100.08449693458638, -100.34395179275964, -106.31141353074455, -112.79778498507596, -119.28415643940738, -125.7705278937388],
        "2": [-55.291472471459144, -60.05345282508024, -65.04535199212938, -70.26716997260657, -75.7189067665118, -81.40056237384506, -87.31213679460637, -93.45363002879573, -99.30686810026958, -99.56577115329061, -99.82504207641313, -100.08468086963713, -100.34468753296261, -106.42637293745857, -113.25762261193205, -120.31879109983358, -127.60987840116314],
        "3": [-55.198770821843276, -59.99134996215399, -65.00624348369769, -70.24453773393083, -75.70731906030981, -81.3956738102911, -87.31068833133112, -93.45344897088633, -99.30686800756793, -99.56577114170291, -99.82504207641313, -100.08468088122483, -100.34468762566426, -106.42655399536797, -113.2590710752073, -120.32367966338754, -127.62146610736512],
        "4": [-55.16221197700295, -59.96991983850613, -64.99467603669743, -70.23895929691295, -75.7050341325073, -81.39495084485358, -87.31054552334346, -93.4534400453871, -99.30686800720234, -99.56577114168006, -99.82504207641313, -100.08468088120198, -100.34468762529868, -106.42654506986874, -113.25892826721964, -120.32295669795002, -127.6191811795626]
    },
    "apdft_poly_coeff": [ -99.82504207641313, -25.945485817325675, -1.8393505074243421, -0.011587706201983865, 0.002284927802520542 ],
    "hf_energies": [-54.89425897493856, -59.69782967810351, -64.71893180950042, -69.96029538799691, -75.42424445829768, -81.11276342722982, -87.02757916898543, -93.17022454514792, -99.02385135841158, -99.28277217297787, -99.54206153196648, -99.80171950395722, -100.06174615692235, -106.1442618525372, -112.97775786234305, -120.04318196135605, -127.34081101531518],
    "triples_corrections": [-0.0075509514145080565, -0.007422501817102124, -0.0071844903588917375, -0.006863397835835713, -0.006493810986584498, -0.006106454386746805, -0.005721086277058885, -0.005346514158221322, -0.005013122091695938, -0.004998863935686703, -0.004984624982047438, -0.004970405165608585, -0.004956204422809109, -0.004634742659237814, -0.004296514777858368, -0.003971069828178827, -0.003660856437488085],
    "scf_converged": [true, true, true, true, true, true, true, true, true, true, true, true, true, true, true, true, true],
    "cc_converged": [true, true, true, true, true, true, true, true, true, true, true, true, true, true, true, true, true],
    "scf_spin_squared": [0.7576724300677302, 0.757398731163943, 0.7570062411066414, 0.7565523655371607, 0.7560893258940515, 0.7556427320283916, 0.7552167557342173, 0.7548071039658408, 0.7544418888626101, 0.7544262645351036, 0.7544106629314276, 0.7543950842927929, 0.75437952887023, 0.7540288620196005, 0.7536667494718614, 0.7533302283846415, 0.7530238009706456],
    "cc_spin_squared": [0.7502137598455492, 0.7502023840505876, 0.7501859021530619, 0.7501660325729889, 0.7501450863305714, 0.7501249907079717, 0.7501068202019159, 0.7500908949210734, 0.7500781443786306, 0.7500776284673525, 0.7500771156272212, 0.7500766058423012, 0.7500760990966278, 0.7500652308670328, 0.7500550528193319, 0.7500463747330008, 0.750039041203254]
}