{
    "schema_name": "pyscf_apdft_output",
    "provenance": {
        "creator": "PySCF",
        "version": "1.7.6"
    },
    "molecule": {
        "geometry": [[0.0, 0.0, 0.0], [0.8, 0.0, 0.0]],
        "symbols": [ "F", "H" ]
    },
    "molecular_charge": 0,
    "molecular_multiplicity": 3,
    "name": "f.h.chrg0.mult3.sep0.80-pyscf-uccsdt.ccpv5z",
    "atomic_numbers": [ 9, 1 ],
    "n_electrons": 10,
    "model": {
        "method": "UCCSD(T)",
        "basis": "cc-pV5Z",
        "scf_conv_tol": 1e-09,
        "scf_conv_tol_grad": 1e-06,
        "cc_conv_tol": 1e-05,
        "cc_conv_tol_normt": 1e-07
    },
    "broken_symmetry": false,
    "finite_diff_delta": 0.01,
    "finite_diff_acc": 2,
    "apdft_lambdas": [-1.0, -0.75, -0.5, -0.25, -0.02, -0.01, 0.0, 0.01, 0.02, 0.25, 0.5, 0.75, 1.0],
    "electronic_energies": [-75.5807548055237, -81.33667611309245, -87.32110738070467, -93.53651787725858, -99.46093645864187, -99.72303679908119, -99.98551494830122, -100.24837106965877, -100.51160532551619, -106.67071175038853, -113.5943055250878, -120.75755645748065, -128.16057167327602],
    "apdft_energies": {
        "0": [-99.9855149483013, -99.9855149483013, -99.9855149483013, -99.9855149483013, -99.9855149483013, -99.9855149483013, -99.9855149483013, -99.9855149483013, -99.9855149483013, -99.9855149483013, -99.9855149483013, -99.9855149483013, -99.9855149483013],
        "1": [-73.71880141942191, -80.28547980164176, -86.8521581838616, -93.41883656608145, -99.46018067772371, -99.7228478130125, -99.9855149483013, -100.2481820835901, -100.51084921887889, -106.55219333052115, -113.118871712741, -119.68555009496085, -126.2522284771807],
        "2": [-75.60866210620978, -81.34852643795993, -87.32462335555857, -93.5369528590057, -99.46093662199843, -99.72303679908119, -99.9855149483013, -100.24837106965877, -100.5116051631536, -106.67030962344539, -113.59133688443796, -120.74859673127902, -128.14208916396856],
        "3": [-75.5815188443494, -81.33707537436258, -87.32123044782603, -93.53652874553913, -99.46093640485233, -99.72303677193793, -99.9855149483013, -100.24837109680203, -100.5116053802997, -106.67073373691196, -113.59472979217051, -120.76004779487637, -128.16923242582894],
        "4": [-75.57737744601403, -81.33576501004553, -87.32097161043006, -93.53651256820189, -99.46093640418971, -99.72303677189652, -99.9855149483013, -100.24837109676062, -100.51160537963707, -106.67071755957471, -113.59447095477455, -120.75873743055931, -128.16509102749356]
    },
    "apdft_poly_coeff": [ -99.9855149483013, -26.266713528879393, -1.8898606867878698, -0.027143261860373965, 0.004141398335377744 ],
    "hf_energies": [-75.29414887335989, -81.04868721843528, -87.03196058846709, -93.24636858445673, -99.17003486650869, -99.4321077889673, -99.6945590599513, -99.95738885627658, -100.22059735395618, -106.37930080906074, -113.30299894997785, -120.46702766432435, -127.87143990202819],
    "triples_corrections": [-0.006774656346369359, -0.006395353471544524, -0.006029343304570719, -0.005685326864132039, -0.005384166856627849, -0.00537125552917984, -0.005358351529466738, -0.005345453889050647, -0.005332561642952605, -0.005035476589059191, -0.004705614205200936, -0.004369478939311708, -0.0040382868244119375],
    "scf_converged": [true, true, true, true, true, true, true, true, true, true, true, true, true],
    "cc_converged": [true, true, true, true, true, true, true, true, true, true, true, true, true],
    "scf_spin_squared": [2.0050056695729963, 2.004722856942063, 2.004445507108813, 2.004171722667221, 2.0039205519965018, 2.0039096267542225, 2.0038987017176906, 2.0038877770424794, 2.0038768528984168, 2.0036263724712873, 2.0033600742739632, 2.0031077090852794, 2.00287440133621],
    "cc_spin_squared": [2.000120870089651, 2.000106114252561, 2.0000933895196797, 2.0000827497104234, 2.0000745697552746, 2.000074241960992, 2.0000739161144585, 2.0000735921667263, 2.000073270068182, 2.000066255334045, 2.000059042601455, 2.000051912982084, 2.000045032742113]
}