{
    "schema_name": "pyscf_qa_output",
    "provenance": {
        "creator": "PySCF",
        "version": "1.7.6"
    },
    "molecule": {
        "geometry": [[0.0, 0.0, 0.0], [1.4, 0.0, 0.0]],
        "symbols": [ "C", "H" ]
    },
    "molecular_charge": 0,
    "molecular_multiplicity": 2,
    "name": "c.h.chrg0.mult2.sep1.40-pyscf-uccsdt.ccpv5z",
    "atomic_numbers": [ 6, 1 ],
    "n_electrons": 7,
    "model": {
        "method": "UCCSD(T)",
        "basis": "cc-pV5Z",
        "scf_conv_tol": 1e-09,
        "scf_conv_tol_grad": 1e-06,
        "cc_conv_tol": 1e-05,
        "cc_conv_tol_normt": 1e-07
    },
    "broken_symmetry": false,
    "finite_diff_delta": 0.01,
    "finite_diff_acc": 2,
    "qa_lambdas": [-1.0, -0.75, -0.5, -0.25, -0.02, -0.01, 0.0, 0.01, 0.02, 0.25, 0.5, 0.75, 1.0, 1.25, 1.5, 1.75, 2.0],
    "electronic_energies": [-25.25678747081821, -28.271187164530236, -31.469591282376747, -34.85471474942413, -38.13576449467456, -38.28206636660011, -38.42867309601356, -38.57558478685767, -38.72280154258337, -42.19321611708812, -46.149887521343125, -50.30010347218608, -54.64519438079943, -59.18637078227876, -63.924464671376356, -68.85935629921404, -73.98937108851287],
    "qats_energies": {
        "0": [-38.42867309601367, -38.42867309601367, -38.42867309601367, -38.42867309601367, -38.42867309601367, -38.42867309601367, -38.42867309601367, -38.42867309601367, -38.42867309601367, -38.42867309601367, -38.42867309601367, -38.42867309601367, -38.42867309601367, -38.42867309601367, -38.42867309601367, -38.42867309601367, -38.42867309601367],
        "1": [-23.75275208313589, -27.421732336355333, -31.09071258957478, -34.75969284279422, -38.13515467575611, -38.28191388588489, -38.42867309601367, -38.575432306142446, -38.722191516271224, -42.09765334923311, -45.76663360245256, -49.435613855672, -53.10459410889145, -56.77357436211089, -60.44255461533034, -64.11153486854978, -67.78051512176923],
        "2": [-25.27755923535814, -28.27943635948035, -31.47191437763034, -34.854993289808114, -38.135764598617, -38.28206636660011, -38.42867309601367, -38.57558478685767, -38.72280143913211, -42.192953796247004, -46.14783539050812, -50.29331787879702, -54.6294012611137, -59.15608553745816, -63.873370707830404, -68.78125677223042, -73.87974373065823],
        "3": [-25.26027642728458, -28.272145174824317, -31.469754026621146, -34.854723245931964, -38.13576446035454, -38.282066349317304, -38.42867309601367, -38.575584804140476, -38.72280157739458, -42.19322384012315, -46.149995741517316, -50.30060906345305, -54.64668406918726, -59.18984102197683, -63.93170018507867, -68.87388182174966, -74.01800619524671],
        "4": [-25.258229916175857, -28.27149764591882, -31.46962611967685, -34.85471525174795, -38.1357644600271, -38.28206634929684, -38.42867309601367, -38.57558480412001, -38.72280157706714, -42.193215845939136, -46.14986783457302, -50.299961534547556, -54.64463755807853, -59.184844656965296, -63.921339722590744, -68.85468778592134, -73.9852620175071]
    },
    "qats_poly_coeffs": [ -38.42867309601367, -14.67592101287778, -1.5248071522222517, -0.01728280807355986, 0.002046511108725705 ],
    "hf_energies": [-25.100800366012532, -28.110276082853794, -31.304077183751726, -34.68467268264981, -37.96157847201019, -38.10770298597013, -38.254132776588584, -38.400867974418006, -38.547908710085075, -42.01447389553552, -45.96769397016958, -50.115609054531504, -54.4598105955661, -59.0015519028499, -63.741227952414356, -68.67792613917392, -73.80932444134922],
    "triples_corrections": [-0.00457895370639984, -0.00476193625900896, -0.004861917996687974, -0.004914283132064602, -0.004940122190155063, -0.004940813775074207, -0.004941465721997164, -0.004942077318449823, -0.004942647818158311, -0.00494231518694916, -0.004901946572972414, -0.0048055514063905826, -0.004656020283999224, -0.004478192198373217, -0.004315751579389567, -0.004235034819645136, -0.004299851444469156],
    "scf_converged": [true, true, true, true, true, true, true, true, true, true, true, true, true, true, true, true, true],
    "cc_converged": [true, true, true, true, true, true, true, true, true, true, true, true, true, true, true, true, true],
    "scf_spin_squared": [0.7641885745547636, 0.7633867388556408, 0.7629154732046617, 0.7635221456051049, 0.7664389679759025, 0.7666451923956221, 0.7668592112435859, 0.7670811351198656, 0.7673110660832694, 0.7748308386501832, 0.7851375012935513, 0.7883375914917532, 0.7803204661799223, 0.7692572974101806, 0.7617835462964662, 0.7577959678281081, 0.7557046159163248],
    "cc_spin_squared": [0.7503187121150199, 0.7503138972520926, 0.750313649370679, 0.7503268088721322, 0.7503593730940092, 0.750361320627311, 0.7503633129584746, 0.7503653497872076, 0.7503674307418078, 0.7504252451981448, 0.7504863268163895, 0.7504908355858049, 0.7504162862372965, 0.7503061801164492, 0.7502099652238992, 0.7501440022003418, 0.7501046463142198]
}