{
    "schema_name": "pyscf_apdft_output",
    "provenance": {
        "creator": "PySCF",
        "version": "1.7.6"
    },
    "molecule": {
        "geometry": [[0.0, 0.0, 0.0], [1.8, 0.0, 0.0]],
        "symbols": [ "Ne", "H" ]
    },
    "molecular_charge": 1,
    "molecular_multiplicity": 1,
    "name": "ne.h.chrg1.mult1.sep1.80-pyscf-ccsdt.ccpv5z",
    "atomic_numbers": [ 10, 1 ],
    "n_electrons": 10,
    "model": {
        "method": "CCSD(T)",
        "basis": "cc-pV5Z",
        "scf_conv_tol": 1e-09,
        "scf_conv_tol_grad": 1e-06,
        "cc_conv_tol": 1e-05,
        "cc_conv_tol_normt": 1e-07
    },
    "broken_symmetry": false,
    "finite_diff_delta": 0.01,
    "finite_diff_acc": 2,
    "apdft_lambdas": [-2.0, -1.75, -1.5, -1.25, -1.0, -0.75, -0.5, -0.25, -0.02, -0.01, 0.0, 0.01, 0.02],
    "electronic_energies": [-75.62269509427604, -81.4211690742086, -87.45711780465027, -93.73360500768582, -100.25443991888305, -107.0253899888534, -114.05684769794752, -121.35583100612861, -128.30416382399306, -128.61125775143358, -128.91876482872095, -129.2266847538809, -129.53501723174688],
    "apdft_energies": {
        "0": [-128.91876482874935, -128.91876482874935, -128.91876482874935, -128.91876482874935, -128.91876482874935, -128.91876482874935, -128.91876482874935, -128.91876482874935, -128.91876482874935, -128.91876482874935, -128.91876482874935, -128.91876482874935, -128.91876482874935],
        "1": [-67.37606458401743, -75.06890211460892, -82.76173964520041, -90.4545771757919, -98.14741470638339, -105.84025223697488, -113.53308976756637, -121.22592729815786, -128.30333782630203, -128.61105132752567, -128.91876482874935, -129.22647832997302, -129.53419183119667],
        "2": [-75.63302089992149, -81.39063429397297, -87.40627757289644, -93.67995073669192, -100.2116537853594, -107.00138671889889, -114.04914953731037, -121.35494224059386, -128.30416352193362, -128.61125775143358, -128.91876482874935, -129.2266847538809, -129.53501752682826],
        "3": [-76.03111478370516, -81.65732609502336, -87.57422343011768, -93.77714162628754, -100.26141552083236, -107.02237995105153, -114.0553697542445, -121.35571976771062, -128.3041639200275, -128.6112578011953, -128.91876482874935, -129.22668470411918, -129.53501712873438],
        "4": [-76.49632132366202, -81.93002162784475, -87.7214176869009, -93.84812651092452, -100.29049092957966, -107.03157959210048, -114.0571869672912, -121.35583334352604, -128.30416392467956, -128.61125780148606, -128.91876482874935, -129.22668470440993, -129.53501713338645]
    },
    "apdft_poly_coeff": [ -128.91876482874935, -30.77135012236596, -2.0642390789760157, 0.04976173547296032, -0.0290754087473033 ],
    "hf_energies": [-75.25384828576257, -81.02943314174816, -87.04919896294916, -93.3195311390219, -99.84603405365482, -106.63296373824983, -113.68234427422053, -120.99333375315587, -127.94806619508641, -128.2553762906173, -128.56309572025864, -128.87122431447182, -129.1797619060614],
    "triples_corrections": [-0.01857830064877125, -0.019639832340884244, -0.019148813838055948, -0.018620167234195382, -0.01824920921755975, -0.01606279872032031, -0.011912942158669344, -0.00872219168167043, -0.007089319286362842, -0.00703655160527028, -0.006984906299506638, -0.006934344815029496, -0.00688482996606766],
    "scf_converged": [true, true, true, true, true, true, true, true, true, true, true, true, true],
    "cc_converged": [true, true, true, true, true, true, true, true, true, true, true, true, true],
    "t1_diagnostic": [0.06047731608741429, 0.04957486268380012, 0.030989861543161502, 0.02121130790044862, 0.03165945055046197, 0.03661972608760287, 0.028235763336349987, 0.017000716379389314, 0.010427917221425755, 0.010224974207931314, 0.010027796941331551, 0.009836236250891466, 0.009650143809985546]
}