{
    "schema_name": "pyscf_qa_output",
    "provenance": {
        "creator": "PySCF",
        "version": "1.7.6"
    },
    "molecule": {
        "geometry": [[0.0, 0.0, 0.0], [1.3, 0.0, 0.0]],
        "symbols": [ "F", "H" ]
    },
    "molecular_charge": 0,
    "molecular_multiplicity": 1,
    "name": "f.h.chrg0.mult1.sep1.30-pyscf-ccsdt.ccpv5z",
    "atomic_numbers": [ 9, 1 ],
    "n_electrons": 10,
    "model": {
        "method": "CCSD(T)",
        "basis": "cc-pV5Z",
        "scf_conv_tol": 1e-09,
        "scf_conv_tol_grad": 1e-06,
        "cc_conv_tol": 1e-05,
        "cc_conv_tol_normt": 1e-07
    },
    "broken_symmetry": false,
    "finite_diff_delta": 0.01,
    "finite_diff_acc": 2,
    "qa_lambdas": [-1.0, -0.75, -0.5, -0.25, -0.02, -0.01, 0.0, 0.01, 0.02, 0.25, 0.5, 0.75, 1.0],
    "electronic_energies": [-75.70824159436735, -81.50814230339378, -87.54644452041694, -93.82633241285066, -99.81975597326176, -100.08506975692376, -100.35077922200989, -100.6168845466519, -100.88338590863971, -107.12262348225498, -114.14447484275564, -121.41833992191144, -128.9451380317224],
    "qats_energies": {
        "0": [-100.35077922203428, -100.35077922203428, -100.35077922203428, -100.35077922203428, -100.35077922203428, -100.35077922203428, -100.35077922203428, -100.35077922203428, -100.35077922203428, -100.35077922203428, -100.35077922203428, -100.35077922203428, -100.35077922203428],
        "1": [-73.76003973562703, -80.40772460722884, -87.05540947883065, -93.70309435043247, -99.81896443230613, -100.0848718271702, -100.35077922203428, -100.61668661689835, -100.88259401176242, -106.99846409363609, -113.6461489652379, -120.29383383683971, -126.94151870844152],
        "2": [-75.73933727116852, -81.52107947097093, -87.55023386271603, -93.82680044640381, -99.81975615132035, -100.08506975692376, -100.35077922203428, -100.6168845466519, -100.88338573077664, -107.12217018960743, -114.14097334912327, -121.4071887005818, -128.920816243983],
        "3": [-75.7096771331192, -81.50856660023138, -87.54652634545987, -93.82633700674678, -99.81975591403925, -100.08506972726362, -100.35077922203428, -100.61688457631205, -100.88338596805774, -107.12263362926446, -114.14468086637943, -121.41970157132135, -128.95047638203232],
        "4": [-75.70886261429645, -81.50830888138512, -87.54647543803344, -93.82633382503263, -99.81975591390892, -100.08506972725547, -100.35077922203428, -100.6168845763039, -100.88338596792742, -107.1226304475503, -114.14462995895302, -121.4194438524751, -128.94966186320957]
    },
    "qats_poly_coeffs": [ -100.35077922203428, -26.590739486407244, -1.979297535541491, -0.02966013804931814, 0.0008145188227596615 ],
    "hf_energies": [-75.34586025119569, -81.13981440909771, -87.17423646314919, -93.45264787238574, -99.4469997868538, -99.71240285488419, -99.97820552366032, -100.24440794343255, -100.5110102626263, -106.75354824081796, -113.7806042769605, -121.06041974240732, -128.59308602537118],
    "triples_corrections": [-0.013613437425133369, -0.013303782930438188, -0.01284986130091096, -0.012279494148854243, -0.011632919861439089, -0.011601460201882206, -0.01156968887375029, -0.011537602433909281, -0.011505197590201011, -0.010667327576699815, -0.009568959981419522, -0.008375198687326738, -0.007236831025881601],
    "scf_converged": [true, true, true, true, true, true, true, true, true, true, true, true, true],
    "cc_converged": [true, true, true, true, true, true, true, true, true, true, true, true, true],
    "t1_diagnostic": [0.019381187671243406, 0.01667919423027385, 0.013963836214195028, 0.012335970843364899, 0.012139964924135804, 0.012149882490953846, 0.012160577500407097, 0.012171952614204744, 0.012183910817041857, 0.01241700254051639, 0.012000028632088745, 0.010688740937045636, 0.008900617174820364]
}