{
    "schema_name": "pyscf_apdft_output",
    "provenance": {
        "creator": "PySCF",
        "version": "1.7.6"
    },
    "molecule": {
        "geometry": [[0.0, 0.0, 0.0], [1.6, 0.0, 0.0]],
        "symbols": [ "N", "H" ]
    },
    "molecular_charge": 1,
    "molecular_multiplicity": 2,
    "name": "n.h.chrg1.mult2.sep1.60-pyscf-uccsdt.ccpv5z",
    "atomic_numbers": [ 7, 1 ],
    "n_electrons": 7,
    "model": {
        "method": "UCCSD(T)",
        "basis": "cc-pV5Z",
        "scf_conv_tol": 1e-09,
        "scf_conv_tol_grad": 1e-06,
        "cc_conv_tol": 1e-05,
        "cc_conv_tol_normt": 1e-07
    },
    "broken_symmetry": false,
    "finite_diff_delta": 0.01,
    "finite_diff_acc": 2,
    "apdft_lambdas": [-2.0, -1.75, -1.5, -1.25, -1.0, -0.75, -0.5, -0.25, -0.02, -0.01, 0.0, 0.01, 0.02, 0.25, 0.5, 0.75, 1.0],
    "electronic_energies": [-25.2325579130732, -28.25097657066137, -31.45028102657631, -34.834309624511846, -38.4064418100319, -42.11799922852587, -46.086049105864205, -50.28079736826677, -54.26630721521519, -54.456148367854084, -54.63416777053077, -54.812512973405674, -54.991184231308736, -59.191228116638236, -63.95571037516957, -68.92971843954572, -74.11242992656337],
    "apdft_energies": {
        "0": [-54.634167770530716, -54.634167770530716, -54.634167770530716, -54.634167770530716, -54.634167770530716, -54.634167770530716, -54.634167770530716, -54.634167770530716, -54.634167770530716, -54.634167770530716, -54.634167770530716, -54.634167770530716, -54.634167770530716, -54.634167770530716, -54.634167770530716, -54.634167770530716, -54.634167770530716],
        "1": [-18.997707215371683, -23.452264784766562, -27.90682235416144, -32.36137992355632, -36.8159374929512, -41.27049506234608, -45.72505263174096, -50.17961020113584, -54.277803164979126, -54.45598546775492, -54.634167770530716, -54.81235007330651, -54.99053237608231, -59.088725339925595, -63.543282909320475, -67.99784047871535, -72.45239804811024],
        "2": [-25.51371118188188, -28.441080321625932, -31.572074585323428, -34.90669397297437, -38.44493848457875, -42.186808120136575, -46.132302879647845, -50.28142276311256, -54.27845476537578, -54.456148367854084, -54.634167770530716, -54.812512973405674, -54.99118397647896, -59.19053790190232, -63.95053315722736, -68.91415353650585, -74.08139903973779],
        "3": [8073.022949060079, 5396.9457838639055, 3384.9980789542537, 1942.2751078439103, 973.8721440456663, 384.8844610723105, 80.40733243663277, -34.46396834857748, -54.270356228715535, -54.45513605077156, -54.634167770530716, -54.8135252904882, -54.9992825131392, -75.0079923164374, -190.490168473508, -495.985422728953, -1086.3984815699828],
        "4": [817892.7116670727, 480098.3795270154, 259617.00896238795, 125510.95319591957, 51587.60268892146, 16399.385141286915, 3243.765491491369, 163.24591659234358, -54.26225803182835, -54.45462991346611, -54.634167770530716, -54.81301915318276, -54.99118431625202, 122.70189262448366, 2972.8679905812287, 15518.515257485655, 49527.33206330581]
    },
    "apdft_poly_coeff": [ -54.634167770530716, -17.818230277579516, -1.6290009916275494, -1012.317082530245, 50613.73054487579 ],
    "hf_energies": [-25.07317207056758, -28.08528782217017, -31.278000999290715, -34.655583397496486, -38.22294375004931, -41.96512520299488, -45.93030967093579, -50.07576804058544, -54.09675210512023, -54.26134440013976, -54.43925093998367, -54.6174866201188, -54.796051998491, -58.99522295985595, -63.76162795880684, -68.73719221597058, -73.92005297061917],
    "triples_corrections": [-0.004400920180856368, -0.004777324381712567, -0.005133134856322213, -0.0054596101454626395, -0.005788969365874354, -0.007068274191982496, -0.007368293786422663, -0.006310037090068406, -0.010954619066479905, -0.00548596471338767, -0.005468343512489526, -0.005450809300981981, -0.005433396965196733, -0.0051089491893006435, -0.004898102975212207, -0.0049029786969353424, -0.005209820657054829],
    "scf_converged": [true, true, true, true, true, true, true, false, true, true, true, true, true, true, true, true, true],
    "cc_converged": [true, true, true, true, true, true, true, true, true, true, true, true, true, true, true, true, true],
    "scf_spin_squared": [0.7655545195251885, 0.7640776062758192, 0.7682973325182281, 0.819048142563144, 0.9560282683663464, 1.8418372227693107, 1.8298293489461894, 0.9107516302586092, 1.8065852403470406, 1.0023633221302655, 0.9962387530929178, 0.9899514813741312, 0.9835302900003997, 0.8288853079358627, 0.768521450209553, 0.7582547240094435, 0.7554084305491999],
    "cc_spin_squared": [0.750284359499714, 0.7503325703190109, 0.7504758842382013, 0.750976814901434, 0.7521518042813986, 2.3531010538096595, 2.3853796616297656, 0.7502002877814193, 2.6175002137757275, 0.7525364938390049, 0.7524696997228995, 0.7524027664426951, 0.7523358894106009, 0.750996837771883, 0.7503763508834043, 0.7501786867537659, 0.7501082656328728]
}