{
    "schema_name": "pyscf_qa_output",
    "provenance": {
        "creator": "PySCF",
        "version": "1.7.6"
    },
    "molecule": {
        "geometry": [[0.0, 0.0, 0.0], [1.6, 0.0, 0.0]],
        "symbols": [ "N", "H" ]
    },
    "molecular_charge": 1,
    "molecular_multiplicity": 2,
    "name": "n.h.chrg1.mult2.sep1.60-pyscf-uccsdt.ccpv5z",
    "atomic_numbers": [ 7, 1 ],
    "n_electrons": 7,
    "model": {
        "method": "UCCSD(T)",
        "basis": "cc-pV5Z",
        "scf_conv_tol": 1e-09,
        "scf_conv_tol_grad": 1e-06,
        "cc_conv_tol": 1e-05,
        "cc_conv_tol_normt": 1e-07
    },
    "broken_symmetry": false,
    "finite_diff_delta": 0.01,
    "finite_diff_acc": 2,
    "qa_lambdas": [-2.0, -1.75, -1.5, -1.25, -1.0, -0.75, -0.5, -0.25, -0.02, -0.01, 0.0, 0.01, 0.02, 0.25, 0.5, 0.75, 1.0],
    "electronic_energies": [-25.232557913073187, -28.250976570661333, -31.450281026576352, -34.83430962451188, -38.40644181003184, -42.16983756912818, -46.12715608105075, -50.28081507106513, -54.278397527780704, -54.45630589093075, -54.63416777053091, -54.8125129734056, -54.9911842313087, -59.19122811663823, -63.95571037516946, -68.92971843954557, -74.11242992656345],
    "qats_energies": {
        "0": [-54.634167770530794, -54.634167770530794, -54.634167770530794, -54.634167770530794, -54.634167770530794, -54.634167770530794, -54.634167770530794, -54.634167770530794, -54.634167770530794, -54.634167770530794, -54.634167770530794, -54.634167770530794, -54.634167770530794, -54.634167770530794, -54.634167770530794, -54.634167770530794, -54.634167770530794],
        "1": [-19.013459523045483, -23.466048053981147, -27.91863658491681, -32.371225115852475, -36.82381364678814, -41.2764021777238, -45.72899070865947, -50.18157923959513, -54.27796068805594, -54.45606422929337, -54.634167770530794, -54.81227131176822, -54.99037485300565, -59.08675630146646, -63.53934483240212, -67.99193336333778, -72.44452189427345],
        "2": [-28.67992501833153, -30.866935698809527, -33.35602342601521, -36.14718819994859, -39.24043002060965, -42.6357488879984, -46.333144802114845, -50.332617762958975, -54.27892733460547, -54.45630589093075, -54.634167770530794, -54.8125129734056, -54.991341499555176, -59.2377948248303, -64.1434989258575, -69.35128007361239, -74.86113826809496],
        "3": [219.67912717500496, 135.51422621977332, 71.42045171804862, 24.4873460269402, -8.195548496442584, -29.53868949499042, -42.45253461159396, -49.847541489143865, -54.27867897555328, -54.456274846049226, -54.634167770530794, -54.81254401828713, -54.99158985860737, -59.72287109864541, -68.02410911637838, -82.44833946662037, -105.90601979226203],
        "4": [46024.68387561985, 26985.567058499088, 14564.410235405674, 7013.776400660246, 2854.61724828136, 876.2731719854861, 136.47326518701868, -38.664679001730576, -54.27822092550579, -54.45624621792126, -54.634167770530794, -54.81251539015916, -54.991131808559885, -48.540008611232125, 110.90169068223427, 823.3635220138564, 2756.90677698554]
    },
    "qats_poly_coeffs": [ -54.634167770530794, -17.810354123742655, -2.416616373821512, -31.044881524167064, 2862.8127967778023 ],
    "hf_energies": [-25.07317207056757, -28.08528782217014, -31.278000999290743, -34.65558339749653, -38.222943750049254, -41.97361354317732, -45.925840094031095, -50.07587090984776, -54.07150425670952, -54.255651499207325, -54.43925093998365, -54.61748662011884, -54.79605199849097, -58.995222959855965, -63.76162795880673, -68.73719221597042, -73.9200529706193],
    "triples_corrections": [-0.004400920180856213, -0.004777324381712158, -0.005133134856323353, -0.005459610145465391, -0.005788969365874643, -0.0063571085489850685, -0.006349235982482628, -0.006284831632829967, -0.0059590826381210795, -0.005540545584892991, -0.005468343512431887, -0.005450809301009154, -0.005433396965196766, -0.005108949189296857, -0.0048981029752127, -0.004902978696935184, -0.005209820657054985],
    "scf_converged": [true, true, true, true, true, false, false, false, false, false, true, true, true, true, true, true, true],
    "cc_converged": [true, true, true, true, true, true, true, true, true, true, true, true, true, true, true, true, true],
    "scf_spin_squared": [0.7655545195251872, 0.7640776062758117, 0.7682973325186095, 0.8190481425742631, 0.9560282683667332, 0.92339299139338, 0.8734866256630331, 0.8992591155696141, 0.9067971473392316, 0.7609892934092573, 0.9962387529189138, 0.9899514814798449, 0.9835302900005103, 0.8288853079417402, 0.768521450209187, 0.7582547240094382, 0.755408430549195],
    "cc_spin_squared": [0.7502843594997157, 0.7503325703190118, 0.7504758842382069, 0.7509768149014884, 0.7521518042813979, 0.7501916883960482, 0.7502755916739727, 0.7502194764033181, 0.7501672200863543, 0.7509237194183023, 0.7524696997220126, 0.752402766443224, 0.7523358894106016, 0.7509968377719056, 0.7503763508834125, 0.7501786867537641, 0.7501082656328744]
}