{
    "schema_name": "pyscf_apdft_output",
    "provenance": {
        "creator": "PySCF",
        "version": "1.7.6"
    },
    "molecule": {
        "geometry": [[0.0, 0.0, 0.0], [1.7, 0.0, 0.0]],
        "symbols": [ "Li", "H" ]
    },
    "molecular_charge": -1,
    "molecular_multiplicity": 2,
    "name": "li.h.chrg-1.mult2.sep1.70-pyscf-uccsdt.ccpv5z",
    "atomic_numbers": [ 3, 1 ],
    "n_electrons": 5,
    "model": {
        "method": "UCCSD(T)",
        "basis": "cc-pV5Z",
        "scf_conv_tol": 1e-09,
        "scf_conv_tol_grad": 1e-06,
        "cc_conv_tol": 1e-05,
        "cc_conv_tol_normt": 1e-07
    },
    "broken_symmetry": false,
    "finite_diff_delta": 0.01,
    "finite_diff_acc": 2,
    "apdft_lambdas": [-0.02, -0.01, 0.0, 0.01, 0.02, 0.25, 0.5, 0.75, 1.0, 1.25, 1.5, 1.75, 2.0, 2.25, 2.5, 2.75, 3.0],
    "electronic_energies": [-7.944932604628975, -8.003733548261073, -8.062771989175683, -8.122048275538129, -8.181562817464602, -9.616712557262893, -11.321306401050787, -13.175070939687306, -15.175581559546798, -17.319848441014475, -19.603888137302203, -22.02225775178536, -24.56804511581092, -27.233729308820994, -30.012541758704767, -32.89933024603304, -35.88971110529311],
    "apdft_energies": {
        "0": [-8.06277198917568, -8.06277198917568, -8.06277198917568, -8.06277198917568, -8.06277198917568, -8.06277198917568, -8.06277198917568, -8.06277198917568, -8.06277198917568, -8.06277198917568, -8.06277198917568, -8.06277198917568, -8.06277198917568, -8.06277198917568, -8.06277198917568, -8.06277198917568, -8.06277198917568],
        "1": [-7.944457261898624, -8.003614625537152, -8.06277198917568, -8.121929352814208, -8.181086716452736, -9.541706080138882, -11.020640171102084, -12.499574262065286, -13.978508353028488, -15.45744244399169, -16.936376534954892, -18.415310625918096, -19.894244716881296, -21.373178807844496, -22.8521128988077, -24.331046989770904, -25.809981080734104],
        "2": [-7.944932952794307, -8.003733548261073, -8.06277198917568, -8.122048275538129, -8.18156240734842, -9.616032782589437, -11.317946980904306, -13.168514584120286, -15.167735592237378, -17.31561000525558, -19.612137823174894, -22.05731904599532, -24.651153673716856, -27.3936417063395, -30.28478314386326, -33.32457798628813, -36.51302623361411],
        "3": [-7.944932447273296, -8.003733485070946, -8.06277198917568, -8.122048338728256, -8.18156291286943, -9.617020128313136, -11.325845746693892, -13.19517291866014, -15.230925718554065, -17.439028220717866, -19.825404499493718, -22.39597862922382, -25.156674684250365, -28.113416738915532, -31.27212886756152, -34.638735144530514, -38.219159644164705],
        "4": [-7.944932488573862, -8.003733487652232, -8.06277198917568, -8.12204834130954, -8.181562954169996, -9.618028442896584, -11.341978780029072, -13.276846399919481, -15.489054251916926, -18.069224835373284, -21.132180199643194, -24.81694194408408, -29.28673121805612, -34.72896872092225, -41.35527470204822, -49.40146896080249, -59.127570846556324]
    },
    "apdft_poly_coeff": [ -8.06277198917568, -5.915736363852808, -1.1892272392088898, -0.06319012631668859, -0.2581285333628595 ],
    "hf_energies": [-7.876424222243031, -7.935283299272544, -7.994378736084034, -8.053710963618414, -8.113280398560258, -9.54952038363456, -11.255068337789854, -13.109349518321132, -15.109680789211692, -17.253080028786698, -19.535968994676807, -21.953174380837574, -24.49761407773041, -27.161665901222477, -29.938841454603406, -32.82453479148638, -35.81452655286067],
    "triples_corrections": [-0.0004420625607881096, -0.0004460906447408012, -0.0004501535309040338, -0.00045424662882211656, -0.0004583642565077543, -0.0005524557668358985, -0.0006533835635694013, -0.0007732229663591976, -0.000911809071738633, -0.0010317504574220968, -0.0010902998497942015, -0.0011024831463104364, -0.001103964727005896, -0.0011154874429411949, -0.0011356143624355547, -0.0011275458919494737, -0.0010481794302286387],
    "scf_converged": [true, true, true, true, true, true, true, true, true, true, true, true, true, true, true, true, true],
    "cc_converged": [true, true, true, true, true, true, true, true, true, true, true, true, true, true, true, true, true],
    "scf_spin_squared": [0.7504953371368854, 0.7505143332107362, 0.7505339097200152, 0.750554076491684, 0.7505748429632362, 0.7512440813593917, 0.7527107397171624, 0.7563431425626472, 0.7658182289846975, 0.7874218673673048, 0.8191193003063875, 0.8421866598578001, 0.8457070039906047, 0.8324467387261214, 0.8084899781836161, 0.7824820461999498, 0.7649215533608755],
    "cc_spin_squared": [0.7500174291171162, 0.7500180123659443, 0.7500186088447107, 0.7500192156713629, 0.7500198369758461, 0.7500359467336565, 0.7500552870500017, 0.7500821273746653, 0.7501235323982907, 0.7501796410852319, 0.7502301845212823, 0.7502486766329985, 0.7502339364330377, 0.7502014135646953, 0.7501616893886729, 0.7501158806250415, 0.7500709926132552]
}