{
    "schema_name": "pyscf_apdft_output",
    "provenance": {
        "creator": "PySCF",
        "version": "1.7.6"
    },
    "molecule": {
        "geometry": [[0.0, 0.0, 0.0], [1.7, 0.0, 0.0]],
        "symbols": [ "B", "H" ]
    },
    "molecular_charge": -1,
    "molecular_multiplicity": 2,
    "name": "b.h.chrg-1.mult2.sep1.70-pyscf-uccsdt.ccpv5z",
    "atomic_numbers": [ 5, 1 ],
    "n_electrons": 7,
    "model": {
        "method": "UCCSD(T)",
        "basis": "cc-pV5Z",
        "scf_conv_tol": 1e-09,
        "scf_conv_tol_grad": 1e-06,
        "cc_conv_tol": 1e-05,
        "cc_conv_tol_normt": 1e-07
    },
    "broken_symmetry": false,
    "finite_diff_delta": 0.01,
    "finite_diff_acc": 2,
    "apdft_lambdas": [-0.02, -0.01, 0.0, 0.01, 0.02, 0.25, 0.5, 0.75, 1.0, 1.25, 1.5, 1.75, 2.0, 2.25, 2.5, 2.75, 3.0],
    "electronic_energies": [-25.005425951482923, -25.12144477984614, -25.23775725552383, -25.354363529985758, -25.471263750310012, -28.241375539958984, -31.4301106399441, -34.80462812151895, -38.365382392807994, -42.11156756952776, -46.042008219752255, -50.15514520140911, -54.449586864123255, -58.92584400478939, -63.58270127261065, -68.41637550621252, -73.41939554862014],
    "apdft_energies": {
        "0": [-25.23775725552384, -25.23775725552384, -25.23775725552384, -25.23775725552384, -25.23775725552384, -25.23775725552384, -25.23775725552384, -25.23775725552384, -25.23775725552384, -25.23775725552384, -25.23775725552384, -25.23775725552384, -25.23775725552384, -25.23775725552384, -25.23775725552384, -25.23775725552384, -25.23775725552384],
        "1": [-25.00483850538422, -25.12129788045403, -25.23775725552384, -25.354216630593648, -25.470676005663456, -28.14924163226906, -31.06072600901428, -33.9722103857595, -36.883694762504724, -39.795179139249946, -42.70666351599517, -45.61814789274039, -48.52963226948561, -51.44111664623083, -54.35260102297605, -57.264085399721274, -60.175569776466496],
        "2": [-25.00542610295266, -25.12144477984614, -25.23775725552384, -25.354363529985758, -25.471263603231897, -28.241053752337873, -31.427974489289532, -34.79851946637882, -38.35268868360573, -42.090482140970266, -46.011899838472424, -50.11694177611221, -54.40560795388962, -58.877898371804655, -63.53381302985732, -68.37335192804761, -73.39651506637551],
        "3": [-25.00542590392076, -25.12144475496715, -25.23775725552384, -25.354363554864747, -25.4712638022638, -28.241442486521606, -31.431084362759385, -34.80901528933957, -38.37756767136455, -42.13907391393672, -46.09586642215846, -50.25027760113216, -54.60463985596022, -59.16128559174503, -63.92254721358896, -68.89075712659442, -74.06824773586379],
        "4": [-25.005425900993014, -25.121444754784168, -25.23775725552384, -25.35436355468176, -25.471263799336054, -28.24137100839726, -31.42994071276986, -34.8032255612676, -38.359269271532156, -42.0944000862209, -46.00323077300694, -50.07865862457908, -54.31186545864185, -58.692317617915464, -63.20776597013589, -67.84424590805477, -72.5860773494395]
    },
    "apdft_poly_coeff": [ -25.23775725552384, -11.645937506980886, -1.4689939211010028, -0.02487898775882513, 0.018298399832398598 ],
    "hf_energies": [-24.853974333058012, -24.969807776938225, -25.08593540819204, -25.202357305128704, -25.319073541612756, -28.08490954490181, -31.26868267516795, -34.634656718779354, -38.18867162666966, -41.92794901503151, -45.85365178338388, -49.96588089540455, -54.26233995585972, -58.7523215377561, -63.412483507339665, -68.24964019499208, -73.25443878681081],
    "triples_corrections": [-0.005356614655720281, -0.005363243136048541, -0.005369709792150321, -0.005376024978739375, -0.005382199081031075, -0.0055074821947278425, -0.005673537476972386, -0.006172341330915183, -0.006342425296496795, -0.006487181383419377, -0.006496875672197199, -0.006322772530563456, -0.006174478127407962, -0.004866908107903422, -0.004609029374026967, -0.004598746496427746, -0.004919563273937588],
    "scf_converged": [true, true, true, true, true, true, true, false, true, true, true, true, false, true, true, true, true],
    "cc_converged": [true, true, true, true, true, true, true, true, true, true, true, true, true, true, true, true, true],
    "scf_spin_squared": [0.7662196826876042, 0.7662120600114113, 0.766204239022569, 0.7661964337934064, 0.7661888871943194, 0.767397354217433, 0.8079778566483049, 0.8751830009589265, 0.799982465313076, 0.7819664497137868, 0.7798596136751716, 0.7900527285053784, 0.9587017691020456, 0.9114998313914229, 0.7728797706590953, 0.7583740168701207, 0.755333830215076],
    "cc_spin_squared": [0.7504567153480988, 0.75045812174541, 0.7504596208431649, 0.7504612191984543, 0.750462923799522, 0.7505550332930184, 0.7510880857152493, 0.7502744919157633, 0.7506494886315003, 0.7511249370259432, 0.7513878515403949, 0.7511721398803484, 0.7501812750725845, 0.7518776837914238, 0.7504997191120586, 0.7501992699683324, 0.7501139245996957]
}