{
    "schema_name": "pyscf_qa_output",
    "provenance": {
        "creator": "PySCF",
        "version": "1.7.6"
    },
    "molecule": {
        "geometry": [[0.0, 0.0, 0.0], [1.6, 0.0, 0.0]],
        "symbols": [ "Ne", "H" ]
    },
    "molecular_charge": 1,
    "molecular_multiplicity": 3,
    "name": "ne.h.chrg1.mult3.sep1.60-pyscf-uccsdt.ccpv5z",
    "atomic_numbers": [ 10, 1 ],
    "n_electrons": 10,
    "model": {
        "method": "UCCSD(T)",
        "basis": "cc-pV5Z",
        "scf_conv_tol": 1e-09,
        "scf_conv_tol_grad": 1e-06,
        "cc_conv_tol": 1e-05,
        "cc_conv_tol_normt": 1e-07
    },
    "broken_symmetry": false,
    "finite_diff_delta": 0.01,
    "finite_diff_acc": 2,
    "qa_lambdas": [-2.0, -1.75, -1.5, -1.25, -1.0, -0.75, -0.5, -0.25, -0.02, -0.01, 0.0, 0.01, 0.02],
    "electronic_energies": [-75.60453277038336, -81.38967939787369, -87.41396316759214, -93.67765453720759, -100.18043218696907, -106.92193021528101, -113.90176784138994, -121.11954612216716, -127.9697107179319, -128.27210020158165, -128.5748691710439, -128.87801760245605, -129.18154547197858],
    "qats_energies": {
        "0": [-128.5748691710438, -128.5748691710438, -128.5748691710438, -128.5748691710438, -128.5748691710438, -128.5748691710438, -128.5748691710438, -128.5748691710438, -128.5748691710438, -128.5748691710438, -128.5748691710438, -128.5748691710438, -128.5748691710438],
        "1": [-67.98312908360342, -75.55709659453346, -83.13106410546351, -90.70503161639355, -98.2789991273236, -105.85296663825365, -113.4269341491837, -121.00090166011374, -127.96895177016938, -128.2719104706066, -128.5748691710438, -128.87782787148097, -129.1807865719182],
        "2": [-75.5723680862445, -81.36760770593054, -87.40001104444912, -93.66957810180023, -100.17630887798387, -106.92020337300005, -113.90126158684876, -121.11948351953001, -127.96971069406965, -128.27210020158165, -128.5748691710438, -128.87801760245605, -129.18154549581845],
        "3": [-75.6041694969345, -81.38891216660764, -87.41342726458396, -93.67734211808197, -100.18028405432013, -106.9218804005169, -113.90175848389079, -121.11954563166026, -127.96971072587105, -128.27210020555682, -128.5748691710438, -128.87801759848088, -129.18154546401703],
        "4": [-75.60565500494738, -81.38978294413178, -87.41389728860366, -93.67756878861616, -100.18037689857093, -106.92190977701813, -113.90176428665647, -121.11954599433312, -127.96971072588592, -128.27210020555776, -128.5748691710438, -128.87801759848182, -129.1815454640319]
    },
    "qats_poly_coeffs": [ -128.5748691710438, -30.295870043720186, -1.8973097506602699, 0.003975176336249811, -9.284425080598642e-05 ],
    "hf_energies": [-75.30254993719464, -81.08767503114213, -87.11484029189147, -93.38148473958003, -99.8868553256835, -106.63060602178615, -113.61243270453386, -120.83201504463402, -127.68373628950472, -127.98619195919754, -128.28902701830157, -128.5922414460176, -128.8958352215274],
    "triples_corrections": [-0.008251212888197305, -0.00802333122352097, -0.007241099330621882, -0.006409211737663635, -0.0056778193167479635, -0.005062924528500585, -0.004550970087218232, -0.004122883795690325, -0.003787704237663918, -0.003774212285954048, -0.003760803198459304, -0.003747476173386473, -0.003734230418705184],
    "scf_converged": [true, true, true, true, true, true, true, true, true, true, true, true, true],
    "cc_converged": [true, true, true, true, true, true, true, true, true, true, true, true, true],
    "scf_spin_squared": [2.0233167845421622, 2.015212082789478, 2.0100045690813424, 2.007051769806541, 2.005351483623688, 2.0043136783447912, 2.003635257651368, 2.0031612056150303, 2.002834579448091, 2.002822111965093, 2.002809768615654, 2.002797547297413, 2.0027854459544687],
    "cc_spin_squared": [2.0005311270822324, 2.0003774481215744, 2.0002891590787013, 2.0001956880176945, 2.0001301602015356, 2.0000900570844955, 2.0000655873483137, 2.000050027681179, 2.000040297869638, 2.000039944818991, 2.000039596677816, 2.0000392533521656, 2.0000389147505175]
}