{
    "schema_name": "pyscf_qa_output",
    "provenance": {
        "creator": "PySCF",
        "version": "1.7.6"
    },
    "molecule": {
        "geometry": [[0.0, 0.0, 0.0], [1.8, 0.0, 0.0]],
        "symbols": [ "F", "H" ]
    },
    "molecular_charge": 0,
    "molecular_multiplicity": 3,
    "name": "f.h.chrg0.mult3.sep1.80-pyscf-uccsdt.ccpv5z",
    "atomic_numbers": [ 9, 1 ],
    "n_electrons": 10,
    "model": {
        "method": "UCCSD(T)",
        "basis": "cc-pV5Z",
        "scf_conv_tol": 1e-09,
        "scf_conv_tol_grad": 1e-06,
        "cc_conv_tol": 1e-05,
        "cc_conv_tol_normt": 1e-07
    },
    "broken_symmetry": false,
    "finite_diff_delta": 0.01,
    "finite_diff_acc": 2,
    "qa_lambdas": [-1.0, -0.75, -0.5, -0.25, -0.02, -0.01, 0.0, 0.01, 0.02, 0.25, 0.5, 0.75, 1.0],
    "electronic_energies": [-75.60727922592336, -81.39117605019997, -87.41658833649149, -93.68230781875145, -99.65796518178276, -99.92235517300098, -100.18712624024586, -100.452278325667, -100.71781137149657, -106.93008426910134, -113.91028023216484, -121.1268044989783, -128.5787097826126],
    "qats_energies": {
        "0": [-100.1871262402458, -100.1871262402458, -100.1871262402458, -100.1871262402458, -100.1871262402458, -100.1871262402458, -100.1871262402458, -100.1871262402458, -100.1871262402458, -100.1871262402458, -100.1871262402458, -100.1871262402458, -100.1871262402458],
        "1": [-73.69096860694505, -80.31500801527024, -86.93904742359543, -93.56308683192061, -99.65720308757979, -99.9221646639128, -100.1871262402458, -100.45208781657881, -100.71704939291182, -106.81116564857099, -113.43520505689618, -120.05924446522137, -126.68328387354656],
        "2": [-75.59605948879359, -81.38662163631004, -87.41532014405756, -93.68215501203615, -99.65796512393253, -99.92235517300098, -100.1871262402458, -100.452278325667, -100.71781142926456, -106.93023382868653, -113.91147777735831, -121.13085808626117, -128.58837475539508],
        "3": [-75.60569434052485, -81.39068633938416, -87.41652450052396, -93.68230555659444, -99.65796520101134, -99.92235518263583, -100.1871262402458, -100.45227831603215, -100.71781135218575, -106.93008328412823, -113.91027342089191, -121.12679338318705, -128.57873990366383],
        "4": [-75.60603699975917, -81.39079475890753, -87.41654591672611, -93.68230689510709, -99.65796520106616, -99.92235518263927, -100.1871262402458, -100.45227831603557, -100.71781135224057, -106.93008462264086, -113.91029483709406, -121.1269018027104, -128.57908256289815]
    },
    "qats_poly_coeffs": [ -100.1871262402458, -26.496157633300754, -1.9050908818485368, 0.009634851731258701, -0.0003426592343203083 ],
    "hf_energies": [-75.30694745820301, -81.09291940428331, -87.12288320295498, -93.39234345622701, -99.37083620336188, -99.6353395165688, -99.90022319526808, -100.16548719458926, -100.43113146957043, -106.64580075568627, -113.62834833896723, -120.84708101321554, -128.30113793067918],
    "triples_corrections": [-0.00876313524237672, -0.008536307962825397, -0.0074057493872077985, -0.0064084448436373025, -0.005667729809669346, -0.005638920078058986, -0.005610369355735637, -0.005582074792605068, -0.00555403354905532, -0.004972715673727097, -0.004455084748251475, -0.004025928980037462, -0.0036627238737341897],
    "scf_converged": [true, true, true, true, true, true, true, true, true, true, true, true, true],
    "cc_converged": [true, true, true, true, true, true, true, true, true, true, true, true, true],
    "scf_spin_squared": [2.0349663412148624, 2.0171259129775083, 2.0097444741494384, 2.00658758180976, 2.0050838099788373, 2.005035140655811, 2.0049875283898335, 2.004940940418436, 2.0048953454438885, 2.004064086800678, 2.0034702625628595, 2.003052946381601, 2.0027384494630525],
    "cc_spin_squared": [2.0006723189899, 2.0005450631527926, 2.0003410081488804, 2.000199095081208, 2.000128666172004, 2.0001264619008667, 2.0001243129804873, 2.0001222177856373, 2.000120174739429, 2.000084580139946, 2.000061774927774, 2.000047563658637, 2.00003802713052]
}