{
    "schema_name": "pyscf_apdft_output",
    "provenance": {
        "creator": "PySCF",
        "version": "1.7.6"
    },
    "molecule": {
        "geometry": [[0.0, 0.0, 0.0], [1.3, 0.0, 0.0]],
        "symbols": [ "O", "H" ]
    },
    "molecular_charge": 2,
    "molecular_multiplicity": 4,
    "name": "o.h.chrg2.mult4.sep1.30-pyscf-uccsdt.ccpv5z",
    "atomic_numbers": [ 8, 1 ],
    "n_electrons": 7,
    "model": {
        "method": "UCCSD(T)",
        "basis": "cc-pV5Z",
        "scf_conv_tol": 1e-09,
        "scf_conv_tol_grad": 1e-06,
        "cc_conv_tol": 1e-05,
        "cc_conv_tol_normt": 1e-07
    },
    "broken_symmetry": false,
    "finite_diff_delta": 0.01,
    "finite_diff_acc": 2,
    "apdft_lambdas": [-3.0, -2.75, -2.5, -2.25, -2.0, -1.75, -1.5, -1.25, -1.0, -0.75, -0.5, -0.25, -0.02, -0.01, 0.0, 0.01, 0.02],
    "electronic_energies": [-25.206872736825613, -28.233951805694215, -31.44204888487821, -34.83518952479801, -38.41695449048126, -42.19048196025563, -46.158568938298764, -50.32383202443146, -54.6888256886226, -59.25599521925038, -64.0274281434498, -69.00454083526887, -73.76565949382993, -73.97662519788426, -74.18792077537815, -74.39954619599371, -74.61150142806062],
    "apdft_energies": {
        "0": [-74.18792077537807, -74.18792077537807, -74.18792077537807, -74.18792077537807, -74.18792077537807, -74.18792077537807, -74.18792077537807, -74.18792077537807, -74.18792077537807, -74.18792077537807, -74.18792077537807, -74.18792077537807, -74.18792077537807, -74.18792077537807, -74.18792077537807, -74.18792077537807, -74.18792077537807],
        "1": [-10.749771058961016, -16.036283535329105, -21.322796011697193, -26.60930848806528, -31.89582096443337, -37.18233344080146, -42.468845917169546, -47.755358393537634, -53.04187086990572, -58.32838334627381, -63.6148958226419, -68.90140829900999, -73.76499977726863, -73.97646027632335, -74.18792077537807, -74.3993812744328, -74.61084177348752],
        "2": [-25.592711540788343, -28.50847657908679, -31.630393568521725, -34.95846250909315, -38.49268340080107, -42.23305624364548, -46.17958103762638, -50.33225778274377, -54.69108647899765, -59.25606712638802, -64.02719972491488, -69.00448427457823, -73.76565946351226, -73.97662519788426, -74.18792077537807, -74.39954619599371, -74.61150145973116],
        "3": [-25.732184997572233, -28.615906654885023, -31.711107374530926, -35.017302873673856, -38.53400886947778, -42.26074107910664, -46.19701521972436, -50.34234700849492, -54.69625216258224, -59.258246399150266, -64.02784543536295, -69.00456498838425, -73.76565950483773, -73.97662520304995, -74.18792077537807, -74.39954619082802, -74.6115014184057],
        "4": [-25.275585439409326, -28.293516891620023, -31.49091082834896, -34.87283191972387, -38.44381636416165, -42.207871888368345, -46.16847774733918, -50.32858472435854, -54.69061513099997, -59.25646280712619, -64.02749312088906, -69.00454296872962, -73.76565950393581, -73.97662520299357, -74.18792077537807, -74.39954619077166, -74.61150141750376]
    },
    "apdft_poly_coeff": [ -74.18792077537807, -21.146049905472353, -1.6492156090919252, 0.005165683584588502, 0.005637031582258108 ],
    "hf_energies": [-25.078357386823534, -28.099674470846967, -31.301991340048385, -34.689617228631974, -38.26641638114381, -42.03578031858755, -46.00066582006276, -50.16372727556909, -54.52745791163904, -59.09415552870741, -63.86568494933576, -68.84323004127886, -73.604902933863, -73.81589499860681, -74.02721710051127, -74.23886920743689, -74.4508512860436],
    "triples_corrections": [-0.002588043591280455, -0.002887083934199686, -0.003160911702717965, -0.0033812449551566147, -0.003527092109261961, -0.0035890540919543035, -0.003568680362982152, -0.003473575011438856, -0.0033128171568319593, -0.003098433402471616, -0.002850780782218935, -0.0025966574144969967, -0.002376787959198134, -0.0023677119665635837, -0.0023586805142297358, -0.0023496939155409112, -0.0023407524566468993],
    "scf_converged": [true, true, true, true, true, true, true, true, true, true, true, true, true, true, true, true, true],
    "cc_converged": [true, true, true, true, true, true, true, true, true, true, true, true, true, true, true, true, true],
    "scf_spin_squared": [3.7568346782277313, 3.755545685098452, 3.7543158063574023, 3.7534197861458654, 3.7531213350973003, 3.753334090634773, 3.753590436328747, 3.753607291531999, 3.753583513924692, 3.7537969375750655, 3.754214035994472, 3.7545933406815015, 3.7547594339795105, 3.7547620727340267, 3.75476434338661, 3.754766249353895, 3.754767794259154],
    "cc_spin_squared": [3.750272683045588, 3.7502668518275453, 3.7502657993928006, 3.750268086988331, 3.75027167583877, 3.7502730139032496, 3.7502666381586547, 3.7502478883949055, 3.7502167409235474, 3.7501787599023735, 3.7501419554230924, 3.750111821166601, 3.7500908918127207, 3.750090112626089, 3.7500893432316014, 3.750088583490906, 3.7500878332657503]
}