{
    "schema_name": "pyscf_apdft_output",
    "provenance": {
        "creator": "PySCF",
        "version": "1.7.6"
    },
    "molecule": {
        "geometry": [[0.0, 0.0, 0.0], [1.7, 0.0, 0.0]],
        "symbols": [ "C", "H" ]
    },
    "molecular_charge": 2,
    "molecular_multiplicity": 2,
    "name": "c.h.chrg2.mult2.sep1.70-pyscf-uccsdt.ccpv5z",
    "atomic_numbers": [ 6, 1 ],
    "n_electrons": 5,
    "model": {
        "method": "UCCSD(T)",
        "basis": "cc-pV5Z",
        "scf_conv_tol": 1e-09,
        "scf_conv_tol_grad": 1e-06,
        "cc_conv_tol": 1e-05,
        "cc_conv_tol_normt": 1e-07
    },
    "broken_symmetry": false,
    "finite_diff_delta": 0.01,
    "finite_diff_acc": 2,
    "apdft_lambdas": [-3.0, -2.75, -2.5, -2.25, -2.0, -1.75, -1.5, -1.25, -1.0, -0.75, -0.5, -0.25, -0.02, -0.01, 0.0, 0.01, 0.02],
    "electronic_energies": [-8.033571989935757, -9.610751473910273, -11.331231310079716, -13.198670853722735, -15.21697849854241, -17.390092775862755, -19.721679297380007, -22.21472894199051, -24.871458944530804, -27.693940162386, -30.685133614493694, -33.849359771547824, -36.9171072308743, -37.053930800102954, -37.191041985699584, -37.328440806046345, -37.466127270194384],
    "apdft_energies": {
        "0": [-37.1910419856996, -37.1910419856996, -37.1910419856996, -37.1910419856996, -37.1910419856996, -37.1910419856996, -37.1910419856996, -37.1910419856996, -37.1910419856996, -37.1910419856996, -37.1910419856996, -37.1910419856996, -37.1910419856996, -37.1910419856996, -37.1910419856996, -37.1910419856996, -37.1910419856996],
        "1": [3.9854589058090397, 0.5540838315166496, -2.8772912427757333, -6.30866631706812, -9.740041391360506, -13.171416465652893, -16.60279153994528, -20.034166614237666, -23.465541688530053, -26.89691676282244, -30.328291837114826, -33.75966691140721, -36.91653197975621, -37.0537869827279, -37.1910419856996, -37.3282969886713, -37.46555199164299],
        "2": [-8.958104848759248, -10.322105156696978, -11.865877183448156, -13.589420929012782, -15.492736393390857, -17.57582357658238, -19.83868247858735, -22.28131309940577, -24.90371543903764, -27.705889497482957, -30.687835274741722, -33.849552770813936, -36.91710724925641, -37.053930800102954, -37.1910419856996, -37.328440806046345, -37.46612726114319],
        "3": [-8.896379919591354, -10.274561244241845, -11.830156738327851, -13.563380724520076, -15.474447525489257, -17.563571463906115, -19.830966862441365, -22.27684804376573, -24.901429330549938, -27.70492504546471, -30.68754951118076, -33.84951705036882, -36.917107230967545, -37.05393079781685, -37.1910419856996, -37.32844080833245, -37.46612727943206],
        "4": [-5.747204599075403, -8.051033279944292, -10.311457220332109, -12.566961970763074, -14.852388202918206, -17.198931709635335, -19.634143404909118, -22.181929323890998, -24.862550622889252, -27.69262357936894, -30.685119591951967, -33.84936518041702, -36.91710722474695, -37.05393079742806, -37.1910419856996, -37.328440807943664, -37.46612727321147]
    },
    "apdft_poly_coeff": [ -37.1910419856996, -13.725500297169546, -1.4381737505075876, -0.0022861084876997966, 0.03887870766069076 ],
    "hf_energies": [-7.951756035559102, -9.52854214525079, -11.248087486903053, -13.113941961504343, -15.129949613998852, -17.300241064267023, -19.629027293723883, -22.119614665328697, -24.774043333716715, -27.594220991745154, -30.583218003617436, -33.74566948466199, -36.81221195599542, -36.94898771774233, -37.086051203650946, -37.22340240343439, -37.36104129874798],
    "triples_corrections": [-0.0004029574609800255, -0.0004845580065881488, -0.0006064260981959589, -0.0007708313920770076, -0.0009660333550608019, -0.0011498249399360103, -0.0012804938889218972, -0.0013710347070511801, -0.001445650142259032, -0.001518100696520717, -0.001590181965919105, -0.0016386246662625603, -0.0016381086080971444, -0.0016371737299280577, -0.0016361813922362853, -0.0016351342914410702, -0.0016340351368511826],
    "scf_converged": [true, true, true, true, true, true, true, true, true, true, true, true, true, true, true, true, true],
    "cc_converged": [true, true, true, true, true, true, true, true, true, true, true, true, true, true, true, true, true],
    "scf_spin_squared": [0.7505417127916383, 0.7508009880984821, 0.7518169229541636, 0.7550778639121742, 0.7645281307384102, 0.7869495114391625, 0.8198168799444243, 0.843163254455253, 0.8462624898802906, 0.8323889295184153, 0.8080223451664303, 0.7820512724402717, 0.7657434442325046, 0.7652563934165175, 0.764786557208819, 0.7643336074410949, 0.7638971986144925],
    "cc_spin_squared": [0.75000705138504, 0.7500135430141905, 0.7500283435938639, 0.7500582780979086, 0.7501101927958569, 0.7501823770183761, 0.7502502028115965, 0.7502821959665513, 0.7502715808327438, 0.7502328377109635, 0.7501809934977148, 0.7501238520321883, 0.7500772770899131, 0.7500755915546505, 0.7500739403218464, 0.750072323704315, 0.7500707419466063]
}