{
    "schema_name": "pyscf_qa_output",
    "provenance": {
        "creator": "PySCF",
        "version": "1.7.6"
    },
    "molecule": {
        "geometry": [[0.0, 0.0, 0.0], [0.8, 0.0, 0.0]],
        "symbols": [ "N", "H" ]
    },
    "molecular_charge": 1,
    "molecular_multiplicity": 2,
    "name": "n.h.chrg1.mult2.sep0.80-pyscf-uccsdt.ccpv5z",
    "atomic_numbers": [ 7, 1 ],
    "n_electrons": 7,
    "model": {
        "method": "UCCSD(T)",
        "basis": "cc-pV5Z",
        "scf_conv_tol": 1e-09,
        "scf_conv_tol_grad": 1e-06,
        "cc_conv_tol": 1e-05,
        "cc_conv_tol_normt": 1e-07
    },
    "broken_symmetry": false,
    "finite_diff_delta": 0.01,
    "finite_diff_acc": 2,
    "qa_lambdas": [-2.0, -1.75, -1.5, -1.25, -1.0, -0.75, -0.5, -0.25, -0.02, -0.01, 0.0, 0.01, 0.02, 0.25, 0.5, 0.75, 1.0],
    "electronic_energies": [-25.092628140910772, -28.13294929634294, -31.355049105758873, -34.76152798717409, -38.3545109765065, -42.135631099941975, -46.10615291430081, -50.267137185658335, -54.26429430239242, -54.44177045714071, -54.61955431943205, -54.79764594582998, -54.97604539268694, -59.164317067363655, -63.90225037778197, -68.83402773495453, -73.96009599644782],
    "qats_energies": {
        "0": [-54.61955431943198, -54.61955431943198, -54.61955431943198, -54.61955431943198, -54.61955431943198, -54.61955431943198, -54.61955431943198, -54.61955431943198, -54.61955431943198, -54.61955431943198, -54.61955431943198, -54.61955431943198, -54.61955431943198, -54.61955431943198, -54.61955431943198, -54.61955431943198, -54.61955431943198],
        "1": [-19.032005450505544, -23.480449059121348, -27.928892667737152, -32.377336276352956, -36.82577988496876, -41.274223493584564, -45.72266710220037, -50.17111071081617, -54.26367883074271, -54.441616575087345, -54.61955431943198, -54.79749206377661, -54.97542980812124, -59.06799792804778, -63.516441536663585, -67.9648851452794, -72.4133287538952],
        "2": [-25.187287585233257, -28.193086943522253, -31.39123886852149, -34.78174336023097, -38.36460041865069, -42.13981004378065, -46.10737223562085, -50.26728699417129, -54.264294358956185, -54.44177045714071, -54.61955431943198, -54.79764594582998, -54.976045336334714, -59.1641742114029, -63.90114667008407, -68.83047169547547, -73.95214928757713],
        "3": [-25.112010257750676, -28.142657015150135, -31.359481245989777, -34.76336510645104, -38.355190752715366, -42.13584034096419, -46.106196027378935, -50.26713996814105, -54.26429428367886, -54.441770447731045, -54.61955431943198, -54.797645955239645, -54.97604541161204, -59.16432123743314, -63.90232287832598, -68.83444139829194, -73.96155895351245],
        "4": [-25.097909774007096, -28.13439157045572, -31.355019764805284, -34.76121354337982, -38.35430947248139, -42.13556149839015, -46.10614094736431, -50.26713652564014, -54.26429428353785, -54.441770447722234, -54.61955431943198, -54.79764595523083, -54.976045411471034, -59.16431779493223, -63.90226779831136, -68.83416255571791, -73.96067767327847]
    },
    "qats_poly_coeffs": [ -54.61955431943198, -17.793774434463216, -1.5388205336819283, -0.009409665935322662, 0.0008812802339737876 ],
    "hf_energies": [-24.932187712575164, -27.968293946067107, -31.1868652220835, -34.59044150254936, -38.180998445439606, -41.96001371179771, -45.928646220954576, -50.08790851279966, -54.0836222686377, -54.26103886487439, -54.438763444794986, -54.61679606629867, -54.79513678709204, -58.98213802512221, -63.71887941713017, -68.64968198962279, -73.77500575616281],
    "triples_corrections": [-0.0037379029049190845, -0.0038266320342861416, -0.0038603363489828164, -0.0038394544377531883, -0.0037797817664710397, -0.0037011375150774613, -0.003618071516627007, -0.0035379497632616677, -0.0034690660409347628, -0.003466184631928043, -0.003463312726840871, -0.0034604503220937942, -0.0034575974134712657, -0.0033945906928977572, -0.0033318214695100797, -0.0032754845184969645, -0.003226832250012526],
    "scf_converged": [true, true, true, true, true, true, true, true, true, true, true, true, true, true, true, true, true],
    "cc_converged": [true, true, true, true, true, true, true, true, true, true, true, true, true, true, true, true, true],
    "scf_spin_squared": [0.7630508276671373, 0.7613382585516546, 0.7601025219439794, 0.7590884020603945, 0.7581884068585789, 0.7573823958264723, 0.7566746276109186, 0.7560639903650386, 0.7555794905848572, 0.7555599249312581, 0.7555404757747177, 0.755521142080577, 0.7555019228133566, 0.7550890938549166, 0.7546942244103505, 0.7543421840084643, 0.7540224021802775],
    "cc_spin_squared": [0.7502520254023131, 0.7502229665759614, 0.7501998216731485, 0.7501781584809502, 0.7501574155896376, 0.7501383516581286, 0.7501217093794856, 0.7501077312357876, 0.7500970733461496, 0.7500966533603233, 0.7500962367709778, 0.750095823551056, 0.7500954136732583, 0.7500868466992765, 0.7500791515675396, 0.7500727933294893, 0.7500675006949233]
}