{
    "schema_name": "pyscf_qa_output",
    "provenance": {
        "creator": "PySCF",
        "version": "1.7.6"
    },
    "molecule": {
        "geometry": [[0.0, 0.0, 0.0], [1.1, 0.0, 0.0]],
        "symbols": [ "Ne", "H" ]
    },
    "molecular_charge": 2,
    "molecular_multiplicity": 4,
    "name": "ne.h.chrg2.mult4.sep1.10-pyscf-uccsdt.ccpv5z",
    "atomic_numbers": [ 10, 1 ],
    "n_electrons": 9,
    "model": {
        "method": "UCCSD(T)",
        "basis": "cc-pV5Z",
        "scf_conv_tol": 1e-09,
        "scf_conv_tol_grad": 1e-06,
        "cc_conv_tol": 1e-05,
        "cc_conv_tol_normt": 1e-07
    },
    "broken_symmetry": false,
    "finite_diff_delta": 0.01,
    "finite_diff_acc": 2,
    "qa_lambdas": [-3.0, -2.75, -2.5, -2.25, -2.0, -1.75, -1.5, -1.25, -1.0, -0.75, -0.5, -0.25, -0.02, -0.01, 0.0, 0.01, 0.02],
    "electronic_energies": [-55.100101562315025, -59.86470824781244, -64.8435163931737, -70.04096859874, -75.46067665235682, -81.10470703717795, -86.9736746262266, -93.06741046079689, -99.38549438818588, -105.92748000795994, -112.69295487143862, -119.68154329734371, -126.30779273771307, -126.60016323385597, -126.89288959477587, -127.18597179694035, -127.47940981673781],
    "qats_energies": {
        "0": [-126.8928895947759, -126.8928895947759, -126.8928895947759, -126.8928895947759, -126.8928895947759, -126.8928895947759, -126.8928895947759, -126.8928895947759, -126.8928895947759, -126.8928895947759, -126.8928895947759, -126.8928895947759, -126.8928895947759, -126.8928895947759, -126.8928895947759, -126.8928895947759, -126.8928895947759],
        "1": [-39.02160513211821, -46.34421217067302, -53.666819209227825, -60.98942624778263, -68.31203328633744, -75.63464032489225, -82.95724736344705, -90.27985440200186, -97.60246144055667, -104.92506847911147, -112.24767551766628, -119.57028255622109, -126.30708103169151, -126.5999853132337, -126.8928895947759, -127.18579387631809, -127.47869815786028],
        "2": [-55.034461135844694, -59.799459229359854, -64.78685810070455, -69.99665774987878, -75.42885817688254, -81.08345938171584, -86.96046136437867, -93.05986412487104, -99.38166766319294, -105.92587197934438, -112.69247707332535, -119.68148294513585, -126.30779271418056, -126.60016323385597, -126.8928895947759, -127.18597179694035, -127.47940984034933],
        "3": [-55.140535197379094, -59.88116326634035, -64.8482435529814, -70.04140774458861, -75.46028752844829, -81.1045145918468, -86.97372062207047, -93.06753730640565, -99.38559633213866, -105.92752938655585, -112.69296815694356, -119.68154433058814, -126.30779274560992, -126.60016323778464, -126.8928895947759, -127.18597179301167, -127.47940980891998],
        "4": [-55.11386373234255, -59.862331431868895, -64.8353811566482, -70.03296872635438, -75.45501909091021, -81.1014263304872, -86.97205365550569, -93.06673340663482, -99.38526705479254, -105.92742520114555, -112.69294757710944, -119.6815430443485, -126.30779274555724, -126.60016323778135, -126.8928895947759, -127.18597179300839, -127.4794098088673]
    },
    "qats_poly_coeffs": [ -126.8928895947759, -29.290428154219228, -1.779206222636276, 0.003928668945718527, 0.00032927734613015974 ],
    "hf_energies": [-54.87378707689898, -59.633773023498826, -64.60881892989521, -69.8036784370098, -75.2222277735593, -80.86633320869974, -86.73610919451262, -92.8309894030983, -99.15034379472674, -105.69363283671515, -112.4604087784624, -119.45028780493065, -126.07771874343376, -126.37014057576692, -126.6629182754941, -126.95605181970141, -127.2495411853976],
    "triples_corrections": [-0.005325265729920608, -0.005310471068155315, -0.005218222404213001, -0.005024883087650483, -0.0047286671308572285, -0.00437200538038885, -0.004007326805407213, -0.003665668847494528, -0.0033581787658363703, -0.003085970046465704, -0.0028462462273165386, -0.00263507985990351, -0.002462652345444872, -0.002455584873049078, -0.0024485513658568, -0.0024415516158296127, -0.0024345854162991128],
    "scf_converged": [true, true, true, true, true, true, true, true, true, true, true, true, true, true, true, true, true],
    "cc_converged": [true, true, true, true, true, true, true, true, true, true, true, true, true, true, true, true, true],
    "scf_spin_squared": [3.768970633213668, 3.7675515915314923, 3.76498666637301, 3.7618668720879045, 3.759308765718161, 3.757668049569029, 3.7566039003178022, 3.755813927120775, 3.755171812015394, 3.7546330273706174, 3.7541772401684446, 3.7537901199769053, 3.753484158731628, 3.753471810166187, 3.7534595358309923, 3.7534473351182838, 3.753435207425047],
    "cc_spin_squared": [3.750349655606497, 3.7503320885924873, 3.750303276525433, 3.7502607782269566, 3.7502108201362656, 3.7501655082232386, 3.7501302650645574, 3.750103809523802, 3.7500837564463283, 3.7500683599941276, 3.7500564348779535, 3.750047128263831, 3.7500403294203553, 3.7500400656742867, 3.750039804346339, 3.7500395454101936, 3.7500392888397878]
}