{
    "schema_name": "pyscf_qa_output",
    "provenance": {
        "creator": "PySCF",
        "version": "1.7.6"
    },
    "molecule": {
        "geometry": [[0.0, 0.0, 0.0], [1.6, 0.0, 0.0]],
        "symbols": [ "F", "H" ]
    },
    "molecular_charge": 2,
    "molecular_multiplicity": 1,
    "name": "f.h.chrg2.mult1.sep1.60-pyscf-ccsdt.ccpv5z",
    "atomic_numbers": [ 9, 1 ],
    "n_electrons": 8,
    "model": {
        "method": "CCSD(T)",
        "basis": "cc-pV5Z",
        "scf_conv_tol": 1e-09,
        "scf_conv_tol_grad": 1e-06,
        "cc_conv_tol": 1e-05,
        "cc_conv_tol_normt": 1e-07
    },
    "broken_symmetry": false,
    "finite_diff_delta": 0.01,
    "finite_diff_acc": 2,
    "qa_lambdas": [-3.0, -2.75, -2.5, -2.25, -2.0, -1.75, -1.5, -1.25, -1.0, -0.75, -0.5, -0.25, -0.02, -0.01, 0.0, 0.01, 0.02],
    "electronic_energies": [-38.375763688117814, -42.24302520793694, -46.30839353234837, -50.57585895796726, -55.04893675412045, -59.73088131404779, -64.6251289969754, -69.7358576187282, -75.06804371721319, -80.62604423225093, -86.41157822504553, -92.42368975288605, -98.15320686362091, -98.40660322697852, -98.66035584056448, -98.91446459218149, -99.16892937070074],
    "qats_energies": {
        "0": [-98.66035584056452, -98.66035584056452, -98.66035584056452, -98.66035584056452, -98.66035584056452, -98.66035584056452, -98.66035584056452, -98.66035584056452, -98.66035584056452, -98.66035584056452, -98.66035584056452, -98.66035584056452, -98.66035584056452, -98.66035584056452, -98.66035584056452, -98.66035584056452, -98.66035584056452],
        "1": [-22.48115106011899, -28.829418125156124, -35.177685190193245, -41.52595225523037, -47.8742193202675, -54.22248638530463, -60.570753450341755, -66.91902051537889, -73.26728758041601, -79.61555464545313, -85.96382171049027, -92.3120887755274, -98.15249447536155, -98.40642515796304, -98.66035584056452, -98.914286523166, -99.16821720576749],
        "2": [-38.50736245359958, -42.295887421066894, -46.3069986578881, -50.540696164063206, -54.99697993959221, -59.67584998447511, -64.5773062987119, -69.7013488823026, -75.04797773524719, -80.61719285754567, -86.40899424919806, -92.42338191020434, -98.15320675142348, -98.40660322697852, -98.66035584056452, -98.91446459218149, -99.16892948182942],
        "3": [-39.009846204208046, -42.68292785628672, -46.59778786541615, -50.75268149635115, -55.14586401384657, -59.77559068265723, -64.64011676753796, -69.7376975332436, -75.06658824452899, -80.62504416614894, -86.41132056285828, -92.42367269941187, -98.15320690030755, -98.40660324558903, -98.66035584056452, -98.91446457357098, -99.16892933294535],
        "4": [-39.370541677697204, -42.93760293476641, -46.77173437076392, -50.86680779850983, -55.21711250243702, -59.817355238591226, -64.66266023463103, -69.74856918982783, -75.07104127506588, -80.62645313284224, -86.41159887726684, -92.42369009406241, -98.15320690102004, -98.40660324563356, -98.66035584056452, -98.9144645736155, -99.16892933365783]
    },
    "qats_poly_coeffs": [ -98.66035584056452, -25.39306826014851, -1.780690154831177, 0.018610509281794897, -0.004453030536903195 ],
    "hf_energies": [-38.146039210072416, -42.00165916101761, -46.0549704360584, -50.310812078274125, -54.77397369842796, -59.449153575471186, -64.34082135207295, -69.45295491902553, -74.78865966855113, -80.34976783351173, -86.13665860460068, -92.14853486788229, -97.8769960206451, -98.13033551939165, -98.38403059650884, -98.63808116438929, -98.89248713587556],
    "triples_corrections": [-0.009383166769224018, -0.010341099419386025, -0.011301799497676273, -0.012173013476192217, -0.012888921852251678, -0.013405448736023144, -0.013641622591325092, -0.013480017124532414, -0.012948273276635584, -0.012344090854252898, -0.0119718466375794, -0.011896803274176264, -0.012019227392544327, -0.012027451709266874, -0.012035871339548108, -0.012044481333526183, -0.012053276839411374],
    "scf_converged": [true, true, true, true, true, true, true, true, true, true, true, true, true, true, true, true, true],
    "cc_converged": [true, true, true, true, true, true, true, true, true, true, true, true, true, true, true, true, true],
    "t1_diagnostic": [0.019101564752709393, 0.02056049162208413, 0.020293945966336397, 0.018004667824995078, 0.014852529334239308, 0.013817085894534682, 0.01581098570094192, 0.01713951091892526, 0.01528693933799944, 0.011241951284254887, 0.007396745316126383, 0.004940388935528278, 0.003764285054117863, 0.00372949989337178, 0.003695769795121791, 0.0036630614324937925, 0.0036313421680420903]
}