{
    "schema_name": "pyscf_qa_output",
    "provenance": {
        "creator": "PySCF",
        "version": "1.7.6"
    },
    "molecule": {
        "geometry": [[0.0, 0.0, 0.0], [0.7, 0.0, 0.0]],
        "symbols": [ "N", "H" ]
    },
    "molecular_charge": -1,
    "molecular_multiplicity": 2,
    "name": "n.h.chrg-1.mult2.sep0.70-pyscf-uccsdt.ccpv5z",
    "atomic_numbers": [ 7, 1 ],
    "n_electrons": 9,
    "model": {
        "method": "UCCSD(T)",
        "basis": "cc-pV5Z",
        "scf_conv_tol": 1e-09,
        "scf_conv_tol_grad": 1e-06,
        "cc_conv_tol": 1e-05,
        "cc_conv_tol_normt": 1e-07
    },
    "broken_symmetry": false,
    "finite_diff_delta": 0.01,
    "finite_diff_acc": 2,
    "qa_lambdas": [-0.02, -0.01, 0.0, 0.01, 0.02, 0.25, 0.5, 0.75, 1.0, 1.25, 1.5, 1.75, 2.0, 2.25, 2.5, 2.75, 3.0],
    "electronic_energies": [-54.643433650280485, -54.83083219520158, -55.01857795994301, -55.206671093979445, -55.39511174469513, -59.825467399660965, -64.85126692384632, -70.09696161369564, -75.56277848899877, -81.2484254765768, -87.15327412246923, -93.2764293002543, -99.61672231235384, -106.17267767718296, -112.94248222773895, -119.92396658976037, -127.11459861703453],
    "qats_energies": {
        "0": [-55.01857795994308, -55.01857795994308, -55.01857795994308, -55.01857795994308, -55.01857795994308, -55.01857795994308, -55.01857795994308, -55.01857795994308, -55.01857795994308, -55.01857795994308, -55.01857795994308, -55.01857795994308, -55.01857795994308, -55.01857795994308, -55.01857795994308, -55.01857795994308, -55.01857795994308],
        "1": [-54.642739061165216, -54.830658510554144, -55.01857795994308, -55.206497409332016, -55.394416858720945, -59.71656419466639, -64.41455042938969, -69.112536664113, -73.8105228988363, -78.50850913355961, -83.20649536828292, -87.90448160300622, -92.60246783772953, -97.30045407245282, -101.99844030717614, -106.69642654189946, -111.39441277662274],
        "2": [-54.643433799754945, -54.83083219520158, -55.01857795994308, -55.206671093979445, -55.395111597310674, -59.82511709931156, -64.8487620479704, -70.08951280591958, -75.54736937315911, -81.222331749689, -87.11439993550925, -93.22357393061985, -99.5498537350208, -106.0932393487121, -112.85373077169375, -119.83132800396575, -127.0260310455281],
        "3": [-54.643433601849004, -54.83083217046334, -55.01857795994308, -55.206671118717686, -55.395111795216614, -59.825503634356274, -64.8518543283281, -70.09994925212682, -75.57210761602073, -81.27064863027809, -87.19789150516718, -93.35615545095627, -99.74775967791365, -106.3750233963076, -113.24026581640635, -120.34580614847823, -127.69396360279148],
        "4": [-54.64343360045569, -54.830832170376254, -55.01857795994308, -55.2066711186306, -55.395111793823304, -59.82546961793234, -64.8513100655451, -70.09719392178793, -75.56339941149288, -81.24938836531753, -87.15380621974496, -93.2744820170838, -99.60842840546815, -106.15184163885763, -112.90010157703743, -119.8477716856182, -126.98859903603608]
    },
    "qats_poly_coeffs": [ -55.01857795994308, -18.791944938893224, -1.7368464743228174, -0.02473824286160682, 0.008708204527844524 ],
    "hf_energies": [-54.3786148998447, -54.56595123727581, -54.753636726501, -54.94167148936978, -55.13005564537748, -59.55956352719798, -64.5851499292466, -69.83103310125509, -75.29725929601366, -80.98349104040554, -86.88912281553695, -93.01330363187364, -99.35490881913319, -105.91249996668535, -112.68429281992178, -119.66813847704621, -126.86151681172714],
    "triples_corrections": [-0.008103792426844664, -0.008083254076981457, -0.008062471802823422, -0.008041451218474679, -0.008020198058039657, -0.0074816269010497235, -0.006851092498074317, -0.00625133908258435, -0.005718638439389326, -0.005255012697812368, -0.004848654784032352, -0.004486276353015409, -0.004157232617811178, -0.0038538841973236085, -0.0035709543557059767, -0.0033048910063254973, -0.0030534128692942973],
    "scf_converged": [true, true, true, true, true, true, true, true, true, true, true, true, true, true, true, true, true],
    "cc_converged": [true, true, true, true, true, true, true, true, true, true, true, true, true, true, true, true, true],
    "scf_spin_squared": [0.76212565738936, 0.7620040067727043, 0.761883377579089, 0.7617638072753499, 0.7616453307525037, 0.7592685620005843, 0.7574464978155051, 0.7562275979647621, 0.7553922826904174, 0.7547898287268602, 0.7543298952898558, 0.7539600914590361, 0.7536498149942474, 0.7533807896893112, 0.7531418053852539, 0.7529258758931929, 0.7527285334925198],
    "cc_spin_squared": [0.7504179663980572, 0.7504140396742054, 0.7504101110139056, 0.7504061815664242, 0.7504022524893101, 0.7503145820681238, 0.7502337468548377, 0.7501735729131851, 0.7501317175831199, 0.7501030910733064, 0.7500830880191387, 0.7500686177844655, 0.7500576930587282, 0.7500491360227688, 0.7500422302858536, 0.7500365276458654, 0.7500317333746143]
}