{
    "schema_name": "pyscf_apdft_output",
    "provenance": {
        "creator": "PySCF",
        "version": "1.7.6"
    },
    "molecule": {
        "geometry": [[0.0, 0.0, 0.0], [0.8, 0.0, 0.0]],
        "symbols": [ "B", "H" ]
    },
    "molecular_charge": -1,
    "molecular_multiplicity": 2,
    "name": "b.h.chrg-1.mult2.sep0.80-pyscf-uccsdt.ccpv5z",
    "atomic_numbers": [ 5, 1 ],
    "n_electrons": 7,
    "model": {
        "method": "UCCSD(T)",
        "basis": "cc-pV5Z",
        "scf_conv_tol": 1e-09,
        "scf_conv_tol_grad": 1e-06,
        "cc_conv_tol": 1e-05,
        "cc_conv_tol_normt": 1e-07
    },
    "broken_symmetry": false,
    "finite_diff_delta": 0.01,
    "finite_diff_acc": 2,
    "apdft_lambdas": [-0.02, -0.01, 0.0, 0.01, 0.02, 0.25, 0.5, 0.75, 1.0, 1.25, 1.5, 1.75, 2.0, 2.25, 2.5, 2.75, 3.0],
    "electronic_energies": [-24.875837625893702, -24.992738390267007, -25.109934314076373, -25.227425579981347, -25.345212365659712, -28.13620256803833, -31.348701648884624, -34.74750687823799, -38.331647008423516, -42.099612225875305, -46.04950324901251, -50.1790139738979, -54.485394588939606, -58.965441536378485, -63.6155156455877, -68.43157915120555, -73.40924248479705],
    "apdft_energies": {
        "0": [-25.109934314076423, -25.109934314076423, -25.109934314076423, -25.109934314076423, -25.109934314076423, -25.109934314076423, -25.109934314076423, -25.109934314076423, -25.109934314076423, -25.109934314076423, -25.109934314076423, -25.109934314076423, -25.109934314076423, -25.109934314076423, -25.109934314076423, -25.109934314076423, -25.109934314076423],
        "1": [-24.875247124362083, -24.99259071921925, -25.109934314076423, -25.227277908933594, -25.344621503790762, -28.043524185505667, -30.97711405693491, -33.91070392836415, -36.84429379979339, -39.77788367122264, -42.71147354265188, -45.64506341408112, -48.57865328551037, -51.512243156939604, -54.44583302836885, -57.3794228997981, -60.313012771227335],
        "2": [-24.8758378085531, -24.992738390267007, -25.109934314076423, -25.227425579981347, -25.34521218798178, -28.135818590352148, -31.34629167632084, -34.74135357198249, -38.32100427733711, -42.0852437923847, -46.03407211712525, -50.16748925155876, -54.485495195685246, -58.98808994950468, -63.6752735130171, -68.54704588622248, -73.6034070691208],
        "3": [-24.875837568328212, -24.992738360238896, -25.109934314076423, -25.22742561000946, -25.34521242820667, -28.13628777958591, -31.35004519019093, -34.75402168129405, -38.35103238829783, -42.14389244660485, -46.135416991617674, -50.32842115873886, -54.725720083370994, -59.33012890091662, -64.14446274677833, -69.17153675635868, -74.41416606506021],
        "4": [-24.87583756500724, -24.992738360031336, -25.109934314076423, -25.227425609801898, -25.3452124248857, -28.13620670121273, -31.34874793622002, -34.74745433306631, -38.330276324763254, -42.09321846336614, -46.03033941997388, -50.133751984729024, -54.39362306681776, -58.79817369446991, -63.3336790149589, -67.98446829460185, -72.73292491875947]
    },
    "apdft_poly_coeff": [ -25.109934314076423, -11.734359485716972, -1.476710477543719, -0.03002811096071885, 0.02075606353457715 ],
    "hf_energies": [-24.72234398647892, -24.83910909558577, -24.956171720351218, -25.073532030784015, -25.19119018824056, -27.979788733339156, -31.19051806910227, -34.58798216359658, -38.17105714829782, -41.93819813024788, -45.8874940315936, -50.016634079718834, -54.322871835980166, -58.803015399134786, -63.453443627103496, -68.27013996261245, -73.2487353653062],
    "triples_corrections": [-0.004349416906250222, -0.004348515349718241, -0.004347312316828853, -0.004345811512855766, -0.004344017164587294, -0.004236844207928523, -0.004050566125248719, -0.00386650225771635, -0.003704033427475661, -0.003560072397736768, -0.0034288463127329187, -0.003305931661137881, -0.0031881926912577015, -0.0030733806536398464, -0.002959925785796691, -0.0028468315674930085, -0.002733567095765141],
    "scf_converged": [true, true, true, true, true, true, true, true, true, true, true, true, true, true, true, true, true],
    "cc_converged": [true, true, true, true, true, true, true, true, true, true, true, true, true, true, true, true, true],
    "scf_spin_squared": [0.7647217981639867, 0.7646653805140886, 0.7646106830520831, 0.76455749762331, 0.7645056194290349, 0.763323788359842, 0.7616483047242291, 0.7599706616821034, 0.7586004855540796, 0.7575445401678618, 0.7567264092296249, 0.7560754707736583, 0.7555420905057448, 0.7550930090558614, 0.7547053140074191, 0.7543623337104632, 0.7540518037363562],
    "cc_spin_squared": [0.750497401898151, 0.7504925066876904, 0.7504876441039572, 0.7504828131402383, 0.7504780129473738, 0.7503758755965286, 0.7502868451921085, 0.7502224608518127, 0.7501778572176849, 0.750147029141123, 0.7501251875063912, 0.7501091214815432, 0.7500968245845681, 0.7500870496610292, 0.7500789957469527, 0.7500721221333997, 0.7500660567748003]
}