{
    "schema_name": "pyscf_apdft_output",
    "provenance": {
        "creator": "PySCF",
        "version": "1.7.6"
    },
    "molecule": {
        "geometry": [[0.0, 0.0, 0.0], [1.9, 0.0, 0.0]],
        "symbols": [ "B", "H" ]
    },
    "molecular_charge": 1,
    "molecular_multiplicity": 4,
    "name": "b.h.chrg1.mult4.sep1.90-pyscf-uccsdt.ccpv5z",
    "atomic_numbers": [ 5, 1 ],
    "n_electrons": 5,
    "model": {
        "method": "UCCSD(T)",
        "basis": "cc-pV5Z",
        "scf_conv_tol": 1e-09,
        "scf_conv_tol_grad": 1e-06,
        "cc_conv_tol": 1e-05,
        "cc_conv_tol_normt": 1e-07
    },
    "broken_symmetry": false,
    "finite_diff_delta": 0.01,
    "finite_diff_acc": 2,
    "apdft_lambdas": [-2.0, -1.75, -1.5, -1.25, -1.0, -0.75, -0.5, -0.25, -0.02, -0.01, 0.0, 0.01, 0.02, 0.25, 0.5, 0.75, 1.0],
    "electronic_energies": [-7.911267629713615, -9.470524537891269, -11.176252769642803, -13.03297045766113, -15.04445216114502, -17.21313385707521, -19.540339135143135, -22.02703798097756, -24.456838367752333, -24.565596250464857, -24.67461523165387, -24.78389553515832, -24.893437391151416, -27.48572407315606, -30.465378248734183, -33.62037770530884, -36.95385164892743],
    "apdft_energies": {
        "0": [-24.674615231653895, -24.674615231653895, -24.674615231653895, -24.674615231653895, -24.674615231653895, -24.674615231653895, -24.674615231653895, -24.674615231653895, -24.674615231653895, -24.674615231653895, -24.674615231653895, -24.674615231653895, -24.674615231653895, -24.674615231653895, -24.674615231653895, -24.674615231653895, -24.674615231653895],
        "1": [-2.844686762307724, -5.5734278209759935, -8.302168879644267, -11.030909938312538, -13.75965099698081, -16.48839205564908, -19.217133114317352, -21.945874172985626, -24.456315946960434, -24.565465589307166, -24.674615231653895, -24.783764874000624, -24.892914516347357, -27.403356290322165, -30.13209734899044, -32.86083840765871, -35.58957946632698],
        "2": [-8.071133070010028, -9.574925775310572, -11.242044927726813, -13.07249052725875, -15.066262573906386, -17.223361067669718, -19.543786008548746, -22.027537396543472, -24.456838591591204, -24.565596250464857, -24.674615231653895, -24.78389553515832, -24.893437160978127, -27.485019513880015, -30.458750243221832, -33.595807419679346, -36.89619104325256],
        "3": [-7.768458297061226, -9.372157323901515, -11.114354007889037, -12.998595319019296, -15.028428227287785, -17.207399702689997, -19.53905671522142, -22.026946234877556, -24.45683828891643, -24.56559621263051, -24.674615231653895, -24.783895572992666, -24.8934374636529, -27.48561067554593, -30.46347953654916, -33.61176878465907, -36.93402538987116],
        "4": [-8.19075302957732, -9.61969874303509, -11.247970700599208, -13.063032381475976, -15.05482164807004, -17.21575074598438, -19.54070630402031, -22.027049334177487, -24.456838293139377, -24.565596212894445, -24.674615231653895, -24.7838955732566, -24.89343746787585, -27.485713774845863, -30.46512912534805, -33.62011982795345, -36.960418810653415]
    },
    "apdft_poly_coeff": [ -24.674615231653895, -10.914964234673086, -1.306611576925576, -0.03783434661860004, -0.026393420782255816 ],
    "hf_energies": [-7.864914450386268, -9.424331952111737, -11.130387520822445, -12.987738478802942, -15.000192385454529, -17.17004570837334, -19.49841651890793, -21.986077129132525, -24.41639409645919, -24.52516313184714, -24.63419217181136, -24.7434814226963, -24.85303109753554, -27.44515914424947, -30.42406225057541, -33.57889894815211, -36.91366139102787],
    "triples_corrections": [-0.00011746085632870115, -0.00012953304554792782, -0.0001432167506684111, -0.00015287177261751357, -0.00015555692738992419, -0.00015313770608358125, -0.00014975578337414583, -0.00014892930951074173, -0.00015237249616320295, -0.0001526270612800226, -0.0001528901823139591, -0.00015316176013304626, -0.00015344168012936126, -0.00016162306023015778, -0.00016888913548193028, -0.00016235794641540377, -0.00014065376698426334],
    "scf_converged": [true, true, true, true, true, true, true, true, true, true, true, true, true, true, true, true, true],
    "cc_converged": [true, true, true, true, true, true, true, true, true, true, true, true, true, true, true, true, true],
    "scf_spin_squared": [3.750006653401506, 3.750006784846564, 3.7500075247908886, 3.7500085778103984, 3.7500096722453993, 3.750010550146404, 3.750011067645602, 3.7500111890699355, 3.7500109259386916, 3.750010905476599, 3.7500108842114575, 3.7500108621370574, 3.7500108392473424, 3.750010080568167, 3.7500088971742924, 3.750008235931416, 3.7500085552050746],
    "cc_spin_squared": [3.750000314736132, 3.7500003178123174, 3.7500003415423024, 3.750000359510604, 3.750000357766999, 3.750000338882341, 3.750000312751636, 3.7500002874091223, 3.750000268612681, 3.7500002679252353, 3.750000267249456, 3.7500002665853858, 3.750000265933103, 3.7500002542447355, 3.7500002474311405, 3.7500002365777823, 3.750000210052198]
}