{
    "schema_name": "pyscf_qa_output",
    "provenance": {
        "creator": "PySCF",
        "version": "1.7.6"
    },
    "molecule": {
        "geometry": [[0.0, 0.0, 0.0], [1.5, 0.0, 0.0]],
        "symbols": [ "F", "H" ]
    },
    "molecular_charge": 2,
    "molecular_multiplicity": 1,
    "name": "f.h.chrg2.mult1.sep1.50-pyscf-ccsdt.ccpv5z",
    "atomic_numbers": [ 9, 1 ],
    "n_electrons": 8,
    "model": {
        "method": "CCSD(T)",
        "basis": "cc-pV5Z",
        "scf_conv_tol": 1e-09,
        "scf_conv_tol_grad": 1e-06,
        "cc_conv_tol": 1e-05,
        "cc_conv_tol_normt": 1e-07
    },
    "broken_symmetry": false,
    "finite_diff_delta": 0.01,
    "finite_diff_acc": 2,
    "qa_lambdas": [-3.0, -2.75, -2.5, -2.25, -2.0, -1.75, -1.5, -1.25, -1.0, -0.75, -0.5, -0.25, -0.02, -0.01, 0.0, 0.01, 0.02],
    "electronic_energies": [-38.38488520165461, -42.25462652009416, -46.321972058660364, -50.590899038086015, -55.0650247739251, -59.74771267574728, -64.64232913947039, -69.75257542332484, -75.08251592784954, -80.63584675607115, -86.41469285189186, -92.41918129077916, -98.14160716708386, -98.39469970402568, -98.64814900830869, -98.90195497913517, -99.15611751603312],
    "qats_energies": {
        "0": [-98.64814900830874, -98.64814900830874, -98.64814900830874, -98.64814900830874, -98.64814900830874, -98.64814900830874, -98.64814900830874, -98.64814900830874, -98.64814900830874, -98.64814900830874, -98.64814900830874, -98.64814900830874, -98.64814900830874, -98.64814900830874, -98.64814900830874, -98.64814900830874, -98.64814900830874],
        "1": [-22.55985774188582, -28.900548680754397, -35.241239619622974, -41.58193055849155, -47.922621497360126, -54.2633124362287, -60.60400337509728, -66.94469431396585, -73.28538525283443, -79.626076191703, -85.96676713057158, -92.30745806944016, -98.14089373319925, -98.39452137075399, -98.64814900830874, -98.90177664586348, -99.15540428341822],
        "2": [-38.60985219408883, -42.387002352397204, -46.38706910031951, -50.61005243785574, -55.05595236500591, -59.724768881770004, -64.61650198814803, -69.73115168413999, -75.06871796974588, -80.6292008449657, -86.41260030979944, -92.41891636424712, -98.14160706628601, -98.39469970402568, -98.64814900830874, -98.90195497913517, -99.15611761650499],
        "3": [-39.062709050103535, -42.73581744230206, -46.64913904014283, -50.80110142398695, -55.19013217419545, -59.8146588711294, -64.67310909514987, -69.7639104266179, -75.08549044589456, -80.63627673334092, -86.41469686931804, -92.41917843418695, -98.14160720046583, -98.39469972079816, -98.64814900830874, -98.9019549623627, -99.15611748232517],
        "4": [-39.172723447695375, -42.81349494978383, -46.7021938229321, -50.83591066697499, -55.211863413225934, -59.827397324477104, -64.67998499499936, -69.76722635054223, -75.08684864833397, -80.63670647708152, -86.4147817569705, -92.41918373966523, -98.14160720068314, -98.39469972081174, -98.64814900830874, -98.90195496237628, -99.15611748254248]
    },
    "qats_poly_coeffs": [ -98.64814900830874, -25.362763755474305, -1.7833327169114455, 0.01677247614869278, -0.0013582024394054315 ],
    "hf_energies": [-38.15534689824048, -42.01452705913174, -46.07125637755127, -50.330080595519014, -54.79543711850911, -59.471638653217106, -64.36278834786908, -69.47259566731465, -74.80409917512985, -80.35936251739865, -86.13928856584833, -92.14370995797518, -97.86530483850655, -98.11834955983547, -98.37175027471255, -98.62550690431436, -98.87961936979421],
    "triples_corrections": [-0.009155895687895283, -0.009935452609169235, -0.010718668394917264, -0.011452417609475015, -0.012091031375405478, -0.012593023054716657, -0.012897603197054706, -0.012933986023174677, -0.012701868853473137, -0.012347457759541908, -0.012074279666937844, -0.011988564065262068, -0.012067902579987131, -0.01207413537623328, -0.012080568275584375, -0.012087197534471121, -0.012094019436950515],
    "scf_converged": [true, true, true, true, true, true, true, true, true, true, true, true, true, true, true, true, true],
    "cc_converged": [true, true, true, true, true, true, true, true, true, true, true, true, true, true, true, true, true],
    "t1_diagnostic": [0.01583006448977746, 0.016464250740520752, 0.01611586004145987, 0.014636904720734905, 0.012690714587761992, 0.01182753081810297, 0.01270163972945792, 0.013562268976138603, 0.01269910844596071, 0.010208534685077, 0.007364319998907626, 0.005189715987659284, 0.0039691591700991204, 0.003930370536726706, 0.0038925897842320453, 0.0038557941354695124, 0.003819960872245611]
}