{
    "schema_name": "pyscf_apdft_output",
    "provenance": {
        "creator": "PySCF",
        "version": "1.7.6"
    },
    "molecule": {
        "geometry": [[0.0, 0.0, 0.0], [1.1, 0.0, 0.0]],
        "symbols": [ "O", "H" ]
    },
    "molecular_charge": -1,
    "molecular_multiplicity": 1,
    "name": "o.h.chrg-1.mult1.sep1.10-pyscf-ccsdt.ccpv5z",
    "atomic_numbers": [ 8, 1 ],
    "n_electrons": 10,
    "model": {
        "method": "CCSD(T)",
        "basis": "cc-pV5Z",
        "scf_conv_tol": 1e-09,
        "scf_conv_tol_grad": 1e-06,
        "cc_conv_tol": 1e-05,
        "cc_conv_tol_normt": 1e-07
    },
    "broken_symmetry": false,
    "finite_diff_delta": 0.01,
    "finite_diff_acc": 2,
    "apdft_lambdas": [-0.02, -0.01, 0.0, 0.01, 0.02, 0.25, 0.5, 0.75, 1.0, 1.25, 1.5, 1.75, 2.0],
    "electronic_energies": [-75.29650073889823, -75.52320034997894, -75.75027666117118, -75.97772985913754, -76.20556012971615, -81.55013086877216, -87.58807868599148, -93.86608437659427, -100.38555900848715, -107.14745504992774, -114.15231342210913, -121.40021257897304, -128.89064510386294],
    "apdft_energies": {
        "0": [-75.75027666073866, -75.75027666073866, -75.75027666073866, -75.75027666073866, -75.75027666073866, -75.75027666073866, -75.75027666073866, -75.75027666073866, -75.75027666073866, -75.75027666073866, -75.75027666073866, -75.75027666073866, -75.75027666073866],
        "1": [-75.29574715158006, -75.52301190615935, -75.75027666073866, -75.97754141531797, -76.20480616989727, -81.43189552522122, -87.11351438970377, -92.79513325418631, -98.47675211866887, -104.15837098315143, -109.83998984763397, -115.52160871211652, -121.20322757659908],
        "2": [-75.29650092685836, -75.52320034997894, -75.75027666073866, -75.97772985913754, -76.20555994517557, -81.54967291245528, -87.58462393864002, -93.85512973929289, -100.36119031441389, -107.10280566400301, -114.07997578806027, -121.29270068658565, -128.74098035957917],
        "3": [-75.29650067852455, -75.52320031893721, -75.75027666073866, -75.97772989017926, -76.20556019350937, -81.55015793941831, -87.58850415434432, -93.8682254672949, -100.39223204004828, -107.16343403438269, -114.18474161207635, -121.45906493490749, -128.98931416465433],
        "4": [-75.29650067624486, -75.52320031879474, -75.75027666073866, -75.97772989003678, -76.20556019122968, -81.5501022830129, -87.58761365185775, -93.86371729845666, -100.37798400026324, -107.12864878100125, -114.11261091066459, -121.32543390551731, -128.76134552809367]
    },
    "apdft_poly_coeff": [ -75.75027666073866, -22.726475457930206, -1.8844381957450196, -0.03104172563439533, 0.014248039785040115 ],
    "hf_energies": [-74.94141761120433, -75.16801277550408, -75.39498681525124, -75.62233990037146, -75.85007219935196, -81.19294460004043, -87.23013717946652, -93.50844253574948, -100.02928452789095, -106.79363505718895, -113.80196478566975, -121.05416198623016, -128.54945369691134],
    "triples_corrections": [-0.013300909765058974, -0.01327339020697452, -0.013245609549622606, -0.013217573627079416, -0.013189288405509841, -0.012483607740453791, -0.011650095908887501, -0.010806786775709447, -0.009976987995240053, -0.00915615415202839, -0.008333792378078214, -0.007511642107583712, -0.006708810129076837],
    "scf_converged": [true, true, true, true, true, true, true, true, true, true, true, true, true],
    "cc_converged": [true, true, true, true, true, true, true, true, true, true, true, true, true],
    "t1_diagnostic": [0.012942070042218158, 0.012941252122717356, 0.012939207516663082, 0.012935944330768103, 0.012931470492751534, 0.012522811597061343, 0.011596331179064794, 0.010518115200533215, 0.0095912996238495, 0.00890539702633686, 0.008338770543414914, 0.007724208450821008, 0.006990524298574152]
}