{
    "schema_name": "pyscf_apdft_output",
    "provenance": {
        "creator": "PySCF",
        "version": "1.7.6"
    },
    "molecule": {
        "geometry": [[0.0, 0.0, 0.0], [0.7, 0.0, 0.0]],
        "symbols": [ "B", "H" ]
    },
    "molecular_charge": 0,
    "molecular_multiplicity": 1,
    "name": "b.h.chrg0.mult1.sep0.70-pyscf-ccsdt.ccpv5z",
    "atomic_numbers": [ 5, 1 ],
    "n_electrons": 6,
    "model": {
        "method": "CCSD(T)",
        "basis": "cc-pV5Z",
        "scf_conv_tol": 1e-09,
        "scf_conv_tol_grad": 1e-06,
        "cc_conv_tol": 1e-05,
        "cc_conv_tol_normt": 1e-07
    },
    "broken_symmetry": false,
    "finite_diff_delta": 0.01,
    "finite_diff_acc": 2,
    "apdft_lambdas": [-1.0, -0.75, -0.5, -0.25, -0.02, -0.01, 0.0, 0.01, 0.02, 0.25, 0.5, 0.75, 1.0, 1.25, 1.5, 1.75, 2.0],
    "electronic_energies": [-14.891412747373233, -17.157782799930793, -19.592735175990168, -22.19815744228104, -24.74678460746807, -24.860899300306475, -24.975289550039005, -25.089955364811015, -25.204896751328562, -27.924602879641117, -31.046001084066685, -34.33903811237259, -37.802979471928154, -41.43675330701559, -45.23887832053909, -49.207410603298136, -53.33992417746983],
    "apdft_energies": {
        "0": [-24.975289550039022, -24.975289550039022, -24.975289550039022, -24.975289550039022, -24.975289550039022, -24.975289550039022, -24.975289550039022, -24.975289550039022, -24.975289550039022, -24.975289550039022, -24.975289550039022, -24.975289550039022, -24.975289550039022, -24.975289550039022, -24.975289550039022, -24.975289550039022, -24.975289550039022],
        "1": [-13.522486324812007, -16.38568713111876, -19.248887937425515, -22.11208874373227, -24.746233485534482, -24.860761517786752, -24.975289550039022, -25.089817582291293, -25.204345614543563, -27.838490356345776, -30.70169116265253, -33.56489196895929, -36.42809277526604, -39.29129358157279, -42.154494387879545, -45.0176951941863, -47.88089600049305],
        "2": [-14.900311522036077, -17.1607138045573, -19.593344236731532, -22.198202818558773, -24.74678461561337, -24.860899300306475, -24.975289550039022, -25.089955364811015, -25.204896744622452, -27.92460443117228, -31.046147461958547, -34.33991864239782, -37.80591797249011, -41.444145452235404, -45.2546010816337, -49.23728486068501, -53.39219678938933],
        "3": [-14.89907390432406, -17.160191684585044, -19.59318953451753, -22.198183480782024, -24.74678460571243, -24.86089929906886, -24.975289550039022, -25.08995536604863, -25.204896754523393, -27.92462376894903, -31.04630216417255, -34.34044076237008, -37.80715559020212, -41.446562674329186, -45.25877804141176, -49.24391771811035, -53.40209773108546],
        "4": [-14.893077264102638, -17.158294310139986, -19.59281474450369, -22.19816005640616, -24.746784604752968, -24.860899299008892, -24.975289550039022, -25.089955365988665, -25.204896753563933, -27.924600344573165, -31.045927374158712, -34.33854338792502, -37.8011589499807, -41.431922439413604, -45.228420050290815, -49.18767579165866, -53.306151487542735]
    },
    "apdft_poly_coeff": [ -24.975289550039022, -11.452803225227015, -1.3778251972240696, -0.001237617712016951, 0.0059966402214210275 ],
    "hf_energies": [-14.760062131027887, -17.02452294877913, -19.457369887006422, -22.0606033056898, -24.60726227117744, -24.721293945172945, -24.835601443258707, -24.950184779046314, -25.065043964532244, -27.78294569473181, -30.902590893062442, -34.194092746204014, -37.65669920400129, -41.289319750610794, -45.09045687267387, -49.05815301123446, -53.18996832179955],
    "triples_corrections": [-0.002668254791929072, -0.0026367471567563415, -0.0026421801545561145, -0.0026633844889311586, -0.0026821841491300787, -0.002682858650744399, -0.002683518282279986, -0.0026841628146704495, -0.002684792035404091, -0.002694752928418235, -0.0026956402873279488, -0.0026870745387566693, -0.0026702311498864252, -0.0026460480254378404, -0.00261518707936483, -0.002577858602848261, -0.002534049888368518],
    "scf_converged": [true, true, true, true, true, true, true, true, true, true, true, true, true, true, true, true, true],
    "cc_converged": [true, true, true, true, true, true, true, true, true, true, true, true, true, true, true, true, true],
    "t1_diagnostic": [0.020447505378495344, 0.01613793539986978, 0.013833363204230384, 0.012301899644458361, 0.011127797930729176, 0.01107927268459556, 0.011030925695441753, 0.010982756584542614, 0.010934765376780023, 0.009884255416523569, 0.008886016696982652, 0.00805894465286956, 0.0073836829574430935, 0.006823550460174899, 0.006346807680527259, 0.005931099574605021, 0.005562416248470944]
}