{
    "schema_name": "pyscf_qa_output",
    "provenance": {
        "creator": "PySCF",
        "version": "1.7.6"
    },
    "molecule": {
        "geometry": [[0.0, 0.0, 0.0], [1.3, 0.0, 0.0]],
        "symbols": [ "B", "H" ]
    },
    "molecular_charge": 0,
    "molecular_multiplicity": 3,
    "name": "b.h.chrg0.mult3.sep1.30-pyscf-uccsdt.ccpv5z",
    "atomic_numbers": [ 5, 1 ],
    "n_electrons": 6,
    "model": {
        "method": "UCCSD(T)",
        "basis": "cc-pV5Z",
        "scf_conv_tol": 1e-09,
        "scf_conv_tol_grad": 1e-06,
        "cc_conv_tol": 1e-05,
        "cc_conv_tol_normt": 1e-07
    },
    "broken_symmetry": false,
    "finite_diff_delta": 0.01,
    "finite_diff_acc": 2,
    "qa_lambdas": [-1.0, -0.75, -0.5, -0.25, -0.02, -0.01, 0.0, 0.01, 0.02, 0.25, 0.5, 0.75, 1.0, 1.25, 1.5, 1.75, 2.0],
    "electronic_energies": [-15.212175008978036, -17.45831164061163, -19.87208350621659, -22.456504260878027, -24.98648438494653, -25.09981193899959, -25.21341752300728, -25.327301214191614, -25.441463089508233, -28.14413786754529, -31.24980164929367, -34.53131997008848, -37.98922004753579, -41.623529714117105, -45.433680573751865, -49.41833655833814, -53.57513073904416],
    "qats_energies": {
        "0": [-25.213417523007312, -25.213417523007312, -25.213417523007312, -25.213417523007312, -25.213417523007312, -25.213417523007312, -25.213417523007312, -25.213417523007312, -25.213417523007312, -25.213417523007312, -25.213417523007312, -25.213417523007312, -25.213417523007312, -25.213417523007312, -25.213417523007312, -25.213417523007312, -25.213417523007312],
        "1": [-13.838953763406106, -16.682569703306406, -19.52618564320671, -22.369801583107012, -24.985928247815288, -25.0996728854113, -25.213417523007312, -25.327162160603322, -25.440906798199336, -28.05703346290761, -30.900649402807915, -33.74426534270822, -36.58788128260852, -39.43149722250882, -42.27511316240912, -45.118729102309416, -47.96234504220972],
        "2": [-15.229489646307496, -17.46474613743844, -19.873819613932056, -22.456710075788347, -24.98648446216845, -25.09981193899959, -25.213417523007312, -25.327301214191614, -25.441463012552497, -28.14394195558895, -31.248283373533262, -34.526441776840244, -37.97841716550991, -41.60420953954224, -45.403818898937246, -49.37724524369493, -53.524488573815276],
        "3": [-15.216641508346546, -17.459325829236164, -19.872213596686937, -22.45650932363271, -24.986484359383343, -25.099811926151453, -25.213417523007312, -25.32730122703975, -25.4414631153376, -28.14414270774459, -31.24988939077838, -34.53186208504252, -37.991265303470854, -41.62930355899722, -45.44718136455545, -49.446103233079384, -53.62727367750287],
        "4": [-15.215532454756842, -17.458974917748797, -19.87214428083758, -22.456504991392123, -24.986484359205896, -25.09981192614036, -25.213417523007312, -25.327301227028663, -25.44146311516015, -28.144138375504006, -31.249820074929023, -34.53151117355515, -37.99015624988115, -41.62659590863173, -45.44156678075756, -49.43570152343531, -53.609528820067574]
    },
    "qats_poly_coeffs": [ -25.213417523007312, -11.374463759601205, -1.3905358829013892, -0.012848137960948707, 0.0011090535897058846 ],
    "hf_energies": [-15.119685738344186, -17.36379126141227, -19.775553833068273, -22.357912761347908, -24.885791155718447, -24.999021924242616, -25.112530294591494, -25.226316350574407, -25.340380176300084, -28.040709596439633, -31.143779715581314, -34.4229484739457, -37.879011240814506, -41.51214175413899, -45.321774884985814, -49.30646152205682, -53.46366079101136],
    "triples_corrections": [-0.0014530817896323883, -0.0016199342601948296, -0.001758579607273091, -0.0018762387976606334, -0.0019804651318058525, -0.0019849836751580164, -0.001989498711973434, -0.0019940096522032347, -0.0019985158669026766, -0.0020989448040738493, -0.0021909527409453024, -0.0022497162975318266, -0.0022656162994195883, -0.00223672367306554, -0.00216660482828588, -0.0020632005400026588, -0.0019385610977647192],
    "scf_converged": [true, true, true, true, true, true, true, true, true, true, true, true, true, true, true, true, true],
    "cc_converged": [true, true, true, true, true, true, true, true, true, true, true, true, true, true, true, true, true],
    "scf_spin_squared": [2.001680186207758, 2.0019127778199004, 2.0022911777782433, 2.0027019104822266, 2.003164074602406, 2.0031884349774387, 2.003213271976131, 2.0032385993117674, 2.0032644303839446, 2.0040205920565866, 2.0051831448348523, 2.0063528494328136, 2.0069147461546795, 2.006589050193524, 2.0057257192920748, 2.0049054342834562, 2.0044331007246217],
    "cc_spin_squared": [2.0001359200926756, 2.000154108711771, 2.0001707279128738, 2.0001822914070786, 2.000189071184036, 2.0001893032523976, 2.000189530735409, 2.0001897536814486, 2.0001899721344416, 2.0001937929740388, 2.00019504324952, 2.0001920827545954, 2.0001831238794114, 2.000166859300014, 2.000143944080536, 2.0001177291021532, 2.0000927861791062]
}