{
    "schema_name": "pyscf_apdft_output",
    "provenance": {
        "creator": "PySCF",
        "version": "1.7.6"
    },
    "molecule": {
        "geometry": [[0.0, 0.0, 0.0], [1.9, 0.0, 0.0]],
        "symbols": [ "O", "H" ]
    },
    "molecular_charge": 1,
    "molecular_multiplicity": 3,
    "name": "o.h.chrg1.mult3.sep1.90-pyscf-uccsdt.ccpv5z",
    "atomic_numbers": [ 8, 1 ],
    "n_electrons": 8,
    "model": {
        "method": "UCCSD(T)",
        "basis": "cc-pV5Z",
        "scf_conv_tol": 1e-09,
        "scf_conv_tol_grad": 1e-06,
        "cc_conv_tol": 1e-05,
        "cc_conv_tol_normt": 1e-07
    },
    "broken_symmetry": false,
    "finite_diff_delta": 0.01,
    "finite_diff_acc": 2,
    "apdft_lambdas": [-2.0, -1.75, -1.5, -1.25, -1.0, -0.75, -0.5, -0.25, -0.02, -0.01, 0.0, 0.01, 0.02, 0.25, 0.5, 0.75, 1.0],
    "electronic_energies": [-38.421447040887344, -42.16210562754715, -46.3439593907326, -50.61321907183278, -55.0904247381488, -59.77678215025574, -64.67399498333464, -69.78602119315248, -74.61823132720511, -74.83690172223511, -75.05594113876376, -75.34091010976007, -75.55963980408691, -80.69506952790374, -86.5005939328618, -92.5329853827764, -98.7872118472],
    "apdft_energies": {
        "0": [-75.12255920907575, -75.12255920907575, -75.12255920907575, -75.12255920907575, -75.12255920907575, -75.12255920907575, -75.12255920907575, -75.12255920907575, -75.12255920907575, -75.12255920907575, -75.12255920907575, -75.12255920907575, -75.12255920907575, -75.12255920907575, -75.12255920907575, -75.12255920907575, -75.12255920907575],
        "1": [-24.721720456579533, -31.02182530064156, -37.321930144703586, -43.62203498876561, -49.92213983282764, -56.222244676889666, -62.52234952095169, -68.82245436501373, -74.61855082155078, -74.87055501531327, -75.12255920907575, -75.37456340283822, -75.62656759660071, -81.42266405313777, -87.7227688971998, -94.02287374126183, -100.32297858532385],
        "2": [1321.410002669541, 999.6102752177944, 719.8771641137394, 482.21066935737514, 286.61079094870246, 133.07752888772103, 21.61088317443084, -47.789146191168086, -74.48393764923817, -74.83690172223511, -75.12255920907575, -75.34091010976007, -75.4919544242881, -60.38935587929214, -3.5895362018172676, 95.27689982334886, 236.2099521962063],
        "3": [-43084.12210941043, -28748.627057679532, -18013.70669567, -10358.983693943399, -5264.0807230612945, -2208.620453585246, -672.2255560768187, -134.51870109757428, -74.52834318135025, -74.84245241374913, -75.12255920907575, -75.33535941824607, -75.44754889217602, 26.340199027114068, 690.2469030494321, 2436.9748822963156, 5786.901466206203],
        "4": [-13508354.63982922, -7921842.990594122, -4278509.456442954, -2064996.2086878112, -846843.4880805495, -268489.60481279047, -53270.93851591983, -3421.9382610877624, -74.66299588652745, -74.8508682078227, -75.12255920907575, -75.34377521231964, -75.58220159735322, -3261.079360963074, -51908.46605679358, -263844.0094769089, -835792.5058912821]
    },
    "apdft_poly_coeff": [ -75.12255920907575, -25.200419376248107, 336.5329307815301, 5550.691514009996, -841579.4073574882 ],
    "hf_energies": [-38.225593664629805, -41.966642987987434, -46.11290751328852, -50.364111711086714, -54.82568751012045, -59.5032486836669, -64.4020760075036, -69.52604417513467, -74.39602493136863, -74.61485698539839, -74.83405655706552, -75.12669208054822, -75.3446484254832, -80.47324399152595, -86.28276980797608, -92.31795907083891, -98.57428424908782],
    "triples_corrections": [-0.007016337547400846, -0.007196484683587613, -0.010875499181094817, -0.011851276048810434, -0.012189620237811276, -0.012221739795658198, -0.012050843417046342, -0.011019930129400144, -0.004940698359396484, -0.004901695433129073, -0.004863169701715643, -0.005500855060579221, -0.005461677274447495, -0.004849496839162247, -0.0038970488689547846, -0.0033169311573696485, -0.0029418441918712176],
    "scf_converged": [true, true, true, true, true, true, true, true, true, true, true, true, true, true, true, true, true],
    "cc_converged": [true, true, true, true, true, true, true, true, true, true, true, true, true, true, true, true, true],
    "scf_spin_squared": [2.267649182429864, 2.021185153198062, 2.0568255469717065, 2.0406070160996674, 2.034826604947993, 2.034248586087555, 2.0415797273958045, 2.0902464206916997, 2.006960231264059, 2.0069477267084546, 2.0069362890050573, 2.5599165970252633, 2.5424928749295526, 2.072205545388793, 2.0158807989792016, 2.0087197691109853, 2.0064862538136556],
    "cc_spin_squared": [2.0161752672793503, 2.000921883448836, 2.032936646414351, 2.071816370968195, 2.112421073713241, 2.128334912111164, 2.101048781567396, 2.04271267395596, 2.00024902690164, 2.0002439352498014, 2.000239013535838, 2.025178636482359, 2.0235039305422466, 2.0038980756807865, 2.000724896244482, 2.000228683149098, 2.000114195676729]
}