{
    "schema_name": "pyscf_qa_output",
    "provenance": {
        "creator": "PySCF",
        "version": "1.7.6"
    },
    "molecule": {
        "geometry": [[0.0, 0.0, 0.0], [1.3, 0.0, 0.0]],
        "symbols": [ "F", "H" ]
    },
    "molecular_charge": 1,
    "molecular_multiplicity": 4,
    "name": "f.h.chrg1.mult4.sep1.30-pyscf-uccsdt.ccpv5z",
    "atomic_numbers": [ 9, 1 ],
    "n_electrons": 9,
    "model": {
        "method": "UCCSD(T)",
        "basis": "cc-pV5Z",
        "scf_conv_tol": 1e-09,
        "scf_conv_tol_grad": 1e-06,
        "cc_conv_tol": 1e-05,
        "cc_conv_tol_normt": 1e-07
    },
    "broken_symmetry": false,
    "finite_diff_delta": 0.01,
    "finite_diff_acc": 2,
    "qa_lambdas": [-2.0, -1.75, -1.5, -1.25, -1.0, -0.75, -0.5, -0.25, -0.02, -0.01, 0.0, 0.01, 0.02, 0.25, 0.5, 0.75, 1.0],
    "electronic_energies": [-55.09751881357997, -59.86558924094448, -64.8523107156556, -70.06087425238924, -75.49308188816245, -81.14957806440435, -87.03028967768326, -93.1347806517959, -98.94804972279584, -99.20507820227478, -99.46246280739024, -99.72020349635102, -99.97830022731446, -106.01269551922822, -112.78481127464627, -119.77809905117806, -126.99177235525892],
    "qats_energies": {
        "0": [-99.46246280739024, -99.46246280739024, -99.46246280739024, -99.46246280739024, -99.46246280739024, -99.46246280739024, -99.46246280739024, -99.46246280739024, -99.46246280739024, -99.46246280739024, -99.46246280739024, -99.46246280739024, -99.46246280739024, -99.46246280739024, -99.46246280739024, -99.46246280739024, -99.46246280739024],
        "1": [-47.94993339976605, -54.388999575719076, -60.8280657516721, -67.26713192762512, -73.70619810357815, -80.14526427953118, -86.58433045548419, -93.02339663143721, -98.947337513314, -99.20490016035211, -99.46246280739024, -99.72002545442837, -99.97758810146648, -105.90152898334327, -112.34059515929629, -118.7796613352493, -125.21872751120233],
        "2": [-55.07161030613139, -59.84153345715504, -64.8340090115026, -70.04903696917408, -75.48661733016948, -81.1467500944888, -87.02943526213203, -93.13467283309917, -98.94804968100463, -99.20507820227478, -99.46246280739024, -99.72020349635102, -99.97830026915712, -106.01280518500522, -112.78569996594412, -119.78114715020693, -126.99914673779367],
        "3": [-55.12736621565036, -59.87888556060232, -64.85753103583092, -70.06264925177149, -75.49358681885936, -81.14969034752983, -87.03030644821825, -93.13478173135995, -98.94804973676054, -99.20507820924426, -99.46246280739024, -99.72020348938153, -99.97830021340121, -106.01269628674444, -112.78482877985789, -119.77820689716589, -126.99217724910379],
        "4": [-55.123937610102736, -59.87687577497736, -64.85644620360686, -70.06212608808319, -75.49337253101262, -81.14962254551583, -87.03029305522784, -93.13478089429805, -98.94804973672626, -99.20507820924212, -99.46246280739024, -99.72020348937939, -99.97830021336692, -106.01269544968254, -112.78481538686746, -119.77813909515189, -126.99196296125707]
    },
    "qats_poly_coeffs": [ -99.46246280739024, -25.756264703812093, -1.7804192265913343, 0.006969488689871164, 0.00021428784672631687 ],
    "hf_energies": [-54.866561709980154, -59.63106029905377, -64.61611299343046, -69.82491429579652, -75.25854962425186, -80.91694889603387, -86.79963589734123, -92.90601307490577, -98.72090937112237, -98.97800643406741, -99.23545945856729, -99.4932684051159, -99.75143323418659, -105.78735638244133, -112.5610737500007, -119.55593660806753, -126.77118716660112],
    "triples_corrections": [-0.006306864941375849, -0.006131106892592429, -0.005805441043452542, -0.00536315793887798, -0.004869623426911563, -0.0043857090557408735, -0.003947380757839716, -0.0035664836192758425, -0.0032648894395833545, -0.0032527472974686502, -0.00324068145824806, -0.0032286913565886493, -0.003216776426731404, -0.0029621916662302245, -0.0027225762267273383, -0.00251456033665958, -0.0023323892529178826],
    "scf_converged": [true, true, true, true, true, true, true, true, true, true, true, true, true, true, true, true, true],
    "cc_converged": [true, true, true, true, true, true, true, true, true, true, true, true, true, true, true, true, true],
    "scf_spin_squared": [3.7838386271124085, 3.77342508231362, 3.7655100499505374, 3.7617739331644944, 3.759818222115868, 3.758352150114298, 3.7571389210864536, 3.756156085072678, 3.7554313916292656, 3.7554032793797143, 3.7553754272326025, 3.7553478324469656, 3.755320492291468, 3.754755875239763, 3.754258241815241, 3.7538512411627076, 3.7535118592798233],
    "cc_spin_squared": [3.7506904468651854, 3.750582087905051, 3.750437236880559, 3.750315629210533, 3.7502344697045, 3.7501784607025836, 3.7501370772040468, 3.7501063043162013, 3.7500852606198554, 3.750084475834823, 3.7500837007876555, 3.7500829353517764, 3.750082179401805, 3.7500671393707528, 3.750054886085033, 3.750045662698499, 3.7500385842330495]
}