{
    "schema_name": "pyscf_qa_output",
    "provenance": {
        "creator": "PySCF",
        "version": "1.7.6"
    },
    "molecule": {
        "geometry": [[0.0, 0.0, 0.0], [1.0, 0.0, 0.0]],
        "symbols": [ "Ne", "H" ]
    },
    "molecular_charge": 1,
    "molecular_multiplicity": 1,
    "name": "ne.h.chrg1.mult1.sep1.00-pyscf-ccsdt.ccpv5z",
    "atomic_numbers": [ 10, 1 ],
    "n_electrons": 10,
    "model": {
        "method": "CCSD(T)",
        "basis": "cc-pV5Z",
        "scf_conv_tol": 1e-09,
        "scf_conv_tol_grad": 1e-06,
        "cc_conv_tol": 1e-05,
        "cc_conv_tol_normt": 1e-07
    },
    "broken_symmetry": false,
    "finite_diff_delta": 0.01,
    "finite_diff_acc": 2,
    "qa_lambdas": [-2.0, -1.75, -1.5, -1.25, -1.0, -0.75, -0.5, -0.25, -0.02, -0.01, 0.0, 0.01, 0.02],
    "electronic_energies": [-75.74556486821423, -81.55871240188287, -87.6069676716763, -93.89343346483702, -100.42088130173862, -107.191746108442, -114.20813459700449, -121.47182770968698, -128.37408554200331, -128.67897356653063, -128.98426126180004, -129.28994868263305, -129.59603588290233],
    "qats_energies": {
        "0": [-128.9842612617701, -128.9842612617701, -128.9842612617701, -128.9842612617701, -128.9842612617701, -128.9842612617701, -128.9842612617701, -128.9842612617701, -128.9842612617701, -128.9842612617701, -128.9842612617701, -128.9842612617701, -128.9842612617701],
        "1": [-67.88674965152774, -75.52393860280803, -83.16112755408832, -90.79831650536862, -98.43550545664891, -106.0726944079292, -113.7098833592095, -121.34707231048979, -128.37328614566766, -128.6787737037189, -128.9842612617701, -129.28974881982128, -129.5952363778725],
        "2": [-75.88126212171852, -81.64473721279785, -87.65804081857064, -93.9211729390369, -100.43413357419661, -107.19692272404978, -114.20954038859642, -121.47198656783652, -128.37408559691468, -128.67897356653063, -128.9842612617701, -129.28994868263305, -129.59603582911953],
        "3": [-75.80879934401437, -81.59619281289058, -87.6274705842267, -93.90348183119897, -100.4250757269836, -107.19310144475679, -114.20840815769479, -121.47184503897383, -128.3740855244519, -128.67897355747277, -128.9842612617701, -129.2899486916909, -129.5960359015823],
        "4": [-75.73355760524893, -81.55208748701759, -87.60366362782045, -93.89200085299379, -100.42037311831075, -107.19161350998141, -114.20811424465275, -121.4718266694087, -128.37408552369948, -128.67897355742576, -128.9842612617701, -129.28994869164387, -129.5960359008299]
    },
    "qats_poly_coeffs": [ -128.9842612617701, -30.548755805121175, -1.998628117547696, -0.00905784721301946, 0.00470260867283893 ],
    "hf_energies": [-75.39399435768533, -81.2026650334935, -87.24777951162868, -93.5323385736181, -100.05899784094994, -106.83007252265861, -113.84753838846918, -121.11302273853885, -128.01740878905815, -128.3223975152626, -128.627786498303, -128.9335757821051, -129.23976540957312],
    "triples_corrections": [-0.010962764932016039, -0.010655434454958614, -0.01023268763518038, -0.00971745897571464, -0.00913803686001883, -0.008519798845256776, -0.00788219458459444, -0.007240797427797804, -0.006660178555086488, -0.006635331912120294, -0.006610526594357534, -0.006585763560316975, -0.006561043772799162],
    "scf_converged": [true, true, true, true, true, true, true, true, true, true, true, true, true],
    "cc_converged": [true, true, true, true, true, true, true, true, true, true, true, true, true],
    "t1_diagnostic": [0.008613650512381072, 0.008516119011139493, 0.008312025953926733, 0.007989377525186619, 0.007591499184725689, 0.007165784668835933, 0.006727143152818898, 0.006259259357560204, 0.005786935221099336, 0.005765440820865895, 0.005743871890558437, 0.005722229617796176, 0.00570051519762925]
}