{
    "schema_name": "pyscf_apdft_output",
    "provenance": {
        "creator": "PySCF",
        "version": "1.7.6"
    },
    "molecule": {
        "geometry": [[0.0, 0.0, 0.0], [1.2, 0.0, 0.0]],
        "symbols": [ "B", "H" ]
    },
    "molecular_charge": 0,
    "molecular_multiplicity": 3,
    "name": "b.h.chrg0.mult3.sep1.20-pyscf-uccsdt.ccpv5z",
    "atomic_numbers": [ 5, 1 ],
    "n_electrons": 6,
    "model": {
        "method": "UCCSD(T)",
        "basis": "cc-pV5Z",
        "scf_conv_tol": 1e-09,
        "scf_conv_tol_grad": 1e-06,
        "cc_conv_tol": 1e-05,
        "cc_conv_tol_normt": 1e-07
    },
    "broken_symmetry": false,
    "finite_diff_delta": 0.01,
    "finite_diff_acc": 2,
    "apdft_lambdas": [-1.0, -0.75, -0.5, -0.25, -0.02, -0.01, 0.0, 0.01, 0.02, 0.25, 0.5, 0.75, 1.0, 1.25, 1.5, 1.75, 2.0],
    "electronic_energies": [-15.204993194255989, -17.45430530773596, -19.871222338569318, -22.458657194264184, -24.99112986161609, -25.10455667529503, -25.218260626562767, -25.332241776900606, -25.446500187593813, -28.151105732522037, -31.258107625841237, -34.540008808236514, -37.99720671973736, -41.62959046301955, -45.43641985660968, -49.416212825655236, -53.56661451881244],
    "apdft_energies": {
        "0": [-25.218260626562774, -25.218260626562774, -25.218260626562774, -25.218260626562774, -25.218260626562774, -25.218260626562774, -25.218260626562774, -25.218260626562774, -25.218260626562774, -25.218260626562774, -25.218260626562774, -25.218260626562774, -25.218260626562774, -25.218260626562774, -25.218260626562774, -25.218260626562774, -25.218260626562774],
        "1": [-13.834005546283947, -16.680069316353652, -19.52613308642336, -22.37219685649307, -24.990575524957197, -25.104418075759988, -25.218260626562774, -25.33210317736556, -25.44594572816835, -28.06432439663248, -30.910388166702187, -33.756451936771896, -36.6025157068416, -39.448579476911306, -42.29464324698101, -45.14070701705072, -47.98677078712043],
        "2": [-15.220000896719768, -17.459691700973803, -19.872631924032316, -22.458821565895306, -24.991129923097372, -25.10455667529503, -25.218260626562774, -25.332241776900606, -25.446500126308525, -28.15094910603472, -31.256887004311142, -34.53607432139204, -37.98851105727742, -41.61419721196728, -45.41313278546161, -49.38531777776042, -53.53075218886371],
        "3": [-15.209770349347545, -17.455375688801148, -19.871353105610787, -22.458661713592615, -24.99112984125299, -25.104556665064482, -25.218260626562774, -25.332241787131153, -25.446500208152905, -28.15110895833741, -31.25816582273267, -34.5403903335647, -37.998741604649645, -41.63417874980365, -45.447660882842854, -49.44014711758342, -53.61259656784148],
        "4": [-15.2089537433055, -17.455117309545656, -19.87130206773316, -22.458658523725262, -24.991129841122337, -25.104556665056315, -25.218260626562774, -25.33224178712299, -25.446500208022247, -28.15110576847006, -31.258114784855042, -34.54013195430921, -37.997924998607594, -41.63218508270881, -45.443526814755, -49.432488246071884, -53.599530871168746]
    },
    "apdft_poly_coeff": [ -25.218260626562774, -11.384255080278827, -1.3859953504358202, -0.010230547372221583, 0.0008166060420459568 ],
    "hf_energies": [-15.111833654465583, -17.359333313897913, -19.774537797432124, -22.360331649929883, -24.891196054045103, -25.004549187616522, -25.11817912248167, -25.232085920187426, -25.34626964250092, -28.049071546037617, -31.15399504414784, -34.43386546461415, -37.889287869839634, -41.52032263357278, -45.32631175406976, -49.30575509135118, -53.45620701886931],
    "triples_corrections": [-0.0014108739816636143, -0.001546984460723726, -0.0016528496282070333, -0.0017349442680193842, -0.0018057658887500065, -0.0018088816706106215, -0.0018120017870815442, -0.001815126136382344, -0.0018182545825714683, -0.001890597398692094, -0.001964509487473158, -0.0020224340033273887, -0.0020538555988284003, -0.002052468664325973, -0.0020171913024032784, -0.0019515316011636985, -0.0018624084236126166],
    "scf_converged": [true, true, true, true, true, true, true, true, true, true, true, true, true, true, true, true, true],
    "cc_converged": [true, true, true, true, true, true, true, true, true, true, true, true, true, true, true, true, true],
    "scf_spin_squared": [2.001585332265312, 2.0018136922822607, 2.0021665622809026, 2.002484002871799, 2.002714590758043, 2.0027241345702165, 2.0027336953378985, 2.0027432803412317, 2.0027528968599064, 2.0029985948285347, 2.003365704015856, 2.003827056809486, 2.00424607349564, 2.0044516536102184, 2.004397790795851, 2.004201607064676, 2.004019530675961],
    "cc_spin_squared": [2.000120565923286, 2.000132625033922, 2.000142720453341, 2.0001479338607933, 2.0001493780095467, 2.0001493939675696, 2.0001494069151553, 2.0001494169355194, 2.000149424107931, 2.0001489296653148, 2.0001471321087516, 2.000143658202962, 2.000137782359873, 2.000128683422128, 2.000116063718333, 2.000100686037488, 2.0000843682809]
}