{
    "schema_name": "pyscf_apdft_output",
    "provenance": {
        "creator": "PySCF",
        "version": "1.7.6"
    },
    "molecule": {
        "geometry": [[0.0, 0.0, 0.0], [1.9, 0.0, 0.0]],
        "symbols": [ "Li", "H" ]
    },
    "molecular_charge": -1,
    "molecular_multiplicity": 2,
    "name": "li.h.chrg-1.mult2.sep1.90-pyscf-uccsdt.ccpv5z",
    "atomic_numbers": [ 3, 1 ],
    "n_electrons": 5,
    "model": {
        "method": "UCCSD(T)",
        "basis": "cc-pV5Z",
        "scf_conv_tol": 1e-09,
        "scf_conv_tol_grad": 1e-06,
        "cc_conv_tol": 1e-05,
        "cc_conv_tol_normt": 1e-07
    },
    "broken_symmetry": false,
    "finite_diff_delta": 0.01,
    "finite_diff_acc": 2,
    "apdft_lambdas": [-0.02, -0.01, 0.0, 0.01, 0.02, 0.25, 0.5, 0.75, 1.0, 1.25, 1.5, 1.75, 2.0, 2.25, 2.5, 2.75, 3.0],
    "electronic_energies": [-7.942283803689442, -8.000929646174942, -8.059813315713726, -8.118935155103854, -8.178295489650306, -9.609878437336056, -11.310334812963266, -13.159945489546944, -15.157024593399514, -17.299359995708496, -19.582979531267117, -22.001249558684343, -24.545747669889423, -27.208343357054776, -29.983276468769635, -32.86812480511335, -35.86041553225234],
    "apdft_energies": {
        "0": [-8.059813315713694, -8.059813315713694, -8.059813315713694, -8.059813315713694, -8.059813315713694, -8.059813315713694, -8.059813315713694, -8.059813315713694, -8.059813315713694, -8.059813315713694, -8.059813315713694, -8.059813315713694, -8.059813315713694, -8.059813315713694, -8.059813315713694, -8.059813315713694, -8.059813315713694],
        "1": [-7.941807806784782, -8.000810561249239, -8.059813315713694, -8.118816070178148, -8.177818824642605, -9.534882177325088, -11.009951038936483, -12.48501990054788, -13.960088762159273, -15.435157623770667, -16.91022648538206, -18.38529534699346, -19.860364208604853, -21.335433070216247, -22.810501931827645, -24.28557079343904, -25.760639655050433],
        "2": [-7.9422841464876, -8.000929646174942, -8.059813315713694, -8.118935155103854, -8.178295164345423, -9.60931025589037, -11.307663353197606, -13.154872607635404, -15.150938019203764, -17.295859587902683, -19.58963731373217, -22.03227119669221, -24.623761236782816, -27.36410743400398, -30.25330978835571, -33.291368299838, -36.47828296845085],
        "3": [-7.9422837010855725, -8.00092959049969, -8.059813315713694, -8.118935210779107, -8.178295609747451, -9.61018018172544, -11.314622759878176, -13.178360605182327, -15.206613272648323, -17.404600317286587, -19.77754129410755, -22.330655758121637, -25.069163264339274, -27.99828336777089, -31.12323562342692, -34.44923958631777, -37.9815148114539],
        "4": [-7.942283689423388, -8.000929589770802, -8.059813315713694, -8.118935210050221, -8.178295598085267, -9.609895460433759, -11.310067219211259, -13.15529818055606, -15.133724621977645, -17.22664950998513, -19.408542500087243, -21.647039936792353, -23.90294485360844, -26.13022697304311, -28.27602270660359, -30.280635154796745, -32.07753410712905]
    },
    "apdft_poly_coeff": [ -8.059813315713694, -5.90027544644558, -1.1908492570444906, -0.0556752534445574, 0.07288865067067718 ],
    "hf_energies": [-7.874238462469432, -7.932932540960247, -7.991863434790892, -8.051031537961551, -8.110437225647713, -9.542886388258363, -11.243891626864452, -13.093373041614608, -15.089763842836273, -17.23169205755062, -19.515152707168102, -21.93271050743367, -24.475654885943257, -27.135998230567992, -29.908492064268604, -32.791918103214975, -35.784126675912226],
    "triples_corrections": [-0.00045027277433264243, -0.00045513469431982646, -0.00046002503917138757, -0.00046493945712143347, -0.00046987383614286067, -0.0005844783118989325, -0.0007215295661596664, -0.0008837315705094137, -0.001012012247020916, -0.0010501679443380766, -0.0010409924079705108, -0.0010156282814050858, -0.0010084791165096679, -0.0010486754508917053, -0.0011343837843805372, -0.0011768729679725524, -0.0010756704556128761],
    "scf_converged": [true, true, true, true, true, true, true, true, true, true, true, true, true, true, true, true, true],
    "cc_converged": [true, true, true, true, true, true, true, true, true, true, true, true, true, true, true, true, true],
    "scf_spin_squared": [0.7507680138486497, 0.7508039023169075, 0.7508411479243953, 0.7508797888937191, 0.7509198645512671, 0.752373595716739, 0.7566156636623711, 0.7709695214883767, 0.8141576772071808, 0.8755625445685338, 0.907259607128418, 0.9057896081489003, 0.8866328366322027, 0.8587014892299965, 0.8224589541600935, 0.7833212408285009, 0.7619050731641526],
    "cc_spin_squared": [0.7500259226275898, 0.7500268939754494, 0.7500278879150397, 0.7500289036179357, 0.7500299402023473, 0.7500577678430527, 0.750099251713612, 0.7501729848164416, 0.7502922613252018, 0.7503934018115057, 0.750403395712627, 0.7503445088623557, 0.7502746784421226, 0.750223554608483, 0.7501860184745268, 0.750131511026233, 0.7500683654198033]
}