{
    "schema_name": "pyscf_apdft_output",
    "provenance": {
        "creator": "PySCF",
        "version": "1.7.6"
    },
    "molecule": {
        "geometry": [[0.0, 0.0, 0.0], [1.7, 0.0, 0.0]],
        "symbols": [ "Ne", "H" ]
    },
    "molecular_charge": 2,
    "molecular_multiplicity": 4,
    "name": "ne.h.chrg2.mult4.sep1.70-pyscf-uccsdt.ccpv5z",
    "atomic_numbers": [ 10, 1 ],
    "n_electrons": 9,
    "model": {
        "method": "UCCSD(T)",
        "basis": "cc-pV5Z",
        "scf_conv_tol": 1e-09,
        "scf_conv_tol_grad": 1e-06,
        "cc_conv_tol": 1e-05,
        "cc_conv_tol_normt": 1e-07
    },
    "broken_symmetry": false,
    "finite_diff_delta": 0.01,
    "finite_diff_acc": 2,
    "apdft_lambdas": [-3.0, -2.75, -2.5, -2.25, -2.0, -1.75, -1.5, -1.25, -1.0, -0.75, -0.5, -0.25, -0.02, -0.01, 0.0, 0.01, 0.02],
    "electronic_energies": [-54.98588364722563, -59.79237573804938, -64.81377840900217, -70.05184913626648, -75.50818874020129, -81.19775976391597, -87.08953853746203, -93.20338204605045, -99.5390172387795, -106.0962569810312, -112.87499587762304, -119.87520010931969, -126.51100448020674, -126.80377093778814, -127.09689187010609, -127.39036728256792, -127.6841971806813],
    "apdft_energies": {
        "0": [-127.096891870106, -127.096891870106, -127.096891870106, -127.096891870106, -127.096891870106, -127.096891870106, -127.096891870106, -127.096891870106, -127.096891870106, -127.096891870106, -127.096891870106, -127.096891870106, -127.096891870106, -127.096891870106, -127.096891870106, -127.096891870106, -127.096891870106],
        "1": [-39.10744015313928, -46.4398944628865, -53.772348772633734, -61.10480308238097, -68.43725739212819, -75.76971170187542, -83.10216601162264, -90.43462032136986, -97.7670746311171, -105.09952894086433, -112.43198325061155, -119.76443756035877, -126.51029552532623, -126.80359369771611, -127.096891870106, -127.3901900424959, -127.68348821488578],
        "2": [-55.05904663557094, -59.843674909929774, -64.84985327432238, -70.07758172874877, -75.52686027320892, -81.19768890770285, -87.09006763223056, -93.20399644679203, -99.53947535138728, -106.0965043460163, -112.8750834306791, -119.87521260537567, -126.51100448561434, -126.80377093778814, -127.096891870106, -127.39036728256792, -127.68419717517389],
        "3": [-55.034487880541334, -59.82475841517028, -64.8356410318284, -70.06722100397066, -75.519583605052, -81.19281410852741, -87.08699778785186, -93.20221991648029, -99.53856576786767, -106.09612061546896, -112.87496973273915, -119.87519839313318, -126.51100447833767, -126.80377093687856, -127.096891870106, -127.3903672834775, -127.68419718245056],
        "4": [-55.06817613272919, -59.84854456969779, -64.85188729542209, -70.07788017751447, -75.52623807461998, -81.19671483641626, -87.0891033036136, -93.20323530795488, -99.53898167221567, -106.09625221020407, -112.8749957267609, -119.87520001775952, -126.51100447840422, -126.80377093688271, -127.096891870106, -127.39036728348167, -127.68419718251711]
    },
    "apdft_poly_coeff": [ -127.096891870106, -29.32981723898891, -1.7724007202701841, -0.0009095835196148981, -0.0004159043479982453 ],
    "hf_energies": [-54.763192036383806, -59.56720791642407, -64.58675250883175, -69.82371673401437, -75.27959994408378, -80.9669429057697, -86.85983938220404, -92.97464134749367, -99.3111430285358, -105.86920474773069, -112.64875297576575, -119.64977254838888, -126.28633866449265, -126.57913848032922, -126.87229278805559, -127.1658015925369, -127.45966489871219],
    "triples_corrections": [-0.005350089015214792, -0.0050537614917643, -0.004787415818228806, -0.004502141577108936, -0.004193778549116825, -0.004064898195874315, -0.003679141415087254, -0.003353091191195862, -0.003075384177730861, -0.002836337904304327, -0.002628444301674211, -0.0024461709564714365, -0.002297706807463939, -0.002291632403559482, -0.0022855884261947686, -0.0022795747377097803, -0.002273591202946752],
    "scf_converged": [true, true, true, true, true, true, true, true, true, true, true, true, true, true, true, true, true],
    "cc_converged": [true, true, true, true, true, true, true, true, true, true, true, true, true, true, true, true, true],
    "scf_spin_squared": [3.7605105397000256, 3.759975681230718, 3.7594846364262366, 3.7588681791931897, 3.7581401009889444, 3.758554424045452, 3.7570775179383684, 3.756061522504883, 3.7553130760430324, 3.754732586066786, 3.754264826142028, 3.753876953703559, 3.7535725666098028, 3.7535602777781087, 3.7535480608927636, 3.753535915207387, 3.753523839985723],
    "cc_spin_squared": [3.7503563804883067, 3.7502816180504057, 3.750237036271259, 3.7502017778771766, 3.7501695799711046, 3.7501692918762997, 3.75012528493611, 3.750096335520796, 3.750076443035428, 3.750062146910754, 3.75005148575234, 3.7500433036874643, 3.750037352666881, 3.7500371218185506, 3.7500368930687453, 3.7500366663940694, 3.7500364417711176]
}