{
    "schema_name": "pyscf_apdft_output",
    "provenance": {
        "creator": "PySCF",
        "version": "1.7.6"
    },
    "molecule": {
        "geometry": [[0.0, 0.0, 0.0], [1.6, 0.0, 0.0]],
        "symbols": [ "B", "H" ]
    },
    "molecular_charge": -1,
    "molecular_multiplicity": 2,
    "name": "b.h.chrg-1.mult2.sep1.60-pyscf-uccsdt.ccpv5z",
    "atomic_numbers": [ 5, 1 ],
    "n_electrons": 7,
    "model": {
        "method": "UCCSD(T)",
        "basis": "cc-pV5Z",
        "scf_conv_tol": 1e-09,
        "scf_conv_tol_grad": 1e-06,
        "cc_conv_tol": 1e-05,
        "cc_conv_tol_normt": 1e-07
    },
    "broken_symmetry": false,
    "finite_diff_delta": 0.01,
    "finite_diff_acc": 2,
    "apdft_lambdas": [-0.02, -0.01, 0.0, 0.01, 0.02, 0.25, 0.5, 0.75, 1.0, 1.25, 1.5, 1.75, 2.0, 2.25, 2.5, 2.75, 3.0],
    "electronic_energies": [-25.012968102916748, -25.129042580438195, -25.245410898551775, -25.362073213538366, -25.47902967698901, -28.25049526712333, -31.440815117724817, -34.816874458721806, -38.378733319105294, -42.12578593283019, -46.05703331586449, -50.1711491030442, -54.466432639318874, -58.942097068305706, -63.596361755402214, -68.42585051745615, -73.42436673112714],
    "apdft_energies": {
        "0": [-25.24541089855181, -25.24541089855181, -25.24541089855181, -25.24541089855181, -25.24541089855181, -25.24541089855181, -25.24541089855181, -25.24541089855181, -25.24541089855181, -25.24541089855181, -25.24541089855181, -25.24541089855181, -25.24541089855181, -25.24541089855181, -25.24541089855181, -25.24541089855181, -25.24541089855181],
        "1": [-25.01238026545164, -25.128895582001725, -25.24541089855181, -25.361926215101896, -25.47844153165198, -28.158293812303945, -31.07117672605608, -33.984059639808216, -36.89694255356035, -39.809825467312486, -42.72270838106462, -45.635591294816756, -48.54847420856889, -51.461357122321026, -54.37424003607316, -57.287122949825296, -60.20000586357743],
        "2": [-25.01296825919752, -25.129042580438195, -25.24541089855181, -25.362073213538366, -25.479029525397863, -28.250167835097926, -31.438672817232003, -34.81092584495404, -38.36692691826404, -42.106676037162, -46.030173201647926, -50.13741841172181, -54.428411667383656, -58.903152968633464, -63.56164231547123, -68.40387970789696, -73.42986514591065],
        "3": [-25.012968053949574, -25.129042554782203, -25.24541089855181, -25.36207323919436, -25.47902973064581, -28.250568709996017, -31.441879816416733, -34.82174946720251, -38.39258291174189, -42.15678539942343, -46.11676217963567, -50.27491850176717, -54.633659615206454, -59.195390769342104, -63.96251721356265, -68.93744419725664, -74.12257696981261],
        "4": [-25.01296805082315, -25.1290425545868, -25.24541089855181, -25.36207323899896, -25.47902972751939, -28.25049238135354, -31.440658558137045, -34.81556684716158, -38.37304277926686, -42.10907999787305, -46.01784025898081, -50.09165343117124, -54.321017495605915, -58.694598546026874, -63.19923078875662, -67.81991654269814, -72.53982623933486]
    },
    "apdft_poly_coeff": [ -25.24541089855181, -11.65153165500854, -1.4699843647036914, -0.025655993477850334, 0.019540132475034017 ],
    "hf_energies": [-24.86169261487784, -24.977586981324517, -25.093776195898528, -25.210260350572298, -25.327039531755204, -28.094522715023437, -31.280269632891613, -34.65161839493936, -38.20517975085849, -41.9462291169291, -45.87324240410947, -49.98555190921684, -54.2920462342562, -58.76816955400392, -63.42609419455327, -68.25911826027064, -73.25986179094463],
    "triples_corrections": [-0.0052284828532869415, -0.005233535477245436, -0.00523836870820305, -0.005242991988587179, -0.005247414933640616, -0.005315858208879059, -0.005387565556246782, -0.005502879338962939, -0.005754811836548338, -0.005977807216647598, -0.006103420920300138, -0.005779102724363412, -0.005064215694521286, -0.004668885508183699, -0.0044106175400122705, -0.004332416725635833, -0.0045205469101739235],
    "scf_converged": [true, true, true, true, true, true, true, true, false, false, false, false, true, true, true, true, true],
    "cc_converged": [true, true, true, true, true, true, true, true, true, true, true, true, true, true, true, true, true],
    "scf_spin_squared": [0.7655642175200872, 0.7655605544833559, 0.7655558357132644, 0.7655501064392238, 0.7655434305620408, 0.765481032665142, 0.7705746185327218, 0.8223861419128977, 0.7961454043427851, 0.8450305458476799, 0.8966501472520365, 0.8366280095731646, 1.0002182332637832, 0.8336685231960366, 0.7697324599223463, 0.7586542279652941, 0.7556008765492006],
    "cc_spin_squared": [0.7504365061759175, 0.7504364644540207, 0.7504364421240857, 0.7504364420024161, 0.7504364670527477, 0.7504525813349325, 0.750563132183685, 0.7510340711085446, 0.750414254146911, 0.7503252333036821, 0.7502511350957748, 0.7503891877682107, 0.7524056231608962, 0.7510098748794412, 0.7503928647908493, 0.7501895654202153, 0.7501150924234314]
}