{
    "schema_name": "pyscf_qa_output",
    "provenance": {
        "creator": "PySCF",
        "version": "1.7.6"
    },
    "molecule": {
        "geometry": [[0.0, 0.0, 0.0], [1.7, 0.0, 0.0]],
        "symbols": [ "B", "H" ]
    },
    "molecular_charge": 0,
    "molecular_multiplicity": 3,
    "name": "b.h.chrg0.mult3.sep1.70-pyscf-uccsdt.ccpv5z",
    "atomic_numbers": [ 5, 1 ],
    "n_electrons": 6,
    "model": {
        "method": "UCCSD(T)",
        "basis": "cc-pV5Z",
        "scf_conv_tol": 1e-09,
        "scf_conv_tol_grad": 1e-06,
        "cc_conv_tol": 1e-05,
        "cc_conv_tol_normt": 1e-07
    },
    "broken_symmetry": false,
    "finite_diff_delta": 0.01,
    "finite_diff_acc": 2,
    "qa_lambdas": [-1.0, -0.75, -0.5, -0.25, -0.02, -0.01, 0.0, 0.01, 0.02, 0.25, 0.5, 0.75, 1.0, 1.25, 1.5, 1.75, 2.0],
    "electronic_energies": [-15.198912699776635, -17.435371905461764, -19.840368423869055, -22.41746456289058, -24.9426062007987, -25.055771232304657, -25.16921838034941, -25.28294772052836, -25.396959326014898, -28.097265633898044, -31.20238481580341, -34.484938524683166, -37.94565901618502, -41.58622526811934, -45.4085109679871, -49.412006238549324, -53.59227409732753],
    "qats_energies": {
        "0": [-25.169218380349452, -25.169218380349452, -25.169218380349452, -25.169218380349452, -25.169218380349452, -25.169218380349452, -25.169218380349452, -25.169218380349452, -25.169218380349452, -25.169218380349452, -25.169218380349452, -25.169218380349452, -25.169218380349452, -25.169218380349452, -25.169218380349452, -25.169218380349452, -25.169218380349452],
        "1": [-13.810393969164377, -16.650100071960644, -19.489806174756914, -22.329512277553185, -24.94204189212575, -25.055630136237603, -25.169218380349452, -25.2828066244613, -25.396394868573154, -28.00892448314572, -30.84863058594199, -33.68833668873826, -36.52804279153453, -39.367748894330795, -42.207454997127066, -45.04716109992333, -47.8868672027196],
        "2": [-15.221354639722502, -17.44376544914959, -19.842546342396446, -22.417697319463066, -24.942606276393974, -25.055771232304657, -25.169218380349452, -25.28294772052836, -25.396959252841377, -28.097109525055604, -31.20137075358152, -34.482002065927205, -37.93900346209266, -41.57237494207787, -45.38211650588285, -49.368228153507594, -53.5307098849521],
        "3": [-15.208957240171113, -17.43853529621385, -19.840996667452522, -22.417503610095075, -24.942606177214778, -25.055771219907257, -25.169218380349452, -25.28294773292576, -25.396959352020573, -28.097303234423595, -31.202920428525445, -34.48723221886294, -37.951400861644046, -41.596588613076676, -45.42395772936879, -49.43467046672832, -53.62988908136322],
        "4": [-15.1988666451449, -17.435342568881335, -19.840366005263384, -22.417464193708255, -24.942606175600282, -25.055771219806353, -25.169218380349452, -25.28294773282485, -25.396959350406078, -28.097263818036772, -31.202289766336307, -34.48403949153044, -37.94131026661783, -41.571953371313455, -45.37287409204858, -49.34003172197075, -53.46843956094381]
    },
    "qats_poly_coeffs": [ -25.169218380349452, -11.358824411185076, -1.4109606705581257, -0.012397399551389297, 0.010090595026213123 ],
    "hf_energies": [-15.106490369997504, -17.339554667817723, -19.740723514771087, -22.31379050394115, -24.835741316656666, -24.948787414157348, -25.062117342328023, -25.17573116391591, -25.289628936688512, -27.987719855217716, -31.090955278195405, -34.37170905350492, -37.83062484153412, -41.47001768589373, -45.292646153442796, -49.297481117036874, -53.479101999513816],
    "triples_corrections": [-0.0017378550529055187, -0.0020821714869634685, -0.0023992620591745174, -0.002638935857180924, -0.0027669056606968046, -0.0027706644712585174, -0.0027742837741403996, -0.0027777644955670378, -0.002781107527077918, -0.002822229457932867, -0.0028055640939840987, -0.002761194617643206, -0.002714654936731259, -0.0026469751095265183, -0.002488493397190381, -0.002248275410590574, -0.0020208222219921376],
    "scf_converged": [true, true, true, true, true, true, true, true, true, true, true, true, true, true, true, true, true],
    "cc_converged": [true, true, true, true, true, true, true, true, true, true, true, true, true, true, true, true, true],
    "scf_spin_squared": [2.0022305588327693, 2.0043395110862163, 2.011730677051854, 2.0322563751432816, 2.058385710898039, 2.0593629799719535, 2.0603141279505333, 2.0612381380446356, 2.062134087655309, 2.07410498148597, 2.070754030617961, 2.0580783873276776, 2.041077105482495, 2.0225495211949074, 2.0098084362931665, 2.0058880770125294, 2.0053880332543907],
    "cc_spin_squared": [2.0002714892040974, 2.000386975906514, 2.0005264201949933, 2.0006481356007106, 2.0006979792765334, 2.000698430653765, 2.0006987409706474, 2.000698911300848, 2.0006989428322965, 2.0006655760034313, 2.0005818211913606, 2.000493118655445, 2.000419303833761, 2.0003398982068443, 2.000231679476034, 2.0001399509901256, 2.0000913758709347]
}