{
    "schema_name": "pyscf_qa_output",
    "provenance": {
        "creator": "PySCF",
        "version": "1.7.6"
    },
    "molecule": {
        "geometry": [[0.0, 0.0, 0.0], [0.9, 0.0, 0.0]],
        "symbols": [ "Ne", "H" ]
    },
    "molecular_charge": 2,
    "molecular_multiplicity": 4,
    "name": "ne.h.chrg2.mult4.sep0.90-pyscf-uccsdt.ccpv5z",
    "atomic_numbers": [ 10, 1 ],
    "n_electrons": 9,
    "model": {
        "method": "UCCSD(T)",
        "basis": "cc-pV5Z",
        "scf_conv_tol": 1e-09,
        "scf_conv_tol_grad": 1e-06,
        "cc_conv_tol": 1e-05,
        "cc_conv_tol_normt": 1e-07
    },
    "broken_symmetry": false,
    "finite_diff_delta": 0.01,
    "finite_diff_acc": 2,
    "qa_lambdas": [-3.0, -2.75, -2.5, -2.25, -2.0, -1.75, -1.5, -1.25, -1.0, -0.75, -0.5, -0.25, -0.02, -0.01, 0.0, 0.01, 0.02],
    "electronic_energies": [-55.08273796241954, -59.84519187658381, -64.81759422877266, -70.0033125918281, -75.40589660550205, -81.02892025348984, -86.87541187787214, -92.94719518551132, -99.24480012386775, -105.76796714927421, -112.51616897733518, -119.48885746702842, -126.10155215310283, -126.39335471040359, -126.68551483750988, -126.9780325014662, -127.270907669245],
    "qats_energies": {
        "0": [-126.68551483750993, -126.68551483750993, -126.68551483750993, -126.68551483750993, -126.68551483750993, -126.68551483750993, -126.68551483750993, -126.68551483750993, -126.68551483750993, -126.68551483750993, -126.68551483750993, -126.68551483750993, -126.68551483750993, -126.68551483750993, -126.68551483750993, -126.68551483750993, -126.68551483750993],
        "1": [-38.98384617811733, -46.292318566400056, -53.600790954682765, -60.909263342965474, -68.2177357312482, -75.5262081195309, -82.83468050781363, -90.14315289609635, -97.45162528437906, -104.76009767266177, -112.0685700609445, -119.37704244922722, -126.10083704644731, -126.39317594197863, -126.68551483750993, -126.97785373304123, -127.27019262857254],
        "2": [-55.07300442508755, -59.81168070447919, -64.77381751507875, -69.95941485688623, -75.36847272990163, -81.00099113412494, -86.85697006955618, -92.93640953619534, -99.23930953404242, -105.76567006309742, -112.51549112336033, -119.48877271483117, -126.10155212014718, -126.39335471040359, -126.68551483750993, -126.9780325014662, -127.27090770227241],
        "3": [-55.221466307874934, -59.9260341570197, -64.85973295650663, -70.02204721368716, -75.4124614359127, -81.0304601305347, -86.8755278049046, -92.94714896637383, -99.2448081222938, -105.76798978001597, -112.51617844689176, -119.4888586302726, -126.10155216413588, -126.39335471590218, -126.68551483750993, -126.97803249596761, -127.2709076582837],
        "4": [-55.197255274696644, -59.90893955165882, -64.848057111031, -70.01438669147059, -75.40767900960589, -81.02765676003601, -86.87401461533096, -92.9464192260316, -99.24450922064963, -105.76789520566761, -112.516159765539, -119.48885746268805, -126.10155216408806, -126.39335471589918, -126.68551483750993, -126.97803249596463, -127.27090765823588]
    },
    "qats_poly_coeffs": [ -126.68551483750993, -29.233889553130865, -1.7876842496633571, 0.005498588251384716, 0.00029890164417641546 ],
    "hf_energies": [-54.86125547819933, -59.61997432019849, -64.5891098236097, -69.77192681902073, -75.17198031254198, -80.79301366280828, -86.63829488433903, -92.70970682702792, -99.00759711943519, -105.53147082101192, -112.2806361556929, -119.2544520057657, -125.8682838989581, -126.16013767388633, -126.45234915290641, -126.74491830172278, -127.03784508599824],
    "triples_corrections": [-0.004703409853813512, -0.004652603289247104, -0.004567846413859164, -0.0044569687465301055, -0.004318644530833535, -0.00414212749630528, -0.00392075028949201, -0.003667604081039501, -0.0034075566198606662, -0.0031590773554927717, -0.0029299549538075466, -0.0027216819055753128, -0.0025476974547902357, -0.0025404952721784697, -0.002533322366047636, -0.00252617862062291, -0.0025190639199747867],
    "scf_converged": [true, true, true, true, true, true, true, true, true, true, true, true, true, true, true, true, true],
    "cc_converged": [true, true, true, true, true, true, true, true, true, true, true, true, true, true, true, true, true],
    "scf_spin_squared": [3.7629388544970004, 3.7621416844383844, 3.761308844706258, 3.760358260727486, 3.759231730147451, 3.7579723563044745, 3.75675589415887, 3.7557552329420676, 3.755002950797114, 3.754438997890308, 3.75399832874505, 3.753638012441491, 3.753356032499052, 3.7533446457341997, 3.7533333252184757, 3.7533220702683088, 3.7533108802132285],
    "cc_spin_squared": [3.7502417563126853, 3.750221719297561, 3.7502015594173512, 3.7501816373485286, 3.7501617719387976, 3.7501413544239224, 3.750120323356051, 3.7501001319089213, 3.7500825829165274, 3.7500683198411298, 3.750057004362397, 3.750048022219403, 3.7500413458660824, 3.750041084491378, 3.750040825319469, 3.750040568327801, 3.750040313494064]
}