{
    "schema_name": "pyscf_qa_output",
    "provenance": {
        "creator": "PySCF",
        "version": "1.7.6"
    },
    "molecule": {
        "geometry": [[0.0, 0.0, 0.0], [1.7, 0.0, 0.0]],
        "symbols": [ "O", "H" ]
    },
    "molecular_charge": -1,
    "molecular_multiplicity": 1,
    "name": "o.h.chrg-1.mult1.sep1.70-pyscf-ccsdt.ccpv5z",
    "atomic_numbers": [ 8, 1 ],
    "n_electrons": 10,
    "model": {
        "method": "CCSD(T)",
        "basis": "cc-pV5Z",
        "scf_conv_tol": 1e-09,
        "scf_conv_tol_grad": 1e-06,
        "cc_conv_tol": 1e-05,
        "cc_conv_tol_normt": 1e-07
    },
    "broken_symmetry": false,
    "finite_diff_delta": 0.01,
    "finite_diff_acc": 2,
    "qa_lambdas": [-0.02, -0.01, 0.0, 0.01, 0.02, 0.25, 0.5, 0.75, 1.0, 1.25, 1.5, 1.75, 2.0],
    "electronic_energies": [-75.19534527445288, -75.42159893303887, -75.64823207053163, -75.87524483448551, -76.10263737170851, -81.43781665851665, -87.46690637767472, -93.73767081982199, -100.25246745356368, -107.01503178915429, -114.03131837003713, -121.30480435808356, -128.8321663146304],
    "qats_energies": {
        "0": [-75.6482320704405, -75.6482320704405, -75.6482320704405, -75.6482320704405, -75.6482320704405, -75.6482320704405, -75.6482320704405, -75.6482320704405, -75.6482320704405, -75.6482320704405, -75.6482320704405, -75.6482320704405, -75.6482320704405],
        "1": [-75.19458616899385, -75.42140911971717, -75.6482320704405, -75.87505502116383, -76.10187797188715, -81.31880583852362, -86.98937960660672, -92.65995337468982, -98.33052714277294, -104.00110091085605, -109.67167467893916, -115.34224844702226, -121.01282221510537],
        "2": [-75.19534542228061, -75.42159893303887, -75.6482320704405, -75.87524483448551, -76.10263722517391, -81.43743916457971, -87.46391291083114, -93.72765330919478, -100.22866035967063, -106.96693406225869, -113.94247441695896, -121.15528142377144, -128.60535508269612],
        "3": [-75.19534522603905, -75.42159890850867, -75.6482320704405, -75.87524485901571, -76.10263742141547, -81.43782244887291, -87.46697918517668, -93.73800198511098, -100.25319055443497, -107.01484459890779, -114.0252638242886, -121.28674793633657, -128.80159664081083],
        "4": [-75.19534522517698, -75.4215989084548, -75.6482320704405, -75.87524485896184, -76.10263742055339, -81.43780140205122, -87.4666424360296, -93.73629719255386, -100.2478025680816, -107.00169033534974, -113.99798714337464, -121.236214517452, -128.71538885915686]
    },
    "qats_poly_coeffs": [ -75.6482320704405, -22.682295072332437, -1.8981332168976905, -0.024530194764338372, 0.005387986353374193 ],
    "hf_energies": [-74.82500183384546, -75.05064864262333, -75.27667762810866, -75.5030891070322, -75.72988339636909, -81.05253791226215, -87.07238200046378, -93.34086533884589, -99.86193670678107, -106.63824731215934, -113.67042016661236, -120.9565612034405, -128.49272904162294],
    "triples_corrections": [-0.018915447698458203, -0.018928129551242085, -0.01893907969497776, -0.01894830101202377, -0.018955798776700488, -0.01870051105273595, -0.017905107353770343, -0.017231094013954434, -0.016542047791266418, -0.01467939326882246, -0.01153756338781531, -0.008738628101314249, -0.006945500136352063],
    "scf_converged": [true, true, true, true, true, true, true, true, true, true, true, true, true],
    "cc_converged": [true, true, true, true, true, true, true, true, true, true, true, true, true],
    "t1_diagnostic": [0.05466212311327763, 0.05435842855425256, 0.05404259205100192, 0.05371470427733649, 0.05337486440122029, 0.042637150540552164, 0.027746369256076358, 0.020117321467055926, 0.02614049498588565, 0.02971493986926719, 0.0247319215002165, 0.01668171833013348, 0.010669402590285983]
}