{
    "schema_name": "pyscf_apdft_output",
    "provenance": {
        "creator": "PySCF",
        "version": "1.7.6"
    },
    "molecule": {
        "geometry": [[0.0, 0.0, 0.0], [0.6, 0.0, 0.0]],
        "symbols": [ "N", "H" ]
    },
    "molecular_charge": -1,
    "molecular_multiplicity": 2,
    "name": "n.h.chrg-1.mult2.sep0.60-pyscf-uccsdt.ccpv5z",
    "atomic_numbers": [ 7, 1 ],
    "n_electrons": 9,
    "model": {
        "method": "UCCSD(T)",
        "basis": "cc-pV5Z",
        "scf_conv_tol": 1e-09,
        "scf_conv_tol_grad": 1e-06,
        "cc_conv_tol": 1e-05,
        "cc_conv_tol_normt": 1e-07
    },
    "broken_symmetry": false,
    "finite_diff_delta": 0.01,
    "finite_diff_acc": 2,
    "apdft_lambdas": [-0.02, -0.01, 0.0, 0.01, 0.02, 0.25, 0.5, 0.75, 1.0, 1.25, 1.5, 1.75, 2.0, 2.25, 2.5, 2.75, 3.0],
    "electronic_energies": [-54.417976879281355, -54.605563456930184, -54.79349802685965, -54.98178072444988, -55.170411682981644, -59.605317159747926, -64.6362964055225, -69.88719758325014, -75.35804764798876, -81.04840015767817, -86.95752541269034, -93.08447789367413, -99.428086452297, -105.98692015521823, -112.75925890786925, -119.7430761820246, -126.93603307952193],
    "apdft_energies": {
        "0": [-54.7934980268597, -54.7934980268597, -54.7934980268597, -54.7934980268597, -54.7934980268597, -54.7934980268597, -54.7934980268597, -54.7934980268597, -54.7934980268597, -54.7934980268597, -54.7934980268597, -54.7934980268597, -54.7934980268597, -54.7934980268597, -54.7934980268597, -54.7934980268597, -54.7934980268597],
        "1": [-54.41728075934001, -54.605389393099856, -54.7934980268597, -54.98160666061955, -55.169715294379394, -59.496213870855854, -64.198929714852, -68.90164555884816, -73.60436140284432, -78.30707724684046, -83.00979309083661, -87.71250893483277, -92.41522477882893, -97.11794062282507, -101.82065646682122, -106.52337231081738, -111.22608815481354],
        "2": [-54.417977014661325, -54.605563456930184, -54.7934980268597, -54.98178072444988, -55.17041154970071, -59.60500376481143, -64.6340892906743, -69.88075460444833, -75.3449997061335, -81.02682459572982, -86.92622927323728, -93.04321373865591, -99.37777799198568, -105.92992203322659, -112.69964586237865, -119.68694947944186, -126.89183288441623],
        "3": [-54.41797683555406, -54.60556343454178, -54.7934980268597, -54.98178074683828, -55.17041172880798, -59.605353583698246, -64.63688784176887, -69.8901997143925, -75.36738811489003, -81.07055195658242, -87.00179015279059, -93.16320161683544, -99.55688526203792, -106.18494000171896, -113.04946474919944, -120.15255841780035, -127.49631992084258],
        "4": [-54.41797683415472, -54.60556343445432, -54.7934980268597, -54.98178074675083, -55.17041172740865, -59.60531942028541, -64.63634122716344, -69.8874324779525, -75.35864228120315, -81.04919982355779, -86.9575143697507, -93.08117526260799, -99.41695192304765, -105.9607938500795, -112.70783062080523, -119.65237189041835, -126.78790739220429]
    },
    "apdft_poly_coeff": [ -54.7934980268597, -18.81086337598461, -1.7406383032891881, -0.022388408756531433, 0.008745833686892487 ],
    "hf_energies": [-54.15235662395623, -54.339904214566616, -54.52780162632669, -54.71604896600595, -54.90464633801569, -59.33919992951301, -64.37043305292423, -69.62191733758871, -75.09350793519945, -80.78471800612962, -86.69483862536362, -92.8229617717606, -99.16795285420844, -105.72841285451611, -112.50264903640092, -119.48865827302103, -126.68412093278602],
    "triples_corrections": [-0.007882504299498803, -0.007859503023419891, -0.00783628604250681, -0.007812859243491503, -0.00778922863073528, -0.0072044378589345166, -0.006542786297497612, -0.005929121994221831, -0.005394252499664185, -0.004935691354457653, -0.004539203508558602, -0.004190468792485316, -0.003878371355556459, -0.0035948854897912626, -0.0033342632574135914, -0.003092357890220732, -0.0028661921252257235],
    "scf_converged": [true, true, true, true, true, true, true, true, true, true, true, true, true, true, true, true, true],
    "cc_converged": [true, true, true, true, true, true, true, true, true, true, true, true, true, true, true, true, true],
    "scf_spin_squared": [0.7624396717921216, 0.7622944523168469, 0.762151133679577, 0.7620097259184622, 0.761870237005648, 0.7591841149310485, 0.7572390995633427, 0.7559789749757573, 0.7551303670153926, 0.7545252248607364, 0.7540680967718627, 0.7537052836509437, 0.7534058020547283, 0.7531511798474333, 0.7529297860647448, 0.7527339660062644, 0.7525584332668629],
    "cc_spin_squared": [0.7504349114189006, 0.7504299840299371, 0.7504250819735969, 0.7504202058470564, 0.7504153562694735, 0.750312650198991, 0.7502249293662668, 0.7501629966104939, 0.75012156100166, 0.7500939484475115, 0.7500750315204643, 0.7500615538075004, 0.7500515192312864, 0.7500437665046693, 0.7500375902981622, 0.7500325616607069, 0.7500283855921575]
}