{
    "schema_name": "pyscf_qa_output",
    "provenance": {
        "creator": "PySCF",
        "version": "1.7.6"
    },
    "molecule": {
        "geometry": [[0.0, 0.0, 0.0], [1.4, 0.0, 0.0]],
        "symbols": [ "B", "H" ]
    },
    "molecular_charge": 0,
    "molecular_multiplicity": 3,
    "name": "b.h.chrg0.mult3.sep1.40-pyscf-uccsdt.ccpv5z",
    "atomic_numbers": [ 5, 1 ],
    "n_electrons": 6,
    "model": {
        "method": "UCCSD(T)",
        "basis": "cc-pV5Z",
        "scf_conv_tol": 1e-09,
        "scf_conv_tol_grad": 1e-06,
        "cc_conv_tol": 1e-05,
        "cc_conv_tol_normt": 1e-07
    },
    "broken_symmetry": false,
    "finite_diff_delta": 0.01,
    "finite_diff_acc": 2,
    "qa_lambdas": [-1.0, -0.75, -0.5, -0.25, -0.02, -0.01, 0.0, 0.01, 0.02, 0.25, 0.5, 0.75, 1.0, 1.25, 1.5, 1.75, 2.0],
    "electronic_energies": [-15.213247586394433, -17.456482189277008, -19.867462425693265, -22.449306633297194, -24.977272568193076, -25.090523132659833, -25.20405272428656, -25.31786143301622, -25.43194934831189, -28.133230340707243, -31.238121631215122, -34.51969746813814, -37.9785375239738, -41.61482524601455, -45.428262061485114, -49.4177225601136, -53.580745454161026],
    "qats_energies": {
        "0": [-25.204052724286523, -25.204052724286523, -25.204052724286523, -25.204052724286523, -25.204052724286523, -25.204052724286523, -25.204052724286523, -25.204052724286523, -25.204052724286523, -25.204052724286523, -25.204052724286523, -25.204052724286523, -25.204052724286523, -25.204052724286523, -25.204052724286523, -25.204052724286523, -25.204052724286523],
        "1": [-13.8371377064672, -16.67886646092203, -19.52059521537686, -22.362323969831692, -24.976714423930137, -25.09038357410833, -25.204052724286523, -25.317721874464716, -25.43139102464291, -28.045781478741354, -30.887510233196185, -33.729238987651016, -36.57096774210585, -39.41269649656068, -42.254425251015505, -45.09615400547034, -47.937882759925174],
        "2": [-15.232723221494364, -17.46388331312481, -19.869491594133653, -22.44954806452089, -24.977272658136147, -25.090523132659833, -25.204052724286523, -25.31786143301622, -25.43194925884892, -28.13300557343055, -31.236406611952976, -34.514255839853796, -37.966553257133015, -41.59329886379062, -45.394492659826625, -49.37013464524103, -53.52022482003383],
        "3": [-15.217772718140528, -17.45757606952241, -19.867622781214422, -22.449314462905985, -24.97727253853212, -25.090523117709328, -25.204052724286523, -25.317861447966724, -25.43194937845295, -28.133239175045457, -31.238275424872207, -34.520563083456196, -37.981503760486845, -41.622499065653585, -45.444950608645826, -49.45025999915299, -53.63982884686451],
        "4": [-15.215772347900707, -17.456943139876216, -19.867497758074435, -22.449306648959737, -24.977272538212063, -25.090523117689326, -25.204052724286523, -25.31786144794672, -25.431949378132888, -28.133231361099206, -31.238150401732216, -34.51993015381, -37.979503390247025, -41.617615349247764, -45.43482373430672, -49.4314987142084, -53.607822923027356]
    },
    "qats_poly_coeffs": [ -25.204052724286523, -11.366915017819323, -1.3955855150271645, -0.014950503353835147, 0.0020003702398222836 ],
    "hf_energies": [-15.121126689654957, -17.362063485760228, -19.770669613546286, -22.34994717507357, -24.875254760920907, -24.988383779906144, -25.101791438919754, -25.215477846302903, -25.32944311062585, -28.027859248613126, -31.12980076982281, -34.40896548612875, -37.86614517936311, -41.501575137255465, -45.314894197199756, -49.30479222020171, -53.46855452359238],
    "triples_corrections": [-0.0015070188093060407, -0.0017093290188215733, -0.0018867616733963262, -0.0020459169615346727, -0.002185650703120991, -0.002191522782350561, -0.002197369006320859, -0.0022031880122167485, -0.0022089784062849327, -0.002330816937249917, -0.0024250178722386695, -0.0024668414691543968, -0.002455280582222818, -0.002394030333412954, -0.002287454815223024, -0.002145490641241189, -0.0019869935684673095],
    "scf_converged": [true, true, true, true, true, true, true, true, true, true, true, true, true, true, true, true, true],
    "cc_converged": [true, true, true, true, true, true, true, true, true, true, true, true, true, true, true, true, true],
    "scf_spin_squared": [2.001768334119215, 2.0020429416392607, 2.002552763813451, 2.003360678006726, 2.0047156235164483, 2.004795018014698, 2.0048763767323883, 2.0049597194271476, 2.005045063313561, 2.0075492868256086, 2.010871968613484, 2.0130070757597327, 2.0125399606095806, 2.0100349621180174, 2.0072551901223865, 2.005462855809593, 2.0047332407532266],
    "cc_spin_squared": [2.000156083803637, 2.0001838050178895, 2.0002111715813653, 2.0002336008479094, 2.0002496444598856, 2.0002502488670166, 2.0002508453721197, 2.000251433920546, 2.0002520144518305, 2.0002629345614777, 2.0002680429723734, 2.0002630461325364, 2.000245159472577, 2.0002139432525783, 2.0001733692211534, 2.000131710664668, 2.000097237325328]
}