{
    "schema_name": "pyscf_apdft_output",
    "provenance": {
        "creator": "PySCF",
        "version": "1.7.6"
    },
    "molecule": {
        "geometry": [[0.0, 0.0, 0.0], [1.1, 0.0, 0.0]],
        "symbols": [ "N", "H" ]
    },
    "molecular_charge": 1,
    "molecular_multiplicity": 2,
    "name": "n.h.chrg1.mult2.sep1.10-pyscf-uccsdt.ccpv5z",
    "atomic_numbers": [ 7, 1 ],
    "n_electrons": 7,
    "model": {
        "method": "UCCSD(T)",
        "basis": "cc-pV5Z",
        "scf_conv_tol": 1e-09,
        "scf_conv_tol_grad": 1e-06,
        "cc_conv_tol": 1e-05,
        "cc_conv_tol_normt": 1e-07
    },
    "broken_symmetry": false,
    "finite_diff_delta": 0.01,
    "finite_diff_acc": 2,
    "apdft_lambdas": [-2.0, -1.75, -1.5, -1.25, -1.0, -0.75, -0.5, -0.25, -0.02, -0.01, 0.0, 0.01, 0.02, 0.25, 0.5, 0.75, 1.0],
    "electronic_energies": [-25.236341466881033, -28.26777056593594, -31.479865990198235, -34.87584923079955, -38.458488095042135, -42.23011309205938, -46.19274450599934, -50.34823697898729, -54.343154313949576, -54.52060431752964, -54.698368387705166, -54.876446631228646, -55.054839154525894, -59.24484735987071, -63.98924469768731, -68.93286235866385, -74.07656304783836],
    "apdft_energies": {
        "0": [-54.69836838770517, -54.69836838770517, -54.69836838770517, -54.69836838770517, -54.69836838770517, -54.69836838770517, -54.69836838770517, -54.69836838770517, -54.69836838770517, -54.69836838770517, -54.69836838770517, -54.69836838770517, -54.69836838770517, -54.69836838770517, -54.69836838770517, -54.69836838770517, -54.69836838770517],
        "1": [-19.114137017804453, -23.562165939042043, -28.010194860279633, -32.45822378151722, -36.90625270275481, -41.35428162399241, -45.80231054522999, -50.25033946646758, -54.342526074006166, -54.520447230855666, -54.69836838770517, -54.87628954455468, -55.05421070140418, -59.14639730894277, -63.59442623018035, -68.04245515141794, -72.49048407265553],
        "2": [-25.39760397656748, -28.372945329344986, -31.544645024583836, -34.91270306228403, -38.47711944244557, -42.237894165068454, -46.19502723015268, -50.348518637698255, -54.34315442070204, -54.52060431752964, -54.69836838770517, -54.876446631228646, -55.05483904810006, -59.244576480173436, -63.98714291510304, -68.926067692494, -74.06135081234629],
        "3": [-25.255485107597988, -28.27773679017206, -31.48468862673733, -34.878006072789525, -38.45935458382438, -42.23039961533764, -46.19280662282503, -50.348241061782296, -54.34315427858317, -54.52060429976478, -54.69836838770517, -54.87644664899351, -55.05483919021893, -59.244854056089395, -63.98936352243069, -68.93356224222481, -74.07911567096748],
        "4": [-25.23371170969851, -28.26497362406937, -31.4777993875582, -34.874683715932306, -38.45799374645567, -42.22996903788895, -46.19272157048949, -50.348235746011326, -54.34315427836544, -54.52060429975117, -54.69836838770517, -54.87644664897989, -55.05483919000119, -59.24484874031842, -63.989278470095144, -68.93313166477611, -74.07775483359876]
    },
    "apdft_poly_coeff": [ -54.69836838770517, -17.79211568495036, -1.5708667396907572, -0.017764858621186853, 0.0013608373687172086 ],
    "hf_energies": [-25.077752453151334, -28.104434706699326, -31.312238465176705, -34.70437971032724, -38.28353617245155, -42.05195769094253, -46.01165792221448, -50.164562307201585, -54.15749501264746, -54.33486865558116, -54.51255723730585, -54.69056086892488, -54.868879661029496, -59.05744161713242, -63.80080843216471, -68.74389015203593, -73.88740118727453],
    "triples_corrections": [-0.0038812845691436264, -0.0040349506679593135, -0.004134955145588275, -0.004177505877378992, -0.004173838441333513, -0.004140290859574203, -0.00408951932626816, -0.004028348941939117, -0.003965927093173435, -0.003963119829347473, -0.003960306933261712, -0.003957488707879131, -0.003954665464586327, -0.0038892045945223353, -0.0038219434510962554, -0.0037699730832056583, -0.003749353835727551],
    "scf_converged": [true, true, true, true, true, true, true, true, true, true, true, true, true, true, true, true, true],
    "cc_converged": [true, true, true, true, true, true, true, true, true, true, true, true, true, true, true, true, true],
    "scf_spin_squared": [0.7627869147492223, 0.7614830877451202, 0.7605696380509421, 0.7598397436441457, 0.7592058507914587, 0.7586557551580255, 0.7581887609509321, 0.7577745734197405, 0.757387823723024, 0.7573700365829183, 0.7573521376832844, 0.7573341239112992, 0.7573159922706267, 0.7568615088330084, 0.7562826338671442, 0.7556453424840677, 0.7550051110518243],
    "cc_spin_squared": [0.7502416982596734, 0.7502264754613177, 0.7502131658261113, 0.750199410802475, 0.7501848845382242, 0.7501702068192853, 0.7501560495184498, 0.7501426290828732, 0.7501307509648458, 0.7501302405176953, 0.7501297304246453, 0.7501292206726295, 0.750128711249654, 0.7501170729532352, 0.7501046798187221, 0.7500929287968494, 0.7500823541411106]
}