{
    "schema_name": "pyscf_qa_output",
    "provenance": {
        "creator": "PySCF",
        "version": "1.7.6"
    },
    "molecule": {
        "geometry": [[0.0, 0.0, 0.0], [1.8, 0.0, 0.0]],
        "symbols": [ "C", "H" ]
    },
    "molecular_charge": 0,
    "molecular_multiplicity": 2,
    "name": "c.h.chrg0.mult2.sep1.80-pyscf-uccsdt.ccpv5z",
    "atomic_numbers": [ 6, 1 ],
    "n_electrons": 7,
    "model": {
        "method": "UCCSD(T)",
        "basis": "cc-pV5Z",
        "scf_conv_tol": 1e-09,
        "scf_conv_tol_grad": 1e-06,
        "cc_conv_tol": 1e-05,
        "cc_conv_tol_normt": 1e-07
    },
    "broken_symmetry": false,
    "finite_diff_delta": 0.01,
    "finite_diff_acc": 2,
    "qa_lambdas": [-1.0, -0.75, -0.5, -0.25, -0.02, -0.01, 0.0, 0.01, 0.02, 0.25, 0.5, 0.75, 1.0, 1.25, 1.5, 1.75, 2.0],
    "electronic_energies": [-25.229806485472317, -28.2368657992588, -31.428054032706193, -34.80704774502136, -38.083638942371394, -38.22977696912959, -38.37622238159156, -38.52297527551469, -38.670035744689834, -42.13750897097635, -46.09218428337741, -50.241617589032266, -54.588418927539685, -59.1373177101521, -63.89284605861581, -68.85318293173121, -74.012294318841],
    "qats_energies": {
        "0": [-38.376222381591596, -38.376222381591596, -38.376222381591596, -38.376222381591596, -38.376222381591596, -38.376222381591596, -38.376222381591596, -38.376222381591596, -38.376222381591596, -38.376222381591596, -38.376222381591596, -38.376222381591596, -38.376222381591596, -38.376222381591596, -38.376222381591596, -38.376222381591596, -38.376222381591596],
        "1": [-23.71630706233656, -27.38128589215032, -31.04626472196408, -34.71124355177784, -38.083024075206495, -38.22962322839905, -38.376222381591596, -38.52282153478414, -38.6694206879767, -42.04120121140535, -45.70618004121911, -49.371158871032875, -53.03613770084663, -56.701116530660386, -60.36609536047415, -64.03107419028791, -67.69605302010166],
        "2": [-25.25371436776407, -28.246077501453293, -31.430616548320955, -34.80733150836706, -38.083639038128666, -38.22977696912959, -38.376222381591596, -38.52297527551469, -38.67003565089887, -42.137289167994574, -46.09053186757599, -50.235950480335845, -54.57354500627414, -59.10331544539087, -63.82526179768604, -68.73938406315965, -73.84568224181169],
        "3": [-25.237918681227534, -28.23941369619569, -31.42864208750389, -34.807084700764925, -38.083638911763174, -38.229776953333904, -38.376222381591596, -38.522975291310374, -38.67003577726436, -42.137535975596705, -46.09250632839306, -50.24261428559345, -54.58934069281067, -59.13416639565754, -63.878572239746845, -68.82403907069138, -73.97204773410397],
        "4": [-25.22972576821285, -28.236821407312142, -31.42813003044047, -34.80705269719846, -38.08363891045231, -38.22977695325197, -38.376222381591596, -38.52297529122845, -38.670035775953494, -42.137503972030245, -46.09199427132964, -50.24002199670989, -54.58114777979599, -59.11416416661779, -63.83709561761002, -68.74719850761228, -73.84096112586906]
    },
    "qats_poly_coeffs": [ -38.376222381591596, -14.659915319255035, -1.5374073054275073, -0.015795686536534955, 0.008192913014681835 ],
    "hf_energies": [-25.073241417083985, -28.07400322608366, -31.256630453184673, -34.627302474734485, -37.89484710918041, -38.040587692398184, -38.18663640698287, -38.332993495642285, -38.4796592014657, -41.938712308370796, -45.887343586273055, -50.03612542496093, -54.3876833258804, -58.95186728787942, -63.7086750603393, -68.67099043489358, -73.83016809852083],
    "triples_corrections": [-0.005065041331959817, -0.005501000428441419, -0.006172574295236388, -0.006624760143454521, -0.007062026139055649, -0.007079377413298964, -0.007096495618276618, -0.007113371571404798, -0.007129996341134896, -0.007425995124775728, -0.00751025759625156, -0.007290186539484967, -0.006748284504389053, -0.005346418758393261, -0.005152228478702981, -0.0053135406590668465, -0.0058637049329488804],
    "scf_converged": [true, true, false, true, true, true, true, true, true, true, true, true, true, true, true, true, true],
    "cc_converged": [true, true, true, true, true, true, true, true, true, true, true, true, true, true, true, true, true],
    "scf_spin_squared": [0.766832693356664, 0.7726817862772948, 0.8588394005566355, 0.7895039275633442, 0.7747819999847878, 0.7744854338513516, 0.7742017611263368, 0.7739302074229641, 0.7736700697853989, 0.7698700327267147, 0.7689242385536499, 0.7724754601011714, 0.8024016922586776, 0.9951112005897884, 0.7725345480340384, 0.7575443049705544, 0.7549392596354441],
    "cc_spin_squared": [0.750431316766722, 0.7507446721812483, 0.750287910425588, 0.750837010105649, 0.7517337635464112, 0.7517781027959953, 0.7518228503793019, 0.7518679874512229, 0.7519134931355522, 0.7529849583691957, 0.7536957195495835, 0.7531455694522828, 0.7513606656466691, 0.7531809581179187, 0.7505603304445072, 0.7501880961500917, 0.7501054304187895]
}