{
    "schema_name": "pyscf_qa_output",
    "provenance": {
        "creator": "PySCF",
        "version": "1.7.6"
    },
    "molecule": {
        "geometry": [[0.0, 0.0, 0.0], [0.9, 0.0, 0.0]],
        "symbols": [ "N", "H" ]
    },
    "molecular_charge": 2,
    "molecular_multiplicity": 3,
    "name": "n.h.chrg2.mult3.sep0.90-pyscf-uccsdt.ccpv5z",
    "atomic_numbers": [ 7, 1 ],
    "n_electrons": 6,
    "model": {
        "method": "UCCSD(T)",
        "basis": "cc-pV5Z",
        "scf_conv_tol": 1e-09,
        "scf_conv_tol_grad": 1e-06,
        "cc_conv_tol": 1e-05,
        "cc_conv_tol_normt": 1e-07
    },
    "broken_symmetry": false,
    "finite_diff_delta": 0.01,
    "finite_diff_acc": 2,
    "qa_lambdas": [-3.0, -2.75, -2.5, -2.25, -2.0, -1.75, -1.5, -1.25, -1.0, -0.75, -0.5, -0.25, -0.02, -0.01, 0.0, 0.01, 0.02],
    "electronic_energies": [-15.069844226500008, -17.347244292167606, -19.786902642472192, -22.392015552804512, -25.165462224572426, -28.109630179388006, -31.226421677108547, -34.51742139222444, -37.984099159593086, -41.62793729325706, -45.45045761613581, -49.45317695610549, -53.29606278184644, -53.46664787470265, -53.637525534981854, -53.808695835424274, -53.9801588480471],
    "qats_energies": {
        "0": [-53.63752553498187, -53.63752553498187, -53.63752553498187, -53.63752553498187, -53.63752553498187, -53.63752553498187, -53.63752553498187, -53.63752553498187, -53.63752553498187, -53.63752553498187, -53.63752553498187, -53.63752553498187, -53.63752553498187, -53.63752553498187, -53.63752553498187, -53.63752553498187, -53.63752553498187],
        "1": [-2.3303314267385318, -6.605930935758813, -10.881530444779088, -15.157129953799362, -19.432729462819644, -23.708328971839922, -27.9839284808602, -32.25952798988048, -36.535127498900756, -40.81072700792103, -45.08632651694131, -49.361926025961594, -53.29547757426025, -53.46650155462106, -53.63752553498187, -53.808549515342676, -53.97957349570349],
        "2": [-15.499138770207345, -17.671387106312466, -20.02653554441021, -22.564584084500574, -25.28553272658356, -28.18938147065917, -31.276130316727404, -34.54577926478826, -37.998328314841736, -41.633777466887835, -45.45212672092656, -49.4533760769579, -53.29606285458662, -53.46664787470265, -53.63752553498187, -53.808695835424274, -53.98015877602987],
        "3": [-15.173434586583802, -17.420511950986693, -19.838049327035478, -22.427177632034393, -25.189027783287695, -28.12473069809964, -31.23541729377446, -34.52221848761641, -37.98626519692975, -41.628688339018716, -45.45061883118756, -49.45318759074053, -53.29606275808168, -53.46664786263953, -53.63752553498187, -53.80869584748739, -53.98015887253481],
        "4": [-14.929451352967284, -17.24824350367866, -19.720387659589235, -22.349979812022916, -25.14083356430172, -28.096480131745796, -31.22016834167343, -34.51486463340103, -37.98325305824313, -41.62773527951241, -45.45043057251964, -49.45317582457378, -53.296062757599735, -53.46664786260941, -53.63752553498187, -53.80869584745727, -53.98015887205287]
    },
    "qats_poly_coeffs": [ -53.63752553498187, -17.102398036081112, -1.4632008159409793, -0.012063117911983072, 0.0030121386866236812 ],
    "hf_energies": [-14.965831024692918, -17.241810579804127, -19.679877025874482, -22.283408025265246, -25.055378936201546, -27.998168247693407, -31.1136065317419, -34.40320717969596, -37.86840643832352, -41.510695815112584, -45.331637527416675, -49.33280433366673, -53.174334368061366, -53.344862747301114, -53.51568390493877, -53.68679791646568, -53.858204856613405],
    "triples_corrections": [-0.0012630504841523499, -0.001305537750013388, -0.0013561401833882955, -0.0014040823874182148, -0.0014432727532869638, -0.0014738032065373255, -0.0014996006503513544, -0.0015244326454718143, -0.0015496436422659464, -0.0015741802087060595, -0.0015956206491208752, -0.0016112368568702983, -0.0016185049489139318, -0.001618646246158478, -0.0016187724000174602, -0.0016188833589571058, -0.0016189790743314936],
    "scf_converged": [true, true, true, true, true, true, true, true, true, true, true, true, true, true, true, true, true],
    "cc_converged": [true, true, true, true, true, true, true, true, true, true, true, true, true, true, true, true, true],
    "scf_spin_squared": [2.0022803541357743, 2.0021563006950958, 2.002137655614407, 2.002193814967223, 2.0022850159523524, 2.0023731380564938, 2.0024366188365708, 2.002474093874103, 2.002496512753157, 2.0025168840289584, 2.0025437179134515, 2.002578923092069, 2.00261589819662, 2.0026175368932218, 2.002619174952114, 2.0026208119851026, 2.002622447605107],
    "cc_spin_squared": [2.000086106333037, 2.000079725622121, 2.0000778875244185, 2.0000778214872987, 2.000077610189789, 2.0000763278839506, 2.0000738919938406, 2.0000706403945743, 2.000066942856468, 2.0000630294569963, 2.0000589920644347, 2.0000548472808632, 2.0000509392535752, 2.0000507674649617, 2.0000505955372567, 2.0000504234731995, 2.0000502512756615]
}