{
    "schema_name": "pyscf_apdft_output",
    "provenance": {
        "creator": "PySCF",
        "version": "1.7.6"
    },
    "molecule": {
        "geometry": [[0.0, 0.0, 0.0], [0.7, 0.0, 0.0]],
        "symbols": [ "Be", "H" ]
    },
    "molecular_charge": 0,
    "molecular_multiplicity": 4,
    "name": "be.h.chrg0.mult4.sep0.70-pyscf-uccsdt.ccpv5z",
    "atomic_numbers": [ 4, 1 ],
    "n_electrons": 5,
    "model": {
        "method": "UCCSD(T)",
        "basis": "cc-pV5Z",
        "scf_conv_tol": 1e-09,
        "scf_conv_tol_grad": 1e-06,
        "cc_conv_tol": 1e-05,
        "cc_conv_tol_normt": 1e-07
    },
    "broken_symmetry": false,
    "finite_diff_delta": 0.01,
    "finite_diff_acc": 2,
    "apdft_lambdas": [-1.0, -0.75, -0.5, -0.25, -0.02, -0.01, 0.0, 0.01, 0.02, 0.25, 0.5, 0.75, 1.0, 1.25, 1.5, 1.75, 2.0],
    "electronic_energies": [-7.608343583163945, -9.12877998985703, -10.807414039412102, -12.646268159810743, -14.479831643626829, -14.562631246794181, -14.645687235027243, -14.728999577857849, -14.812568244572391, -16.805318684786766, -19.124624647369355, -21.602862206196335, -24.23892414848583, -27.031195633550695, -29.977449499696824, -33.074786002474674, -36.319622296461],
    "apdft_energies": {
        "0": [-14.645687235027241, -14.645687235027241, -14.645687235027241, -14.645687235027241, -14.645687235027241, -14.645687235027241, -14.645687235027241, -14.645687235027241, -14.645687235027241, -14.645687235027241, -14.645687235027241, -14.645687235027241, -14.645687235027241, -14.645687235027241, -14.645687235027241, -14.645687235027241, -14.645687235027241],
        "1": [-6.327270681843869, -8.406874820139713, -10.486478958435555, -12.566083096731397, -14.479318903963573, -14.562503069495406, -14.645687235027241, -14.728871400559076, -14.812055566090908, -16.725291373323085, -18.804895511618927, -20.88449964991477, -22.964103788210615, -25.043707926506457, -27.1233120648023, -29.20291620309814, -31.282520341393983],
        "2": [-7.609043669583995, -9.127872125743533, -10.806922205370586, -12.646193908465156, -14.47983161315867, -14.562631246794181, -14.645687235027241, -14.728999577857849, -14.812568275286004, -16.805402185056842, -19.12533875855396, -21.60549695551859, -24.24587677595074, -27.046478219850403, -30.007301287217583, -33.12834597805228, -36.40961229235449],
        "3": [-7.614142150628754, -9.13002304743429, -10.80755951550118, -12.64627357223148, -14.479831653946517, -14.562631251892663, -14.645687235027241, -14.728999572759367, -14.812568234498157, -16.805322521290517, -19.124701448423362, -21.603346033827833, -24.24077829490598, -27.036520249059855, -29.99009391369152, -33.10102130620302, -36.36882444399642],
        "4": [-7.613119442784417, -9.129699456280418, -10.80749559626091, -12.646269577278963, -14.479831653782885, -14.562631251882435, -14.645687235027241, -14.72899957274914, -14.812568234334522, -16.805318526338, -19.124637529183094, -21.60302244267396, -24.239755587061644, -27.034023403736768, -29.984916455229563, -33.09142942520984, -36.35246111848702]
    },
    "apdft_poly_coeff": [ -14.645687235027241, -8.318416553183372, -1.2817729877401263, 0.005098481044759258, 0.001022707844337371 ],
    "hf_energies": [-7.554881745064261, -9.074892917504561, -10.753518581021865, -12.592908157190719, -14.427315890054253, -14.510158072108643, -14.593257075306543, -14.676612864043541, -14.760225402644673, -16.754093184417982, -19.074822087742355, -21.554673923950816, -24.192521481344624, -26.986725492115614, -29.935025883037444, -33.03448257427818, -36.281469046823744],
    "triples_corrections": [-0.0002810411190380808, -0.0002730272205086652, -0.00025518219091598475, -0.00023130108719925566, -0.00020929028042813953, -0.00020836833993869946, -0.0002074499374537633, -0.00020653511528654337, -0.00020562387130959302, -0.00018571791806888696, -0.00016641252854289056, -0.00014938002018428863, -0.00013430206496599161, -0.00012082116346038371, -0.00010862461893215587, -9.747703397231482e-05, -8.721824442226355e-05],
    "scf_converged": [true, true, true, true, true, true, true, true, true, true, true, true, true, true, true, true, true],
    "cc_converged": [true, true, true, true, true, true, true, true, true, true, true, true, true, true, true, true, true],
    "scf_spin_squared": [3.750154250053243, 3.750098678177782, 3.7500643590081553, 3.750044054283231, 3.750032750961943, 3.75003236897317, 3.7500319945099414, 3.75003162740917, 3.750031267510808, 3.7500246614305475, 3.7500200854893295, 3.75001714117668, 3.7500151624644467, 3.7500137437054315, 3.750012635260462, 3.7500116874235445, 3.750010817537708],
    "cc_spin_squared": [3.7500040537874875, 3.750002759073344, 3.7500019234269395, 3.7500013727784114, 3.7500010324814, 3.750001020371678, 3.7500010084533675, 3.7500009967230006, 3.750000985176434, 3.7500007635584893, 3.750000594405339, 3.750000473805228, 3.7500003848612353, 3.750000317002186, 3.750000263522914, 3.750000220174124, 3.7500001842694206]
}