{
    "schema_name": "pyscf_qa_output",
    "provenance": {
        "creator": "PySCF",
        "version": "1.7.6"
    },
    "molecule": {
        "geometry": [[0.0, 0.0, 0.0], [1.9, 0.0, 0.0]],
        "symbols": [ "B", "H" ]
    },
    "molecular_charge": 0,
    "molecular_multiplicity": 3,
    "name": "b.h.chrg0.mult3.sep1.90-pyscf-uccsdt.ccpv5z",
    "atomic_numbers": [ 5, 1 ],
    "n_electrons": 6,
    "model": {
        "method": "UCCSD(T)",
        "basis": "cc-pV5Z",
        "scf_conv_tol": 1e-09,
        "scf_conv_tol_grad": 1e-06,
        "cc_conv_tol": 1e-05,
        "cc_conv_tol_normt": 1e-07
    },
    "broken_symmetry": false,
    "finite_diff_delta": 0.01,
    "finite_diff_acc": 2,
    "qa_lambdas": [-1.0, -0.75, -0.5, -0.25, -0.02, -0.01, 0.0, 0.01, 0.02, 0.25, 0.5, 0.75, 1.0, 1.25, 1.5, 1.75, 2.0],
    "electronic_energies": [-15.184410135059917, -17.417992492263405, -19.821199497177663, -22.397967385783954, -24.924029545888388, -25.037252275637208, -25.150758007358316, -25.26454673808511, -25.378618461849772, -28.080326838528066, -31.18635441473268, -34.4686741617284, -37.928643456495756, -41.57048132533224, -45.399260970513986, -49.413707360207354, -53.605900126554516],
    "qats_energies": {
        "0": [-25.150758007358316, -25.150758007358316, -25.150758007358316, -25.150758007358316, -25.150758007358316, -25.150758007358316, -25.150758007358316, -25.150758007358316, -25.150758007358316, -25.150758007358316, -25.150758007358316, -25.150758007358316, -25.150758007358316, -25.150758007358316, -25.150758007358316, -25.150758007358316, -25.150758007358316],
        "1": [-13.786034884963268, -16.62721566556203, -19.468396446160792, -22.309577226759554, -24.923463544910415, -25.037110776134366, -25.150758007358316, -25.264405238582267, -25.378052469806217, -27.99193878795708, -30.83311956855584, -33.674300349154606, -36.51548112975337, -39.35666191035213, -42.19784269095089, -45.039023471549655, -47.88020425214842],
        "2": [-15.20102991338251, -17.423150369047853, -19.822145203265602, -22.398014416035757, -24.924029542921783, -25.037252275637208, -25.150758007358316, -25.26454673808511, -25.378618467817585, -28.08037597723328, -31.18686832566065, -34.470235052640426, -37.93047615817261, -41.56759164225719, -45.381581504894186, -49.37244574608358, -53.54018436582538],
        "3": [-15.201774448186688, -17.423464469668367, -19.822238270116124, -22.398026049392072, -24.92402954887806, -25.037252276381743, -25.150758007358316, -25.264546737340574, -25.378618461861308, -28.080364343876965, -31.18677525881013, -34.46992095201991, -37.929731623368426, -41.566137472717784, -45.37906869993007, -49.36845550486743, -53.534228087391945],
        "4": [-15.189269488156258, -17.41950782215874, -19.821456710114223, -22.397977201891955, -24.924029546877268, -25.037252276256694, -25.150758007358316, -25.264546737215525, -25.378618459860512, -28.080315496376848, -31.185993698808225, -34.46596430451028, -37.917226663338, -41.53560778514348, -45.315762339776015, -49.251172657082016, -53.33414872690504]
    },
    "qats_poly_coeffs": [ -25.150758007358316, -11.364723122395048, -1.4149950284192414, 0.00074453480417939, 0.012504960030431297 ],
    "hf_energies": [-15.091285797830889, -17.32065386777136, -19.71974851845838, -22.29382359842603, -24.8184909790907, -24.931664158231467, -25.045120784664043, -25.158860807535632, -25.272884174497342, -27.973490035609366, -31.07806642635939, -34.35829451563012, -37.81519281960878, -41.45394682594932, -45.28273950997935, -49.29891859747318, -53.4925342769879],
    "triples_corrections": [-0.001945102666873987, -0.0023841479763234115, -0.002682067727202592, -0.002834107973771206, -0.002854055839405548, -0.0028524255951219253, -0.0028506231850255214, -0.002848654440379125, -0.0028465253301333334, -0.0027677901377775294, -0.002672854718766637, -0.00262520113579437, -0.0026440478796653645, -0.0026796073318549845, -0.0025312821971853715, -0.0022372842435057372, -0.002002336462932749],
    "scf_converged": [true, true, true, true, true, true, true, true, true, true, true, true, true, true, true, true, true],
    "cc_converged": [true, true, true, true, true, true, true, true, true, true, true, true, true, true, true, true, true],
    "scf_spin_squared": [2.004139830639936, 2.018421861978977, 2.0647900781262276, 2.1083478001618507, 2.1147215266099715, 2.1144076667691203, 2.1140570625258652, 2.113671226162431, 2.113251655878196, 2.0974097517662607, 2.076557748993454, 2.059322096146409, 2.0446636710014223, 2.025386606825684, 2.00895287021891, 2.0059719061265153, 2.0058571739291255],
    "cc_spin_squared": [2.0004547543032762, 2.0007969144279096, 2.0011407118474045, 2.0011740091197634, 2.0009892546823003, 2.0009789725433604, 2.000968598319198, 2.000958143763005, 2.0009476204491827, 2.0007089794542336, 2.000513750977005, 2.000406413904046, 2.0003708600922545, 2.0003516529811254, 2.0002299656164104, 2.0001250130293036, 2.0000840579387]
}