{
    "schema_name": "pyscf_qa_output",
    "provenance": {
        "creator": "PySCF",
        "version": "1.7.6"
    },
    "molecule": {
        "geometry": [[0.0, 0.0, 0.0], [1.0, 0.0, 0.0]],
        "symbols": [ "N", "H" ]
    },
    "molecular_charge": 1,
    "molecular_multiplicity": 2,
    "name": "n.h.chrg1.mult2.sep1.00-pyscf-uccsdt.ccpv5z",
    "atomic_numbers": [ 7, 1 ],
    "n_electrons": 7,
    "model": {
        "method": "UCCSD(T)",
        "basis": "cc-pV5Z",
        "scf_conv_tol": 1e-09,
        "scf_conv_tol_grad": 1e-06,
        "cc_conv_tol": 1e-05,
        "cc_conv_tol_normt": 1e-07
    },
    "broken_symmetry": false,
    "finite_diff_delta": 0.01,
    "finite_diff_acc": 2,
    "qa_lambdas": [-2.0, -1.75, -1.5, -1.25, -1.0, -0.75, -0.5, -0.25, -0.02, -0.01, 0.0, 0.01, 0.02, 0.25, 0.5, 0.75, 1.0],
    "electronic_energies": [-25.21481992288428, -28.24932059855681, -31.464681480900296, -34.86394942026931, -38.44971011711246, -42.224085749758075, -46.18885911276411, -50.345626313844164, -54.34071853486217, -54.51815102098533, -54.69589533481981, -54.87395156577994, -55.052319802982346, -59.24110275680584, -63.98256145757745, -68.92136322635398, -74.05825737686055],
    "qats_energies": {
        "0": [-54.6958953348198, -54.6958953348198, -54.6958953348198, -54.6958953348198, -54.6958953348198, -54.6958953348198, -54.6958953348198, -54.6958953348198, -54.6958953348198, -54.6958953348198, -54.6958953348198, -54.6958953348198, -54.6958953348198, -54.6958953348198, -54.6958953348198, -54.6958953348198, -54.6958953348198],
        "1": [-19.11584085535865, -23.563347665291293, -28.010854475223937, -32.458361285156585, -36.905868095089225, -41.353374905021866, -45.800881714954514, -50.24838852488716, -54.34009479002519, -54.5179950624225, -54.6958953348198, -54.873795607217104, -55.051695879614414, -59.14340214475244, -63.59090895468509, -68.03841576461774, -72.48592257455039],
        "2": [-25.35418336864368, -28.339578652025146, -31.519922138946768, -34.89521382940855, -38.465453723410484, -42.23064182095258, -46.19077812203483, -50.34586262665724, -54.34071862427652, -54.51815102098533, -54.6958953348198, -54.87395156577994, -55.05231971386574, -59.240876246522525, -63.980805361765405, -68.91568268054844, -74.04550820287164],
        "3": [-25.235162732926195, -28.259844124581598, -31.469710308253454, -34.86615605701658, -38.450576143945796, -42.22436534211592, -46.188918424601745, -50.3456301644781, -54.340718505255886, -54.51815100610775, -54.6958953348198, -54.87395158065752, -55.052319832886376, -59.24110870870166, -63.98266505919849, -68.92195915938511, -74.06038578233633],
        "4": [-25.21531301106, -28.248208582052122, -31.46342973219423, -34.863127229827526, -38.44933553632916, -42.223972806112215, -46.188840886625705, -50.3456253183546, -54.34071850505739, -54.518151006095344, -54.6958953348198, -54.87395158064511, -55.05231983268788, -59.24110386257816, -63.98258752122245, -68.92156662338141, -74.05914517471969]
    },
    "qats_poly_coeffs": [ -54.6958953348198, -17.790027239730577, -1.5595856283212584, -0.014877579464685669, 0.001240607616637135 ],
    "hf_energies": [-25.056044582309745, -28.08599606629834, -31.297344582439433, -34.69311855171804, -38.27579302475559, -42.047374050292206, -46.009585808685145, -50.16403352340296, -54.15725142062044, -54.33460889698667, -54.5122787763379, -54.69026115203495, -54.86855611708404, -59.0558226192092, -63.796021738178496, -68.73396891030548, -73.87036451113946],
    "triples_corrections": [-0.003808665584846024, -0.00393849673628264, -0.004014471843368178, -0.0040336205038103866, -0.004008616569670735, -0.003957590096596575, -0.0038948173307476403, -0.0038281189084098336, -0.003766277444068615, -0.0037636039179536544, -0.003760932689723532, -0.0037582638946063564, -0.0037555976707163157, -0.0036953581207615272, -0.003634452415761167, -0.0035835404563715812, -0.0035506614285830533],
    "scf_converged": [true, true, true, true, true, true, true, true, true, true, true, true, true, true, true, true, true],
    "cc_converged": [true, true, true, true, true, true, true, true, true, true, true, true, true, true, true, true, true],
    "scf_spin_squared": [0.7626740322506973, 0.7612796432253379, 0.7602945844732085, 0.7594867013623992, 0.758753216876936, 0.7580779979379071, 0.7574717283603847, 0.7569356746072904, 0.7564910743979487, 0.7564724860181569, 0.7564539448677876, 0.7564354491868301, 0.756416997223694, 0.7560008702802055, 0.7555535918648757, 0.7551016936846011, 0.7546492451676987],
    "cc_spin_squared": [0.7502415377521805, 0.7502226104772884, 0.7502064997131705, 0.7501901146412755, 0.7501730485984759, 0.7501561173756606, 0.7501402830654924, 0.7501260845549778, 0.7501145272055565, 0.7501140552731247, 0.7501135857503156, 0.7501131186193708, 0.7501126538624256, 0.7501025789879601, 0.7500928106324367, 0.7500841123863504, 0.7500764214640643]
}