{
    "schema_name": "pyscf_qa_output",
    "provenance": {
        "creator": "PySCF",
        "version": "1.7.6"
    },
    "molecule": {
        "geometry": [[0.0, 0.0, 0.0], [1.4, 0.0, 0.0]],
        "symbols": [ "Be", "H" ]
    },
    "molecular_charge": 1,
    "molecular_multiplicity": 3,
    "name": "be.h.chrg1.mult3.sep1.40-pyscf-uccsdt.ccpv5z",
    "atomic_numbers": [ 4, 1 ],
    "n_electrons": 4,
    "model": {
        "method": "UCCSD(T)",
        "basis": "cc-pV5Z",
        "scf_conv_tol": 1e-09,
        "scf_conv_tol_grad": 1e-06,
        "cc_conv_tol": 1e-05,
        "cc_conv_tol_normt": 1e-07
    },
    "broken_symmetry": false,
    "finite_diff_delta": 0.01,
    "finite_diff_acc": 2,
    "qa_lambdas": [-1.0, -0.75, -0.5, -0.25, -0.02, -0.01, 0.0, 0.01, 0.02, 0.25, 0.5, 0.75, 1.0],
    "electronic_energies": [-7.92475344313691, -9.421747799256337, -11.061962366249293, -12.846283039935548, -14.615548033791338, -14.695254159358258, -14.775192329751377, -14.855362574882339, -14.935764924649138, -16.849147917074877, -19.068600932214434, -21.433949171145606, -23.9454711615932],
    "qats_energies": {
        "0": [-14.775192329751377, -14.775192329751377, -14.775192329751377, -14.775192329751377, -14.775192329751377, -14.775192329751377, -14.775192329751377, -14.775192329751377, -14.775192329751377, -14.775192329751377, -14.775192329751377, -14.775192329751377, -14.775192329751377],
        "1": [-6.769771553547368, -8.77112674759837, -10.772481941649373, -12.773837135700376, -14.615083914227297, -14.695138121989338, -14.775192329751377, -14.855246537513416, -14.935300745275457, -16.77654752380238, -18.77790271785338, -20.779257911904384, -22.780613105955386],
        "2": [-7.930145242762546, -9.423836947781908, -11.062575363953167, -12.846360491276323, -14.615548063702983, -14.695254159358258, -14.775192329751377, -14.855362574882339, -14.935764894751143, -16.849070879378328, -19.067996140157177, -21.431968112087922, -23.940986795170563],
        "3": [-7.925161106103598, -9.421734265128915, -11.061952346870799, -12.846282614141028, -14.61554802382989, -14.695254154374123, -14.775192329751377, -14.855362579866476, -14.935764934624236, -16.849148756513625, -19.068619157239546, -21.434070794740915, -23.94597093182951],
        "4": [-7.92510421087433, -9.421716263122779, -11.061948790918969, -12.846282391894038, -14.615548023820786, -14.695254154373552, -14.775192329751377, -14.855362579865906, -14.935764934615133, -16.849148534266636, -19.068615601287714, -21.43405279273478, -23.945914036600243]
    },
    "qats_poly_coeffs": [ -14.775192329751377, -8.005420776204009, -1.1603736892151773, -0.00498413665894759, 5.689522926862386e-05 ],
    "hf_energies": [-7.886175379331158, -9.38492131607202, -11.02693242078803, -12.813042342920347, -14.583915388849027, -14.663690417633564, -14.743697405781088, -14.823936383376122, -14.904407380526676, -16.819346678385497, -19.040447717649005, -21.40740759027645, -23.92051525333849],
    "triples_corrections": [-6.0622080676835746e-05, -5.504176884213724e-05, -5.0844280275194874e-05, -4.738696888190112e-05, -4.4697791330420397e-05, -4.458973018093992e-05, -4.4482329595163986e-05, -4.437558032867913e-05, -4.426947316167565e-05, -4.198544641714626e-05, -3.975657763394016e-05, -3.765195396623256e-05, -3.5497479527689044e-05],
    "scf_converged": [true, true, true, true, true, true, true, true, true, true, true, true, true],
    "cc_converged": [true, true, true, true, true, true, true, true, true, true, true, true, true],
    "scf_spin_squared": [2.000021069226983, 2.0000170438651255, 2.0000156168844963, 2.0000148896062933, 2.0000143146434257, 2.0000142891963035, 2.0000142636773255, 2.000014238085141, 2.0000142124187166, 2.0000136033310696, 2.0000129300106275, 2.00001231539475, 2.000011835764294],
    "cc_spin_squared": [2.0000003686074033, 2.0000002441447675, 2.0000001880553424, 2.0000001590491614, 2.000000143271875, 2.000000142727938, 2.00000014219317, 2.000000141667292, 2.0000001411500863, 2.000000131158773, 2.0000001230076156, 2.0000001164273584, 2.0000001107867202]
}