{
    "schema_name": "pyscf_qa_output",
    "provenance": {
        "creator": "PySCF",
        "version": "1.7.6"
    },
    "molecule": {
        "geometry": [[0.0, 0.0, 0.0], [1.4, 0.0, 0.0]],
        "symbols": [ "F", "H" ]
    },
    "molecular_charge": 0,
    "molecular_multiplicity": 3,
    "name": "f.h.chrg0.mult3.sep1.40-pyscf-uccsdt.ccpv5z",
    "atomic_numbers": [ 9, 1 ],
    "n_electrons": 10,
    "model": {
        "method": "UCCSD(T)",
        "basis": "cc-pV5Z",
        "scf_conv_tol": 1e-09,
        "scf_conv_tol_grad": 1e-06,
        "cc_conv_tol": 1e-05,
        "cc_conv_tol_normt": 1e-07
    },
    "broken_symmetry": false,
    "finite_diff_delta": 0.01,
    "finite_diff_acc": 2,
    "qa_lambdas": [-1.0, -0.75, -0.5, -0.25, -0.02, -0.01, 0.0, 0.01, 0.02, 0.25, 0.5, 0.75, 1.0],
    "electronic_energies": [-75.6148888812306, -81.39149829937985, -87.40703270750569, -93.66269459514157, -99.63003304317134, -99.89408776222533, -100.15852585282249, -100.42334726159092, -100.68855193442855, -106.89390677721086, -113.86790474302923, -121.0794571805234, -128.5274373281282],
    "qats_energies": {
        "0": [-100.15852585282234, -100.15852585282234, -100.15852585282234, -100.15852585282234, -100.15852585282234, -100.15852585282234, -100.15852585282234, -100.15852585282234, -100.15852585282234, -100.15852585282234, -100.15852585282234, -100.15852585282234, -100.15852585282234],
        "1": [-73.69555088454264, -80.31129462661256, -86.92703836868249, -93.54278211075241, -99.62926635345674, -99.89389610313954, -100.15852585282234, -100.42315560250513, -100.68778535218793, -106.77426959489226, -113.39001333696218, -120.00575707903211, -126.62150082110203],
        "2": [-75.61214174240264, -81.38937698415882, -87.40618608314749, -93.66256903936866, -99.63003298979989, -99.89408776222533, -100.15852585282234, -100.42334726159092, -100.68855198853107, -106.89405652350851, -113.86916105142718, -121.08383943657836, -128.53809167896202],
        "3": [-75.62109790739746, -81.393155366266, -87.40730560377185, -93.6627089794467, -99.63003306144921, -99.89408777118149, -100.15852585282234, -100.42334725263476, -100.68855191688175, -106.89391658343047, -113.86804153080283, -121.08006105447117, -128.52913551396722],
        "4": [-75.61805186990115, -81.39219158096444, -87.40711522642832, -93.66269708086274, -99.63003306096184, -99.89408777115104, -100.15852585282234, -100.42334725260429, -100.68855191639439, -106.89390468484649, -113.86785115345931, -121.07909726916961, -128.5260894764709]
    },
    "qats_poly_coeffs": [ -100.15852585282234, -26.462974968279696, -1.916590857860001, 0.008956164994818511, 0.003046037496308903 ],
    "hf_energies": [-75.31143912965766, -81.08897190848398, -87.10763307850694, -93.36705859479598, -99.33775528103627, -99.60194970281397, -99.86652690202045, -100.13148682148034, -100.39682940383608, -106.60518939027597, -113.5821231010292, -120.7963540188023, -128.24685170921657],
    "triples_corrections": [-0.009113277706348986, -0.008505484654779035, -0.007652264344490856, -0.006746352072132916, -0.005985787198107331, -0.005955103189142206, -0.0059246304966159916, -0.005894369666893663, -0.005864321124595139, -0.005231307885533821, -0.004659909265321929, -0.004187880075730693, -0.0037926712605901147],
    "scf_converged": [true, true, true, true, true, true, true, true, true, true, true, true, true],
    "cc_converged": [true, true, true, true, true, true, true, true, true, true, true, true, true],
    "scf_spin_squared": [2.0197335157909153, 2.012520091176436, 2.0095003220091776, 2.0073553814653824, 2.0058914887205335, 2.0058377145237856, 2.005784697240034, 2.005732428165838, 2.0056808985278, 2.0046792521246513, 2.003906011600881, 2.0033538384636866, 2.0029459017516293],
    "cc_spin_squared": [2.000588297544673, 2.000378861481637, 2.000275376991375, 2.0002024283766606, 2.000148384193818, 2.000146347972889, 2.0001443386217903, 2.000142356114424, 2.000140400407767, 2.000102511449941, 2.0000744420908347, 2.000055920758913, 2.000043483665548]
}