{
    "schema_name": "pyscf_apdft_output",
    "provenance": {
        "creator": "PySCF",
        "version": "1.7.6"
    },
    "molecule": {
        "geometry": [[0.0, 0.0, 0.0], [1.2, 0.0, 0.0]],
        "symbols": [ "N", "H" ]
    },
    "molecular_charge": 2,
    "molecular_multiplicity": 3,
    "name": "n.h.chrg2.mult3.sep1.20-pyscf-uccsdt.ccpv5z",
    "atomic_numbers": [ 7, 1 ],
    "n_electrons": 6,
    "model": {
        "method": "UCCSD(T)",
        "basis": "cc-pV5Z",
        "scf_conv_tol": 1e-09,
        "scf_conv_tol_grad": 1e-06,
        "cc_conv_tol": 1e-05,
        "cc_conv_tol_normt": 1e-07
    },
    "broken_symmetry": false,
    "finite_diff_delta": 0.01,
    "finite_diff_acc": 2,
    "apdft_lambdas": [-3.0, -2.75, -2.5, -2.25, -2.0, -1.75, -1.5, -1.25, -1.0, -0.75, -0.5, -0.25, -0.02, -0.01, 0.0, 0.01, 0.02],
    "electronic_energies": [-15.169968140369214, -17.43898226129949, -19.869040838789687, -22.464002568324112, -25.227449419904733, -28.162540117504204, -31.27201341434731, -34.5583095948855, -38.02371528946953, -41.67045790266438, -45.50071719032416, -49.51654137751033, -53.37649480760954, -53.54793189537176, -53.71967064832209, -53.891711124591865, -54.0640533804743],
    "apdft_energies": {
        "0": [-53.719670648322015, -53.719670648322015, -53.719670648322015, -53.719670648322015, -53.719670648322015, -53.719670648322015, -53.719670648322015, -53.719670648322015, -53.719670648322015, -53.719670648322015, -53.719670648322015, -53.719670648322015, -53.719670648322015, -53.719670648322015, -53.719670648322015, -53.719670648322015, -53.719670648322015],
        "1": [-2.152786265306439, -6.450026630557737, -10.747266995809035, -15.044507361060333, -19.34174772631163, -23.63898809156293, -27.936228456814227, -32.233468822065525, -36.53070918731682, -40.82794955256812, -45.12518991781942, -49.42243028307072, -53.37589141910191, -53.54778103371196, -53.719670648322015, -53.89156026293207, -54.06344987754212],
        "2": [-15.730335647071136, -17.858939652735017, -20.17612073314563, -22.681878888302975, -25.376214118207052, -28.25912642285786, -31.3306158022554, -34.590682256399674, -38.03932578529068, -41.676546388928415, -45.50234406731288, -49.51671882044408, -53.3764948657411, -53.54793189537176, -53.719670648322015, -53.891711124591865, -54.06405332418131],
        "3": [-15.472880405945055, -17.660633561335246, -20.027130431568033, -22.57326495845291, -25.299931083799326, -28.208022749416745, -31.29843389711464, -34.57205846870248, -38.029790405989715, -41.67252365078582, -45.50115214490026, -49.51656983014251, -53.376494789458064, -53.547931885836384, -53.719670648322015, -53.89171113412724, -54.064053400464346],
        "4": [-14.852352776664723, -17.222499638674485, -19.727879067138865, -22.37692613825093, -25.177357724929134, -28.136172496817302, -31.25965092028462, -34.553355258425654, -38.022129571060326, -41.670099714733944, -45.50067334271718, -49.51653990500606, -53.376494788232336, -53.54793188575977, -53.719670648322015, -53.89171113405064, -54.06405339923861]
    },
    "apdft_poly_coeff": [ -53.719670648322015, -17.188961461005192, -1.5086165979738553, -0.009535379300965966, 0.007660834929386813 ],
    "hf_energies": [-15.069845681352666, -17.336615457006857, -19.76407718013811, -22.356238544994746, -25.116781687689937, -28.048910527804118, -31.155404593763684, -34.43879581531928, -37.90151361949854, -41.54592492721287, -45.374288231163405, -49.388648299764014, -53.2475800214273, -53.41897867218008, -53.59067944072188, -53.76268237994208, -53.93498754095742],
    "triples_corrections": [-0.001210191828897229, -0.001336403969551893, -0.001479055058469925, -0.0016262190975224202, -0.001767399554436182, -0.0018954538876111973, -0.0020052697265159985, -0.002091396226760309, -0.002148104458053531, -0.002171524444239938, -0.0021613917600216697, -0.002121408751339365, -0.0020643588765127444, -0.0020615493550252455, -0.002058717463724558, -0.002055863810663475, -0.0020529890025508626],
    "scf_converged": [true, true, true, true, true, true, true, true, true, true, true, true, true, true, true, true, true],
    "cc_converged": [true, true, true, true, true, true, true, true, true, true, true, true, true, true, true, true, true],
    "scf_spin_squared": [2.002491401326856, 2.0023070735962745, 2.0022298612293783, 2.002278188918775, 2.0024591717265814, 2.00277953362325, 2.0032355305456906, 2.003764594437442, 2.0042154301723163, 2.004426834269105, 2.0043690328883423, 2.004169309356336, 2.003996988936895, 2.0039910001157355, 2.0039851578357926, 2.0039794627093452, 2.0039739150791207],
    "cc_spin_squared": [2.0000956322550025, 2.00009793780349, 2.000105920977636, 2.0001168418010433, 2.0001276210180965, 2.0001357428251723, 2.0001399165686093, 2.0001398937193686, 2.0001356805150845, 2.00012723960607, 2.0001147904635133, 2.0000994408824306, 2.0000845110902103, 2.0000838728760244, 2.0000832366874515, 2.0000826026451763, 2.0000819708675532]
}