{
    "schema_name": "pyscf_qa_output",
    "provenance": {
        "creator": "PySCF",
        "version": "1.7.6"
    },
    "molecule": {
        "geometry": [[0.0, 0.0, 0.0], [0.8, 0.0, 0.0]],
        "symbols": [ "O", "H" ]
    },
    "molecular_charge": 0,
    "molecular_multiplicity": 2,
    "name": "o.h.chrg0.mult2.sep0.80-pyscf-uccsdt.ccpv5z",
    "atomic_numbers": [ 8, 1 ],
    "n_electrons": 9,
    "model": {
        "method": "UCCSD(T)",
        "basis": "cc-pV5Z",
        "scf_conv_tol": 1e-09,
        "scf_conv_tol_grad": 1e-06,
        "cc_conv_tol": 1e-05,
        "cc_conv_tol_normt": 1e-07
    },
    "broken_symmetry": false,
    "finite_diff_delta": 0.01,
    "finite_diff_acc": 2,
    "qa_lambdas": [-1.0, -0.75, -0.5, -0.25, -0.02, -0.01, 0.0, 0.01, 0.02, 0.25, 0.5, 0.75, 1.0, 1.25, 1.5, 1.75, 2.0],
    "electronic_energies": [-55.1248392407241, -59.931286541819844, -64.95590000637685, -70.2009239483812, -75.22245688095096, -75.4450640329285, -75.6680284027448, -75.89135005415775, -76.11502905007532, -81.35840608983742, -87.27290982372807, -93.41215305347612, -99.77654251957235, -106.36625528828161, -113.18118688632991, -120.22089328457997, -127.48453975704614],
    "qats_energies": {
        "0": [-75.66802840274488, -75.66802840274488, -75.66802840274488, -75.66802840274488, -75.66802840274488, -75.66802840274488, -75.66802840274488, -75.66802840274488, -75.66802840274488, -75.66802840274488, -75.66802840274488, -75.66802840274488, -75.66802840274488, -75.66802840274488, -75.66802840274488, -75.66802840274488, -75.66802840274488],
        "1": [-53.35372734128211, -58.9323026066478, -64.5108778720135, -70.0894531373792, -75.22174238151563, -75.44488539213026, -75.66802840274488, -75.8911714133595, -76.11431442397414, -81.24660366811057, -86.82517893347627, -92.40375419884197, -97.98232946420765, -103.56090472957334, -109.13947999493904, -114.71805526030474, -120.29663052567042],
        "2": [-55.140135323746875, -59.93715709678423, -64.95747986762969, -70.20110363628324, -75.22245694470861, -75.4450640329285, -75.66802840274488, -75.89135005415775, -76.11502898716712, -81.35825416701462, -87.27178092909246, -93.40860868897839, -99.76873744667242, -106.35216720217454, -113.15889795548476, -120.18892970660308, -127.44226245552949],
        "3": [-55.12957983600374, -59.932704000392604, -64.9561604316618, -70.20093870678726, -75.22245686026471, -75.44506402237302, -75.66802840274488, -75.89135006471324, -76.11502907161102, -81.3584190965106, -87.27310036506034, -93.41306178537002, -99.77929293441555, -106.37278338917284, -113.19452272661782, -120.2455005237264, -127.52670635747452],
        "4": [-55.12604044500124, -59.93158411495821, -64.95593921972414, -70.20092488104115, -75.22245685969841, -75.44506402233762, -75.66802840274488, -75.89135006467785, -76.11502907104472, -81.35840527076451, -87.27287915312269, -93.41194189993564, -99.77575354341305, -106.36414229785814, -113.17660455966764, -120.21230490733183, -127.47007610143444]
    },
    "qats_poly_coeffs": [ -75.66802840274488, -22.31430106146277, -1.786407982464766, -0.010555487743128346, 0.003539391002504999 ],
    "hf_energies": [-54.857207825931354, -59.66092638201798, -64.68378003696756, -69.92770851483307, -74.94861948123072, -75.17120608778181, -75.39415040363887, -75.61745248830563, -75.84111240068144, -81.08417796308308, -86.99861613098838, -93.13810210583617, -99.50308206752892, -106.09376618002464, -112.91006691441433, -119.95153909103101, -127.21733207729179],
    "triples_corrections": [-0.007851188439639223, -0.007520222914134931, -0.007085689129307221, -0.0066074845389633265, -0.006171874045439704, -0.006153440580892225, -0.006135060162659257, -0.006116733718627162, -0.006098462123671796, -0.005694668168223781, -0.0052927869073189525, -0.004925488361583079, -0.004585786345689202, -0.0042673345806078814, -0.003965668511270939, -0.003678273715249996, -0.003404185341177712],
    "scf_converged": [true, true, true, true, true, true, true, true, true, true, true, true, true, true, true, true, true],
    "cc_converged": [true, true, true, true, true, true, true, true, true, true, true, true, true, true, true, true, true],
    "scf_spin_squared": [0.7592283389756767, 0.758224776218094, 0.7572339212427774, 0.7563809281746181, 0.7557400027973742, 0.7557150224842264, 0.7556902649784258, 0.7556657278213965, 0.7556414085920959, 0.7551366724354285, 0.7546838985872037, 0.754300834597303, 0.7539649751623418, 0.7536617749447112, 0.7533828705801344, 0.7531241814935337, 0.7528842109793747],
    "cc_spin_squared": [0.7502877146810707, 0.7502497796816077, 0.7502090292325712, 0.7501707945824481, 0.7501408614696505, 0.7501396898187993, 0.7501385290429017, 0.7501373791174082, 0.7501362400139544, 0.7501129151217456, 0.7500930875549932, 0.7500777005647272, 0.7500655818004525, 0.7500558006802542, 0.7500477337915354, 0.7500409687648932, 0.7500352357708788]
}