{
    "schema_name": "pyscf_apdft_output",
    "provenance": {
        "creator": "PySCF",
        "version": "1.7.6"
    },
    "molecule": {
        "geometry": [[0.0, 0.0, 0.0], [1.5, 0.0, 0.0]],
        "symbols": [ "C", "H" ]
    },
    "molecular_charge": -1,
    "molecular_multiplicity": 1,
    "name": "c.h.chrg-1.mult1.sep1.50-pyscf-ccsdt.ccpv5z",
    "atomic_numbers": [ 6, 1 ],
    "n_electrons": 8,
    "model": {
        "method": "CCSD(T)",
        "basis": "cc-pV5Z",
        "scf_conv_tol": 1e-09,
        "scf_conv_tol_grad": 1e-06,
        "cc_conv_tol": 1e-05,
        "cc_conv_tol_normt": 1e-07
    },
    "broken_symmetry": false,
    "finite_diff_delta": 0.01,
    "finite_diff_acc": 2,
    "apdft_lambdas": [-0.02, -0.01, 0.0, 0.01, 0.02, 0.25, 0.5, 0.75, 1.0, 1.25, 1.5, 1.75, 2.0, 2.25, 2.5, 2.75, 3.0],
    "electronic_energies": [-38.11980399870437, -38.26929956813094, -38.41911542721676, -38.56925177519719, -38.719708808819206, -42.26914359942301, -46.32197812145937, -50.579223998321034, -55.04169612204117, -59.7097053399141, -64.58338032631465, -69.66295144718927, -74.94870438695409, -80.44020801295488, -86.13513513932389, -92.02886867794264, -98.11523670371237],
    "apdft_energies": {
        "0": [-38.41911542721682, -38.41911542721682, -38.41911542721682, -38.41911542721682, -38.41911542721682, -38.41911542721682, -38.41911542721682, -38.41911542721682, -38.41911542721682, -38.41911542721682, -38.41911542721682, -38.41911542721682, -38.41911542721682, -38.41911542721682, -38.41911542721682, -38.41911542721682, -38.41911542721682],
        "1": [-38.119163220150575, -38.2691393236837, -38.41911542721682, -38.569091530749944, -38.71906763428307, -42.16851801554492, -45.91792060387302, -49.667323192201124, -53.41672578052922, -57.166128368857315, -60.91553095718542, -64.66493354551352, -68.41433613384162, -72.16373872216971, -75.91314131049782, -79.66254389882592, -83.41194648715401],
        "2": [-38.11980419793954, -38.26929956813094, -38.41911542721682, -38.56925177519719, -38.71970861207203, -42.268670795070165, -46.31853172197399, -50.5686982079283, -55.019170252933094, -59.66994785698837, -64.52103102009414, -69.57241974225039, -74.82411402345711, -80.27611386371433, -85.92841926302202, -91.7810302213802, -97.83394673878888],
        "3": [-38.11980393395131, -38.26929953513241, -38.41911542721682, -38.569251808195716, -38.71970887606026, -42.2691863970757, -46.32265653801827, -50.58261946207775, -55.05216878128735, -59.73439810768028, -64.63240105328975, -69.74927123014896, -75.08810225029116, -80.65198772574952, -86.44402126855726, -92.46729649074763, -98.72490700435378],
        "4": [-38.11980393229266, -38.26929953502874, -38.41911542721682, -38.56925180809205, -38.71970887440161, -42.26914590273171, -46.322008628514446, -50.57933942021464, -55.041802229226136, -59.70908914268708, -64.57992038347984, -69.6520443102311, -74.92223741731173, -80.38630433483692, -86.03907782866611, -91.87441880040296, -97.88521628739545]
    },
    "apdft_poly_coeff": [ -38.41911542721682, -14.997610353312396, -1.6024444724038744, -0.032998528354255534, 0.010366552061213952 ],
    "hf_energies": [-37.89392149001201, -38.0431192194822, -38.19263781231816, -38.34247743773764, -38.49263826260422, -42.03533980185685, -46.08087218367464, -50.33097327851425, -54.78716424506003, -59.450811430226224, -64.32295390205877, -69.40398728206003, -74.69328688706888, -80.18886133845265, -85.88717725665062, -91.78329577334496, -97.87129833660187],
    "triples_corrections": [-0.01040266952529521, -0.010421834624317335, -0.010440917554916435, -0.010459921350541189, -0.010478849115432905, -0.010900733806840363, -0.011357055224690518, -0.011821514622583641, -0.012261985208826563, -0.012621033989973888, -0.012822012704175953, -0.012784120847463165, -0.012496709388431886, -0.012088650975729257, -0.011748015306401259, -0.01157582361672064, -0.011563315738771297],
    "scf_converged": [true, true, true, true, true, true, true, true, true, true, true, true, true, true, true, true, true],
    "cc_converged": [true, true, true, true, true, true, true, true, true, true, true, true, true, true, true, true, true],
    "t1_diagnostic": [0.016260972716156095, 0.016331202524698978, 0.0164004938494395, 0.0164687424617643, 0.01653584786697415, 0.017586369673091216, 0.017274902107717274, 0.015504839349872618, 0.013156007364144077, 0.011961195306859566, 0.012771571030547197, 0.013776894820207867, 0.013100486690675522, 0.010732383082342877, 0.007894192901341988, 0.005616594108919619, 0.004161821329950471]
}