{
    "schema_name": "pyscf_qa_output",
    "provenance": {
        "creator": "PySCF",
        "version": "1.7.6"
    },
    "molecule": {
        "geometry": [[0.0, 0.0, 0.0], [0.7, 0.0, 0.0]],
        "symbols": [ "F", "H" ]
    },
    "molecular_charge": 1,
    "molecular_multiplicity": 4,
    "name": "f.h.chrg1.mult4.sep0.70-pyscf-uccsdt.ccpv5z",
    "atomic_numbers": [ 9, 1 ],
    "n_electrons": 9,
    "model": {
        "method": "UCCSD(T)",
        "basis": "cc-pV5Z",
        "scf_conv_tol": 1e-09,
        "scf_conv_tol_grad": 1e-06,
        "cc_conv_tol": 1e-05,
        "cc_conv_tol_normt": 1e-07
    },
    "broken_symmetry": false,
    "finite_diff_delta": 0.01,
    "finite_diff_acc": 2,
    "qa_lambdas": [-2.0, -1.75, -1.5, -1.25, -1.0, -0.75, -0.5, -0.25, -0.02, -0.01, 0.0, 0.01, 0.02, 0.25, 0.5, 0.75, 1.0],
    "electronic_energies": [-54.924554106883015, -59.68866889271653, -64.66127406267682, -69.84426823930737, -75.23960782287747, -80.84940738657808, -86.67593607056322, -92.72148846636597, -98.47863439987572, -98.73321156940335, -98.9881449559842, -99.24343485883523, -99.49908125109577, -105.47749875705242, -112.19047055711607, -119.12729201772963, -126.28761342910367],
    "qats_energies": {
        "0": [-98.98814495598418, -98.98814495598418, -98.98814495598418, -98.98814495598418, -98.98814495598418, -98.98814495598418, -98.98814495598418, -98.98814495598418, -98.98814495598418, -98.98814495598418, -98.98814495598418, -98.98814495598418, -98.98814495598418, -98.98814495598418, -98.98814495598418, -98.98814495598418, -98.98814495598418],
        "1": [-47.96581601279644, -54.343607130694906, -60.721398248593374, -67.09918936649184, -73.47698048439031, -79.85477160228878, -86.23256272018725, -92.61035383808571, -98.4779216665523, -98.73303331126824, -98.98814495598418, -99.24325660070012, -99.49836824541606, -105.36593607388265, -111.74372719178112, -118.12151830967959, -124.49930942757805],
        "2": [-55.09614141711512, -59.8027625183764, -64.73220628852263, -69.88447272755383, -75.25956183546998, -80.8574736122711, -86.67820805795716, -92.7217651725282, -98.47863469909274, -98.73321156940335, -98.98814495598418, -99.24343485883523, -99.49908127795649, -105.47734740832513, -112.18937252955104, -119.1242203196619, -126.28189077865773],
        "3": [-54.91457054855249, -59.68112422166354, -64.65560607834777, -69.84014390222116, -75.23686547689965, -80.84789858599923, -86.67537101313587, -92.72141054192554, -98.47863451752187, -98.733211546707, -98.98814495598418, -99.24343488153158, -99.49908145952736, -105.47770203892779, -112.19220957437233, -119.13379534593376, -126.30458713722805],
        "4": [-33.17605366567078, -46.93840473050168, -57.77740347087348, -66.52310946574627, -73.87820817171955, -80.41801092303209, -86.59045493156212, -92.71610328682718, -98.4786343001367, -98.73321153312042, -98.98814495598418, -99.24343486794501, -99.4990812421422, -105.47239478382943, -112.10729349279858, -118.70390768296662, -124.94592983204795]
    },
    "qats_poly_coeffs": [ -98.98814495598418, -25.511164471593872, -1.7825813510796706, -0.02269635857032881, 1.3586573051801072 ],
    "hf_energies": [-54.70589097308633, -59.46815606257198, -64.43918158579321, -69.62071166963217, -75.01461827511423, -80.62299829893641, -86.44816832574018, -92.49253077130544, -98.24885231141263, -98.50340121187058, -98.75830712821427, -99.01357014945827, -99.26919036261049, -105.24720955890751, -111.96020834711621, -118.89751214337129, -126.0587111893305],
    "triples_corrections": [-0.0045420763002582505, -0.004362974133664977, -0.00417535106919913, -0.003994292809722446, -0.0038262524533513153, -0.003670823245723608, -0.0035227611532116098, -0.0033743235141987095, -0.003231489655167927, -0.003225092854467403, -0.0032186743761553065, -0.0032122451336976283, -0.003205799796174801, -0.0030534399321020715, -0.0028815445776102957, -0.002708747459598584, -0.00254035068084558],
    "scf_converged": [true, true, true, true, true, true, true, true, true, true, true, true, true, true, true, true, true],
    "cc_converged": [true, true, true, true, true, true, true, true, true, true, true, true, true, true, true, true, true],
    "scf_spin_squared": [3.7617602753720107, 3.7604461403456115, 3.759388231904592, 3.758519488216502, 3.7577781845549407, 3.7571131167867406, 3.7564860253490284, 3.755874282211039, 3.7553221490809165, 3.75529852326823, 3.7552749399797656, 3.7552514007192825, 3.755227907012249, 3.75470380589809, 3.754184366609854, 3.7537332542462494, 3.753353911615966],
    "cc_spin_squared": [3.750246408273557, 3.750208341208787, 3.7501763672670423, 3.7501502671357674, 3.7501290754355514, 3.7501117196957945, 3.7500971985688425, 3.7500847114596887, 3.7500745320271487, 3.750074113267908, 3.7500736928877263, 3.75007327788016, 3.750072864712951, 3.750063857030188, 3.750055115256732, 3.75004749178317, 3.750040969690593]
}