{
    "schema_name": "pyscf_qa_output",
    "provenance": {
        "creator": "PySCF",
        "version": "1.7.6"
    },
    "molecule": {
        "geometry": [[0.0, 0.0, 0.0], [0.7, 0.0, 0.0]],
        "symbols": [ "N", "H" ]
    },
    "molecular_charge": -1,
    "molecular_multiplicity": 4,
    "name": "n.h.chrg-1.mult4.sep0.70-pyscf-uccsdt.ccpv5z",
    "atomic_numbers": [ 7, 1 ],
    "n_electrons": 9,
    "model": {
        "method": "UCCSD(T)",
        "basis": "cc-pV5Z",
        "scf_conv_tol": 1e-09,
        "scf_conv_tol_grad": 1e-06,
        "cc_conv_tol": 1e-05,
        "cc_conv_tol_normt": 1e-07
    },
    "broken_symmetry": false,
    "finite_diff_delta": 0.01,
    "finite_diff_acc": 2,
    "qa_lambdas": [-0.02, -0.01, 0.0, 0.01, 0.02, 0.25, 0.5, 0.75, 1.0, 1.25, 1.5, 1.75, 2.0, 2.25, 2.5, 2.75, 3.0],
    "electronic_energies": [-54.555777101581654, -54.74151210085288, -54.92757986086499, -55.11398044228649, -55.30071390520707, -59.68759062547368, -64.65648689837069, -69.835130765087, -75.22444309034678, -80.82538293792572, -86.63883505257478, -92.66540920176274, -98.90517815262767, -105.3574345294344, -112.02056828903372, -118.89210402319027, -125.96884478124205],
    "qats_energies": {
        "0": [-54.9275798608652, -54.9275798608652, -54.9275798608652, -54.9275798608652, -54.9275798608652, -54.9275798608652, -54.9275798608652, -54.9275798608652, -54.9275798608652, -54.9275798608652, -54.9275798608652, -54.9275798608652, -54.9275798608652, -54.9275798608652, -54.9275798608652, -54.9275798608652, -54.9275798608652],
        "1": [-54.55511151943159, -54.74134569014839, -54.9275798608652, -55.11381403158201, -55.30004820229881, -59.58343412878533, -64.23928839670545, -68.89514266462557, -73.5509969325457, -78.20685120046582, -82.86270546838594, -87.51855973630606, -92.17441400422618, -96.8302682721463, -101.48612254006643, -106.14197680798657, -110.79783107590669],
        "2": [-54.55577716224953, -54.74151210085288, -54.9275798608652, -55.11398044228649, -55.300713845116746, -59.68744081908774, -64.65531515791511, -69.83120287734732, -75.21510397738436, -80.80701845802622, -86.60694631927292, -92.61488756112445, -98.83084218358081, -105.25481018664202, -111.88679157030805, -118.72678633457892, -125.77479447945461],
        "3": [-54.55577708174406, -54.7415120907897, -54.9275798608652, -55.11398045234967, -55.30071392562221, -59.68759805632023, -64.65657305577506, -69.83544828262464, -75.22516716026394, -80.82667311208792, -86.64090956149153, -92.66881993186973, -98.91134764661751, -105.36943612912981, -112.04402880280159, -118.9360690910278, -126.04650041720345],
        "4": [-54.555777081359025, -54.74151209076563, -54.9275798608652, -55.113980452325606, -55.30071392523717, -59.687588655969364, -64.65642265016118, -69.83468685420432, -75.22276067044172, -80.82079789279535, -86.62872670676649, -92.64624968943546, -98.87284380946183, -105.30776042708429, -111.95002529412072, -118.79843855396817, -125.8515747416028]
    },
    "qats_poly_coeffs": [ -54.9275798608652, -18.623417071680493, -1.6641070448386586, -0.010063182879586444, 0.002406489822230166 ],
    "hf_energies": [-54.34301465357652, -54.52873517599258, -54.7147886275082, -54.90117505635727, -55.08789451059641, -59.47446649736278, -64.44301022902509, -69.62124370626223, -75.01009903302868, -80.61058408439104, -86.42367669741732, -92.45012581286393, -98.6901618823644, -105.14319823249947, -111.80766624358758, -118.68105845333014, -125.76010861752948],
    "triples_corrections": [-0.004919136080721501, -0.004904893888956365, -0.0048907025266560515, -0.004876563533192054, -0.004862478375064112, -0.004555787329089158, -0.004264271086058449, -0.0040146154308577185, -0.003799663221088448, -0.003610129491979501, -0.0034354382806718146, -0.0032647441795961847, -0.003089536679281424, -0.002906602467853837, -0.0027184117704826837, -0.0025303581315987943, -0.0023475696080855],
    "scf_converged": [true, true, true, true, true, true, true, true, true, true, true, true, true, true, true, true, true],
    "cc_converged": [true, true, true, true, true, true, true, true, true, true, true, true, true, true, true, true, true],
    "scf_spin_squared": [3.7613946886207525, 3.761335840551524, 3.761277764264135, 3.7612204443728614, 3.7611638658091935, 3.7600367434235595, 3.7590887257942978, 3.758318554606427, 3.7576532176635493, 3.7570430668732575, 3.756453736997764, 3.7558662026399006, 3.755281135947418, 3.754718322819051, 3.7542046653787637, 3.7537587592339223, 3.7533846245028495],
    "cc_spin_squared": [3.750283687923968, 3.750281086789703, 3.7502785189982033, 3.750275984112032, 3.750273481697607, 3.7502239474607175, 3.7501840232578747, 3.7501542424107837, 3.7501313966534973, 3.750113276575932, 3.750098362136142, 3.750085625519879, 3.750074429934858, 3.750064457505051, 3.7500556235084845, 3.7500479271062037, 3.7500413414381377]
}