{
    "schema_name": "pyscf_qa_output",
    "provenance": {
        "creator": "PySCF",
        "version": "1.7.6"
    },
    "molecule": {
        "geometry": [[0.0, 0.0, 0.0], [1.3, 0.0, 0.0]],
        "symbols": [ "N", "H" ]
    },
    "molecular_charge": -1,
    "molecular_multiplicity": 4,
    "name": "n.h.chrg-1.mult4.sep1.30-pyscf-uccsdt.ccpv5z",
    "atomic_numbers": [ 7, 1 ],
    "n_electrons": 9,
    "model": {
        "method": "UCCSD(T)",
        "basis": "cc-pV5Z",
        "scf_conv_tol": 1e-09,
        "scf_conv_tol_grad": 1e-06,
        "cc_conv_tol": 1e-05,
        "cc_conv_tol_normt": 1e-07
    },
    "broken_symmetry": false,
    "finite_diff_delta": 0.01,
    "finite_diff_acc": 2,
    "qa_lambdas": [-0.02, -0.01, 0.0, 0.01, 0.02, 0.25, 0.5, 0.75, 1.0, 1.25, 1.5, 1.75, 2.0, 2.25, 2.5, 2.75, 3.0],
    "electronic_energies": [-54.73358271125682, -54.9191575125395, -55.10507791371646, -55.29134416222448, -55.477956504890216, -59.86611369776842, -64.84678385657828, -70.04934485170833, -75.47419702674595, -81.12013727359601, -86.9849976843875, -93.06607854061592, -99.360324806854, -105.86438446011068, -112.57463195777981, -119.48718806088964, -126.59794169233942],
    "qats_energies": {
        "0": [-55.10507791371649, -55.10507791371649, -55.10507791371649, -55.10507791371649, -55.10507791371649, -55.10507791371649, -55.10507791371649, -55.10507791371649, -55.10507791371649, -55.10507791371649, -55.10507791371649, -55.10507791371649, -55.10507791371649, -55.10507791371649, -55.10507791371649, -55.10507791371649, -55.10507791371649],
        "1": [-54.73289126403151, -54.918984588874, -55.10507791371649, -55.29117123855899, -55.47726456340148, -59.7574110347788, -64.4097441558411, -69.0620772769034, -73.71441039796571, -78.366743519028, -83.0190766400903, -87.6714097611526, -92.3237428822149, -96.9760760032772, -101.62840912433951, -106.28074224540183, -110.93307536646412],
        "2": [-54.7335829586935, -54.9191575125395, -55.10507791371649, -55.29134416222448, -55.47795625806347, -59.86548832571555, -64.84205331958813, -70.03477289533423, -75.44364705295385, -81.06867579244698, -86.90985911381362, -92.96719701705379, -99.24068950216747, -105.73033656915467, -112.4361382180154, -119.35809444874963, -126.4962052613574],
        "3": [-54.73358262918455, -54.91915747135088, -55.10507791371649, -55.291344203413104, -55.47795658757242, -59.866131897883335, -64.84720189693037, -70.05214934386429, -75.48483567169177, -81.14912231341947, -87.0488707020541, -93.18794227060232, -99.57019845207083, -106.1995006794663, -113.0797103857954, -120.21468900406481, -127.60829796728123],
        "4": [-54.73358262877793, -54.91915747132547, -55.10507791371649, -55.29134420338769, -55.4779565871658, -59.86612197052347, -64.8470430591726, -70.05134522771561, -75.48229426756758, -81.14291771350692, -87.03600484367543, -93.16410667957825, -99.52953598608391, -106.13436727142425, -112.9804367871945, -120.06934252835325, -127.40244423322244]
    },
    "qats_poly_coeffs": [ -55.10507791371649, -18.609332484249208, -1.7292366549881422, -0.04118861873791956, 0.002541404124182615 ],
    "hf_energies": [-54.50873254164472, -54.694204785433264, -54.8800240720037, -55.06619068709068, -55.25270491731517, -59.63913370031566, -64.61951702318363, -69.8235790115002, -75.25105924726878, -80.90007309326813, -86.76810076036884, -92.8523167821319, -99.14964457624198, -105.65675104357892, -112.37004128642351, -119.28566513090513, -126.39953449100369],
    "triples_corrections": [-0.0068670457641103605, -0.006855196363232021, -0.006843182677354429, -0.006831002620568256, -0.006818654062902864, -0.006483337518261252, -0.006000120187240552, -0.005431075772033549, -0.004851528702842089, -0.00431631629291916, -0.0038463887975413386, -0.003442404229827312, -0.0030969208415950215, -0.0028005364020387575, -0.002544401660408024, -0.0023210905624676237, -0.002124721906456604],
    "scf_converged": [true, true, true, true, true, true, true, true, true, true, true, true, true, true, true, true, true],
    "cc_converged": [true, true, true, true, true, true, true, true, true, true, true, true, true, true, true, true, true],
    "scf_spin_squared": [3.783713535468409, 3.7834565891229333, 3.7831902499103816, 3.7829147472579656, 3.7826303325556236, 3.7744872027969385, 3.7664326712782965, 3.7621631873595267, 3.7599465182252847, 3.7583893684955973, 3.7571521862262043, 3.756169279204215, 3.75539528101131, 3.754783178308999, 3.754292421624661, 3.753891871686261, 3.75355883094552],
    "cc_spin_squared": [3.750787982360498, 3.7507863824370857, 3.75078463522063, 3.750782738196333, 3.750780689001102, 3.750689365625143, 3.7505188831447476, 3.750358553325658, 3.750252179953038, 3.750185094500996, 3.7501397046085723, 3.7501076551965995, 3.7500846807218338, 3.7500680051655957, 3.7500556852138365, 3.7500463874252903, 3.7500392107784566]
}