{
    "schema_name": "pyscf_qa_output",
    "provenance": {
        "creator": "PySCF",
        "version": "1.7.6"
    },
    "molecule": {
        "geometry": [[0.0, 0.0, 0.0], [0.7, 0.0, 0.0]],
        "symbols": [ "C", "H" ]
    },
    "molecular_charge": -1,
    "molecular_multiplicity": 1,
    "name": "c.h.chrg-1.mult1.sep0.70-pyscf-ccsdt.ccpv5z",
    "atomic_numbers": [ 6, 1 ],
    "n_electrons": 8,
    "model": {
        "method": "CCSD(T)",
        "basis": "cc-pV5Z",
        "scf_conv_tol": 1e-09,
        "scf_conv_tol_grad": 1e-06,
        "cc_conv_tol": 1e-05,
        "cc_conv_tol_normt": 1e-07
    },
    "broken_symmetry": false,
    "finite_diff_delta": 0.01,
    "finite_diff_acc": 2,
    "qa_lambdas": [-0.02, -0.01, 0.0, 0.01, 0.02, 0.25, 0.5, 0.75, 1.0, 1.25, 1.5, 1.75, 2.0, 2.25, 2.5, 2.75, 3.0],
    "electronic_energies": [-37.91433409807982, -38.06479535919928, -38.215578243427224, -38.36668291862529, -38.51810954964098, -42.09011200294967, -46.16758632778136, -50.448598937917346, -54.93276223640619, -59.619174199819675, -64.5066548907787, -69.59376746659605, -74.87876791778922, -80.35956095153513, -86.03367947384568, -91.89828218831052, -97.95016324112288],
    "qats_energies": {
        "0": [-38.21557824342718, -38.21557824342718, -38.21557824342718, -38.21557824342718, -38.21557824342718, -38.21557824342718, -38.21557824342718, -38.21557824342718, -38.21557824342718, -38.21557824342718, -38.21557824342718, -38.21557824342718, -38.21557824342718, -38.21557824342718, -38.21557824342718, -38.21557824342718, -38.21557824342718],
        "1": [-37.913690684001175, -38.06463446371418, -38.21557824342718, -38.366522023140185, -38.51746580285319, -41.989172736252264, -45.76276722907735, -49.53636172190243, -53.309956214727514, -57.0835507075526, -60.85714520037768, -64.63073969320277, -68.40433418602785, -72.17792867885294, -75.95152317167802, -79.7251176645031, -83.49871215732819],
        "2": [-37.914334265941584, -38.06479535919928, -38.21557824342718, -38.36668291862529, -38.5181093847936, -42.08973241444116, -46.16500594183292, -50.44139882560248, -54.91891106574982, -59.59754266227495, -64.47729361517787, -69.55816392445857, -74.84015359011707, -80.32326261215334, -86.00749099056742, -91.89283872535927, -97.97930581652892],
        "3": [-37.91433404413549, -38.06479533147352, -38.21557824342718, -38.36668294635105, -38.518109606599694, -42.090165629479074, -46.168471662136255, -50.453095631626226, -54.946636828176494, -59.65169454201454, -64.5708680633679, -69.70675668246403, -75.06195968953045, -80.63907637479468, -86.44070602848419, -92.46944794082651, -98.72790140204913],
        "4": [-37.9143340421259, -38.064795331347916, -38.21557824342718, -38.36668294622545, -38.518109604590116, -42.09011656745149, -46.16768666969484, -50.44912160739155, -54.93407694911377, -59.62103077477158, -64.50728367561288, -69.58895875422348, -74.861001624527, -80.31718041178499, -85.95008575259686, -91.75113079489984, -97.71055119796912]
    },
    "qats_poly_coeffs": [ -38.21557824342718, -15.094377971300332, -1.608954851022304, -0.027725762426674308, 0.012559879062716087 ],
    "hf_energies": [-37.69266505585698, -37.842961601616025, -37.99358145766896, -38.14452476605936, -38.29579166537545, -41.86450775087504, -45.93899628967925, -50.21735770956654, -54.699090833651425, -59.383269986260714, -64.26871819829789, -69.3540086230408, -74.63740997659767, -80.116840940684, -85.78984810639922, -91.65360256306624, -97.7049081297192],
    "triples_corrections": [-0.008374607884858694, -0.00838043052673225, -0.008386172798855987, -0.008391838371641777, -0.00839743102345974, -0.00851574470144248, -0.008663440592542145, -0.008872159983750655, -0.009147823299205387, -0.009480476219711853, -0.009859975559432186, -0.01027843248413272, -0.01072947023490272, -0.011207617554398176, -0.011708085209887394, -0.012226227313657415, -0.012757312855028534],
    "scf_converged": [true, true, true, true, true, true, true, true, true, true, true, true, true, true, true, true, true],
    "cc_converged": [true, true, true, true, true, true, true, true, true, true, true, true, true, true, true, true, true],
    "t1_diagnostic": [0.009999012867414173, 0.009892386742294035, 0.009787731155949513, 0.009685043796605092, 0.009584319414540705, 0.007763805164153138, 0.006559670079235256, 0.0057706517043277115, 0.005201799845833406, 0.004763352656088834, 0.0044072142741975765, 0.004106451000445142, 0.0038458030354001373, 0.0036165379155017954, 0.0034135773820983795, 0.0032336656231491357, 0.0030742622154142306]
}