{
    "schema_name": "pyscf_apdft_output",
    "provenance": {
        "creator": "PySCF",
        "version": "1.7.6"
    },
    "molecule": {
        "geometry": [[0.0, 0.0, 0.0], [1.2, 0.0, 0.0]],
        "symbols": [ "F", "H" ]
    },
    "molecular_charge": 0,
    "molecular_multiplicity": 3,
    "name": "f.h.chrg0.mult3.sep1.20-pyscf-uccsdt.ccpv5z",
    "atomic_numbers": [ 9, 1 ],
    "n_electrons": 10,
    "model": {
        "method": "UCCSD(T)",
        "basis": "cc-pV5Z",
        "scf_conv_tol": 1e-09,
        "scf_conv_tol_grad": 1e-06,
        "cc_conv_tol": 1e-05,
        "cc_conv_tol_normt": 1e-07
    },
    "broken_symmetry": false,
    "finite_diff_delta": 0.01,
    "finite_diff_acc": 2,
    "apdft_lambdas": [-1.0, -0.75, -0.5, -0.25, -0.02, -0.01, 0.0, 0.01, 0.02, 0.25, 0.5, 0.75, 1.0],
    "electronic_energies": [-75.62276481184313, -81.39050380962863, -87.39584001839148, -93.64111016497647, -99.59938627299131, -99.86306322607676, -100.12712503568109, -100.39157165951153, -100.6564034239313, -106.85360493556387, -113.81970726712387, -121.02434498266531, -128.46631239159058],
    "apdft_energies": {
        "0": [-100.12712503568105, -100.12712503568105, -100.12712503568105, -100.12712503568105, -100.12712503568105, -100.12712503568105, -100.12712503568105, -100.12712503568105, -100.12712503568105, -100.12712503568105, -100.12712503568105, -100.12712503568105, -100.12712503568105],
        "1": [-73.70170336394276, -80.30805878187732, -86.9144141998119, -93.52076961774648, -99.59861660224628, -99.86287081896367, -100.12712503568105, -100.39137925239842, -100.65563346911581, -106.73348045361561, -113.33983587155019, -119.94619128948477, -126.55254670741934],
        "2": [-75.6257744949148, -81.3903487930491, -87.39543198255491, -93.64102406343223, -99.59938623069867, -99.86306322607676, -100.12712503568105, -100.39157165951153, -100.6564030975682, -106.85373489930137, -113.8208536542932, -121.02848130065654, -128.47661783839138],
        "3": [-75.60210195720694, -81.3803619412036, -87.39247291534143, -93.64065418003054, -99.59938604131837, -99.86306320240422, -100.12712503568105, -100.39157168318407, -100.6564032869485, -106.85410478270306, -113.82381272150668, -121.03846815250203, -128.50029037609923],
        "4": [-77.13816739501594, -81.86638264613535, -87.48847700520449, -93.64665443564698, -99.59938628708883, -99.86306321776487, -100.12712503568105, -100.39157169854472, -100.65640353271897, -106.8601050383195, -113.91981681136974, -121.5244888574338, -130.03635581390824]
    },
    "apdft_poly_coeff": [ -100.12712503568105, -26.42542167173829, -1.9240711309720382, -0.023672537707852822, -1.536065437809005 ],
    "hf_energies": [-75.32150955506961, -81.08845622796719, -87.09496804222672, -93.34278014167026, -99.30390856468783, -99.56771308372367, -99.83190253578665, -100.09647685821372, -100.3614359878432, -106.56155172494725, -113.53069002334638, -120.7381990967159, -128.18290527616202],
    "triples_corrections": [-0.008756588785289888, -0.008247920240477814, -0.007564619151268161, -0.0067943691174925085, -0.006101138308146969, -0.006072296818985342, -0.006043589030263137, -0.006015017093264122, -0.00598659568337512, -0.0053736851106267565, -0.00479990757416647, -0.0043143376120970195, -0.0039023937535207333],
    "scf_converged": [true, true, true, true, true, true, true, true, true, true, true, true, true],
    "cc_converged": [true, true, true, true, true, true, true, true, true, true, true, true, true],
    "scf_spin_squared": [2.0138535936549964, 2.0098674886424566, 2.0076599784972817, 2.006438219338026, 2.005576093749945, 2.0055413731133895, 2.005506856629843, 2.005472543831025, 2.005438434471228, 2.004711195926334, 2.0040501171476297, 2.00351814001119, 2.003094913359313],
    "cc_spin_squared": [2.000357363956802, 2.0002969636989656, 2.000231174185948, 2.000177286799732, 2.000138480045365, 2.000136983924559, 2.0001355025359544, 2.000134035778848, 2.0001325833762236, 2.000103014894292, 2.0000784833346725, 2.0000605114060352, 2.000047502819712]
}