{
    "schema_name": "pyscf_qa_output",
    "provenance": {
        "creator": "PySCF",
        "version": "1.7.6"
    },
    "molecule": {
        "geometry": [[0.0, 0.0, 0.0], [1.4, 0.0, 0.0]],
        "symbols": [ "N", "H" ]
    },
    "molecular_charge": -1,
    "molecular_multiplicity": 4,
    "name": "n.h.chrg-1.mult4.sep1.40-pyscf-uccsdt.ccpv5z",
    "atomic_numbers": [ 7, 1 ],
    "n_electrons": 9,
    "model": {
        "method": "UCCSD(T)",
        "basis": "cc-pV5Z",
        "scf_conv_tol": 1e-09,
        "scf_conv_tol_grad": 1e-06,
        "cc_conv_tol": 1e-05,
        "cc_conv_tol_normt": 1e-07
    },
    "broken_symmetry": false,
    "finite_diff_delta": 0.01,
    "finite_diff_acc": 2,
    "qa_lambdas": [-0.02, -0.01, 0.0, 0.01, 0.02, 0.25, 0.5, 0.75, 1.0, 1.25, 1.5, 1.75, 2.0, 2.25, 2.5, 2.75, 3.0],
    "electronic_energies": [-54.728680264347126, -54.91436576920556, -55.100398863899905, -55.28677978557757, -55.47350876954954, -59.86484735559762, -64.84975661615333, -70.05682397184106, -75.48603984592691, -81.13599714247222, -87.00441866751022, -93.08853032234659, -99.38523274945187, -105.89115711216962, -112.60268103075762, -119.5159397501614, -126.62684478444334],
    "qats_energies": {
        "0": [-55.100398863899876, -55.100398863899876, -55.100398863899876, -55.100398863899876, -55.100398863899876, -55.100398863899876, -55.100398863899876, -55.100398863899876, -55.100398863899876, -55.100398863899876, -55.100398863899876, -55.100398863899876, -55.100398863899876, -55.100398863899876, -55.100398863899876, -55.100398863899876, -55.100398863899876],
        "1": [-54.727984847527864, -54.91419185571387, -55.100398863899876, -55.286605872085886, -55.47281288027189, -59.75557406855003, -64.41074927320018, -69.06592447785033, -73.7210996825005, -78.37627488715064, -83.03145009180079, -87.68662529645096, -92.34180050110109, -96.99697570575125, -101.6521509104014, -106.30732611505155, -110.96250131970172],
        "2": [-54.72868050149462, -54.91436576920556, -55.100398863899876, -55.28677978557757, -55.47350853423865, -59.86427000085603, -64.84553300242419, -70.04418786860435, -75.46023459939653, -81.09367319480069, -86.94450365481687, -93.01272597944505, -99.29834016868523, -105.80134622253743, -112.52174414100162, -119.45953392407782, -126.61471557176603],
        "3": [-54.72868018652236, -54.914365729834024, -55.100398863899876, -55.28677982494911, -55.47350884921091, -59.86488518104986, -64.85045444397477, -70.06079773383757, -75.49960613180119, -81.17057071902856, -87.07738257668262, -93.22373278592632, -99.61331242792258, -106.24981258383434, -113.13692433482456, -120.27833876205614, -127.67774694669205],
        "4": [-54.72868018529797, -54.914365729757506, -55.100398863899876, -55.28677982487258, -55.473508847986515, -59.86485528864186, -64.84997616544688, -70.05837644879011, -75.49195367535489, -81.15188796403272, -87.03864201592326, -93.15196111433431, -99.49087312478187, -106.05368849499006, -112.83800025489118, -119.84068401662569, -127.05789797454221]
    },
    "qats_poly_coeffs": [ -55.100398863899876, -18.62070081860061, -1.7391349168960346, -0.039371532404667654, 0.007652456446294309 ],
    "hf_energies": [-54.50254930673958, -54.68813143836208, -54.874063228035084, -55.06034498463292, -55.246977016390524, -59.63686247317103, -64.62228401450861, -69.83168408361846, -75.2640858453861, -80.91740753283571, -86.7890977672172, -92.87633203123602, -99.17604611458913, -105.6849258651673, -112.39939814397492, -119.31563534929886, -126.42957318528177],
    "triples_corrections": [-0.007073664429893809, -0.007059379649921482, -0.007044879725229749, -0.007030163919933432, -0.00701523161482076, -0.006612737882569545, -0.006064371957123871, -0.005448129271406221, -0.004832249776164909, -0.0042730107330393756, -0.003792140361980832, -0.0033868445240216837, -0.003045259817282429, -0.0027547596443650807, -0.0025047554124200764, -0.0022870990719489675, -0.002095756552586033],
    "scf_converged": [true, true, true, true, true, true, true, true, true, true, true, true, true, true, true, true, true],
    "cc_converged": [true, true, true, true, true, true, true, true, true, true, true, true, true, true, true, true, true],
    "scf_spin_squared": [3.7937103140109376, 3.7930257130312017, 3.792334440480953, 3.791637545361348, 3.79093609533353, 3.77590369230952, 3.766946885285112, 3.7631171793811857, 3.7606567553035832, 3.758749103365234, 3.7572998372145574, 3.756220744435182, 3.75541127233548, 3.75478988701653, 3.754299322542262, 3.7539014596863547, 3.7535709893065308],
    "cc_spin_squared": [3.751075403030101, 3.751069177748846, 3.75106267083369, 3.751055883992878, 3.751048819509307, 3.7508240598300366, 3.750551389962812, 3.7503683192503168, 3.7502604637877868, 3.750189753600125, 3.75014077101119, 3.750106877037849, 3.7500833669410873, 3.7500667533177143, 3.7500546784231372, 3.750045631052162, 3.750038661614008]
}