{
    "schema_name": "pyscf_apdft_output",
    "provenance": {
        "creator": "PySCF",
        "version": "1.7.6"
    },
    "molecule": {
        "geometry": [[0.0, 0.0, 0.0], [1.7, 0.0, 0.0]],
        "symbols": [ "Be", "H" ]
    },
    "molecular_charge": 1,
    "molecular_multiplicity": 1,
    "name": "be.h.chrg1.mult1.sep1.70-pyscf-ccsdt.ccpv5z",
    "atomic_numbers": [ 4, 1 ],
    "n_electrons": 4,
    "model": {
        "method": "CCSD(T)",
        "basis": "cc-pV5Z",
        "scf_conv_tol": 1e-09,
        "scf_conv_tol_grad": 1e-06,
        "cc_conv_tol": 1e-05,
        "cc_conv_tol_normt": 1e-07
    },
    "broken_symmetry": false,
    "finite_diff_delta": 0.01,
    "finite_diff_acc": 2,
    "apdft_lambdas": [-1.0, -0.75, -0.5, -0.25, -0.02, -0.01, 0.0, 0.01, 0.02, 0.25, 0.5, 0.75, 1.0],
    "electronic_energies": [-8.058464977268768, -9.55827776900771, -11.195615208865668, -12.973559988174612, -14.736411566840985, -14.815864631577435, -14.895553427233763, -14.975478170516563, -15.055639055320649, -16.964987118514394, -19.18506642404562, -21.55904520273986, -24.08981953631347],
    "apdft_energies": {
        "0": [-14.895553427233795, -14.895553427233795, -14.895553427233795, -14.895553427233795, -14.895553427233795, -14.895553427233795, -14.895553427233795, -14.895553427233795, -14.895553427233795, -14.895553427233795, -14.895553427233795, -14.895553427233795, -14.895553427233795],
        "1": [-6.914876480277384, -8.910045717016487, -10.90521495375559, -12.900384190494691, -14.735939888294666, -14.81574665776423, -14.895553427233795, -14.97536019670336, -15.055166966172923, -16.8907226639729, -18.885891900712, -20.881061137451102, -22.876230374190207],
        "2": [-8.09461461232402, -9.57364841629272, -11.200149486767248, -12.974117823747607, -14.736411783547485, -14.815864631577435, -14.895553427233795, -14.975478170516563, -15.055638861425741, -16.964456297225812, -19.18082643372366, -21.544663836727338, -24.055968506236844],
        "3": [-8.060397828399267, -9.559213210574464, -11.195872388776655, -12.973583186498782, -14.736411509813214, -14.815864597360651, -14.895553427233795, -14.975478204733347, -15.055639135160012, -16.964990934474635, -19.185103531714255, -21.55909904244559, -24.090185290161596],
        "4": [-7.965349533238848, -9.529139335933863, -11.189931870329128, -12.973211904095812, -14.736411494605486, -14.815864596410169, -14.895553427233795, -14.975478203782865, -15.055639119952286, -16.964619652071665, -19.179163013266727, -21.52902516780499, -23.995136995001175]
    },
    "apdft_poly_coeff": [ -14.895553427233795, -7.980676946956411, -1.1797381320466371, -0.03421678392475276, 0.09504829516041961 ],
    "hf_energies": [-7.985576041461128, -9.48678602808464, -11.124762291377587, -12.902433011736978, -14.664382261923258, -14.743788996230187, -14.823431308317927, -14.90330946659292, -14.983423739370313, -16.89183005276624, -19.111638757124283, -21.486131461233267, -24.01708599872049],
    "triples_corrections": [-0.0001486773572223914, -0.00015943849027290677, -0.00018628533666307804, -0.00023083049614378004, -0.0002853028659824113, -0.0002878400156252404, -0.00029038242582271525, -0.0002929290325765057, -0.0002954781584871214, -0.0003516512971126145, -0.00039476379408686345, -0.000411301050540897, -0.00041212459138985277],
    "scf_converged": [true, true, true, true, true, true, true, true, true, true, true, true, true],
    "cc_converged": [true, true, true, true, true, true, true, true, true, true, true, true, true],
    "t1_diagnostic": [0.008485550981613871, 0.010143629562742219, 0.012517373482110353, 0.015215118915228502, 0.01730538913457393, 0.0173761631092472, 0.01744486298667657, 0.017511495164143395, 0.017575947562647624, 0.01843378539611047, 0.018106038218278556, 0.01684359073521382, 0.015602125669288402]
}