{
    "schema_name": "pyscf_qa_output",
    "provenance": {
        "creator": "PySCF",
        "version": "1.7.6"
    },
    "molecule": {
        "geometry": [[0.0, 0.0, 0.0], [1.4, 0.0, 0.0]],
        "symbols": [ "C", "H" ]
    },
    "molecular_charge": -1,
    "molecular_multiplicity": 3,
    "name": "c.h.chrg-1.mult3.sep1.40-pyscf-uccsdt.ccpv5z",
    "atomic_numbers": [ 6, 1 ],
    "n_electrons": 8,
    "model": {
        "method": "UCCSD(T)",
        "basis": "cc-pV5Z",
        "scf_conv_tol": 1e-09,
        "scf_conv_tol_grad": 1e-06,
        "cc_conv_tol": 1e-05,
        "cc_conv_tol_normt": 1e-07
    },
    "broken_symmetry": false,
    "finite_diff_delta": 0.01,
    "finite_diff_acc": 2,
    "qa_lambdas": [-0.02, -0.01, 0.0, 0.01, 0.02, 0.25, 0.5, 0.75, 1.0, 1.25, 1.5, 1.75, 2.0, 2.25, 2.5, 2.75, 3.0],
    "electronic_energies": [-38.17435313938389, -38.32418161487342, -38.474331570031055, -38.62480316248349, -38.775596547065916, -42.33297772135691, -46.39454322845648, -50.660217463564344, -55.1306332226021, -59.80600445227419, -64.68625605669908, -69.77117677822125, -75.06043343570816, -80.55322936447726, -86.2476718588101, -92.1402155297193, -98.22573250253296],
    "qats_energies": {
        "0": [-38.47433157003101, -38.47433157003101, -38.47433157003101, -38.47433157003101, -38.47433157003101, -38.47433157003101, -38.47433157003101, -38.47433157003101, -38.47433157003101, -38.47433157003101, -38.47433157003101, -38.47433157003101, -38.47433157003101, -38.47433157003101, -38.47433157003101, -38.47433157003101, -38.47433157003101],
        "1": [-38.17371002242094, -38.32402079622598, -38.47433157003101, -38.624642343836044, -38.77495311764108, -42.23210091515689, -45.98987026028278, -49.747639605408665, -53.505408950534544, -57.263178295660424, -61.02094764078631, -64.7787169859122, -68.53648633103808, -72.29425567616396, -76.05202502128984, -79.80979436641573, -83.56756371154161],
        "2": [-38.174353297010704, -38.32418161487342, -38.47433157003101, -38.62480316248349, -38.775596392230845, -42.33261256980731, -46.39191687888444, -50.652244497262394, -55.11359542494118, -59.7759696619208, -64.63936720820124, -69.70378806378253, -74.96923222866462, -80.43569970284756, -86.10319048633133, -91.97170457911591, -98.04124198120134],
        "3": [-38.17435308870278, -38.324181588834925, -38.47433157003101, -38.62480318852198, -38.77559660053877, -42.33301942122098, -46.3951716901938, -50.663229485431486, -55.13963391541607, -59.826826088629566, -64.727247113554, -69.84333809867138, -75.17754015246373, -80.73229438341309, -86.51004190000145, -92.51322381071087, -98.74428122402334],
        "4": [-38.17435308684162, -38.3241815887186, -38.47433157003101, -38.62480318840566, -38.77559659867761, -42.33297398268379, -46.39444467359873, -50.65954896391892, -55.128001649894884, -59.798427002884495, -64.668358769353, -69.73424017087311, -74.99142390412484, -80.43417214089563, -86.0556565280803, -91.84795818768113, -97.80206771680766]
    },
    "qats_poly_coeffs": [ -38.47433157003101, -15.031077380503532, -1.6081864744066365, -0.026038490474888928, 0.011632265521181276 ],
    "hf_energies": [-37.978399283946914, -38.128079073464626, -38.27808129089365, -38.42840606060513, -38.57905350558783, -42.13327027767576, -46.19179380892642, -50.45511268635371, -54.92399130049528, -59.59835986242776, -64.47786753446371, -69.56261695900649, -74.8533300073397, -80.34968831485686, -86.04885772270251, -91.94630019356258, -98.03650368749763],
    "triples_corrections": [-0.00732576085995168, -0.0073208840204674825, -0.007315823966344195, -0.007310587487396011, -0.007305181123731672, -0.007147611784792695, -0.006946039016679151, -0.006741451606925813, -0.0065187163966703016, -0.006234951881762297, -0.005858946535607297, -0.00540408507481171, -0.0049093868352248346, -0.004358410297532657, -0.003772602267321966, -0.0032330903430406077, -0.0027835405645235947],
    "scf_converged": [true, true, true, true, true, true, true, true, true, true, true, true, true, true, true, true, true],
    "cc_converged": [true, true, true, true, true, true, true, true, true, true, true, true, true, true, true, true, true],
    "scf_spin_squared": [2.0284104992181313, 2.028763341200048, 2.029131506564054, 2.029515692486016, 2.02991652738847, 2.04552184571824, 2.0845581023775703, 2.146296445972813, 2.2044853510273876, 2.2335029448839356, 2.2199821844439223, 2.162086402612037, 2.087723034461911, 2.041061717355502, 2.021274350681892, 2.012983254397233, 2.0090842686636554],
    "cc_spin_squared": [2.0012120899489885, 2.0012221530396737, 2.0012324675702473, 2.001243039265228, 2.0012538729000418, 2.0015872852853995, 2.0021752998317393, 2.002969816891424, 2.003721816380316, 2.0040602155222373, 2.0037340111127566, 2.002839294867367, 2.001796330904619, 2.0010047271472606, 2.0005340127845144, 2.000288424657862, 2.000166884418629]
}