{
    "schema_name": "pyscf_apdft_output",
    "provenance": {
        "creator": "PySCF",
        "version": "1.7.6"
    },
    "molecule": {
        "geometry": [[0.0, 0.0, 0.0], [1.7, 0.0, 0.0]],
        "symbols": [ "O", "H" ]
    },
    "molecular_charge": 0,
    "molecular_multiplicity": 2,
    "name": "o.h.chrg0.mult2.sep1.70-pyscf-uccsdt.ccpv5z",
    "atomic_numbers": [ 8, 1 ],
    "n_electrons": 9,
    "model": {
        "method": "UCCSD(T)",
        "basis": "cc-pV5Z",
        "scf_conv_tol": 1e-09,
        "scf_conv_tol_grad": 1e-06,
        "cc_conv_tol": 1e-05,
        "cc_conv_tol_normt": 1e-07
    },
    "broken_symmetry": false,
    "finite_diff_delta": 0.01,
    "finite_diff_acc": 2,
    "apdft_lambdas": [-1.0, -0.75, -0.5, -0.25, -0.02, -0.01, 0.0, 0.01, 0.02, 0.25, 0.5, 0.75, 1.0, 1.25, 1.5, 1.75, 2.0],
    "electronic_energies": [-55.11325400207072, -59.8968897300573, -64.90175495110032, -70.1304316004973, -75.14042146112392, -75.3626161545948, -75.58517637728926, -75.80810232106539, -76.03139418144357, -81.26861692744761, -87.18477702252852, -93.33954101407632, -99.73971945097745, -106.38180684792016, -113.26215873881635, -120.37609352147796, -127.71961753306601],
    "apdft_energies": {
        "0": [-75.58517637728917, -75.58517637728917, -75.58517637728917, -75.58517637728917, -75.58517637728917, -75.58517637728917, -75.58517637728917, -75.58517637728917, -75.58517637728917, -75.58517637728917, -75.58517637728917, -75.58517637728917, -75.58517637728917, -75.58517637728917, -75.58517637728917, -75.58517637728917, -75.58517637728917],
        "1": [-53.310868053759805, -58.87944513464215, -64.44802221552449, -70.01659929640684, -75.13969021081859, -75.36243329405389, -75.58517637728917, -75.80791946052446, -76.03066254375976, -81.15375345817151, -86.72233053905386, -92.2909076199362, -97.85948470081854, -103.42806178170088, -108.99663886258323, -114.56521594346557, -120.13379302434791],
        "2": [-55.13947346300404, -59.90803567734203, -64.90517356783555, -70.1308871344846, -75.14042165298228, -75.3626161545948, -75.58517637728917, -75.80810232106539, -76.03139398592346, -81.26804129624928, -87.17948189136492, -93.31949816263608, -99.68809011006277, -106.285257733645, -113.11100103338275, -120.16532000927603, -127.44821466132484],
        "3": [-55.10719192319239, -59.894416902733994, -64.9011383753591, -70.13038273542504, -75.14042139472997, -75.36261612231327, -75.58517637728917, -75.80810235334692, -76.03139424417577, -81.26854569530883, -87.18351708384137, -93.33311693724411, -99.72037164987442, -106.34830761608961, -113.21995123024705, -120.33832888670406, -127.706466979818],
        "4": [-55.12244922972168, -59.89924440987802, -64.90209195701718, -70.13044233427867, -75.14042139717114, -75.36261612246584, -75.58517637728917, -75.8081023534995, -76.03139424661694, -81.26860529416247, -87.18447066549945, -93.33794444438814, -99.73562895640372, -106.38555689960839, -113.29719134455159, -120.4814257342698, -127.95058388428669]
    },
    "apdft_poly_coeff": [ -75.58517637728917, -22.274308323529368, -1.8286054092442328, -0.0322815398116442, -0.015257306529292691 ],
    "hf_energies": [-54.83229634234869, -59.60213123850786, -64.59390554236036, -69.81256332887773, -74.81825405566961, -75.0403964053084, -75.26291633830742, -75.48581411436325, -75.70908999058787, -80.94933495643095, -86.87495550795133, -93.05152048025535, -99.45549740231367, -106.10411327244245, -112.98918188898155, -120.10688246764771, -127.45378862568144],
    "triples_corrections": [-0.012525872454235606, -0.013350248814331864, -0.013684708310806924, -0.013592696423240205, -0.013314481461087801, -0.013299150108025652, -0.013283461626262882, -0.013267394982484918, -0.013250927454417106, -0.012686691244161236, -0.011278430123108443, -0.007713766048712273, -0.006758694899257463, -0.005418253118891587, -0.004553494042164946, -0.003967603237426102, -0.0035293888553524617],
    "scf_converged": [true, true, true, true, true, true, true, true, true, true, true, true, true, true, true, true, true],
    "cc_converged": [true, true, true, true, true, true, true, true, true, true, true, true, true, true, true, true, true],
    "scf_spin_squared": [0.7928846482349226, 0.7712265533705116, 0.7659768068905763, 0.7640842365113434, 0.7641195858359828, 0.7641665162261808, 0.7642182308468799, 0.7642749199765873, 0.7643367891337309, 0.7680498253759476, 0.7961149930432381, 1.0459890709956876, 0.767636472721537, 0.7561574318206201, 0.7540627997731475, 0.7532740673055511, 0.7528402758873609],
    "cc_spin_squared": [0.7523832263136763, 0.7561816239253081, 0.7603484873294875, 0.7635645964814752, 0.7637607762282772, 0.7636867700702155, 0.7636055593681106, 0.7635171235051965, 0.7634215075262638, 0.759465555483342, 0.7532123576720751, 0.7564349468541947, 0.7509287615496911, 0.7502557361540179, 0.7501059321045118, 0.7500607820894012, 0.7500424755292012]
}