{
    "schema_name": "pyscf_apdft_output",
    "provenance": {
        "creator": "PySCF",
        "version": "1.7.6"
    },
    "molecule": {
        "geometry": [[0.0, 0.0, 0.0], [1.2, 0.0, 0.0]],
        "symbols": [ "F", "H" ]
    },
    "molecular_charge": 1,
    "molecular_multiplicity": 2,
    "name": "f.h.chrg1.mult2.sep1.20-pyscf-uccsdt.ccpv5z",
    "atomic_numbers": [ 9, 1 ],
    "n_electrons": 9,
    "model": {
        "method": "UCCSD(T)",
        "basis": "cc-pV5Z",
        "scf_conv_tol": 1e-09,
        "scf_conv_tol_grad": 1e-06,
        "cc_conv_tol": 1e-05,
        "cc_conv_tol_normt": 1e-07
    },
    "broken_symmetry": false,
    "finite_diff_delta": 0.01,
    "finite_diff_acc": 2,
    "apdft_lambdas": [-2.0, -1.75, -1.5, -1.25, -1.0, -0.75, -0.5, -0.25, -0.02, -0.01, 0.0, 0.01, 0.02, 0.25, 0.5, 0.75, 1.0],
    "electronic_energies": [-55.16821522521582, -59.966680833109365, -64.98265999809036, -70.21953343696045, -75.68038498421001, -81.36804154371522, -87.2851296008309, -93.43408793318713, -99.29777326069413, -99.55723128423823, -99.81706638838043, -100.077278659351, -100.33786818147975, -106.43571270339635, -113.29095805912637, -120.38293510507424, -127.71106176954713],
    "apdft_energies": {
        "0": [-99.81706638838034, -99.81706638838034, -99.81706638838034, -99.81706638838034, -99.81706638838034, -99.81706638838034, -99.81706638838034, -99.81706638838034, -99.81706638838034, -99.81706638838034, -99.81706638838034, -99.81706638838034, -99.81706638838034, -99.81706638838034, -99.81706638838034, -99.81706638838034, -99.81706638838034],
        "1": [-47.812328877103596, -54.31292106601319, -60.81351325492278, -67.31410544383237, -73.81469763274197, -80.31528982165156, -86.81588201056115, -93.31647419947075, -99.29701901326757, -99.55704270082396, -99.81706638838034, -100.07709007593672, -100.33711376349311, -106.31765857728993, -112.81825076619953, -119.31884295510912, -125.81943514401871],
        "2": [-55.35566544795131, -60.08828812806847, -65.05664007602462, -70.26072129181976, -75.7005317754539, -81.37607152692702, -87.28734054623914, -93.43433883339024, -99.29777334692466, -99.55723128423823, -99.81706638838034, -100.077278659351, -100.33786809715019, -106.43552321120943, -113.28970930187751, -120.37962466038458, -127.70526928673064],
        "3": [-55.24195872450699, -60.01211350669855, -65.00867005207155, -70.23296086129136, -75.68631843502335, -81.37007527393288, -87.28556387868532, -93.43411674994601, -99.29777323321794, -99.55723127002489, -99.81706638838034, -100.07727867356434, -100.33786821085691, -106.43574529465366, -113.29148596943132, -120.38562091337872, -127.71948262716118],
        "4": [-55.1152244273762, -59.93782418848296, -64.96857052837001, -70.21362274222234, -75.67839754145268, -81.36756905370154, -87.28506882283715, -93.4340858089555, -99.29777323195059, -99.55723126994567, -99.81706638838034, -100.07727867348513, -100.33786820958957, -106.43571435366314, -113.29099091358316, -120.38311469314736, -127.7115617335905]
    },
    "apdft_poly_coeff": [ -99.81706638838034, -26.002368755638372, -1.8858341427119285, -0.014213340430539269, 0.00792089357067501 ],
    "hf_energies": [-54.89430750717859, -59.68641856219144, -64.69719816689044, -69.93007626990685, -75.38819681824275, -81.07447019511702, -86.99157984071773, -93.14187302619723, -99.00768553551413, -99.26725025605353, -99.52719299678361, -99.78751381478948, -100.0482127653925, -106.14875412040658, -113.00709433965025, -120.10210378328033, -127.43311333595673],
    "triples_corrections": [-0.008756697260287613, -0.008752089398830373, -0.00862311712117886, -0.008382689795085427, -0.008050568208665225, -0.00764202076824857, -0.007161450411418822, -0.006610286648238378, -0.006054724692910886, -0.006029938131497315, -0.0060051224114810575, -0.005980280573653377, -0.005955415679719671, -0.005384296764235388, -0.004793383520964526, -0.004265084048208625, -0.0038112705954425922],
    "scf_converged": [true, true, true, true, true, true, true, true, true, true, true, true, true, true, true, true, true],
    "cc_converged": [true, true, true, true, true, true, true, true, true, true, true, true, true, true, true, true, true],
    "scf_spin_squared": [0.7631125237887018, 0.7664590583322521, 0.7704493202985585, 0.773604768880936, 0.7738370086872042, 0.7705285690980319, 0.7654970699565147, 0.7609681227370579, 0.7579910052291492, 0.7578867543188115, 0.7577844084131149, 0.7576839400562259, 0.7575853215112978, 0.7557630575531702, 0.7545008010554515, 0.7536894596810697, 0.7531415741219352],
    "cc_spin_squared": [0.7504207161374605, 0.7504633950451169, 0.7504989324728704, 0.7505131307481068, 0.7504922671846814, 0.7504334045121399, 0.7503499586608458, 0.75026269591317, 0.7501926469532607, 0.7501899350416246, 0.7501872532156817, 0.7501846016129565, 0.7501819803521994, 0.75013008850908, 0.7500905417270562, 0.7500645496200411, 0.750047744527313]
}