{
    "schema_name": "pyscf_qa_output",
    "provenance": {
        "creator": "PySCF",
        "version": "1.7.6"
    },
    "molecule": {
        "geometry": [[0.0, 0.0, 0.0], [0.7, 0.0, 0.0]],
        "symbols": [ "O", "H" ]
    },
    "molecular_charge": 2,
    "molecular_multiplicity": 4,
    "name": "o.h.chrg2.mult4.sep0.70-pyscf-uccsdt.ccpv5z",
    "atomic_numbers": [ 8, 1 ],
    "n_electrons": 7,
    "model": {
        "method": "UCCSD(T)",
        "basis": "cc-pV5Z",
        "scf_conv_tol": 1e-09,
        "scf_conv_tol_grad": 1e-06,
        "cc_conv_tol": 1e-05,
        "cc_conv_tol_normt": 1e-07
    },
    "broken_symmetry": false,
    "finite_diff_delta": 0.01,
    "finite_diff_acc": 2,
    "qa_lambdas": [-3.0, -2.75, -2.5, -2.25, -2.0, -1.75, -1.5, -1.25, -1.0, -0.75, -0.5, -0.25, -0.02, -0.01, 0.0, 0.01, 0.02],
    "electronic_energies": [-24.930640834648216, -27.97716758830553, -31.205079866389347, -34.61713130147097, -38.21555858717536, -42.002071881814366, -45.97797009794887, -50.144323217325564, -54.50213228444766, -59.05241603488154, -63.796225786981886, -68.73461449374302, -73.45064752899964, -73.65945883144722, -73.86858446204677, -74.07802447370644, -74.2877789189034],
    "qats_energies": {
        "0": [-73.86858446204683, -73.86858446204683, -73.86858446204683, -73.86858446204683, -73.86858446204683, -73.86858446204683, -73.86858446204683, -73.86858446204683, -73.86858446204683, -73.86858446204683, -73.86858446204683, -73.86858446204683, -73.86858446204683, -73.86858446204683, -73.86858446204683, -73.86858446204683, -73.86858446204683],
        "1": [-11.083738123165276, -16.315808651405405, -21.547879179645534, -26.779949707885663, -32.01202023612579, -37.24409076436592, -42.47616129260605, -47.70823182084618, -52.94030234908631, -58.17237287732644, -63.40444340556657, -68.6365139338067, -73.45001881978762, -73.65930164091722, -73.86858446204683, -74.07786728317643, -74.28715010430604],
        "2": [-25.230885823521575, -28.203342482954795, -31.372287304892964, -34.73772028933608, -38.29964143628415, -42.05805074573716, -46.012948217695126, -50.16433385215804, -54.5122076491259, -59.05656960859871, -63.797419730576465, -68.73475801505917, -73.45064758190763, -73.65945883144722, -73.86858446204683, -74.07802447370644, -74.28777886642605],
        "3": [-24.99376880949795, -28.02070200513915, -31.235066810666325, -34.637686549044865, -38.22938454324011, -42.01098411621743, -45.98330859094217, -50.147181290379706, -54.50342553749539, -59.05286465525459, -63.79632196662265, -68.73462079456495, -73.45064751165074, -73.65945882266512, -73.86858446204683, -74.07802448248854, -74.28777893668294],
        "4": [-24.84841148332235, -27.91807003115492, -31.16496779148443, -34.59169458255962, -38.2006719849832, -41.99415334171185, -45.9742237580562, -50.14280010168084, -54.50163100260434, -59.052296853199216, -63.79620980819196, -68.73461378466303, -73.45064751136361, -73.65945882264717, -73.86858446204683, -74.0780244824706, -74.28777893639582]
    },
    "qats_poly_coeffs": [ -73.86858446204683, -20.928282112960517, -1.5719053000395888, -0.00878211163050461, 0.0017945348910567798 ],
    "hf_energies": [-24.797417990055653, -27.84112121525822, -31.06665908825911, -34.4768408830669, -38.073824912246664, -41.8591780144601, -45.83406477205997, -49.999467815110926, -54.35634991108282, -58.90572685097615, -63.64866772348216, -68.58625346923913, -73.30163316939861, -73.5104183205806, -73.71951800427072, -73.92893227530719, -74.13866118808885],
    "triples_corrections": [-0.002173532818044829, -0.0022125018925729066, -0.0022250220252216534, -0.002205192834870691, -0.002157529823485924, -0.0020932426403881513, -0.002023482588341174, -0.0019552479958846007, -0.0018912210584167794, -0.0018313520679060242, -0.001774366084903897, -0.0017186835734604989, -0.0016673749490605067, -0.0016651274582118725, -0.0016628780484344084, -0.0016606266632662125, -0.0016583732473400916],
    "scf_converged": [true, true, true, true, true, true, true, true, true, true, true, true, true, true, true, true, true],
    "cc_converged": [true, true, true, true, true, true, true, true, true, true, true, true, true, true, true, true, true],
    "scf_spin_squared": [3.753658088868429, 3.753440615046946, 3.7533453987697407, 3.7533346300700825, 3.753365835712839, 3.7534024222279254, 3.753421251768419, 3.753413186010434, 3.753378750573241, 3.7533232190841095, 3.753253014632207, 3.7531739513278453, 3.7530972928063524, 3.7530939179645477, 3.753090541087639, 3.753087162326438, 3.7530837818282228],
    "cc_spin_squared": [3.7501419273202456, 3.7501305427051257, 3.7501212549474285, 3.750112597819411, 3.750103981335254, 3.750095379000814, 3.7500870349594004, 3.750079183271366, 3.7500719573587125, 3.750065388645735, 3.7500594423114726, 3.750054053141696, 3.7500495256541897, 3.7500493373137065, 3.7500491496484596, 3.750048962654642, 3.7500487763283714]
}