{
    "schema_name": "pyscf_qa_output",
    "provenance": {
        "creator": "PySCF",
        "version": "1.7.6"
    },
    "molecule": {
        "geometry": [[0.0, 0.0, 0.0], [1.5, 0.0, 0.0]],
        "symbols": [ "B", "H" ]
    },
    "molecular_charge": 1,
    "molecular_multiplicity": 4,
    "name": "b.h.chrg1.mult4.sep1.50-pyscf-uccsdt.ccpv5z",
    "atomic_numbers": [ 5, 1 ],
    "n_electrons": 5,
    "model": {
        "method": "UCCSD(T)",
        "basis": "cc-pV5Z",
        "scf_conv_tol": 1e-09,
        "scf_conv_tol_grad": 1e-06,
        "cc_conv_tol": 1e-05,
        "cc_conv_tol_normt": 1e-07
    },
    "broken_symmetry": false,
    "finite_diff_delta": 0.01,
    "finite_diff_acc": 2,
    "qa_lambdas": [-2.0, -1.75, -1.5, -1.25, -1.0, -0.75, -0.5, -0.25, -0.02, -0.01, 0.0, 0.01, 0.02, 0.25, 0.5, 0.75, 1.0],
    "electronic_energies": [-7.897280254738976, -9.45614395432959, -11.162135158603318, -13.01959665145911, -15.032172259568048, -17.202352529310893, -19.53168434790169, -22.021329205863523, -24.454440219803892, -24.56334632922392, -24.672513186672603, -24.781940902117086, -24.891629586628312, -27.486768724697253, -30.466022113053935, -33.612414755649546, -36.92761742932104],
    "qats_energies": {
        "0": [-24.672513186672617, -24.672513186672617, -24.672513186672617, -24.672513186672617, -24.672513186672617, -24.672513186672617, -24.672513186672617, -24.672513186672617, -24.672513186672617, -24.672513186672617, -24.672513186672617, -24.672513186672617, -24.672513186672617, -24.672513186672617, -24.672513186672617, -24.672513186672617, -24.672513186672617],
        "1": [-2.813055897355909, -5.5454880585204975, -8.277920219685086, -11.010352380849675, -13.742784542014263, -16.47521670317885, -19.20764886434344, -21.94008102550803, -24.45391861377945, -24.563215900226034, -24.672513186672617, -24.7818104731192, -24.891107759565784, -27.404945347837206, -30.137377509001794, -32.86980967016638, -35.60224183133097],
        "2": [-8.030215812745311, -9.539876118740509, -11.212572672091625, -13.04830547279866, -15.047074520861614, -17.208879816280486, -19.533721359055278, -22.021599149185988, -24.45444032977099, -24.56334632922392, -24.672513186672617, -24.781940902117086, -24.891629475557323, -27.486463471515165, -30.463450003713632, -33.60347278326802, -36.90653181017832],
        "3": [-7.882857089003519, -9.441157286233796, -11.150405710513056, -13.012329221885137, -15.02865468039389, -17.201108946083167, -19.531418878996814, -22.02131133917868, -24.454440182412267, -24.56334631080408, -24.672513186672617, -24.781940920536925, -24.891629622916046, -27.486751281522473, -30.465752483772096, -33.61124365346534, -36.924951650646044],
        "4": [-7.956449184384084, -9.48429562144101, -11.173690709442063, -13.02355848448593, -15.033254186355174, -17.202564258516226, -19.531706348119393, -22.02132930599884, -24.454440183148186, -24.563346310850072, -24.672513186672617, -24.781940920582922, -24.89162962365197, -27.486769248342636, -30.46603995289468, -33.6126989658984, -36.92955115660733]
    },
    "qats_poly_coeffs": [ -24.672513186672617, -10.929728644658354, -1.3042899788473505, -0.018419840467724193, -0.004599505961285407 ],
    "hf_energies": [-7.849515118687248, -9.408423382020823, -11.11456091911813, -12.972407059822554, -14.985661839265859, -17.15673833927088, -19.48705091553243, -21.97764595620103, -24.411537374995845, -24.520474817091767, -24.629672781966086, -24.739131379720295, -24.84885072176889, -27.44463732990072, -30.42452382904763, -33.57164744785619, -36.88790020890444],
    "triples_corrections": [-0.0001386066315437287, -0.0001478241679510802, -0.0001598682610398324, -0.0001696042463745108, -0.00017395773912295295, -0.00017332883501039952, -0.00016989414649298655, -0.00016552963848875574, -0.0001614626575700736, -0.0001612863492056114, -0.0001611098862720305, -0.00016093322861126307, -0.00016075633357006644, -0.000156488273939569, -0.00015060248062478658, -0.000141963119026116, -0.00012979795366853015],
    "scf_converged": [true, true, true, true, true, true, true, true, true, true, true, true, true, true, true, true, true],
    "cc_converged": [true, true, true, true, true, true, true, true, true, true, true, true, true, true, true, true, true],
    "scf_spin_squared": [3.7500093807362265, 3.750007020018625, 3.750006511512227, 3.7500068805965334, 3.750007595256302, 3.750008296623629, 3.750008795123663, 3.7500090387411085, 3.7500090519410847, 3.75000904847312, 3.7500090447002523, 3.7500090406269795, 3.7500090362579397, 3.7500088668788254, 3.750008607330353, 3.750008419587716, 3.750008420129153],
    "cc_spin_squared": [3.750000478126789, 3.7500003908205795, 3.7500003708952443, 3.750000368689337, 3.750000361761589, 3.7500003455097586, 3.750000323540537, 3.7500003001324367, 3.7500002795488236, 3.750000278690367, 3.750000277835185, 3.7500002769832896, 3.750000276134726, 3.750000257484484, 3.7500002384872753, 3.750000219102675, 3.750000197521203]
}