{
    "schema_name": "pyscf_apdft_output",
    "provenance": {
        "creator": "PySCF",
        "version": "1.7.6"
    },
    "molecule": {
        "geometry": [[0.0, 0.0, 0.0], [0.6, 0.0, 0.0]],
        "symbols": [ "Ne", "H" ]
    },
    "molecular_charge": 1,
    "molecular_multiplicity": 3,
    "name": "ne.h.chrg1.mult3.sep0.60-pyscf-uccsdt.ccpv5z",
    "atomic_numbers": [ 10, 1 ],
    "n_electrons": 10,
    "model": {
        "method": "UCCSD(T)",
        "basis": "cc-pV5Z",
        "scf_conv_tol": 1e-09,
        "scf_conv_tol_grad": 1e-06,
        "cc_conv_tol": 1e-05,
        "cc_conv_tol_normt": 1e-07
    },
    "broken_symmetry": false,
    "finite_diff_delta": 0.01,
    "finite_diff_acc": 2,
    "apdft_lambdas": [-2.0, -1.75, -1.5, -1.25, -1.0, -0.75, -0.5, -0.25, -0.02, -0.01, 0.0, 0.01, 0.02],
    "electronic_energies": [-75.2829323460645, -81.04442327178793, -87.0307727708536, -93.24384629771653, -99.68549835759143, -106.35762391618958, -113.2621164775165, -120.40074859671505, -127.17639318447102, -127.47552649103145, -127.77503872519188, -128.07492995162633, -128.37520023408845],
    "apdft_energies": {
        "0": [-127.77503872519182, -127.77503872519182, -127.77503872519182, -127.77503872519182, -127.77503872519182, -127.77503872519182, -127.77503872519182, -127.77503872519182, -127.77503872519182, -127.77503872519182, -127.77503872519182, -127.77503872519182, -127.77503872519182],
        "1": [-67.83469266570327, -75.32723592313934, -82.81977918057541, -90.31232243801148, -97.80486569544755, -105.29740895288361, -112.78995221031968, -120.28249546775575, -127.17563526459693, -127.47533699489438, -127.77503872519182, -128.07474045548926, -128.3744421857867],
        "2": [-75.41453814842689, -81.1305551208496, -87.08344226460744, -93.27319957970039, -99.69982706612845, -106.36332472389162, -113.26369255298991, -120.40093055342331, -127.1763932491452, -127.47552649103145, -127.77503872519182, -128.07492995162633, -128.37520017033498],
        "3": [-75.32891970039185, -81.07319744960739, -87.04732198184266, -93.25229663828559, -99.68912476012407, -106.35880968854602, -113.26235476473936, -120.40076332989199, -127.17639316352675, -127.47552648032914, -127.77503872519182, -128.07492996232864, -128.37520025595342],
        "4": [-75.26754017670595, -81.0372178997124, -87.02790111692642, -93.2429308662388, -99.6852885398937, -106.35759588448876, -113.26211500097496, -120.40074834465672, -127.17639316291296, -127.47552648029078, -127.77503872519182, -128.07492996229027, -128.37520025533962]
    },
    "apdft_poly_coeff": [ -127.77503872519182, -29.970173029744274, -1.8949613706809032, -0.010702306004380562, 0.003836220230368781 ],
    "hf_energies": [-74.99912364055803, -80.75915376718102, -86.74427495292704, -92.95621779940585, -99.39676790081313, -106.0678145114366, -112.97130121450684, -120.10908881248844, -126.88418212862186, -127.1832974301439, -127.48279219270216, -127.78266648472828, -128.08292037363447],
    "triples_corrections": [-0.005761495427443519, -0.005451775414810348, -0.005148107944085311, -0.004865452633846702, -0.004609088900080021, -0.004377186695665736, -0.00416378942439732, -0.003961652843724477, -0.0037803997813926765, -0.0037725692742972836, -0.003764741528309967, -0.0037569164247030725, -0.0037490938522559184],
    "scf_converged": [true, true, true, true, true, true, true, true, true, true, true, true, true],
    "cc_converged": [true, true, true, true, true, true, true, true, true, true, true, true, true],
    "scf_spin_squared": [2.0043143171247464, 2.004005672697338, 2.003725788282314, 2.003473897627628, 2.003248061243697, 2.0030453073924863, 2.0028619312456204, 2.0026938085074244, 2.002549247478657, 2.00254314049479, 2.0025370469365016, 2.0025309666567512, 2.00252489951244],
    "cc_spin_squared": [2.000092139949535, 2.000080437555287, 2.0000700375876015, 2.0000611135435467, 2.0000536309786874, 2.0000474167939606, 2.000042231590694, 2.000037830690556, 2.0000342929952613, 2.000034148194282, 2.0000340040709608, 2.000033860617488, 2.0000337178262413]
}