{
    "schema_name": "pyscf_qa_output",
    "provenance": {
        "creator": "PySCF",
        "version": "1.7.6"
    },
    "molecule": {
        "geometry": [[0.0, 0.0, 0.0], [0.8, 0.0, 0.0]],
        "symbols": [ "C", "H" ]
    },
    "molecular_charge": 1,
    "molecular_multiplicity": 1,
    "name": "c.h.chrg1.mult1.sep0.80-pyscf-ccsdt.ccpv5z",
    "atomic_numbers": [ 6, 1 ],
    "n_electrons": 6,
    "model": {
        "method": "CCSD(T)",
        "basis": "cc-pV5Z",
        "scf_conv_tol": 1e-09,
        "scf_conv_tol_grad": 1e-06,
        "cc_conv_tol": 1e-05,
        "cc_conv_tol_normt": 1e-07
    },
    "broken_symmetry": false,
    "finite_diff_delta": 0.01,
    "finite_diff_acc": 2,
    "qa_lambdas": [-2.0, -1.75, -1.5, -1.25, -1.0, -0.75, -0.5, -0.25, -0.02, -0.01, 0.0, 0.01, 0.02, 0.25, 0.5, 0.75, 1.0],
    "electronic_energies": [-15.027385413429062, -17.29954269957742, -19.737557563394805, -22.343995494395415, -25.120771157027544, -28.069182043588164, -31.190134054773868, -34.48437905732262, -37.66875929682824, -37.810560387058835, -37.95264100154488, -38.09500118457479, -38.23764098026242, -41.59562753810927, -45.41397434381026, -49.408161179471215, -53.57842539721171],
    "qats_energies": {
        "0": [-37.952641001544784, -37.952641001544784, -37.952641001544784, -37.952641001544784, -37.952641001544784, -37.952641001544784, -37.952641001544784, -37.952641001544784, -37.952641001544784, -37.952641001544784, -37.952641001544784, -37.952641001544784, -37.952641001544784, -37.952641001544784, -37.952641001544784, -37.952641001544784, -37.952641001544784],
        "1": [-9.508561249949231, -13.064071218898675, -16.61958118784812, -20.175091156797563, -23.730601125747008, -27.28611109469645, -30.841621063645896, -34.39713103259534, -37.66820020402883, -37.810420602786806, -37.952641001544784, -38.09486140030276, -38.23708179906074, -41.50815097049423, -45.06366093944367, -48.619170908393116, -52.17468087734256],
        "2": [-15.099932131126458, -17.34496454979999, -19.76472730851031, -22.359220407257418, -25.128443846041314, -28.072397624862, -31.191081743719472, -34.484496202613734, -37.668759341116946, -37.810560387058835, -37.952641001544784, -38.09500118457479, -38.23764093614886, -41.59551614051262, -45.41312161951725, -49.40545743855866, -53.57252359763687],
        "3": [-15.040997286566359, -17.305482808229456, -19.739864170961518, -22.344832017472235, -25.121076990471302, -28.069289732668402, -31.19016088677322, -34.48438109549545, -37.6687592821821, -37.81056037969198, -37.952641001544784, -38.09500119194165, -38.2376409950837, -41.595631247630905, -45.4140424764635, -49.40856533075226, -53.57989045320688],
        "4": [-15.029319753551722, -17.298637652768484, -19.736169326531105, -22.34305016734183, -25.120347144657885, -28.069058804891498, -31.190115271409883, -34.48437824453524, -37.668759282065324, -37.81056037968468, -37.952641001544784, -38.09500119193435, -38.237640994966924, -41.5956283966707, -45.41399686110016, -49.40833440297536, -53.57916060739346]
    },
    "qats_poly_coeffs": [ -37.952641001544784, -14.222039875797776, -1.3978427202943067, -0.007366855570012375, 0.0007298458134149163 ],
    "hf_energies": [-14.895585852261858, -17.16502032383317, -19.60020492510577, -22.203855554037602, -24.977964564707936, -27.923861850366244, -31.04245430689814, -34.33447942824144, -37.51692965212026, -37.65864919791303, -37.80064846548257, -37.94292749931492, -38.08548634374857, -41.441666542385256, -45.25817651758902, -49.25067153734755, -53.419401584121985],
    "triples_corrections": [-0.0024677577838896313, -0.00251244631076811, -0.002570603306262622, -0.0026299946903111, -0.002680589124077104, -0.0027185868818652985, -0.002744995611771368, -0.002762236332728588, -0.0027716522409724324, -0.002771937388458669, -0.0027722126587714107, -0.0027724780997027505, -0.0027727337579351564, -0.002776007695980154, -0.0027742695418666624, -0.0027674802859728007, -0.0027562999470275005],
    "scf_converged": [true, true, true, true, true, true, true, true, true, true, true, true, true, true, true, true, true],
    "cc_converged": [true, true, true, true, true, true, true, true, true, true, true, true, true, true, true, true, true],
    "t1_diagnostic": [0.018692236881140883, 0.0163828521461719, 0.014365341423305974, 0.012695453931485034, 0.011294915120400829, 0.010112296124375196, 0.009131370982225292, 0.00832883531732791, 0.007716662662175641, 0.007692303134785591, 0.007668112216752487, 0.00764408769895881, 0.007620227393777511, 0.007112060196340565, 0.006630739018879727, 0.006201980561833062, 0.005810336306975068]
}