{
    "schema_name": "pyscf_apdft_output",
    "provenance": {
        "creator": "PySCF",
        "version": "1.7.6"
    },
    "molecule": {
        "geometry": [[0.0, 0.0, 0.0], [1.1, 0.0, 0.0]],
        "symbols": [ "Ne", "H" ]
    },
    "molecular_charge": 1,
    "molecular_multiplicity": 1,
    "name": "ne.h.chrg1.mult1.sep1.10-pyscf-ccsdt.ccpv5z",
    "atomic_numbers": [ 10, 1 ],
    "n_electrons": 10,
    "model": {
        "method": "CCSD(T)",
        "basis": "cc-pV5Z",
        "scf_conv_tol": 1e-09,
        "scf_conv_tol_grad": 1e-06,
        "cc_conv_tol": 1e-05,
        "cc_conv_tol_normt": 1e-07
    },
    "broken_symmetry": false,
    "finite_diff_delta": 0.01,
    "finite_diff_acc": 2,
    "apdft_lambdas": [-2.0, -1.75, -1.5, -1.25, -1.0, -0.75, -0.5, -0.25, -0.02, -0.01, 0.0, 0.01, 0.02],
    "electronic_energies": [-75.73395771781134, -81.54419493932186, -87.59018377180895, -93.87518691219826, -100.40219056060049, -107.17389483546066, -114.1926925305133, -121.46060896310675, -128.36846337203121, -128.673631909494, -128.9792031641402, -129.2851771816401, -129.59155400582867],
    "apdft_energies": {
        "0": [-128.97920316419655, -128.97920316419655, -128.97920316419655, -128.97920316419655, -128.97920316419655, -128.97920316419655, -128.97920316419655, -128.97920316419655, -128.97920316419655, -128.97920316419655, -128.97920316419655, -128.97920316419655, -128.97920316419655],
        "1": [-67.82467594958487, -75.46899185141133, -83.11330775323779, -90.75762365506425, -98.40193955689071, -106.04625545871717, -113.69057136054363, -121.33488726237009, -128.36765789205043, -128.6734305281235, -128.97920316419655, -129.2849758002696, -129.59074843634266],
        "2": [-75.87993076966339, -81.63629632303395, -87.64438858953196, -93.90420756915742, -100.41575326191034, -107.17902566779071, -114.19402478679854, -121.46075061893382, -128.36846341753244, -128.673631909494, -128.97920316419655, -129.2851771816401, -129.59155396182467],
        "3": [-75.82026062232165, -81.59632198604524, -87.61921524612217, -93.88963966209157, -100.40829449349262, -107.1758789998645, -114.19309244074633, -121.46063407567729, -128.36846335786228, -128.67363190203523, -128.97920316419655, -129.28517718909887, -129.59155402149483],
        "4": [-75.72043978924083, -81.53780884634138, -87.58763131065518, -93.87440821173134, -100.40205569142508, -107.1739050038978, -114.1927025156171, -121.46060970535672, -128.36846335686408, -128.67363190197284, -128.97920316419655, -129.2851771890365, -129.5915540204966]
    },
    "apdft_poly_coeff": [ -128.97920316419655, -30.577263607305838, -2.013813705019629, -0.007458768417715569, 0.006238802067552267 ],
    "hf_energies": [-75.37915544218043, -81.18416982838812, -87.22647008958246, -93.50931773230593, -100.03565417184616, -106.80806526894403, -113.82873223738946, -121.09937603103697, -128.01020155090865, -128.31550519845615, -128.62121190121235, -128.92732168753557, -129.23383458448998],
    "triples_corrections": [-0.011525793656010294, -0.011267413025268758, -0.010885998216380092, -0.010396094337868924, -0.009813833469024643, -0.00915312708597019, -0.00843017984857973, -0.00767104808892538, -0.006972219418394904, -0.006942327886867877, -0.006912497797557342, -0.006882731450275507, -0.006853031112857897],
    "scf_converged": [true, true, true, true, true, true, true, true, true, true, true, true, true],
    "cc_converged": [true, true, true, true, true, true, true, true, true, true, true, true, true],
    "t1_diagnostic": [0.01064906083924705, 0.010164457805621823, 0.009605445803741331, 0.009084244592410253, 0.008681679020460712, 0.008362481281842204, 0.00799504052391731, 0.00746350137902807, 0.006812051216144959, 0.006780884234715893, 0.006749528796828185, 0.006717991555637107, 0.006686279043179018]
}