{
    "schema_name": "pyscf_apdft_output",
    "provenance": {
        "creator": "PySCF",
        "version": "1.7.6"
    },
    "molecule": {
        "geometry": [[0.0, 0.0, 0.0], [1.7, 0.0, 0.0]],
        "symbols": [ "C", "H" ]
    },
    "molecular_charge": 0,
    "molecular_multiplicity": 2,
    "name": "c.h.chrg0.mult2.sep1.70-pyscf-uccsdt.ccpv5z",
    "atomic_numbers": [ 6, 1 ],
    "n_electrons": 7,
    "model": {
        "method": "UCCSD(T)",
        "basis": "cc-pV5Z",
        "scf_conv_tol": 1e-09,
        "scf_conv_tol_grad": 1e-06,
        "cc_conv_tol": 1e-05,
        "cc_conv_tol_normt": 1e-07
    },
    "broken_symmetry": false,
    "finite_diff_delta": 0.01,
    "finite_diff_acc": 2,
    "apdft_lambdas": [-1.0, -0.75, -0.5, -0.25, -0.02, -0.01, 0.0, 0.01, 0.02, 0.25, 0.5, 0.75, 1.0, 1.25, 1.5, 1.75, 2.0],
    "electronic_energies": [-25.236789626183747, -28.245505943303126, -31.4383134167876, -34.818318151768395, -38.09558515457754, -38.241746294561956, -38.388213895565166, -38.534988129346516, -38.68206914190585, -42.149867694380646, -46.10478383958266, -50.25447321011651, -54.60104773086081, -59.14832830760377, -63.89903985558913, -68.85265267354443, -74.0047448148292],
    "apdft_energies": {
        "0": [-38.388213895565215, -38.388213895565215, -38.388213895565215, -38.388213895565215, -38.388213895565215, -38.388213895565215, -38.388213895565215, -38.388213895565215, -38.388213895565215, -38.388213895565215, -38.388213895565215, -38.388213895565215, -38.388213895565215, -38.388213895565215, -38.388213895565215, -38.388213895565215, -38.388213895565215],
        "1": [-23.726122156337226, -27.391645091144223, -31.05716802595122, -34.722690960758214, -38.094972060780655, -38.24159297817293, -38.388213895565215, -38.5348348129575, -38.681455730349775, -42.053736830372216, -45.71925976517921, -49.384782699986204, -53.050305634793204, -56.715828569600205, -60.3813515044072, -64.04687443921419, -67.7123973740212],
        "2": [-25.259286046545526, -28.254049779386392, -31.440458998503296, -34.81851370389624, -38.09558532633674, -38.241746294561956, -38.388213895565215, -38.534988129346516, -38.68206899590586, -42.14955957351023, -46.102550737731285, -50.247187388228376, -54.583469525001505, -59.11139714805067, -63.830970257375874, -68.74218885297711, -73.8450529348544],
        "3": [-25.232806114224594, -28.2428785579385, -31.43714900696318, -34.81809995495372, -38.09558511449728, -38.241746268082025, -38.388213895565215, -38.53498815582645, -38.682069207745315, -42.149973322452745, -46.1058607292714, -50.258358609676264, -54.60994945732243, -59.16311576586499, -63.92034002895901, -68.8841047402596, -74.05689239342183],
        "4": [-25.125476087876564, -28.208918666789316, -31.43044088031643, -34.8176806970383, -38.095585097324474, -38.24174626700872, -38.388213895565215, -38.53498815475315, -38.68206919057251, -42.14955406453733, -46.09915260262465, -50.224398718527084, -54.502619430974406, -58.90107956872623, -63.376981770572094, -67.87746648533137, -72.3396119718533]
    },
    "apdft_poly_coeff": [ -38.388213895565215, -14.66209173922799, -1.5331638902083, -0.026479932320929336, 0.10733002634803294 ],
    "hf_energies": [-25.080147315220188, -28.08294357827247, -31.269686449150047, -34.64034312423262, -37.9106825681546, -38.05651955726189, -38.202663049970205, -38.34911334704745, -38.495870734289994, -41.95661750317735, -45.90600014436997, -50.053994638423475, -54.40214794782709, -58.96168171792455, -63.71474295792262, -68.67065796611556, -73.82331268579553],
    "triples_corrections": [-0.004962866930282579, -0.005314083666595425, -0.005640969840834074, -0.006170374599270181, -0.006458413316894491, -0.006466901878905403, -0.0064756323806081035, -0.006484516448087741, -0.006493504804234183, -0.006675385208104802, -0.0067323335757737, -0.006592959835067504, -0.006327206875943319, -0.0051757401616046314, -0.004948284266710263, -0.005000007346136085, -0.005408665863290212],
    "scf_converged": [true, true, true, false, true, true, true, true, true, true, true, true, false, true, true, true, true],
    "cc_converged": [true, true, true, true, true, true, true, true, true, true, true, true, true, true, true, true, true],
    "scf_spin_squared": [0.7661229089194515, 0.7665072578603436, 0.8060303904423778, 0.8225774640110521, 0.8034714752032555, 0.8014741378239898, 0.7996989152917391, 0.7981031465457362, 0.7966607612885657, 0.7818701779536026, 0.7797890877023508, 0.7900459806122013, 0.8852832028552675, 0.9043107169775477, 0.7715220892007966, 0.7580522007287103, 0.7551952751286444],
    "cc_spin_squared": [0.750377583322869, 0.75049562560688, 0.751047473954003, 0.7504009100507176, 0.7506030706748703, 0.7506263467768322, 0.7506490487921955, 0.7506713198438848, 0.7506932172874348, 0.7511375985878805, 0.7514026815926891, 0.751169588114285, 0.7503275853868148, 0.7518412196488939, 0.7504757603696828, 0.7501885822175114, 0.7501085127258174]
}