{
    "schema_name": "pyscf_qa_output",
    "provenance": {
        "creator": "PySCF",
        "version": "1.7.6"
    },
    "molecule": {
        "geometry": [[0.0, 0.0, 0.0], [0.8, 0.0, 0.0]],
        "symbols": [ "C", "H" ]
    },
    "molecular_charge": 1,
    "molecular_multiplicity": 3,
    "name": "c.h.chrg1.mult3.sep0.80-pyscf-uccsdt.ccpv5z",
    "atomic_numbers": [ 6, 1 ],
    "n_electrons": 6,
    "model": {
        "method": "UCCSD(T)",
        "basis": "cc-pV5Z",
        "scf_conv_tol": 1e-09,
        "scf_conv_tol_grad": 1e-06,
        "cc_conv_tol": 1e-05,
        "cc_conv_tol_normt": 1e-07
    },
    "broken_symmetry": false,
    "finite_diff_delta": 0.01,
    "finite_diff_acc": 2,
    "qa_lambdas": [-2.0, -1.75, -1.5, -1.25, -1.0, -0.75, -0.5, -0.25, -0.02, -0.01, 0.0, 0.01, 0.02, 0.25, 0.5, 0.75, 1.0],
    "electronic_energies": [-15.00563379525537, -17.273313273224403, -19.707183660202613, -22.310092526078652, -25.08406818869111, -28.030369950262372, -31.149849479349612, -34.44328349579311, -37.62758740769512, -37.76940136615609, -37.91149627037522, -38.053872173315945, -38.19652912774457, -41.555326831825674, -45.37553645123557, -49.3727057277293, -53.54713607984778],
    "qats_energies": {
        "0": [-37.91149627037516, -37.91149627037516, -37.91149627037516, -37.91149627037516, -37.91149627037516, -37.91149627037516, -37.91149627037516, -37.91149627037516, -37.91149627037516, -37.91149627037516, -37.91149627037516, -37.91149627037516, -37.91149627037516, -37.91149627037516, -37.91149627037516, -37.91149627037516, -37.91149627037516],
        "1": [-9.464415554389554, -13.020300643887754, -16.576185733385955, -20.132070822884156, -23.687955912382357, -27.243841001880558, -30.79972609137876, -34.35561118087696, -37.627025463215304, -37.769260866795236, -37.91149627037516, -38.053731673955085, -38.195967077535016, -41.46738135987336, -45.02326644937156, -48.579151538869766, -52.13503662836796],
        "2": [-15.084389988657314, -17.32309357012401, -19.73742135266157, -22.32737333627, -25.092949520949297, -28.03414990669946, -31.150974493520494, -34.44342328141239, -37.62758746065873, -37.76940136615609, -37.91149627037516, -38.053872173315945, -38.19652907497844, -41.555193460408795, -45.3745148515133, -49.369460443688666, -53.5400302369349],
        "3": [-15.013903495570595, -17.27587312651318, -19.70768486339061, -22.31016471979375, -25.084138709313457, -28.03043284554059, -31.149873142066014, -34.44328561248058, -37.62758739017224, -37.769401357345274, -37.91149627037516, -38.05387218212675, -38.196529145464936, -41.5553311293406, -45.37561620296778, -49.37317750484753, -53.54884104857074],
        "4": [-15.000736191286645, -17.268154694485403, -19.703518646019518, -22.308155548607843, -25.083315752795713, -28.030172456954897, -31.149821707283653, -34.44328239780668, -37.62758739004057, -37.769401357337046, -37.91149627037516, -38.053872182118525, -38.196529145333265, -41.555327914666705, -45.37556476818542, -49.372917116261846, -53.548018092053]
    },
    "qats_poly_coeffs": [ -37.91149627037516, -14.223540357992803, -1.40499360856694, -0.008810811635839853, 0.0008229565177468127 ],
    "hf_energies": [-14.902385876323605, -17.168924468435414, -19.601743915877066, -22.203834105392417, -24.977194751017038, -27.922969599409363, -31.041909577898867, -34.33473957581566, -37.518419270600866, -37.66020467489538, -37.80227091534712, -37.9446180461665, -38.08724612140266, -41.44535348774958, -45.26477391789579, -49.26114696623293, -53.434812190742434],
    "triples_corrections": [-0.0013730355189665894, -0.0014022203650885235, -0.0014215695455964872, -0.0014232605671395846, -0.0014119728834787904, -0.0013976628780608031, -0.0013871630766728574, -0.0013825662994696062, -0.0013830047370009774, -0.0013831051739179342, -0.001383211369031521, -0.0013833231934914142, -0.0013834405177456763, -0.0013873511437991497, -0.0013929015737703951, -0.001397741314668877, -0.0013998918878185048],
    "scf_converged": [true, true, true, true, true, true, true, true, true, true, true, true, true, true, true, true, true],
    "cc_converged": [true, true, true, true, true, true, true, true, true, true, true, true, true, true, true, true, true],
    "scf_spin_squared": [2.001846401381137, 2.001859789234781, 2.0019780379799896, 2.0021316746458395, 2.0022568947728185, 2.002327235207205, 2.002350776078606, 2.002346636542778, 2.0023322573682503, 2.002331548835024, 2.002330838103185, 2.002330125663361, 2.00232941199515, 2.002313611637504, 2.002300799746758, 2.0022953098253113, 2.00229782142394],
    "cc_spin_squared": [2.000089594811877, 2.0000859548755447, 2.000083749828938, 2.0000805969067867, 2.0000759416437375, 2.0000704668980145, 2.000065009381221, 2.000060019603227, 2.0000559222114322, 2.0000557541881214, 2.0000555869526564, 2.0000554204973735, 2.0000552548146038, 2.000051638872815, 2.0000480529764486, 2.000044714875699, 2.0000415354337218]
}