{
    "schema_name": "pyscf_apdft_output",
    "provenance": {
        "creator": "PySCF",
        "version": "1.7.6"
    },
    "molecule": {
        "geometry": [[0.0, 0.0, 0.0], [0.6, 0.0, 0.0]],
        "symbols": [ "O", "H" ]
    },
    "molecular_charge": 0,
    "molecular_multiplicity": 4,
    "name": "o.h.chrg0.mult4.sep0.60-pyscf-uccsdt.ccpv5z",
    "atomic_numbers": [ 8, 1 ],
    "n_electrons": 9,
    "model": {
        "method": "UCCSD(T)",
        "basis": "cc-pV5Z",
        "scf_conv_tol": 1e-09,
        "scf_conv_tol_grad": 1e-06,
        "cc_conv_tol": 1e-05,
        "cc_conv_tol_normt": 1e-07
    },
    "broken_symmetry": false,
    "finite_diff_delta": 0.01,
    "finite_diff_acc": 2,
    "apdft_lambdas": [-1.0, -0.75, -0.5, -0.25, -0.02, -0.01, 0.0, 0.01, 0.02, 0.25, 0.5, 0.75, 1.0, 1.25, 1.5, 1.75, 2.0],
    "electronic_energies": [-54.692565744593985, -59.45969436512411, -64.43530170033377, -69.6204682137396, -74.57690369081688, -74.79646196028551, -75.01635935922312, -75.2365959742828, -75.45717189236505, -80.62426841115392, -86.44557292235673, -92.48162101650254, -98.73357190426673, -105.20223455981238, -111.88796004379861, -118.79060129023166, -125.90951451358036],
    "apdft_energies": {
        "0": [-75.01635935922307, -75.01635935922307, -75.01635935922307, -75.01635935922307, -75.01635935922307, -75.01635935922307, -75.01635935922307, -75.01635935922307, -75.01635935922307, -75.01635935922307, -75.01635935922307, -75.01635935922307, -75.01635935922307, -75.01635935922307, -75.01635935922307, -75.01635935922307, -75.01635935922307],
        "1": [-53.00965865935835, -58.51133383432453, -64.01300900929071, -69.5146841842569, -74.57622534522578, -74.79629235222443, -75.01635935922307, -75.23642636622172, -75.45649337322037, -80.51803453418925, -86.01970970915544, -91.52138488412162, -97.0230600590878, -102.52473523405398, -108.02641040902016, -113.52808558398634, -119.02976075895252],
        "2": [-54.70573927021404, -59.465379177930856, -64.43702916200463, -69.62068922243537, -74.57690377747012, -74.79646196028551, -75.01635935922307, -75.2365959742828, -75.45717180546471, -80.62403957236774, -86.44372986186936, -92.47543022772794, -98.71914066994349, -105.17486118851599, -111.84259178344546, -118.72233245473188, -125.81408320237527],
        "3": [-54.69127647125559, -59.45927768462026, -64.43522131213483, -69.62046324120165, -74.57690366176773, -74.79646194582271, -75.01635935922307, -75.2365959887456, -75.4571719211671, -80.62426555360146, -86.44553771173916, -92.48153172103854, -98.73360346890193, -105.20310884273171, -111.89140372993022, -118.79984401789982, -125.92978559404285],
        "4": [-54.69230616610349, -59.45960348650573, -64.43528566806282, -69.62046726344715, -74.57690366193248, -74.79646194583302, -75.01635935922307, -75.23659598875591, -75.45717192133185, -80.62426957584697, -86.44560206766715, -92.481857522924, -98.73463316374983, -105.20562274616898, -111.89661656009774, -118.80950142934444, -125.94626071160934]
    },
    "apdft_poly_coeff": [ -75.01635935922307, -22.006700699864723, -1.696080610855688, -0.014462798958447818, -0.0010296948479056784 ],
    "hf_energies": [-54.47476901065156, -59.24142738659494, -64.21664582166204, -69.40139973457401, -74.35740000145017, -74.5769380411103, -74.79681510647757, -75.01703128534966, -75.23758666585125, -80.40418684797974, -86.22492683031541, -92.26044919206574, -98.51200452801459, -104.98050146170672, -111.6663741176425, -118.56952749677848, -125.6893379316432],
    "triples_corrections": [-0.004673147908889901, -0.004371820319617624, -0.004095982204954121, -0.0038531124860415695, -0.0036581796674018284, -0.00365027510280884, -0.003642415343718635, -0.0036346000298249415, -0.0036268287970031457, -0.0034593680873525484, -0.003297739985342084, -0.003150460345878314, -0.0030105438825034276, -0.002872210045696567, -0.002732073790292382, -0.002589320422004743, -0.002445058210568307],
    "scf_converged": [true, true, true, true, true, true, true, true, true, true, true, true, true, true, true, true, true],
    "cc_converged": [true, true, true, true, true, true, true, true, true, true, true, true, true, true, true, true, true],
    "scf_spin_squared": [3.7616383723557436, 3.759921277590212, 3.758716019335182, 3.757816506625889, 3.7571559360708044, 3.757129853787558, 3.757103959261394, 3.7570782491245285, 3.757052720074288, 3.7565087961852375, 3.7559885478468944, 3.7555161845321425, 3.7550745894510533, 3.754654263200285, 3.7542521889544096, 3.753870541438984, 3.7535147033025686],
    "cc_spin_squared": [3.7502776170578977, 3.7502169141880417, 3.7501743075673626, 3.7501435907494267, 3.7501223451397463, 3.750121537149774, 3.7501207376134187, 3.750119946401349, 3.7501191633861826, 3.7501031537940266, 3.7500891841645405, 3.750077723627333, 3.7500680583916797, 3.750059698919692, 3.7500523655466154, 3.750045895744307, 3.750040198917269]
}