{
    "schema_name": "pyscf_qa_output",
    "provenance": {
        "creator": "PySCF",
        "version": "1.7.6"
    },
    "molecule": {
        "geometry": [[0.0, 0.0, 0.0], [1.3, 0.0, 0.0]],
        "symbols": [ "Li", "H" ]
    },
    "molecular_charge": 0,
    "molecular_multiplicity": 3,
    "name": "li.h.chrg0.mult3.sep1.30-pyscf-uccsdt.ccpv5z",
    "atomic_numbers": [ 3, 1 ],
    "n_electrons": 4,
    "model": {
        "method": "UCCSD(T)",
        "basis": "cc-pV5Z",
        "scf_conv_tol": 1e-09,
        "scf_conv_tol_grad": 1e-06,
        "cc_conv_tol": 1e-05,
        "cc_conv_tol_normt": 1e-07
    },
    "broken_symmetry": false,
    "finite_diff_delta": 0.01,
    "finite_diff_acc": 2,
    "qa_lambdas": [-0.02, -0.01, 0.0, 0.01, 0.02, 0.25, 0.5, 0.75, 1.0, 1.25, 1.5, 1.75, 2.0],
    "electronic_energies": [-7.7934535850980176, -7.850044261913526, -7.906863981662229, -7.963912723040929, -8.021190462139009, -9.401694803062437, -11.038844362496755, -12.816720006678812, -14.732662850996128, -16.782769337719355, -18.961890503991636, -21.263863264959753, -23.681923911035568],
    "qats_energies": {
        "0": [-7.906863981662236, -7.906863981662236, -7.906863981662236, -7.906863981662236, -7.906863981662236, -7.906863981662236, -7.906863981662236, -7.906863981662236, -7.906863981662236, -7.906863981662236, -7.906863981662236, -7.906863981662236, -7.906863981662236],
        "1": [-7.792995520534833, -7.849929751098535, -7.906863981662236, -7.963798212225938, -8.02073244278964, -9.330219745754775, -10.753575509847312, -12.17693127393985, -13.600287038032388, -15.023642802124925, -16.446998566217463, -17.87035433031, -19.293710094402538],
        "2": [-7.793453563794798, -7.850044261913526, -7.906863981662236, -7.963912723040929, -8.021190486049605, -9.401789005124238, -11.039852547325168, -12.821054608265024, -14.74539518794381, -16.812874286361524, -19.023491903518163, -21.377248039413733, -23.874142694048228],
        "3": [-7.7934535939373415, -7.850044265681344, -7.906863981662236, -7.963912719273111, -8.02119045590706, -9.401730132969401, -11.039381570086476, -12.819465060084443, -14.741627370034285, -16.80551526700698, -19.01077551807352, -21.357054890304873, -23.844000150772032],
        "4": [-7.793453592199088, -7.850044265572703, -7.906863981662236, -7.963912719164471, -8.021190454168808, -9.401687695156879, -11.038702565086103, -12.81602759727005, -14.730763290028303, -16.778991634179878, -18.955776113043232, -21.255161702436265, -23.670174870676313]
    },
    "qats_poly_coeffs": [ -7.906863981662236, -5.6934230563701504, -1.1451081499114224, 0.003767817909524258, 0.010864080005982638 ],
    "hf_energies": [-7.760833251889548, -7.8175136915286245, -7.874423313260499, -7.931562099614162, -7.988930030401191, -9.371556701325023, -11.011140234070298, -12.791586699284386, -14.710185785829866, -16.762930877437615, -18.94454726699264, -21.24876119342357, -23.668743622934326],
    "triples_corrections": [-5.61466210831067e-05, -5.5850325271330516e-05, -5.5557346207963526e-05, -5.526760872085034e-05, -5.4981040726017096e-05, -4.9126349372544055e-05, -4.38815304989034e-05, -3.922733944486776e-05, -3.4808988852877385e-05, -3.049188087333952e-05, -2.6297637406352427e-05, -2.231518834776893e-05, -1.862576696227065e-05],
    "scf_converged": [true, true, true, true, true, true, true, true, true, true, true, true, true],
    "cc_converged": [true, true, true, true, true, true, true, true, true, true, true, true, true],
    "scf_spin_squared": [2.0000282035394554, 2.00002776993993, 2.0000273511770534, 2.0000269466866727, 2.0000265559284274, 2.0000203951354187, 2.0000172405814567, 2.00001566155166, 2.0000147143786524, 2.000013929371617, 2.000013051116457, 2.0000119691196296, 2.000010689016937],
    "cc_spin_squared": [2.0000005136813415, 2.000000502376354, 2.000000491452902, 2.0000004808972713, 2.000000470696191, 2.000000309676361, 2.000000226907212, 2.00000018402561, 2.000000157071658, 2.0000001364441964, 2.00000011853506, 2.0000001021650675, 2.0000000870152346]
}