{
    "schema_name": "pyscf_qa_output",
    "provenance": {
        "creator": "PySCF",
        "version": "1.7.6"
    },
    "molecule": {
        "geometry": [[0.0, 0.0, 0.0], [1.8, 0.0, 0.0]],
        "symbols": [ "Li", "H" ]
    },
    "molecular_charge": -1,
    "molecular_multiplicity": 4,
    "name": "li.h.chrg-1.mult4.sep1.80-pyscf-uccsdt.ccpv5z",
    "atomic_numbers": [ 3, 1 ],
    "n_electrons": 5,
    "model": {
        "method": "UCCSD(T)",
        "basis": "cc-pV5Z",
        "scf_conv_tol": 1e-09,
        "scf_conv_tol_grad": 1e-06,
        "cc_conv_tol": 1e-05,
        "cc_conv_tol_normt": 1e-07
    },
    "broken_symmetry": false,
    "finite_diff_delta": 0.01,
    "finite_diff_acc": 2,
    "qa_lambdas": [-0.02, -0.01, 0.0, 0.01, 0.02, 0.25, 0.5, 0.75, 1.0, 1.25, 1.5, 1.75, 2.0, 2.25, 2.5, 2.75, 3.0],
    "electronic_energies": [-7.821661941020933, -7.879683486914506, -7.937948239776777, -7.996456506304218, -8.055208586262252, -9.474363745946032, -11.165543658792267, -13.010452747147413, -15.005632747455026, -17.14610755513752, -19.425565367323948, -21.836733314670877, -24.37202043870323, -27.024498753649628, -29.78910079034556, -32.66278096466579, -35.641484932116356],
    "qats_energies": {
        "0": [-7.937948239776795, -7.937948239776795, -7.937948239776795, -7.937948239776795, -7.937948239776795, -7.937948239776795, -7.937948239776795, -7.937948239776795, -7.937948239776795, -7.937948239776795, -7.937948239776795, -7.937948239776795, -7.937948239776795, -7.937948239776795, -7.937948239776795, -7.937948239776795, -7.937948239776795],
        "1": [-7.821175220387083, -7.879561730081939, -7.937948239776795, -7.996334749471652, -8.054721259166508, -9.3976109821482, -10.857273724519603, -12.316936466891008, -13.776599209262411, -15.236261951633814, -16.695924694005218, -18.15558743637662, -19.615250178748024, -21.074912921119427, -22.53457566349083, -23.994238405862234, -25.45390114823364],
        "2": [-7.8216622477173505, -7.879683486914506, -7.937948239776795, -7.996456506304218, -8.055208286496775, -9.473709002502497, -11.161665805936796, -13.001818650079692, -14.994167534931183, -17.13871246049127, -19.435453426759953, -21.884390433737234, -24.48552348142311, -27.238852569817585, -30.144377698920657, -33.20209886873232, -36.41201607925259],
        "3": [-7.821661843409421, -7.879683436376014, -7.937948239776795, -7.996456556842709, -8.055208690804704, -9.474498666427024, -11.167983117333016, -13.023139576041935, -15.044706026100943, -17.237420451057208, -19.606020834457894, -22.15524515985017, -24.889831410781195, -27.814517570798138, -30.934041623448163, -34.253141552278436, -37.77655534083612],
        "4": [-7.821661838788793, -7.879683436087226, -7.937948239776795, -7.9964565565539205, -8.055208686184075, -9.474385858111095, -11.166178184278147, -13.014002102451663, -15.01582709722305, -17.166915253601417, -19.459821257013566, -21.884392393304005, -24.427768548734925, -27.074382209986226, -29.805958464155506, -32.60151499875806, -35.43736210172687]
    },
    "qats_poly_coeffs": [ -7.937948239776795, -5.838650969485615, -1.217568325668772, -0.050538491169760384, 0.02887892887789197 ],
    "hf_energies": [-7.786211290780959, -7.844242232862963, -7.902517282434954, -7.961036794522595, -8.019801113600469, -9.439568619210547, -11.13215405327009, -12.979091355036017, -14.976686775718008, -17.119690126404468, -19.401524976878235, -21.814680865972075, -24.35135865379791, -27.004503278852674, -29.769267687446405, -32.643513640943354, -35.62382112846092],
    "triples_corrections": [-0.00012854067589285895, -0.00012972638310095532, -0.00013087799345668755, -0.00013199498056452595, -0.00013307696634554738, -0.00014901942503543086, -0.00015323104981983148, -0.00014920633366205744, -0.00013988854339567228, -0.0001285516831679353, -0.00011763753756893384, -0.00010855892286616986, -0.00010173463448703612, -9.602077033519896e-05, -8.828435054464278e-05, -7.590240644796481e-05, -5.970248403267531e-05],
    "scf_converged": [true, true, true, true, true, true, true, true, true, true, true, true, true, true, true, true, true],
    "cc_converged": [true, true, true, true, true, true, true, true, true, true, true, true, true, true, true, true, true],
    "scf_spin_squared": [3.7500038420896824, 3.750003852270683, 3.7500038642456137, 3.750003877929484, 3.7500038932426323, 3.750004584862558, 3.7500058729002923, 3.7500073709773654, 3.7500086797683236, 3.7500095009581877, 3.750009662765017, 3.7500091331604715, 3.7500079987266526, 3.7500064437888607, 3.7500048265105503, 3.750003753310926, 3.750003444193455],
    "cc_spin_squared": [3.7500002973845485, 3.750000300480563, 3.7500003035358875, 3.7500003065425096, 3.7500003094931285, 3.750000355106852, 3.7500003698170534, 3.750000367400542, 3.7500003488709237, 3.7500003171460317, 3.75000027694568, 3.7500002335701703, 3.7500001919594292, 3.7500001554124913, 3.7500001248303696, 3.7500000979956423, 3.75000007249669]
}