{
    "schema_name": "pyscf_apdft_output",
    "provenance": {
        "creator": "PySCF",
        "version": "1.7.6"
    },
    "molecule": {
        "geometry": [[0.0, 0.0, 0.0], [0.9, 0.0, 0.0]],
        "symbols": [ "C", "H" ]
    },
    "molecular_charge": 0,
    "molecular_multiplicity": 4,
    "name": "c.h.chrg0.mult4.sep0.90-pyscf-uccsdt.ccpv5z",
    "atomic_numbers": [ 6, 1 ],
    "n_electrons": 7,
    "model": {
        "method": "UCCSD(T)",
        "basis": "cc-pV5Z",
        "scf_conv_tol": 1e-09,
        "scf_conv_tol_grad": 1e-06,
        "cc_conv_tol": 1e-05,
        "cc_conv_tol_normt": 1e-07
    },
    "broken_symmetry": false,
    "finite_diff_delta": 0.01,
    "finite_diff_acc": 2,
    "apdft_lambdas": [-1.0, -0.75, -0.5, -0.25, -0.02, -0.01, 0.0, 0.01, 0.02, 0.25, 0.5, 0.75, 1.0, 1.25, 1.5, 1.75, 2.0],
    "electronic_energies": [-25.170067906940492, -28.19638534893461, -31.408220153521427, -34.8076992485941, -38.10207771409688, -38.248950445130035, -38.39612682593029, -38.54360690245402, -38.69139072027429, -42.17435104818051, -46.143028907381314, -50.30267934861063, -54.65360718451047, -59.19579174811, -63.92878401887679, -68.85162221174038, -73.96276772454283],
    "apdft_energies": {
        "0": [-38.396126825930246, -38.396126825930246, -38.396126825930246, -38.396126825930246, -38.396126825930246, -38.396126825930246, -38.396126825930246, -38.396126825930246, -38.396126825930246, -38.396126825930246, -38.396126825930246, -38.396126825930246, -38.396126825930246, -38.396126825930246, -38.396126825930246, -38.396126825930246, -38.396126825930246],
        "1": [-23.663303959730833, -27.346509676280686, -31.02971539283054, -34.71292110938039, -38.10147036860626, -38.24879859726825, -38.396126825930246, -38.54345505459224, -38.690783283254234, -42.0793325424801, -45.76253825902995, -49.4457439755798, -53.12894969212966, -56.812155408679516, -60.495361125229365, -64.17856684177922, -67.86177255832908],
        "2": [-25.18178257756322, -28.200653898811403, -31.409335047288636, -34.80782602299492, -38.10207776005339, -38.248950445130035, -38.396126825930246, -38.54360690245402, -38.69139067470137, -42.17423745609462, -46.14215791348805, -50.29988819811052, -54.647428309962045, -59.184778249042616, -63.911938015352234, -68.8289076088909, -73.93568702965862],
        "3": [-25.17415512452368, -28.197436067060345, -31.408381615658694, -34.80770684404117, -38.102077699033764, -38.24895043750258, -38.396126825930246, -38.54360691008148, -38.691390735720994, -42.17435663504837, -46.143111345117994, -50.30310602986158, -54.655055763001585, -59.19967561826047, -63.93768066936069, -68.8697859900247, -73.99670665397495],
        "4": [-25.17255687706337, -28.196930371574858, -31.408281725192424, -34.80770060088703, -38.10207769877805, -38.2489504374866, -38.396126825930246, -38.54360691006549, -38.69139073546527, -42.17435039189422, -46.14301145465172, -50.302600334376095, -54.653457515541284, -59.195773646921836, -63.929589541592904, -68.85479617693022, -73.9711346946101]
    },
    "apdft_poly_coeff": [ -38.396126825930246, -14.732822866199413, -1.5184786178323861, -0.007627453039541856, 0.001598247460303052 ],
    "hf_energies": [-25.04399513899155, -28.06788135589707, -31.277945822500094, -34.67602016061416, -37.96922311092247, -38.116045606612786, -38.263171791436584, -38.41060170927971, -38.55833540390656, -42.04015191857605, -46.0076234901814, -50.16616259091384, -54.51615032973055, -59.0576430870273, -63.79025641287076, -68.71307166323051, -73.82456771804023],
    "triples_corrections": [-0.002649564086346061, -0.0026897594962936302, -0.0026590574591767438, -0.0025916313273966042, -0.0025228887300507426, -0.002519959246302655, -0.0025170386914078434, -0.0025141273118931265, -0.0025112253247170334, -0.0024472110898549515, -0.002382249865242963, -0.0023180405250247736, -0.002249997791784258, -0.0021743942523719784, -0.0020888551488716417, -0.0019925608088904234, -0.0018862734663947194],
    "scf_converged": [true, true, true, true, true, true, true, true, true, true, true, true, true, true, true, true, true],
    "cc_converged": [true, true, true, true, true, true, true, true, true, true, true, true, true, true, true, true, true],
    "scf_spin_squared": [3.753230386467198, 3.7534652844856735, 3.7537520957739714, 3.7539940950484834, 3.7541342309824164, 3.7541383786677898, 3.754142368238274, 3.7541462006315505, 3.754149876841692, 3.7541942661984917, 3.7541709000680106, 3.7540997764206905, 3.7540067110975603, 3.753912259829957, 3.7538293781135756, 3.7537625503365044, 3.753708819251338],
    "cc_spin_squared": [3.750189246649561, 3.7501830328971346, 3.750173338922754, 3.750161223633339, 3.750149400056963, 3.750148888433526, 3.750148377535348, 3.7501478674118145, 3.7501473581103157, 3.750135954181883, 3.7501244166369343, 3.7501137911848703, 3.750103945956356, 3.7500946799754287, 3.7500857998220374, 3.750077222256275, 3.75006894941393]
}