{
    "schema_name": "pyscf_apdft_output",
    "provenance": {
        "creator": "PySCF",
        "version": "1.7.6"
    },
    "molecule": {
        "geometry": [[0.0, 0.0, 0.0], [1.2, 0.0, 0.0]],
        "symbols": [ "Be", "H" ]
    },
    "molecular_charge": -1,
    "molecular_multiplicity": 3,
    "name": "be.h.chrg-1.mult3.sep1.20-pyscf-uccsdt.ccpv5z",
    "atomic_numbers": [ 4, 1 ],
    "n_electrons": 6,
    "model": {
        "method": "UCCSD(T)",
        "basis": "cc-pV5Z",
        "scf_conv_tol": 1e-09,
        "scf_conv_tol_grad": 1e-06,
        "cc_conv_tol": 1e-05,
        "cc_conv_tol_normt": 1e-07
    },
    "broken_symmetry": false,
    "finite_diff_delta": 0.01,
    "finite_diff_acc": 2,
    "apdft_lambdas": [-0.02, -0.01, 0.0, 0.01, 0.02, 0.25, 0.5, 0.75, 1.0, 1.25, 1.5, 1.75, 2.0, 2.25, 2.5, 2.75, 3.0],
    "electronic_energies": [-15.034941852816464, -15.120935368397644, -15.207195469540865, -15.293722443569415, -15.380516572359632, -17.451058355838292, -19.864396774214466, -22.447347527355536, -25.198830610855687, -28.117413248396737, -31.20124517487451, -34.44788437056702, -37.854222647706855, -41.41649954693323, -45.13036342316594, -48.990926012097454, -52.992765227857774],
    "apdft_energies": {
        "0": [-15.207195469540862, -15.207195469540862, -15.207195469540862, -15.207195469540862, -15.207195469540862, -15.207195469540862, -15.207195469540862, -15.207195469540862, -15.207195469540862, -15.207195469540862, -15.207195469540862, -15.207195469540862, -15.207195469540862, -15.207195469540862, -15.207195469540862, -15.207195469540862, -15.207195469540862],
        "1": [-15.034408394369091, -15.120801931954976, -15.207195469540862, -15.293589007126748, -15.379982544712632, -17.367033909187995, -19.526872348835127, -21.68671078848226, -23.84654922812939, -26.006387667776522, -28.166226107423658, -30.326064547070793, -32.485902986717925, -34.645741426365056, -36.80557986601219, -38.96541830565932, -41.12525674530645],
        "2": [-15.034942140139762, -15.120935368397644, -15.207195469540862, -15.293722443569415, -15.380516290483303, -17.45043168585532, -19.860463455504433, -22.437290778488197, -25.180913654806616, -28.09133208445969, -31.168546067447416, -34.412555603769796, -37.82336069342683, -41.40096133641851, -45.14535753274485, -49.05654928240584, -53.13453658540149],
        "3": [-15.034941760673345, -15.120935320964342, -15.207195469540862, -15.293722491002717, -15.38051666994972, -17.451172831201806, -19.8663926182763, -22.457301702843253, -25.228346956981554, -28.183975252770114, -31.328633462287833, -34.6667684576136, -38.20282711082633, -41.94125629400491, -45.886502879228246, -50.04301373857524, -54.4152357441248],
        "4": [-15.034941757042029, -15.120935320737384, -15.207195469540862, -15.29372249077576, -15.380516666318405, -17.451084176047985, -19.86497413581518, -22.45012063538383, -25.20565123760363, -28.128565781632602, -31.21373638293708, -34.453907433291725, -37.83969560077951, -41.35958982979173, -44.99995134102801, -48.74501363149627, -52.576882474512786]
    },
    "apdft_poly_coeff": [ -15.207195469540862, -8.63935375858853, -1.3343644266772259, -0.047433302174937346, 0.0226957193779261 ],
    "hf_energies": [-14.94793448120863, -15.033834240838292, -15.120000793327696, -15.20643449232126, -15.293135685997795, -17.361760686205017, -19.77364172684312, -22.35544369952823, -25.105751291267552, -28.023024022338987, -31.1054447309371, -34.35069510685586, -37.75582959457491, -41.317224881766094, -45.03059390014074, -48.89102997410969, -52.89303414812823],
    "triples_corrections": [-0.0013586525284092373, -0.0013663051982855394, -0.0013738960306971307, -0.0013814208102292226, -0.0013888753639076839, -0.001533566094864612, -0.0016307271568588625, -0.001699968506343074, -0.0017655984269709056, -0.001830749075416748, -0.00188895755445599, -0.0019299903782446389, -0.00194418776455584, -0.0019256183392355073, -0.0018729120012945298, -0.0017887534934412676, -0.001679194079028231],
    "scf_converged": [true, true, true, true, true, true, true, true, true, true, true, true, true, true, true, true, true],
    "cc_converged": [true, true, true, true, true, true, true, true, true, true, true, true, true, true, true, true, true],
    "scf_spin_squared": [2.0008606672352167, 2.000879223575004, 2.000898323775863, 2.0009179630440705, 2.00093813494558, 2.0015085206028465, 2.002101422819462, 2.002474229024481, 2.002725225998468, 2.002993752269984, 2.0033699856338893, 2.0038420063701325, 2.00427088396767, 2.0044856539603306, 2.004443657083705, 2.0042646994031497, 2.004102132009859],
    "cc_spin_squared": [2.0000991254522367, 2.00010016121329, 2.0001012024876585, 2.000102248251869, 2.000103297465208, 2.0001259899365564, 2.000141206211784, 2.0001473057112387, 2.0001492164851937, 2.0001492908745355, 2.0001479336186394, 2.0001447488861523, 2.0001389867599215, 2.000129834772194, 2.000116930240305, 2.000100991389809, 2.000083848419907]
}