{
    "schema_name": "pyscf_apdft_output",
    "provenance": {
        "creator": "PySCF",
        "version": "1.7.6"
    },
    "molecule": {
        "geometry": [[0.0, 0.0, 0.0], [0.9, 0.0, 0.0]],
        "symbols": [ "F", "H" ]
    },
    "molecular_charge": 0,
    "molecular_multiplicity": 1,
    "name": "f.h.chrg0.mult1.sep0.90-pyscf-ccsdt.ccpv5z",
    "atomic_numbers": [ 9, 1 ],
    "n_electrons": 10,
    "model": {
        "method": "CCSD(T)",
        "basis": "cc-pV5Z",
        "scf_conv_tol": 1e-09,
        "scf_conv_tol_grad": 1e-06,
        "cc_conv_tol": 1e-05,
        "cc_conv_tol_normt": 1e-07
    },
    "broken_symmetry": false,
    "finite_diff_delta": 0.01,
    "finite_diff_acc": 2,
    "apdft_lambdas": [-1.0, -0.75, -0.5, -0.25, -0.02, -0.01, 0.0, 0.01, 0.02, 0.25, 0.5, 0.75, 1.0],
    "electronic_energies": [-75.75386260896968, -81.56467998475814, -87.61173701226966, -93.89755325630854, -99.8931263705728, -100.15844699025035, -100.42415536729239, -100.69025159109873, -100.95673575017281, -107.19313196436151, -114.20571068022946, -121.46281356594876, -128.96506795420848],
    "apdft_energies": {
        "0": [-100.42415536727093, -100.42415536727093, -100.42415536727093, -100.42415536727093, -100.42415536727093, -100.42415536727093, -100.42415536727093, -100.42415536727093, -100.42415536727093, -100.42415536727093, -100.42415536727093, -100.42415536727093, -100.42415536727093],
        "1": [-73.83392532485219, -80.48148283545687, -87.12904034606156, -93.77659785666624, -99.89235076642255, -100.15825306684674, -100.42415536727093, -100.69005766769511, -100.9559599681193, -107.07171287787561, -113.7192703884803, -120.36682789908498, -127.01438540968967],
        "2": [-75.77315936099568, -81.57230198078759, -87.61384885509743, -93.89779998392521, -99.89312646003701, -100.15844699025035, -100.42415536727093, -100.69025159109873, -100.95673566173376, -107.19291500513458, -114.20407889751617, -121.4576470444157, -128.95361944583317],
        "3": [-75.75833408931872, -81.56604756929887, -87.61199569613781, -93.89756833905525, -99.89312634143484, -100.15844697542508, -100.42415536727093, -100.690251605924, -100.95673578033593, -107.19314665000454, -114.20593205647579, -121.4639014559044, -128.96844471751012],
        "4": [-75.75406248402702, -81.56469600668704, -87.61172872080708, -93.89755165309708, -99.89312634075138, -100.15844697538236, -100.42415536727093, -100.69025160588129, -100.95673577965248, -107.19312996404636, -114.20566508114506, -121.46254989329259, -128.96417311221842]
    },
    "apdft_poly_coeff": [ -100.42415536727093, -26.59023004241874, -1.939234036143489, -0.014825271676954797, 0.004271605291705782 ],
    "hf_energies": [-75.40481802126435, -81.21317202610119, -87.25886478348542, -93.54416429707932, -99.5398520172819, -99.8051889313521, -100.07091450240607, -100.33702881579075, -100.60353195609433, -106.84060386772472, -113.85441774906195, -121.11325589871944, -128.617714298582],
    "triples_corrections": [-0.011189994852938505, -0.010650801431646647, -0.01000444008310518, -0.009311947882098338, -0.008676224130344034, -0.008649027644632538, -0.008621879662452706, -0.008594781213074599, -0.008567733283858578, -0.007961180955032168, -0.007338336566018958, -0.0067518581122162176, -0.006197854989341412],
    "scf_converged": [true, true, true, true, true, true, true, true, true, true, true, true, true],
    "cc_converged": [true, true, true, true, true, true, true, true, true, true, true, true, true],
    "t1_diagnostic": [0.007975291132596249, 0.00814959135904792, 0.008043554751409894, 0.007666510690016152, 0.007166538308914988, 0.007142985226507931, 0.007119341933275868, 0.007095615363983757, 0.007071812193162358, 0.00651686661420845, 0.005939877509622102, 0.005421023753781523, 0.004956776444821601]
}