{
    "schema_name": "pyscf_apdft_output",
    "provenance": {
        "creator": "PySCF",
        "version": "1.7.6"
    },
    "molecule": {
        "geometry": [[0.0, 0.0, 0.0], [1.0, 0.0, 0.0]],
        "symbols": [ "N", "H" ]
    },
    "molecular_charge": 2,
    "molecular_multiplicity": 3,
    "name": "n.h.chrg2.mult3.sep1.00-pyscf-uccsdt.ccpv5z",
    "atomic_numbers": [ 7, 1 ],
    "n_electrons": 6,
    "model": {
        "method": "UCCSD(T)",
        "basis": "cc-pV5Z",
        "scf_conv_tol": 1e-09,
        "scf_conv_tol_grad": 1e-06,
        "cc_conv_tol": 1e-05,
        "cc_conv_tol_normt": 1e-07
    },
    "broken_symmetry": false,
    "finite_diff_delta": 0.01,
    "finite_diff_acc": 2,
    "apdft_lambdas": [-3.0, -2.75, -2.5, -2.25, -2.0, -1.75, -1.5, -1.25, -1.0, -0.75, -0.5, -0.25, -0.02, -0.01, 0.0, 0.01, 0.02],
    "electronic_energies": [-15.122575990228643, -17.39765497686031, -19.834342604297767, -22.43608220906191, -25.206010400376922, -28.146793409093977, -31.260635370346165, -34.54943491685241, -38.01497056098456, -41.65901215012334, -45.48333520500351, -49.48966391979216, -53.33759278723473, -53.508435731118304, -53.679574483207766, -53.85100911764407, -54.02273970758663],
    "apdft_energies": {
        "0": [-53.67957448320773, -53.67957448320773, -53.67957448320773, -53.67957448320773, -53.67957448320773, -53.67957448320773, -53.67957448320773, -53.67957448320773, -53.67957448320773, -53.67957448320773, -53.67957448320773, -53.67957448320773, -53.67957448320773, -53.67957448320773, -53.67957448320773, -53.67957448320773, -53.67957448320773],
        "1": [-2.2935665043431186, -6.575733835915173, -10.85790116748722, -15.140068499059268, -19.422235830631323, -23.704403162203374, -27.986570493775424, -32.26873782534747, -36.55090515691953, -40.83307248849158, -45.11523982006363, -49.397407151635676, -53.337001096681966, -53.508287789944845, -53.67957448320773, -53.850861176470616, -54.022147869733494],
        "2": [-15.608272115359227, -17.763785078505094, -20.10422450847063, -22.629590405255833, -25.339882768860704, -28.235101599285244, -31.31524689652945, -34.58031866059333, -38.03031689147687, -41.665241589180084, -45.485092753702965, -49.48987038504551, -53.33759286137579, -53.508435731118304, -53.67957448320773, -53.85100911764407, -54.02273963442732],
        "3": [-15.27684628457962, -17.508502797968255, -19.912427152695393, -22.489770132895686, -25.241682522703783, -28.169315106254338, -31.273818667682, -34.55634399112142, -38.01804186070726, -41.66006306057415, -45.48355837485676, -49.48967858768974, -53.33759276317554, -53.50843571884327, -53.67957448320773, -53.8510091299191, -54.022739732627564],
        "4": [-14.94551771999511, -17.274562717235142, -19.752642929805482, -22.384935704257618, -25.176234905008076, -28.13095091433847, -31.25311063239547, -34.5463574771908, -38.01395138460128, -41.65876880836875, -45.48330272010014, -49.48966260926745, -53.33759276252107, -53.50843571880237, -53.67957448320773, -53.85100912987819, -54.02273973197309]
    },
    "apdft_poly_coeff": [ -53.67957448320773, -17.128669326288204, -1.4794117345573454, -0.012275030769615112, 0.004090476105981604 ],
    "hf_energies": [-15.020184209333179, -17.2935926792589, -19.728392735327432, -22.328198934251354, -25.096241595187585, -28.03518378403541, -31.147172631337416, -34.434061020807725, -37.897630631216664, -41.539703083895795, -45.362131667324704, -49.36671732760091, -53.213224782522744, -53.38401033262638, -53.555092069599695, -53.726470068526474, -53.89814440344793],
    "triples_corrections": [-0.0012309525160560193, -0.0012999399046826046, -0.0013782819610662874, -0.0014552365400272039, -0.0015239597594482448, -0.001583278336383888, -0.0016356593261825354, -0.0016832914251064975, -0.001725805506048403, -0.001760532122230223, -0.001784019656189287, -0.0017935239395899796, -0.0017889261091439687, -0.0017884391826066195, -0.0017879289574968575, -0.0017873955359699793, -0.00178683902413449],
    "scf_converged": [true, true, true, true, true, true, true, true, true, true, true, true, true, true, true, true, true],
    "cc_converged": [true, true, true, true, true, true, true, true, true, true, true, true, true, true, true, true, true],
    "scf_spin_squared": [2.002338530089085, 2.0022119447663465, 2.0021886564726437, 2.002245593813223, 2.0023465970592382, 2.002455212932991, 2.0025512472615894, 2.002634798672736, 2.0027159501382674, 2.0028011845209397, 2.0028871050732637, 2.002964209364966, 2.0030209316017835, 2.003023051234045, 2.0030251422033505, 2.003027204591424, 2.0030292384885073],
    "cc_spin_squared": [2.000087404997477, 2.0000835564638377, 2.0000842553755698, 2.0000867887381237, 2.000089036751019, 2.000089800353613, 2.000088803845428, 2.0000863213708797, 2.0000827405148165, 2.000078328172364, 2.0000732066587927, 2.0000674476198013, 2.0000616906215956, 2.0000614329092907, 2.0000611747231543, 2.000060916082335, 2.000060657006264]
}