{
    "schema_name": "pyscf_qa_output",
    "provenance": {
        "creator": "PySCF",
        "version": "1.7.6"
    },
    "molecule": {
        "geometry": [[0.0, 0.0, 0.0], [1.5, 0.0, 0.0]],
        "symbols": [ "O", "H" ]
    },
    "molecular_charge": 0,
    "molecular_multiplicity": 4,
    "name": "o.h.chrg0.mult4.sep1.50-pyscf-uccsdt.ccpv5z",
    "atomic_numbers": [ 8, 1 ],
    "n_electrons": 9,
    "model": {
        "method": "UCCSD(T)",
        "basis": "cc-pV5Z",
        "scf_conv_tol": 1e-09,
        "scf_conv_tol_grad": 1e-06,
        "cc_conv_tol": 1e-05,
        "cc_conv_tol_normt": 1e-07
    },
    "broken_symmetry": false,
    "finite_diff_delta": 0.01,
    "finite_diff_acc": 2,
    "qa_lambdas": [-1.0, -0.75, -0.5, -0.25, -0.02, -0.01, 0.0, 0.01, 0.02, 0.25, 0.5, 0.75, 1.0, 1.25, 1.5, 1.75, 2.0],
    "electronic_energies": [-55.096787166677764, -59.866901605177866, -64.85786057030587, -70.07215429213143, -75.06741755633182, -75.28890938232652, -75.51075978147307, -75.73296870456404, -75.95553610068637, -81.17338655377601, -87.05903869249995, -93.16643563077326, -99.49418617689808, -106.04080796602499, -112.80468692412151, -119.7840315377214, -126.97684254075777],
    "qats_energies": {
        "0": [-75.51075978147304, -75.51075978147304, -75.51075978147304, -75.51075978147304, -75.51075978147304, -75.51075978147304, -75.51075978147304, -75.51075978147304, -75.51075978147304, -75.51075978147304, -75.51075978147304, -75.51075978147304, -75.51075978147304, -75.51075978147304, -75.51075978147304, -75.51075978147304, -75.51075978147304],
        "1": [-53.307793669596975, -58.85853519756599, -64.40927672553501, -69.96001825350402, -75.06670045923552, -75.28873012035427, -75.51075978147304, -75.73278944259181, -75.95481910371056, -81.06150130944206, -86.61224283741107, -92.16298436538008, -97.7137258933491, -103.26446742131813, -108.81520894928714, -114.36595047725615, -119.91669200522517],
        "2": [-55.1004133920197, -59.866883791428776, -64.85743165614069, -70.07205698615545, -75.06741750712449, -75.28890938232652, -75.51075978147304, -75.73296870456404, -75.95553615159953, -81.17354004209348, -87.06039776801676, -93.17133295924287, -99.50634561577183, -106.06543573760364, -112.84860332473828, -119.85584837717576, -127.08717089491608],
        "3": [-55.108756766011396, -59.87040365233152, -64.85847457788965, -70.07218735137407, -75.06741757387148, -75.2889093906699, -75.51075978147304, -75.73296869622067, -75.95553608485254, -81.17340967687485, -87.0593548462678, -93.16781309834013, -99.49800224178014, -106.04914008527611, -112.82044443751631, -119.81113310718904, -127.02042390298254],
        "4": [-55.101649029389904, -59.868154720041126, -64.85803034435081, -70.07215958677789, -75.06741757273424, -75.28890939059882, -75.51075978147304, -75.7329686961496, -75.9555360837153, -81.17338191227869, -87.05891061272895, -93.16556416604973, -99.49089450515865, -106.03178721266505, -112.78446152087001, -119.74447031176636, -126.90670011703867]
    },
    "qats_poly_coeffs": [ -75.51075978147304, -22.202966111876066, -1.792619722422728, 0.008343373991692713, 0.007107736621492222 ],
    "hf_energies": [-54.866625221251475, -59.63421558170355, -64.62537736511351, -69.84186125200914, -74.83976604239356, -75.06137463908658, -75.28334166316075, -75.50566703912416, -75.72835069117875, -80.94878125068493, -86.83696956831606, -92.94665307712455, -99.27653125447267, -105.82520631460616, -112.59112613120942, -119.57253983101982, -126.76747214690687],
    "triples_corrections": [-0.006819595722591741, -0.006481890665866378, -0.006028513354270597, -0.005452101297188638, -0.004885788332434125, -0.004861755699223842, -0.004837816553106622, -0.004813974952044157, -0.004790234760711216, -0.0042784558928593095, -0.0038067826764043994, -0.0034171634588893935, -0.003093164496929396, -0.0028194744923618156, -0.0025845544184623453, -0.0023802137608450445, -0.0022006849858826013],
    "scf_converged": [true, true, true, true, true, true, true, true, true, true, true, true, true, true, true, true, true],
    "cc_converged": [true, true, true, true, true, true, true, true, true, true, true, true, true, true, true, true, true],
    "scf_spin_squared": [3.7925849869861463, 3.77431295618283, 3.767889063669401, 3.7642130238378178, 3.7614003716579476, 3.761292308355837, 3.7611855104123824, 3.761079980073041, 3.760975718533522, 3.7589179892710516, 3.757319476395573, 3.7561930136154347, 3.755375060664222, 3.754756858365109, 3.754270756472637, 3.753875245559629, 3.7535445080962537],
    "cc_spin_squared": [3.7511032619982636, 3.7507597122127736, 3.750502643123465, 3.750360176322496, 3.7502702782620716, 3.750266854057232, 3.7502634679185594, 3.7502601172026964, 3.750256803103352, 3.7501906286904725, 3.7501392099901634, 3.7501045325718514, 3.750081130884818, 3.7500649034868285, 3.750053231308125, 3.7500445301759027, 3.7500378450253695]
}