{
    "schema_name": "pyscf_apdft_output",
    "provenance": {
        "creator": "PySCF",
        "version": "1.7.6"
    },
    "molecule": {
        "geometry": [[0.0, 0.0, 0.0], [1.4, 0.0, 0.0]],
        "symbols": [ "O", "H" ]
    },
    "molecular_charge": 2,
    "molecular_multiplicity": 2,
    "name": "o.h.chrg2.mult2.sep1.40-pyscf-uccsdt.ccpv5z",
    "atomic_numbers": [ 8, 1 ],
    "n_electrons": 7,
    "model": {
        "method": "UCCSD(T)",
        "basis": "cc-pV5Z",
        "scf_conv_tol": 1e-09,
        "scf_conv_tol_grad": 1e-06,
        "cc_conv_tol": 1e-05,
        "cc_conv_tol_normt": 1e-07
    },
    "broken_symmetry": false,
    "finite_diff_delta": 0.01,
    "finite_diff_acc": 2,
    "apdft_lambdas": [-3.0, -2.75, -2.5, -2.25, -2.0, -1.75, -1.5, -1.25, -1.0, -0.75, -0.5, -0.25, -0.02, -0.01, 0.0, 0.01, 0.02],
    "electronic_energies": [-25.22360654444073, -28.25524415477521, -31.465325915363504, -34.85765379296785, -38.435789037468524, -42.20299097915226, -46.1622613040553, -50.31648225146597, -54.66859889609759, -59.22173126035368, -63.97901147627101, -68.94304476368015, -73.69383832148637, -73.90439784910848, -74.11529088177559, -74.32651738809267, -74.53807733400733],
    "apdft_energies": {
        "0": [-74.11529088177554, -74.11529088177554, -74.11529088177554, -74.11529088177554, -74.11529088177554, -74.11529088177554, -74.11529088177554, -74.11529088177554, -74.11529088177554, -74.11529088177554, -74.11529088177554, -74.11529088177554, -74.11529088177554, -74.11529088177554, -74.11529088177554, -74.11529088177554, -74.11529088177554],
        "1": [-10.797360034146891, -16.073854271449278, -21.350348508751665, -26.626842746054052, -31.90333698335644, -37.179831220658826, -42.45632545796121, -47.7328196952636, -53.00931393256599, -58.285808169868375, -63.56230240717076, -68.83879664447315, -73.69317134279135, -73.90423111228344, -74.11529088177554, -74.32635065126763, -74.53741042075973],
        "2": [-25.80367428744546, -28.683326664845993, -31.77140007354234, -35.0678945135345, -38.57280998482247, -42.286146487406256, -46.207904021285856, -50.33808258646127, -54.676682182932495, -59.223702810699535, -63.97914446976239, -68.94300716012106, -73.69383829009149, -73.90439784910848, -74.11529088177554, -74.32651738809267, -74.53807736805987],
        "3": [-25.950930990277016, -28.79675182194599, -31.856618072866155, -35.13001843504156, -38.616441600476264, -42.31537626117432, -46.2263111091398, -50.34873483637675, -54.68213613488922, -59.226003696681275, -63.97982621375698, -68.94309237812038, -73.69383833372311, -73.90439785456243, -74.11529088177554, -74.32651738263871, -74.53807732442826],
        "4": [-25.0539812757753, -28.163445457651065, -31.424061304684386, -34.8462179394375, -38.43926634822901, -42.21151938113388, -46.17025175198344, -50.321700038365385, -54.671062681623766, -59.222499986859006, -63.97913412292789, -68.94304912244357, -73.69383833195135, -73.9043978544517, -74.11529088177554, -74.32651738252798, -74.5380773226565]
    },
    "apdft_poly_coeff": [ -74.11529088177554, -21.10597694920955, -1.6673682503665077, 0.005453951956724267, 0.011073453265453281 ],
    "hf_energies": [-25.063045716533004, -28.08881543573389, -31.29294984093873, -34.679359958449126, -38.25176875371799, -42.01372373172296, -45.968607418206155, -50.119613131642026, -54.46988088183241, -59.02253301372693, -63.780242381509645, -68.7448170828213, -73.49565949765844, -73.70620745625031, -73.91708773375294, -74.12830029975432, -74.33984512202198],
    "triples_corrections": [-0.003954227317183424, -0.004212508133314531, -0.004455663548368267, -0.004664948491424077, -0.004825752846913727, -0.004926741534258724, -0.004958229265922364, -0.004913502662537922, -0.004801918802859733, -0.004654382000397671, -0.004521454426550143, -0.004476392079294117, -0.004571906242323369, -0.004579568221236458, -0.004587532095102752, -0.004595798183943394, -0.004604366690425349],
    "scf_converged": [true, true, true, true, true, true, true, true, true, true, true, true, true, true, true, true, true],
    "cc_converged": [true, true, true, true, true, true, true, true, true, true, true, true, true, true, true, true, true],
    "scf_spin_squared": [0.7644005863917895, 0.7626232737820517, 0.7617476916776416, 0.7623003961147501, 0.7657460406583483, 0.7739467996047065, 0.7846047807189755, 0.7881176088241135, 0.7802185764717033, 0.7691728316791808, 0.7617137678945136, 0.757743526429894, 0.755788663406459, 0.7557259467623609, 0.7556646592207255, 0.7556047592745334, 0.7555462067032579],
    "cc_spin_squared": [0.7502277853234585, 0.750224757112719, 0.7502364414118907, 0.7502662466715397, 0.7503203777834502, 0.7503989822645318, 0.7504746870262047, 0.750489200327149, 0.7504183825394459, 0.7503077179770885, 0.7502099515739935, 0.7501429391850432, 0.7501054752435776, 0.750104247999059, 0.7501030487251283, 0.7501018767960543, 0.7501007315936106]
}