{
    "schema_name": "pyscf_qa_output",
    "provenance": {
        "creator": "PySCF",
        "version": "1.7.6"
    },
    "molecule": {
        "geometry": [[0.0, 0.0, 0.0], [0.6, 0.0, 0.0]],
        "symbols": [ "O", "H" ]
    },
    "molecular_charge": -1,
    "molecular_multiplicity": 3,
    "name": "o.h.chrg-1.mult3.sep0.60-pyscf-uccsdt.ccpv5z",
    "atomic_numbers": [ 8, 1 ],
    "n_electrons": 10,
    "model": {
        "method": "UCCSD(T)",
        "basis": "cc-pV5Z",
        "scf_conv_tol": 1e-09,
        "scf_conv_tol_grad": 1e-06,
        "cc_conv_tol": 1e-05,
        "cc_conv_tol_normt": 1e-07
    },
    "broken_symmetry": false,
    "finite_diff_delta": 0.01,
    "finite_diff_acc": 2,
    "qa_lambdas": [-0.02, -0.01, 0.0, 0.01, 0.02, 0.25, 0.5, 0.75, 1.0, 1.25, 1.5, 1.75, 2.0],
    "electronic_energies": [-74.82268265024553, -75.04805121812521, -75.27377882441665, -75.49986552307902, -75.72631136734499, -81.03380637229407, -87.01903114271951, -93.23019597701862, -99.66808901843993, -106.3335275737792, -113.2272561155298, -120.3497777316217, -127.70116356403244],
    "qats_energies": {
        "0": [-75.27377882441661, -75.27377882441661, -75.27377882441661, -75.27377882441661, -75.27377882441661, -75.27377882441661, -75.27377882441661, -75.27377882441661, -75.27377882441661, -75.27377882441661, -75.27377882441661, -75.27377882441661, -75.27377882441661],
        "1": [-74.8219645194628, -75.0478716719397, -75.27377882441661, -75.49968597689352, -75.72559312937042, -80.92145763633928, -86.56913644826196, -92.21681526018463, -97.8644940721073, -103.51217288402998, -109.15985169595265, -114.80753050787533, -120.455209319798],
        "2": [-74.82268270420482, -75.04805121812521, -75.27377882441661, -75.49986552307902, -75.72631131411245, -81.033674002281, -87.01800191202884, -93.22676255366011, -99.65995592717482, -106.31758203257297, -113.19964086985456, -120.30613243901959, -127.63705674006806],
        "3": [-74.8226826327436, -75.04805120919255, -75.27377882441661, -75.49986553201168, -75.72631138557368, -81.03381357498625, -87.0191184936708, -93.23053101670173, -99.66888858031051, -106.33502862072862, -113.22978857418752, -120.35400587691869, -127.70851796515359],
        "4": [-74.82268263225909, -75.04805120916228, -75.27377882441661, -75.4998655319814, -75.72631138508916, -81.03380174602252, -87.01892923025105, -93.22957287063923, -99.6658603655945, -106.32763551839459, -113.21445823718767, -120.32560453499227, -127.66006652969727]
    },
    "qats_poly_coeffs": [ -75.27377882441661, -22.590715247690696, -1.795461855067515, -0.00893265313569221, 0.0030282147160202535 ],
    "hf_energies": [-74.54307801877584, -74.76846345726719, -74.99420797727952, -75.22031162322838, -75.44677443931117, -80.7546499708782, -86.74022644263383, -92.95166213483392, -99.3897661672286, -106.05540357919095, -112.9493961025529, -120.0723534331049, -127.42446582813164],
    "triples_corrections": [-0.006307635105731295, -0.006285584118144914, -0.0062636404957080935, -0.006241805373685808, -0.006220079651312398, -0.005752072340061154, -0.005312428679057836, -0.0049372172911660945, -0.004614814558739291, -0.00433337207023176, -0.004081632186713146, -0.003849252532269409, -0.003627751947217853],
    "scf_converged": [true, true, true, true, true, true, true, true, true, true, true, true, true],
    "cc_converged": [true, true, true, true, true, true, true, true, true, true, true, true, true],
    "scf_spin_squared": [2.004459573353151, 2.0044442779304474, 2.0044290861445258, 2.00441399638211, 2.004399008373966, 2.004078974862698, 2.003775559246945, 2.0035089350022446, 2.0032728397060433, 2.0030624356441127, 2.00287339408328, 2.002701443017389, 2.0025425072801166],
    "cc_spin_squared": [2.0001156477360267, 2.0001147146207945, 2.000113791521026, 2.0001128783281783, 2.0001119748549936, 2.000093667031274, 2.000078243261977, 2.0000663248910047, 2.0000570148731915, 2.000049634625139, 2.0000436832054214, 2.0000387821077115, 2.0000346402542797]
}