{
    "schema_name": "pyscf_apdft_output",
    "provenance": {
        "creator": "PySCF",
        "version": "1.7.6"
    },
    "molecule": {
        "geometry": [[0.0, 0.0, 0.0], [1.0, 0.0, 0.0]],
        "symbols": [ "N", "H" ]
    },
    "molecular_charge": 0,
    "molecular_multiplicity": 1,
    "name": "n.h.chrg0.mult1.sep1.00-pyscf-ccsdt.ccpv5z",
    "atomic_numbers": [ 7, 1 ],
    "n_electrons": 8,
    "model": {
        "method": "CCSD(T)",
        "basis": "cc-pV5Z",
        "scf_conv_tol": 1e-09,
        "scf_conv_tol_grad": 1e-06,
        "cc_conv_tol": 1e-05,
        "cc_conv_tol_normt": 1e-07
    },
    "broken_symmetry": false,
    "finite_diff_delta": 0.01,
    "finite_diff_acc": 2,
    "apdft_lambdas": [-1.0, -0.75, -0.5, -0.25, -0.02, -0.01, 0.0, 0.01, 0.02, 0.25, 0.5, 0.75, 1.0, 1.25, 1.5, 1.75, 2.0],
    "electronic_energies": [-38.431635564062084, -42.30138535569088, -46.3716771847434, -50.64529560660696, -54.75843592323701, -54.941233068502164, -55.124361400462895, -55.307821005149385, -55.49161196765775, -59.8104419036057, -64.70472881134006, -69.80815974659552, -75.12144277544955, -80.64500080475423, -86.37887279165116, -92.32260226499378, -98.47513852753457],
    "apdft_energies": {
        "0": [-55.12436140046293, -55.12436140046293, -55.12436140046293, -55.12436140046293, -55.12436140046293, -55.12436140046293, -55.12436140046293, -55.12436140046293, -55.12436140046293, -55.12436140046293, -55.12436140046293, -55.12436140046293, -55.12436140046293, -55.12436140046293, -55.12436140046293, -55.12436140046293, -55.12436140046293],
        "1": [-36.794964568101875, -41.37731377619214, -45.9596629842824, -50.54201219237267, -54.75777346381571, -54.94106743213932, -55.12436140046293, -55.30765536878654, -55.49094933711015, -59.706710608553195, -64.28905981664346, -68.87140902473372, -73.45375823282399, -78.03610744091425, -82.61845664900451, -87.20080585709478, -91.78315506518504],
        "2": [-38.45132819654356, -42.309018317190585, -46.37375389139282, -50.64553491915027, -54.758436009267086, -54.941233068502164, -55.12436140046293, -55.307821005149385, -55.49161188256153, -59.8102333353308, -64.70315072375388, -69.80311356573216, -75.11012186126567, -80.62417561035437, -86.3452748129983, -92.27341946919742, -98.40860957895177],
        "3": [-38.437067671930535, -42.303002158369466, -46.3719713258162, -50.645312098453196, -54.75843589518289, -54.94123305424164, -55.12436140046293, -55.30782101940991, -55.49161199664572, -59.810456156027875, -64.70493328933051, -69.80912972455329, -75.12438238587869, -80.65202819748919, -86.39340408356726, -92.34984696829537, -98.52269377585597],
        "4": [-38.43317659187977, -42.301770996322155, -46.37172813331302, -50.64529689892174, -54.758435894560314, -54.941233054202726, -55.12436140046293, -55.307821019371, -55.49161199602315, -59.81044095649643, -64.70469009682733, -69.80789856250598, -75.12049130582794, -80.64252849033403, -86.3737054908103, -92.31335289328806, -98.46043649504384]
    },
    "apdft_poly_coeff": [ -55.12436140046293, -18.329396832361056, -1.6563636284416816, -0.014260524613026364, 0.003891080050758925 ],
    "hf_energies": [-38.20747409608739, -42.071304455967145, -46.13640803987373, -50.40539180647693, -54.51463800934947, -54.697273018786674, -54.8802398022467, -55.0635384461031, -55.24716903601323, -59.562477027896065, -64.45333276167648, -69.55381934697786, -74.86471126855878, -80.38645693719187, -86.11906534016207, -92.06200039647689, -98.21410413104313],
    "triples_corrections": [-0.008471703218500853, -0.008827067442077502, -0.009155978051789682, -0.009480135591304804, -0.009790892979301982, -0.009804800892356007, -0.009818743670071732, -0.009832721279555564, -0.009846733656936132, -0.01017800554849735, -0.010553006748364489, -0.010932944168912776, -0.011306038467277893, -0.011662253251980765, -0.011995159874935, -0.012302905466671486, -0.012587870119022774],
    "scf_converged": [true, true, true, true, true, true, true, true, true, true, true, true, true, true, true, true, true],
    "cc_converged": [true, true, true, true, true, true, true, true, true, true, true, true, true, true, true, true, true],
    "t1_diagnostic": [0.009035434257453364, 0.007703537929380209, 0.006978030911604661, 0.006582942873170456, 0.006294823530552865, 0.0062823342584662515, 0.006269820538630079, 0.006257280902247092, 0.006244714106156791, 0.005947949352725939, 0.005619705738887352, 0.005308481658951902, 0.0050227327979348885, 0.00474828495934736, 0.004460799870274868, 0.004145034955215713, 0.0038054144407652767]
}