{
    "schema_name": "pyscf_qa_output",
    "provenance": {
        "creator": "PySCF",
        "version": "1.7.6"
    },
    "molecule": {
        "geometry": [[0.0, 0.0, 0.0], [0.8, 0.0, 0.0]],
        "symbols": [ "C", "H" ]
    },
    "molecular_charge": -1,
    "molecular_multiplicity": 1,
    "name": "c.h.chrg-1.mult1.sep0.80-pyscf-ccsdt.ccpv5z",
    "atomic_numbers": [ 6, 1 ],
    "n_electrons": 8,
    "model": {
        "method": "CCSD(T)",
        "basis": "cc-pV5Z",
        "scf_conv_tol": 1e-09,
        "scf_conv_tol_grad": 1e-06,
        "cc_conv_tol": 1e-05,
        "cc_conv_tol_normt": 1e-07
    },
    "broken_symmetry": false,
    "finite_diff_delta": 0.01,
    "finite_diff_acc": 2,
    "qa_lambdas": [-0.02, -0.01, 0.0, 0.01, 0.02, 0.25, 0.5, 0.75, 1.0, 1.25, 1.5, 1.75, 2.0, 2.25, 2.5, 2.75, 3.0],
    "electronic_energies": [-38.04299391830993, -38.19329679018362, -38.343920522475806, -38.49486529074265, -38.646131267615516, -42.21425188859624, -46.2871973655195, -50.56353073766799, -55.043041156751386, -59.72497526950119, -64.60826471363018, -69.69155013600229, -74.97313054015581, -80.4509175840288, -86.1224111176664, -91.98469308083543, -98.03443216496325],
    "qats_energies": {
        "0": [-38.34392052247585, -38.34392052247585, -38.34392052247585, -38.34392052247585, -38.34392052247585, -38.34392052247585, -38.34392052247585, -38.34392052247585, -38.34392052247585, -38.34392052247585, -38.34392052247585, -38.34392052247585, -38.34392052247585, -38.34392052247585, -38.34392052247585, -38.34392052247585, -38.34392052247585],
        "1": [-38.04235202191681, -38.19313627219633, -38.34392052247585, -38.49470477275537, -38.645489023034884, -42.1135267794638, -45.88313303645174, -49.65273929343968, -53.42234555042763, -57.19195180741558, -60.96155806440352, -64.73116432139146, -68.50077057837942, -72.27037683536736, -76.0399830923553, -79.80958934934324, -83.57919560633118],
        "2": [-38.04299409386596, -38.19329679018362, -38.34392052247585, -38.49486529074265, -38.64613109498403, -42.213850521517614, -46.28442800466702, -50.55565297192407, -55.02752542328876, -59.70004535876109, -64.57321277834106, -69.64702768202866, -74.92149006982393, -80.39659994172682, -86.07235729773735, -91.94876213785554, -98.02581446208134],
        "3": [-38.042993861740946, -38.19329676116799, -38.34392052247585, -38.494865319758276, -38.64613132710904, -42.21430389067464, -46.28805495792327, -50.56789393916391, -55.05654104933875, -59.75671650338998, -64.67114051625978, -69.80253330289035, -75.15361507822386, -80.72710605720252, -86.52572645476849, -92.55219648586396, -98.80923636543113],
        "4": [-38.04299385979126, -38.193296761046135, -38.34392052247585, -38.494865319636425, -38.64613132515935, -42.2142562909033, -46.287293361581725, -50.56403835768482, -55.04435550787399, -59.72696664629828, -64.60945121259444, -69.68824625188688, -74.95864641478771, -80.41480395739669, -86.04972874130131, -91.85528823357666, -97.82220750678559]
    },
    "qats_poly_coeffs": [ -38.34392052247585, -15.07842502795178, -1.6051798728611288, -0.029015626049992225, 0.012185541464759808 ],
    "hf_energies": [-37.82279450712012, -37.97291776775776, -38.1233635794628, -38.27413209393064, -38.425223459458614, -41.98972127281174, -46.05933675608879, -50.332697787494084, -54.80947686029434, -59.488901408411174, -64.36991944037393, -69.45119830501811, -74.7310667983199, -80.20746424304633, -85.8779120465492, -91.73950406720662, -97.78890987386829],
    "triples_corrections": [-0.008471961671830733, -0.008478873346678614, -0.008485690902599149, -0.008492417784860401, -0.008499057551046173, -0.008637138878229794, -0.008796762369954856, -0.009010060618832593, -0.009286098754600054, -0.00961616340683323, -0.009989163324683768, -0.010395892697032847, -0.01082830402842843, -0.011279373882095082, -0.011742806121012, -0.012212967507940544, -0.01268444317318232],
    "scf_converged": [true, true, true, true, true, true, true, true, true, true, true, true, true, true, true, true, true],
    "cc_converged": [true, true, true, true, true, true, true, true, true, true, true, true, true, true, true, true, true],
    "t1_diagnostic": [0.009761994662037714, 0.009659362722934509, 0.009558725794407327, 0.009460083718174311, 0.009363433256517844, 0.007646245592172785, 0.006561870668006773, 0.005869277065552703, 0.0053641536055384674, 0.004962806280296797, 0.004625103813715235, 0.004330863486987556, 0.00407021247288025, 0.0038381194994931834, 0.0036310136195560156, 0.0034450409181937293, 0.00327576392097201]
}