{
    "schema_name": "pyscf_qa_output",
    "provenance": {
        "creator": "PySCF",
        "version": "1.7.6"
    },
    "molecule": {
        "geometry": [[0.0, 0.0, 0.0], [0.9, 0.0, 0.0]],
        "symbols": [ "F", "H" ]
    },
    "molecular_charge": 1,
    "molecular_multiplicity": 4,
    "name": "f.h.chrg1.mult4.sep0.90-pyscf-uccsdt.ccpv5z",
    "atomic_numbers": [ 9, 1 ],
    "n_electrons": 9,
    "model": {
        "method": "UCCSD(T)",
        "basis": "cc-pV5Z",
        "scf_conv_tol": 1e-09,
        "scf_conv_tol_grad": 1e-06,
        "cc_conv_tol": 1e-05,
        "cc_conv_tol_normt": 1e-07
    },
    "broken_symmetry": false,
    "finite_diff_delta": 0.01,
    "finite_diff_acc": 2,
    "qa_lambdas": [-2.0, -1.75, -1.5, -1.25, -1.0, -0.75, -0.5, -0.25, -0.02, -0.01, 0.0, 0.01, 0.02, 0.25, 0.5, 0.75, 1.0],
    "electronic_energies": [-55.0847495482846, -59.844884698067666, -64.8158956675589, -70.00081245746678, -75.40291403719002, -81.02559448702718, -86.87179442532653, -92.94328640138801, -98.72841758354488, -98.98427487830857, -99.24049264890088, -99.49707084693878, -99.75400940995243, -105.76293842571319, -112.50977153909575, -119.48001394635111, -126.67260806072049],
    "qats_energies": {
        "0": [-99.24049264890084, -99.24049264890084, -99.24049264890084, -99.24049264890084, -99.24049264890084, -99.24049264890084, -99.24049264890084, -99.24049264890084, -99.24049264890084, -99.24049264890084, -99.24049264890084, -99.24049264890084, -99.24049264890084, -99.24049264890084, -99.24049264890084, -99.24049264890084, -99.24049264890084],
        "1": [-47.96089578587936, -54.370845393757044, -60.78079500163473, -67.19074460951242, -73.6006942173901, -80.01064382526778, -86.42059343314547, -92.83054304102316, -98.72769668027063, -98.98409466458574, -99.24049264890084, -99.49689063321594, -99.75328861753106, -105.65044225677852, -112.06039186465621, -118.4703414725339, -124.88029108041158],
        "2": [-55.16944469929041, -59.88989065558738, -64.83560376542844, -70.0065840288136, -75.40283144574286, -81.02434601621621, -86.87112774023366, -92.9431766177952, -98.72841753516197, -98.98427487830857, -99.24049264890084, -99.49707084693878, -99.7540094724224, -105.76307583355057, -112.5109261717444, -119.48404366348232, -126.68242830876434],
        "3": [-55.24334661972548, -59.939399168691345, -64.86678113811199, -70.02462648985733, -75.41206918579725, -81.02824318780165, -86.87228245774045, -92.94332095748355, -98.72841760906388, -98.9842748875463, -99.24049264890084, -99.49707083770105, -99.75400939852048, -105.76293149386223, -112.50977145423761, -119.48014649189687, -126.67319056870996],
        "4": [-54.30421091718758, -59.388895061808164, -64.56963273223086, -69.88132575399644, -75.35337320438863, -81.00967141243409, -86.86861395890242, -92.94309167630618, -98.72841759967253, -98.98427488695935, -99.24049264890084, -99.49707083711408, -99.75400938912912, -105.76270221268484, -112.50610295539957, -119.46157471652931, -126.61449458730134]
    },
    "qats_poly_coeffs": [ -99.24049264890084, -25.63979843151074, -1.8021372283527626, 0.009237740054383417, 0.058695981408618536 ],
    "hf_energies": [-54.863299687815214, -59.620671475829525, -64.58926962853538, -69.77201867635526, -75.17222091965489, -80.7934544465843, -86.63890986822611, -92.7104398644937, -98.49616757710666, -98.75206023264869, -99.00831403816761, -99.2649289331768, -99.52190485658869, -105.53184819141595, -112.28004273220928, -119.25183500505969, -126.44612087263906],
    "triples_corrections": [-0.005052411248132859, -0.004919580310963631, -0.004761389405187708, -0.004588834262694491, -0.004400386536117656, -0.004184670298894441, -0.003934637796507423, -0.003662043219410859, -0.003410624334651908, -0.003399917552944938, -0.0033892365238483066, -0.0033785818940457266, -0.0033679551818908467, -0.0031320263199908958, -0.002896264938592957, -0.002682434858704968, -0.002489070044519169],
    "scf_converged": [true, true, true, true, true, true, true, true, true, true, true, true, true, true, true, true, true],
    "cc_converged": [true, true, true, true, true, true, true, true, true, true, true, true, true, true, true, true, true],
    "scf_spin_squared": [3.7633768268351915, 3.762326024095162, 3.7613497613180766, 3.7603283389564304, 3.7591799975919975, 3.7579290997250436, 3.7567307239378263, 3.755743600738702, 3.755050086211686, 3.755023981707967, 3.754998176248597, 3.754972665135668, 3.754947443691215, 3.754437139705879, 3.7539977690881927, 3.753638375950758, 3.7533346880158334],
    "cc_spin_squared": [3.750282092832971, 3.7502488325307626, 3.750219251742797, 3.7501928975224668, 3.750168687996532, 3.750145371573585, 3.750122487358566, 3.750101203136041, 3.7500843942689177, 3.7500837338260538, 3.7500830792877133, 3.7500824306389013, 3.750081788867293, 3.7500685560218674, 3.750057137084689, 3.750048121836145, 3.7500409205405956]
}