{
    "schema_name": "pyscf_qa_output",
    "provenance": {
        "creator": "PySCF",
        "version": "1.7.6"
    },
    "molecule": {
        "geometry": [[0.0, 0.0, 0.0], [0.8, 0.0, 0.0]],
        "symbols": [ "C", "H" ]
    },
    "molecular_charge": -1,
    "molecular_multiplicity": 3,
    "name": "c.h.chrg-1.mult3.sep0.80-pyscf-uccsdt.ccpv5z",
    "atomic_numbers": [ 6, 1 ],
    "n_electrons": 8,
    "model": {
        "method": "UCCSD(T)",
        "basis": "cc-pV5Z",
        "scf_conv_tol": 1e-09,
        "scf_conv_tol_grad": 1e-06,
        "cc_conv_tol": 1e-05,
        "cc_conv_tol_normt": 1e-07
    },
    "broken_symmetry": false,
    "finite_diff_delta": 0.01,
    "finite_diff_acc": 2,
    "qa_lambdas": [-0.02, -0.01, 0.0, 0.01, 0.02, 0.25, 0.5, 0.75, 1.0, 1.25, 1.5, 1.75, 2.0, 2.25, 2.5, 2.75, 3.0],
    "electronic_energies": [-38.08511523423049, -38.23566410912864, -38.38653520538807, -38.53772865872046, -38.6892446015981, -42.26337430877327, -46.34305582298718, -50.625969189325595, -55.11179299826014, -59.79980646827958, -64.68900106364758, -69.77806303697291, -75.065322503978, -80.54871339755113, -86.22575279618884, -92.09353568638994, -98.14874021404096],
    "qats_energies": {
        "0": [-38.38653520538804, -38.38653520538804, -38.38653520538804, -38.38653520538804, -38.38653520538804, -38.38653520538804, -38.38653520538804, -38.38653520538804, -38.38653520538804, -38.38653520538804, -38.38653520538804, -38.38653520538804, -38.38653520538804, -38.38653520538804, -38.38653520538804, -38.38653520538804, -38.38653520538804],
        "1": [-38.084470655796224, -38.23550293059213, -38.38653520538804, -38.53756748018395, -38.68859975497986, -42.16234207528578, -45.938148945183514, -49.71395581508125, -53.489762684978984, -57.26556955487672, -61.041376424774455, -64.81718329467219, -68.59299016456993, -72.36879703446766, -76.1446039043654, -79.92041077426313, -83.69621764416087],
        "2": [-38.08511536994226, -38.23566410912864, -38.38653520538804, -38.53772865872046, -38.689244469125896, -42.26307866060362, -46.34109528645487, -50.62058508294181, -55.10154805006442, -59.78398418782272, -64.66789349621669, -69.75327597524634, -75.04013162491168, -80.52846044521269, -86.21826243614939, -92.10953759772175, -98.20228592992981],
        "3": [-38.085115191152944, -38.23566408677998, -38.38653520538804, -38.537728681069126, -38.68924464791521, -42.26342785847794, -46.34388886944944, -50.630013425548455, -55.123896714020916, -59.82763392211274, -64.74332023706984, -69.87305084613814, -75.21892093656359, -80.78302569559206, -86.56746031046951, -92.57431996844184, -98.80569985675498],
        "4": [-38.085115188993235, -38.235664086644995, -38.38653520538804, -38.537728680934144, -38.6892446457555, -42.26337513121094, -46.343045233177484, -50.62574251692169, -55.11039853366968, -59.7946793802396, -64.67498569904171, -69.74645267807833, -75.00295005094384, -80.43708209682468, -86.04018764049941, -91.80234005233861, -97.71234724830498]
    },
    "qats_poly_coeffs": [ -38.38653520538804, -15.103227479590942, -1.6117853650854386, -0.022348663956487744, 0.013498180351234623 ],
    "hf_energies": [-37.89081807186631, -38.041292267495166, -38.19209064244659, -38.343213291171345, -38.494660304851585, -42.067630163970186, -46.14664365108041, -50.42917806546099, -54.91479462767788, -59.602772737676666, -64.49214273080689, -69.58163749838846, -74.86963333651339, -80.35410706048725, -86.03261212976, -91.90226966501332, -97.9597706541027],
    "triples_corrections": [-0.005853619811981661, -0.005840312630468752, -0.005826758937761898, -0.005812966941714374, -0.005798944909290156, -0.005431899074275385, -0.005005078673380996, -0.004613093038940845, -0.004271222066723327, -0.003972016857576463, -0.003704229090869547, -0.003458715053032936, -0.003228960664569777, -0.0030104871970389607, -0.0028003488465463975, -0.002596837430135924, -0.002399283288400208],
    "scf_converged": [true, true, true, true, true, true, true, true, true, true, true, true, true, true, true, true, true],
    "cc_converged": [true, true, true, true, true, true, true, true, true, true, true, true, true, true, true, true, true],
    "scf_spin_squared": [2.0223849652420096, 2.0222545103692484, 2.0221234687221115, 2.0219919154215997, 2.0218599247260745, 2.018853052149943, 2.016062264725531, 2.013967731206522, 2.0124498617072244, 2.0113286532820496, 2.0104612666722415, 2.009750704688877, 2.0091332678374956, 2.008567423398007, 2.0080270527060384, 2.007497645019547, 2.006973694524693],
    "cc_spin_squared": [2.000829996111169, 2.000821910359522, 2.000813820893411, 2.00080573111945, 2.000797644408061, 2.0006193605560325, 2.000461604390919, 2.000349126248948, 2.000272876043346, 2.0002206504337368, 2.000183435400599, 2.0001556263160856, 2.00013381406438, 2.00011598860309, 2.000100934542174, 2.000087907837197, 2.000076453258104]
}