{
    "schema_name": "pyscf_apdft_output",
    "provenance": {
        "creator": "PySCF",
        "version": "1.7.6"
    },
    "molecule": {
        "geometry": [[0.0, 0.0, 0.0], [0.6, 0.0, 0.0]],
        "symbols": [ "C", "H" ]
    },
    "molecular_charge": 1,
    "molecular_multiplicity": 3,
    "name": "c.h.chrg1.mult3.sep0.60-pyscf-uccsdt.ccpv5z",
    "atomic_numbers": [ 6, 1 ],
    "n_electrons": 6,
    "model": {
        "method": "UCCSD(T)",
        "basis": "cc-pV5Z",
        "scf_conv_tol": 1e-09,
        "scf_conv_tol_grad": 1e-06,
        "cc_conv_tol": 1e-05,
        "cc_conv_tol_normt": 1e-07
    },
    "broken_symmetry": false,
    "finite_diff_delta": 0.01,
    "finite_diff_acc": 2,
    "apdft_lambdas": [-2.0, -1.75, -1.5, -1.25, -1.0, -0.75, -0.5, -0.25, -0.02, -0.01, 0.0, 0.01, 0.02, 0.25, 0.5, 0.75, 1.0],
    "electronic_energies": [-14.64197249891807, -16.899778757988805, -19.327723219018043, -21.927803269790967, -24.701261448468127, -27.64861291264204, -30.77000803175868, -34.06555648316049, -37.251429641800605, -37.39329586620056, -37.53544138480148, -37.67786621274572, -37.8205703651057, -41.17989236996281, -44.999112163460914, -48.99319966440605, -53.162079269553494],
    "apdft_energies": {
        "0": [-37.53544138480146, -37.53544138480146, -37.53544138480146, -37.53544138480146, -37.53544138480146, -37.53544138480146, -37.53544138480146, -37.53544138480146, -37.53544138480146, -37.53544138480146, -37.53544138480146, -37.53544138480146, -37.53544138480146, -37.53544138480146, -37.53544138480146, -37.53544138480146, -37.53544138480146],
        "1": [-9.078406730285536, -12.635536062100027, -16.192665393914517, -19.749794725729007, -23.306924057543497, -26.864053389357988, -30.421182721172478, -33.978312052986965, -37.2508710382563, -37.393156211528876, -37.53544138480146, -37.67772655807404, -37.82001173134662, -41.09257071661595, -44.64970004843044, -48.206829380244926, -51.76395871205942],
        "2": [-14.664593597533525, -16.912460382336768, -19.33489550674151, -21.931898970747753, -24.703470774355495, -27.649610917564736, -30.770319400375477, -34.06559622278772, -37.251429656943024, -37.39329586620056, -37.53544138480146, -37.67786621274572, -37.82057035003334, -41.1798548864167, -44.99883672763344, -48.99238690845168, -53.16050542887142],
        "3": [-14.644450412043557, -16.898966021744858, -19.32639760036293, -21.92698120085274, -24.700952876169247, -27.648548679267414, -30.770004663102196, -34.065556880628556, -37.25142963679984, -37.39329586368266, -37.53544138480146, -37.67786621526362, -37.820570370176526, -41.17989422857586, -44.99915146490672, -48.993449146749, -53.163023327057665],
        "4": [-14.639778830403515, -16.89622762635478, -19.324919482734636, -21.926268374064406, -24.70066090231675, -27.648456296915647, -30.769986414736415, -34.065555740105694, -37.25142963675312, -37.39329586367974, -37.53544138480146, -37.6778662152607, -37.820570370129815, -41.179893088053, -44.99913321654094, -48.993356764397234, -53.16273135320516]
    },
    "apdft_poly_coeff": [ -37.53544138480146, -14.228517327257961, -1.3965467168119972, -0.0025178981862457777, 0.0002919738525027545 ],
    "hf_energies": [-14.532142072117487, -16.789109079868673, -19.21637212726522, -21.816067165745693, -24.589412755037667, -27.536818798467703, -30.658343117712153, -33.95404220401241, -37.14005098331914, -37.28192287689865, -37.42407404171533, -37.566504492567745, -37.70921424420309, -41.06865801156325, -44.88799446027155, -48.88218454948382, -53.05115770540267],
    "triples_corrections": [-0.0016237109763080808, -0.001578565151673853, -0.001529839246948247, -0.0014697319232330381, -0.001403405061644472, -0.00134007178133516, -0.0012850842804710552, -0.0012395343200853337, -0.001205250875561169, -0.0012039098273941235, -0.0012025805205969082, -0.0012012628694031352, -0.001199956788233968, -0.0011729170936809273, -0.001149258975043615, -0.0011304202499560873, -0.0011152951947013031],
    "scf_converged": [true, true, true, true, true, true, true, true, true, true, true, true, true, true, true, true, true],
    "cc_converged": [true, true, true, true, true, true, true, true, true, true, true, true, true, true, true, true, true],
    "scf_spin_squared": [2.0020682509739123, 2.002015030455406, 2.0020624059778944, 2.0021400370098528, 2.0021894722095652, 2.0021922300442143, 2.0021593617479296, 2.0021076387918697, 2.002053555762332, 2.00205115536773, 2.0020487536776757, 2.00204635096081, 2.0020439474780956, 2.00198895885175, 2.001931381782844, 2.0018776758907646, 2.001828858176284],
    "cc_spin_squared": [2.0001065747220306, 2.0000943065321466, 2.0000851170345744, 2.000076367483431, 2.000067528493586, 2.00005919609439, 2.000051916505777, 2.0000458434832034, 2.0000412209582796, 2.0000410384364096, 2.00004085733857, 2.000040677651173, 2.0000404993605922, 2.0000367541084842, 2.000033338561193, 2.0000304516310186, 2.000027970641164]
}