{
    "schema_name": "pyscf_qa_output",
    "provenance": {
        "creator": "PySCF",
        "version": "1.7.6"
    },
    "molecule": {
        "geometry": [[0.0, 0.0, 0.0], [1.7, 0.0, 0.0]],
        "symbols": [ "Li", "H" ]
    },
    "molecular_charge": 0,
    "molecular_multiplicity": 3,
    "name": "li.h.chrg0.mult3.sep1.70-pyscf-uccsdt.ccpv5z",
    "atomic_numbers": [ 3, 1 ],
    "n_electrons": 4,
    "model": {
        "method": "UCCSD(T)",
        "basis": "cc-pV5Z",
        "scf_conv_tol": 1e-09,
        "scf_conv_tol_grad": 1e-06,
        "cc_conv_tol": 1e-05,
        "cc_conv_tol_normt": 1e-07
    },
    "broken_symmetry": false,
    "finite_diff_delta": 0.01,
    "finite_diff_acc": 2,
    "qa_lambdas": [-0.02, -0.01, 0.0, 0.01, 0.02, 0.25, 0.5, 0.75, 1.0, 1.25, 1.5, 1.75, 2.0],
    "electronic_energies": [-7.824952617316572, -7.881612528008066, -7.938500843394691, -7.995617525050656, -8.052962531374533, -9.434780600204922, -11.072604914035951, -12.849941874168962, -14.763733322326937, -16.809839016698504, -18.98320096784915, -21.278405075911518, -23.690483740720857],
    "qats_energies": {
        "0": [-7.938500843394707, -7.938500843394707, -7.938500843394707, -7.938500843394707, -7.938500843394707, -7.938500843394707, -7.938500843394707, -7.938500843394707, -7.938500843394707, -7.938500843394707, -7.938500843394707, -7.938500843394707, -7.938500843394707],
        "1": [-7.824495846352118, -7.881498344873412, -7.938500843394707, -7.995503341916002, -8.052505840437297, -9.363563306427075, -10.788625769459442, -12.213688232491808, -13.638750695524177, -15.063813158556542, -16.48887562158891, -17.91393808462128, -19.339000547653644],
        "2": [-7.824952578890732, -7.881612528008066, -7.938500843394707, -7.995617525050656, -8.052962572975911, -9.43492776558558, -11.07408360609347, -12.855968364918374, -14.780582042060292, -16.847924637519224, -19.057996151295168, -21.41079658338813, -23.906325933798104],
        "3": [-7.82495263224221, -7.881612534677001, -7.938500843394707, -7.995617518381721, -8.052962519624433, -9.434823563480304, -11.073249989251249, -12.853154908075876, -14.773913107322517, -16.834899374359505, -19.03548849655518, -21.37505526127787, -23.852974455895907],
        "4": [-7.824952630125185, -7.881612534544687, -7.938500843394707, -7.995617518249407, -8.052962517507408, -9.434771878290611, -11.072423026216162, -12.848968407710746, -14.760681698761125, -16.802596130801422, -18.968504490713137, -21.250959120825136, -23.641271918913652]
    },
    "qats_poly_coeffs": [ -7.938500843394707, -5.700249852129469, -1.1418313465361152, 0.0066689347377746335, 0.01323140856139086 ],
    "hf_energies": [-7.794569519063391, -7.851318418081255, -7.908295861802905, -7.965501816194206, -8.022936243947884, -9.4068606470058, -11.047105802995619, -12.82699154828963, -14.74337825308148, -16.791987163553557, -18.967604348790196, -21.26469731253359, -23.678286019354964],
    "triples_corrections": [-4.161758095416724e-05, -4.1541460753295524e-05, -4.146523911846595e-05, -4.138889679332369e-05, -4.131241624715965e-05, -3.9485602865742854e-05, -3.724414734965187e-05, -3.4627295950671954e-05, -3.16576567699216e-05, -2.8472162066916258e-05, -2.524620428206269e-05, -2.206793844279644e-05, -1.883562455155991e-05],
    "scf_converged": [true, true, true, true, true, true, true, true, true, true, true, true, true],
    "cc_converged": [true, true, true, true, true, true, true, true, true, true, true, true, true],
    "scf_spin_squared": [2.000011880160992, 2.000011912233129, 2.0000119461658232, 2.000011981818628, 2.0000120190579844, 2.0000130873237536, 2.0000141752600147, 2.000014881285722, 2.0000151360068177, 2.000014856470874, 2.0000139523180036, 2.0000124511659596, 2.0000106207748978],
    "cc_spin_squared": [2.0000001780166015, 2.00000017654574, 2.0000001751471443, 2.000000173817509, 2.000000172553614, 2.0000001560068177, 2.0000001502772715, 2.0000001458517334, 2.000000139208174, 2.000000130301544, 2.000000120097262, 2.000000109190637, 2.0000000971517613]
}