{
    "schema_name": "pyscf_apdft_output",
    "provenance": {
        "creator": "PySCF",
        "version": "1.7.6"
    },
    "molecule": {
        "geometry": [[0.0, 0.0, 0.0], [1.1, 0.0, 0.0]],
        "symbols": [ "Li", "H" ]
    },
    "molecular_charge": -1,
    "molecular_multiplicity": 2,
    "name": "li.h.chrg-1.mult2.sep1.10-pyscf-uccsdt.ccpv5z",
    "atomic_numbers": [ 3, 1 ],
    "n_electrons": 5,
    "model": {
        "method": "UCCSD(T)",
        "basis": "cc-pV5Z",
        "scf_conv_tol": 1e-09,
        "scf_conv_tol_grad": 1e-06,
        "cc_conv_tol": 1e-05,
        "cc_conv_tol_normt": 1e-07
    },
    "broken_symmetry": false,
    "finite_diff_delta": 0.01,
    "finite_diff_acc": 2,
    "apdft_lambdas": [-0.02, -0.01, 0.0, 0.01, 0.02, 0.25, 0.5, 0.75, 1.0, 1.25, 1.5, 1.75, 2.0, 2.25, 2.5, 2.75, 3.0],
    "electronic_energies": [-7.8830623590840485, -7.94235487846373, -8.001887498726829, -8.061660560456616, -8.121674400700456, -9.569084585527685, -11.289183816189194, -13.16067076536147, -15.180282952947913, -17.343938561133665, -19.64658972338937, -22.082252637122636, -24.644238977437567, -27.325483760749634, -30.118868737144414, -33.017469141424044, -36.014695156604596],
    "apdft_energies": {
        "0": [-8.001887498726814, -8.001887498726814, -8.001887498726814, -8.001887498726814, -8.001887498726814, -8.001887498726814, -8.001887498726814, -8.001887498726814, -8.001887498726814, -8.001887498726814, -8.001887498726814, -8.001887498726814, -8.001887498726814, -8.001887498726814, -8.001887498726814, -8.001887498726814, -8.001887498726814],
        "1": [-7.8825818167339285, -7.9422346577303715, -8.001887498726814, -8.061540339723258, -8.1211931807197, -9.49320852363789, -10.984529548548963, -12.475850573460036, -13.967171598371111, -15.458492623282186, -16.94981364819326, -18.441134673104337, -19.93245569801541, -21.423776722926483, -22.915097747837557, -24.40641877274863, -25.897739797659703],
        "2": [-7.883062699667363, -7.94235487846373, -8.001887498726814, -8.061660560456616, -8.121674063653135, -9.568346481987014, -11.285081381945464, -13.152092198602164, -15.169378931957114, -17.336941582010315, -19.654780148761766, -22.12289463221147, -24.74128503235942, -27.509951349205622, -30.428893582750078, -33.498111732992776, -36.71760579993373],
        "3": [-7.883062247913606, -7.942354821994511, -8.001887498726814, -8.061660616925836, -8.121674515406893, -9.569228813544369, -11.292140034404296, -13.175915150650722, -15.225848151627769, -17.447233026679562, -19.84536376515023, -22.425534356383885, -25.19303878972466, -28.153171054516683, -31.311225140104064, -34.67249503583094, -38.24227473104143],
        "4": [-7.883062245556275, -7.942354821847177, -8.001887498726814, -8.061660616778502, -8.12167451304956, -9.569171261519879, -11.291219202012476, -13.171253436667138, -15.211114833358666, -17.411263011374132, -19.77077634141289, -22.28735194558655, -24.957305697419002, -27.77557222184641, -30.735704895217204, -33.82987584529208, -37.04887595124402]
    },
    "apdft_poly_coeff": [ -8.001887498726814, -5.965284099644297, -1.2022073335860028, -0.05646921967065546, 0.014733318269103771 ],
    "hf_energies": [-7.808221916752151, -7.8675954556368115, -7.9272076261628825, -7.9870588261121656, -8.047149452114887, -9.496106590725748, -11.217886432192868, -13.091189167827714, -15.11259731959892, -17.277855030649935, -19.581744983876195, -22.01814832978554, -24.58030813222998, -27.261176600330792, -30.05373701084178, -32.95122880723967, -35.94725450415403],
    "triples_corrections": [-0.0005310286597958074, -0.0005320667705984432, -0.0005331858334569834, -0.0005343800004864467, -0.0005356433447017873, -0.0005709328246276959, -0.0005957961223250499, -0.0006119347184241935, -0.0006305321311855536, -0.0006550876025278918, -0.0006858877493243352, -0.0007213587365473593, -0.0007582239840967395, -0.0007914703170266494, -0.0008148449865263436, -0.0008220708227795637, -0.0008084419892835817],
    "scf_converged": [true, true, true, true, true, true, true, true, true, true, true, true, true, true, true, true, true],
    "cc_converged": [true, true, true, true, true, true, true, true, true, true, true, true, true, true, true, true, true],
    "scf_spin_squared": [0.7504582086082645, 0.7504602336587034, 0.7504624218753322, 0.7504647597240521, 0.7504672341230569, 0.750537194609803, 0.7505954147042384, 0.7506695227113762, 0.750810305278554, 0.7510481844773498, 0.751409951213484, 0.7519149269709637, 0.7525557242228516, 0.7532717464090082, 0.7539365395291215, 0.7543890053917539, 0.7545102382877893],
    "cc_spin_squared": [0.7500122417632651, 0.7500123596636297, 0.7500124797716695, 0.750012601946662, 0.7500127260387106, 0.750015680088232, 0.750017833735107, 0.7500191805877685, 0.7500205239233666, 0.7500220543557237, 0.7500237349652665, 0.7500254241418043, 0.7500269154633881, 0.7500279327725212, 0.7500281961743019, 0.7500275072081902, 0.7500258016185737]
}