{
    "schema_name": "pyscf_qa_output",
    "provenance": {
        "creator": "PySCF",
        "version": "1.7.6"
    },
    "molecule": {
        "geometry": [[0.0, 0.0, 0.0], [1.2, 0.0, 0.0]],
        "symbols": [ "O", "H" ]
    },
    "molecular_charge": 1,
    "molecular_multiplicity": 1,
    "name": "o.h.chrg1.mult1.sep1.20-pyscf-ccsdt.ccpv5z",
    "atomic_numbers": [ 8, 1 ],
    "n_electrons": 8,
    "model": {
        "method": "CCSD(T)",
        "basis": "cc-pV5Z",
        "scf_conv_tol": 1e-09,
        "scf_conv_tol_grad": 1e-06,
        "cc_conv_tol": 1e-05,
        "cc_conv_tol_normt": 1e-07
    },
    "broken_symmetry": false,
    "finite_diff_delta": 0.01,
    "finite_diff_acc": 2,
    "qa_lambdas": [-2.0, -1.75, -1.5, -1.25, -1.0, -0.75, -0.5, -0.25, -0.02, -0.01, 0.0, 0.01, 0.02, 0.25, 0.5, 0.75, 1.0],
    "electronic_energies": [-38.429745408155426, -42.29950375509795, -46.367942378436524, -50.638572733684285, -55.11451795290054, -59.79853075078686, -64.69308673250353, -69.80049444255496, -74.689181696805, -74.90588693433142, -75.12293934139441, -75.34033903659235, -75.55808613750983, -80.66240644479186, -86.42047460819121, -92.39807097522318, -98.59530484413168],
    "qats_energies": {
        "0": [-75.12293934139423, -75.12293934139423, -75.12293934139423, -75.12293934139423, -75.12293934139423, -75.12293934139423, -75.12293934139423, -75.12293934139423, -75.12293934139423, -75.12293934139423, -75.12293934139423, -75.12293934139423, -75.12293934139423, -75.12293934139423, -75.12293934139423, -75.12293934139423, -75.12293934139423],
        "1": [-31.677729115300806, -37.108380393562484, -42.53903167182416, -47.96968295008584, -53.40033422834752, -58.830985506609196, -64.26163678487087, -69.69228806313255, -74.6884872391333, -74.90571329026376, -75.12293934139423, -75.3401653925247, -75.55739144365516, -80.5535906196559, -85.98424189791758, -91.41489317617926, -96.84554445444094],
        "2": [-38.62349182162377, -42.426229965591006, -46.44602319413083, -50.68287150724325, -55.13677490492826, -59.80773338718586, -64.69574695401606, -69.80081560541885, -74.68918181540393, -74.90588693433142, -75.12293934139423, -75.34033903659235, -75.5580860199258, -80.6621181619422, -86.41835206706277, -92.39164105675593, -98.58198513102168],
        "3": [-38.466036508243555, -42.32074720682262, -46.37959673379855, -50.64443026862503, -55.11709299075574, -59.799430079644324, -64.69328671474449, -69.8005080755099, -74.68918165794861, -74.9058869146495, -75.12293934139423, -75.34033905627427, -75.55808617738111, -80.66242569185115, -86.42081230633434, -92.39994436429747, -98.6016670451942],
        "4": [-38.398374839383216, -42.28108517876264, -46.35818815888571, -50.63410591729746, -55.11286413645196, -59.79809204371227, -64.69302241135051, -69.80049155654778, -74.689181657272, -74.90588691460722, -75.12293934139423, -75.34033905623198, -75.55808617670449, -80.66240917288903, -86.42054800294035, -92.39860632836542, -98.59743819089044]
    },
    "qats_poly_coeffs": [ -75.12293934139423, -21.72260511304671, -1.7364406765807416, -0.019681914172527588, 0.004228854303770883 ],
    "hf_energies": [-38.201969194840615, -42.06413353659511, -46.12556927296551, -50.38980679892991, -54.86001091360296, -59.53905058647898, -64.42957200001386, -69.53401698859734, -74.42092145453314, -74.63756781584591, -74.85456277126366, -75.07190642108455, -75.2895988642216, -80.39299758136936, -86.15057271836253, -92.12788038579406, -98.32479741403496],
    "triples_corrections": [-0.008681695311035239, -0.009162739957407209, -0.009634068385613256, -0.010090206849225717, -0.010527478306011195, -0.01093861712664145, -0.011309622227689262, -0.01162343219006055, -0.011850456302692278, -0.011858949286405643, -0.011867329526847627, -0.011875597653331776, -0.011883754345279276, -0.012042893789776592, -0.012168871838320014, -0.012275907576060532, -0.012393281471923038],
    "scf_converged": [true, true, true, true, true, true, true, true, true, true, true, true, true, true, true, true, true],
    "cc_converged": [true, true, true, true, true, true, true, true, true, true, true, true, true, true, true, true, true],
    "t1_diagnostic": [0.00978950640626129, 0.009114152939849482, 0.00873181648869141, 0.008420286463584118, 0.008041141043003627, 0.007637581686596871, 0.007332117838962181, 0.007141215121814496, 0.0069382161476241435, 0.006926283486543957, 0.006914001711344724, 0.0069013623241022184, 0.0068883572609921544, 0.006476797952805058, 0.005793308936248907, 0.004976770798401722, 0.004189482933435365]
}