{
    "schema_name": "pyscf_qa_output",
    "provenance": {
        "creator": "PySCF",
        "version": "1.7.6"
    },
    "molecule": {
        "geometry": [[0.0, 0.0, 0.0], [0.6, 0.0, 0.0]],
        "symbols": [ "F", "H" ]
    },
    "molecular_charge": 1,
    "molecular_multiplicity": 4,
    "name": "f.h.chrg1.mult4.sep0.60-pyscf-uccsdt.ccpv5z",
    "atomic_numbers": [ 9, 1 ],
    "n_electrons": 9,
    "model": {
        "method": "UCCSD(T)",
        "basis": "cc-pV5Z",
        "scf_conv_tol": 1e-09,
        "scf_conv_tol_grad": 1e-06,
        "cc_conv_tol": 1e-05,
        "cc_conv_tol_normt": 1e-07
    },
    "broken_symmetry": false,
    "finite_diff_delta": 0.01,
    "finite_diff_acc": 2,
    "qa_lambdas": [-2.0, -1.75, -1.5, -1.25, -1.0, -0.75, -0.5, -0.25, -0.02, -0.01, 0.0, 0.01, 0.02, 0.25, 0.5, 0.75, 1.0],
    "electronic_energies": [-54.700323570264025, -59.46708425603637, -64.4418290153284, -69.62607216265239, -75.02133733551727, -80.6292391759545, -86.45147711505098, -92.4897563730032, -98.2371586878356, -98.49124202095646, -98.74567575842387, -99.00045998149585, -99.25559477070698, -105.22062530421118, -111.91571735467797, -118.83174502706667, -125.96914919440742],
    "qats_energies": {
        "0": [-98.7456757584238, -98.7456757584238, -98.7456757584238, -98.7456757584238, -98.7456757584238, -98.7456757584238, -98.7456757584238, -98.7456757584238, -98.7456757584238, -98.7456757584238, -98.7456757584238, -98.7456757584238, -98.7456757584238, -98.7456757584238, -98.7456757584238, -98.7456757584238, -98.7456757584238],
        "1": [-47.823879704484995, -54.189104211227345, -60.554328717969696, -66.91955322471205, -73.2847777314544, -79.65000223819675, -86.0152267449391, -92.38045125168145, -98.23645779788441, -98.4910667781541, -98.7456757584238, -99.0002847386935, -99.25489371896319, -105.11090026516615, -111.4761247719085, -117.84134927865085, -124.2065737853932],
        "2": [-54.83359179874415, -59.55591503339451, -64.49729177099047, -69.65772201153203, -75.03720575501919, -80.63574300145194, -86.4533337508303, -92.48997800315425, -98.23715876909384, -98.49124202095646, -98.7456757584238, -99.00045998149585, -99.25559469017261, -105.22042701663895, -111.9142317777997, -118.82709004190605, -125.95900180895799],
        "3": [-54.725730066161525, -59.483656099262014, -64.45178760255718, -69.63138858072573, -75.02372303844636, -80.63005498039777, -86.45164841125869, -92.4897673357078, -98.2371586612321, -98.49124200747374, -98.7456757584238, -99.00045999497857, -99.25559479803435, -105.2206376840854, -111.91591711737131, -118.83277806296022, -125.97248452553082],
        "4": [-54.6774766352809, -59.45537082398262, -64.4365199154426, -69.62402569149222, -75.02070719901631, -80.62910074995312, -86.45145992129432, -92.48975555508503, -98.23715866074957, -98.49124200744359, -98.7456757584238, -99.00045999494841, -99.25559479755181, -105.22062590346263, -111.91572862740692, -118.83182383251554, -125.96946868610078]
    },
    "qats_poly_coeffs": [ -98.7456757584238, -25.460898026969403, -1.7524280235647893, -0.013482716572828695, 0.0030158394300390987 ],
    "hf_energies": [-54.481727375361054, -59.24705068035326, -64.22059579668473, -69.40372719590617, -74.7978865124924, -80.40466400974377, -86.22578204811767, -92.2630051062486, -98.00956015940906, -98.26361040246555, -98.51801140442353, -98.77276325137058, -99.02786602862554, -104.99227095912566, -111.68696025752001, -118.60291309754237, -125.74058813205289],
    "triples_corrections": [-0.0043546243078875805, -0.004154783167144164, -0.003954075224723586, -0.0037664272859051244, -0.0035972426149580967, -0.0034459994255773697, -0.0033086148906189047, -0.003179331168329841, -0.0030626323184707125, -0.0030575474373089532, -0.0030524596318476636, -0.0030473686999982104, -0.0030422744458496313, -0.0029238429975991503, -0.0027915307144675745, -0.0026557040659935405, -0.002517951404025632],
    "scf_converged": [true, true, true, true, true, true, true, true, true, true, true, true, true, true, true, true, true],
    "cc_converged": [true, true, true, true, true, true, true, true, true, true, true, true, true, true, true, true, true],
    "scf_spin_squared": [3.76142848578503, 3.759977271794294, 3.7588290180177353, 3.757915909754694, 3.757174167492181, 3.7565523441381257, 3.756012251937914, 3.7555268537550734, 3.7551126821779297, 3.7550952137838793, 3.755077785120337, 3.7550603956687065, 3.755043044926644, 3.754653739467473, 3.754249832561021, 3.753866779440299, 3.7535092671381243],
    "cc_spin_squared": [3.750236494064575, 3.750196717075847, 3.7501640368807947, 3.750138041011046, 3.7501175277013465, 3.750101218790851, 3.7500880049130627, 3.750077008929168, 3.7500683234304235, 3.7500679709150337, 3.7500676203002423, 3.7500672715660364, 3.75006692469289, 3.750059423531959, 3.750052175453778, 3.7500457511477148, 3.750040081232327]
}