{
    "schema_name": "pyscf_apdft_output",
    "provenance": {
        "creator": "PySCF",
        "version": "1.7.6"
    },
    "molecule": {
        "geometry": [[0.0, 0.0, 0.0], [1.3, 0.0, 0.0]],
        "symbols": [ "O", "H" ]
    },
    "molecular_charge": -1,
    "molecular_multiplicity": 1,
    "name": "o.h.chrg-1.mult1.sep1.30-pyscf-ccsdt.ccpv5z",
    "atomic_numbers": [ 8, 1 ],
    "n_electrons": 10,
    "model": {
        "method": "CCSD(T)",
        "basis": "cc-pV5Z",
        "scf_conv_tol": 1e-09,
        "scf_conv_tol_grad": 1e-06,
        "cc_conv_tol": 1e-05,
        "cc_conv_tol_normt": 1e-07
    },
    "broken_symmetry": false,
    "finite_diff_delta": 0.01,
    "finite_diff_acc": 2,
    "apdft_lambdas": [-0.02, -0.01, 0.0, 0.01, 0.02, 0.25, 0.5, 0.75, 1.0, 1.25, 1.5, 1.75, 2.0],
    "electronic_energies": [-75.25999138055404, -75.48649082746087, -75.71336806246543, -75.94062328126394, -76.1682566782339, -81.50862745367628, -87.54285103712661, -93.81830182059568, -100.33686964831642, -107.10020400904594, -114.10965057592693, -121.36587376477128, -128.8683657966553],
    "apdft_energies": {
        "0": [-75.7133680625782, -75.7133680625782, -75.7133680625782, -75.7133680625782, -75.7133680625782, -75.7133680625782, -75.7133680625782, -75.7133680625782, -75.7133680625782, -75.7133680625782, -75.7133680625782, -75.7133680625782, -75.7133680625782],
        "1": [-75.25923560877513, -75.48630183567667, -75.7133680625782, -75.94043428947973, -76.16750051638127, -81.39002373511656, -87.06667940765493, -92.7433350801933, -98.41999075273166, -104.09664642527002, -109.7733020978084, -115.44995777034677, -121.12661344288513],
        "2": [-75.25999157591195, -75.48649082746087, -75.7133680625782, -75.94062328126394, -76.16825648351809, -81.50814360024556, -87.53915886817092, -93.80641386635426, -100.3099085947956, -107.04964305349493, -114.02561724245226, -121.23783116166757, -128.68628481114087],
        "3": [-75.2599913158628, -75.48649079495473, -75.7133680625782, -75.94062331377009, -76.16825674356724, -81.50865150873861, -87.54322213611525, -93.82012739566639, -100.34241473835026, -107.11313161512513, -114.13532547694922, -121.41204377478081, -128.9463339595781],
        "4": [-75.2599913154347, -75.48649079492797, -75.7133680625782, -75.94062331374333, -76.16825674313914, -81.50864105691402, -87.5430549069218, -93.81928079787451, -100.33973907125497, -107.10659922475574, -114.1217799122793, -121.38694894393784, -128.90352328605343]
    },
    "apdft_poly_coeff": [ -75.7133680625782, -22.706622690153466, -1.8899178420639373, -0.03250614355465586, 0.0026756670952939507 ],
    "hf_energies": [-74.8984010594512, -75.12470524607804, -75.35138959169107, -75.57845430011542, -75.80589957423986, -81.14262984556647, -87.17456388815998, -93.44981252996142, -99.97054253032981, -106.73831111374946, -113.75386548164045, -121.01696474021679, -128.52630542338795],
    "triples_corrections": [-0.014544497205785482, -0.014522894061219403, -0.014501017980884125, -0.014478874770865255, -0.014456470266196161, -0.013882257829986078, -0.013177897536253522, -0.012425433940449131, -0.01159369648351594, -0.010614881846242525, -0.009470687261701864, -0.008248327756202253, -0.007088583375775876],
    "scf_converged": [true, true, true, true, true, true, true, true, true, true, true, true, true],
    "cc_converged": [true, true, true, true, true, true, true, true, true, true, true, true, true],
    "t1_diagnostic": [0.02118416803438609, 0.021092111089080653, 0.02099822402625345, 0.02090254404645993, 0.020805109440033703, 0.018189505078208257, 0.0151636653686946, 0.01311202785721303, 0.012579659668056568, 0.012657397179512692, 0.012181939923620044, 0.010860435819902748, 0.00907723363187013]
}