{
    "schema_name": "pyscf_apdft_output",
    "provenance": {
        "creator": "PySCF",
        "version": "1.7.6"
    },
    "molecule": {
        "geometry": [[0.0, 0.0, 0.0], [1.8, 0.0, 0.0]],
        "symbols": [ "Li", "H" ]
    },
    "molecular_charge": 0,
    "molecular_multiplicity": 1,
    "name": "li.h.chrg0.mult1.sep1.80-pyscf-ccsdt.ccpv5z",
    "atomic_numbers": [ 3, 1 ],
    "n_electrons": 4,
    "model": {
        "method": "CCSD(T)",
        "basis": "cc-pV5Z",
        "scf_conv_tol": 1e-09,
        "scf_conv_tol_grad": 1e-06,
        "cc_conv_tol": 1e-05,
        "cc_conv_tol_normt": 1e-07
    },
    "broken_symmetry": false,
    "finite_diff_delta": 0.01,
    "finite_diff_acc": 2,
    "apdft_lambdas": [-0.02, -0.01, 0.0, 0.01, 0.02, 0.25, 0.5, 0.75, 1.0, 1.25, 1.5, 1.75, 2.0],
    "electronic_energies": [-7.935708504222315, -7.992522441933579, -8.04955184677639, -8.10679680577171, -8.164257406325726, -9.54557255543219, -11.177676166166142, -12.9469108575244, -14.853353342265542, -16.89554678543437, -19.07076724432634, -21.37601247335341, -23.807828742922506],
    "apdft_energies": {
        "0": [-8.0495518467764, -8.0495518467764, -8.0495518467764, -8.0495518467764, -8.0495518467764, -8.0495518467764, -8.0495518467764, -8.0495518467764, -8.0495518467764, -8.0495518467764, -8.0495518467764, -8.0495518467764, -8.0495518467764],
        "1": [-7.935277482938268, -7.992414664857334, -8.0495518467764, -8.106689028695465, -8.16382621061453, -9.477981394753039, -10.906410942729678, -12.334840490706318, -13.763270038682958, -15.191699586659597, -16.620129134636237, -18.048558682612878, -19.476988230589516],
        "2": [-7.935708591243248, -7.992522441933579, -8.0495518467764, -8.10679680577171, -8.16425731891951, -9.545342067406155, -11.175853633342143, -12.941086544584364, -14.841040801132817, -16.8757164029875, -19.04511335014842, -21.34923164261557, -23.78807128038895],
        "3": [-7.935708474958482, -7.992522427397983, -8.0495518467764, -8.106796820307306, -8.164257435204275, -9.545569186088812, -11.1776705828034, -12.947218749016105, -14.855576396822869, -16.90410623831964, -19.09417098560235, -21.42713335076695, -23.90435604590938],
        "4": [-7.935708475215336, -7.992522427414037, -8.0495518467764, -8.106796820323359, -8.16425743546113, -9.545575456940705, -11.177770916433692, -12.947726688019463, -14.857181734907556, -16.908025520752958, -19.102298009656078, -21.442189666162783, -23.930041455264373]
    },
    "apdft_poly_coeff": [ -8.0495518467764, -5.713718191906558, -1.077770762449859, -0.014535595690053542, -0.0016053380846869914 ],
    "hf_energies": [-7.869609555938875, -7.926505105970404, -7.983614901823828, -8.04093902412769, -8.098477553774314, -9.481227971639335, -11.11404693461504, -12.883109399452076, -14.788876581772197, -16.830829306199234, -19.007099485995177, -21.31416521210108, -23.746551639988436],
    "triples_corrections": [-0.0001316471068374617, -0.00013186632814917064, -0.00013210825484194093, -0.00013237286580649783, -0.00013266014853381138, -0.00014560522793228482, -0.00017426971936765543, -0.00021809869555956222, -0.0002686929985042204, -0.00030481683726757273, -0.00030644895869378404, -0.00027670361798948825, -0.000237696362185158],
    "scf_converged": [true, true, true, true, true, true, true, true, true, true, true, true, true],
    "cc_converged": [true, true, true, true, true, true, true, true, true, true, true, true, true],
    "t1_diagnostic": [0.009225809994624376, 0.009294611037495525, 0.009365415009250757, 0.009438185141602742, 0.009512886593565641, 0.011702219363106342, 0.01485179584026734, 0.018085872875406916, 0.02019034031068933, 0.02051245386622127, 0.019462009036204982, 0.01718149155525025, 0.015306103733992476]
}