{
    "schema_name": "pyscf_qa_output",
    "provenance": {
        "creator": "PySCF",
        "version": "1.7.6"
    },
    "molecule": {
        "geometry": [[0.0, 0.0, 0.0], [0.8, 0.0, 0.0]],
        "symbols": [ "O", "H" ]
    },
    "molecular_charge": -1,
    "molecular_multiplicity": 3,
    "name": "o.h.chrg-1.mult3.sep0.80-pyscf-uccsdt.ccpv5z",
    "atomic_numbers": [ 8, 1 ],
    "n_electrons": 10,
    "model": {
        "method": "UCCSD(T)",
        "basis": "cc-pV5Z",
        "scf_conv_tol": 1e-09,
        "scf_conv_tol_grad": 1e-06,
        "cc_conv_tol": 1e-05,
        "cc_conv_tol_normt": 1e-07
    },
    "broken_symmetry": false,
    "finite_diff_delta": 0.01,
    "finite_diff_acc": 2,
    "qa_lambdas": [-0.02, -0.01, 0.0, 0.01, 0.02, 0.25, 0.5, 0.75, 1.0, 1.25, 1.5, 1.75, 2.0],
    "electronic_energies": [-75.12929575095646, -75.35437709486395, -75.57982074796159, -75.80562681840712, -76.03179541397711, -81.33397429543311, -87.31629764530985, -93.52851578423402, -99.9724795249923, -106.64999304263394, -113.56233782725901, -120.70970033777051, -128.09094503289023],
    "qats_energies": {
        "0": [-75.5798207479616, -75.5798207479616, -75.5798207479616, -75.5798207479616, -75.5798207479616, -75.5798207479616, -75.5798207479616, -75.5798207479616, -75.5798207479616, -75.5798207479616, -75.5798207479616, -75.5798207479616, -75.5798207479616],
        "1": [-75.12857102441843, -75.35419588619001, -75.5798207479616, -75.8054456097332, -76.03107047150478, -81.22044229225125, -86.86106383654088, -92.50168538083051, -98.14230692512015, -103.7829284694098, -109.42355001369943, -115.06417155798906, -120.7047931022787],
        "2": [-75.12929585911415, -75.35437709486395, -75.5798207479616, -75.80562681840712, -76.0317953062005, -81.33369771345701, -87.31408552136396, -93.52098417168246, -99.95439366441249, -106.61431399955407, -113.50074517710719, -120.61368719707185, -127.95314005944806],
        "3": [-75.12929571515795, -75.35437707686943, -75.5798207479616, -75.80562683640164, -76.0317954501567, -81.3339788779191, -87.31633483706062, -93.5285756121587, -99.97238818998581, -106.64945955731444, -113.56147670091711, -120.71012660756631, -128.09709626403455],
        "4": [-75.12929571490389, -75.35437707685354, -75.5798207479616, -75.80562683638577, -76.03179544990263, -81.33397267524184, -87.31623559422445, -93.52807319530058, -99.97080030460707, -106.64558288402651, -113.55343803118724, -120.69523397946337, -128.0716900979747]
    },
    "qats_poly_coeffs": [ -75.5798207479616, -22.562486177158547, -1.81208673929234, -0.01799452557330975, 0.0015878853787398839 ],
    "hf_energies": [-74.84586888853183, -75.07093212828526, -75.29635796556857, -75.52214649781486, -75.7482978224213, -81.0501341900897, -87.03215784222526, -93.24414766938618, -99.68804010147538, -106.36582269138215, -113.27900644542629, -120.4279118307781, -127.81136379693996],
    "triples_corrections": [-0.007052506077912518, -0.007031832696778178, -0.007011219455311937, -0.006990668108631905, -0.006970180334608933, -0.0065193066927279756, -0.006078244183134643, -0.005684006953995439, -0.005322403296910279, -0.004974957776496271, -0.004627077918548891, -0.004276906702032512, -0.003933817154331963],
    "scf_converged": [true, true, true, true, true, true, true, true, true, true, true, true, true],
    "cc_converged": [true, true, true, true, true, true, true, true, true, true, true, true, true],
    "scf_spin_squared": [2.005030322178004, 2.005018630881839, 2.00500695235385, 2.004995286775161, 2.004983634320777, 2.0047195235731854, 2.0044408920292156, 2.004168630716247, 2.0038987268126838, 2.003629583079254, 2.0033652147918906, 2.0031134293096633, 2.002880101676448],
    "cc_spin_squared": [2.0001326046520944, 2.0001317817339976, 2.0001309644867296, 2.0001301529232696, 2.0001293470551107, 2.000112389167322, 2.000097265702537, 2.000085150219975, 2.000075419094604, 2.0000672179623957, 2.0000596870091374, 2.000052372644762, 2.0000453834835556]
}