{
    "schema_name": "pyscf_qa_output",
    "provenance": {
        "creator": "PySCF",
        "version": "1.7.6"
    },
    "molecule": {
        "geometry": [[0.0, 0.0, 0.0], [1.8, 0.0, 0.0]],
        "symbols": [ "O", "H" ]
    },
    "molecular_charge": -1,
    "molecular_multiplicity": 3,
    "name": "o.h.chrg-1.mult3.sep1.80-pyscf-uccsdt.ccpv5z",
    "atomic_numbers": [ 8, 1 ],
    "n_electrons": 10,
    "model": {
        "method": "UCCSD(T)",
        "basis": "cc-pV5Z",
        "scf_conv_tol": 1e-09,
        "scf_conv_tol_grad": 1e-06,
        "cc_conv_tol": 1e-05,
        "cc_conv_tol_normt": 1e-07
    },
    "broken_symmetry": false,
    "finite_diff_delta": 0.01,
    "finite_diff_acc": 2,
    "qa_lambdas": [-0.02, -0.01, 0.0, 0.01, 0.02, 0.25, 0.5, 0.75, 1.0, 1.25, 1.5, 1.75, 2.0],
    "electronic_energies": [-75.15672853153329, -75.38256347613573, -75.60878344437117, -75.83538804785279, -76.06237706391109, -81.38956746752532, -87.41162008814874, -93.67331113252693, -100.17247954563928, -106.90699304527836, -113.87471928932624, -121.07345916012783, -128.50087708816557],
    "qats_energies": {
        "0": [-75.60878344437118, -75.60878344437118, -75.60878344437118, -75.60878344437118, -75.60878344437118, -75.60878344437118, -75.60878344437118, -75.60878344437118, -75.60878344437118, -75.60878344437118, -75.60878344437118, -75.60878344437118, -75.60878344437118],
        "1": [-75.15595887265413, -75.38237115851265, -75.60878344437118, -75.83519573022971, -76.06160801608824, -81.26909059083442, -86.92939773729766, -92.5897048837609, -98.25001203022414, -103.91031917668738, -109.57062632315062, -115.23093346961386, -120.8912406160771],
        "2": [-75.15672814314642, -75.38256347613573, -75.60878344437118, -75.83538804785279, -76.06237728658054, -81.38928910525611, -87.41019179498441, -93.67149151355609, -100.17318826097114, -106.91528203722957, -113.89777284233138, -121.12066067627656, -128.5839455390651],
        "3": [-75.1567285505173, -75.38256352705709, -75.60878344437118, -75.83538799693143, -76.06237687920967, -81.38849345900353, -87.40382662496373, -93.65000906473625, -100.12226690080561, -106.81582625565628, -113.72591325177272, -120.84775401163944, -128.1765746577409],
        "4": [-75.1567286609956, -75.38256353396199, -75.60878344437118, -75.83538800383633, -76.06237698968795, -81.39119068292922, -87.44698220777474, -93.86848420271704, -100.81275622578194, -108.50159120921174, -117.22151545946535, -127.32378865721813, -139.22440385736203]
    },
    "qats_poly_coeffs": [ -75.60878344437118, -22.641228585852957, -1.9231762307470035, 0.05092136016552709, -0.6904893249763214 ],
    "hf_energies": [-74.85860648495859, -75.08429573149706, -75.31040762318341, -75.53694078954622, -75.76389320641047, -81.09491459782593, -87.12270448509537, -93.38918270850768, -99.8923102177265, -106.6302652632741, -113.601155749295, -120.80294201864915, -128.23338795993956],
    "triples_corrections": [-0.00935329598632309, -0.009386659631957135, -0.009419009882012587, -0.009448713295609968, -0.009474430239818013, -0.0088994215490229, -0.007574930885651947, -0.0064532778007549176, -0.0055880086585418775, -0.004915203974000442, -0.0043761774767549465, -0.003930917042297596, -0.0035540127997321677],
    "scf_converged": [true, true, true, true, true, true, true, true, true, true, true, true, true],
    "cc_converged": [true, true, true, true, true, true, true, true, true, true, true, true, true],
    "scf_spin_squared": [2.038660804750367, 2.0381501375644913, 2.0374800635224974, 2.0366773852749054, 2.0357745596339036, 2.017753752216503, 2.0100422746441815, 2.006708648891813, 2.0050336255904124, 2.0040822618539673, 2.0034792251843454, 2.00305920944601, 2.0027440175211115],
    "cc_spin_squared": [2.00091168236137, 2.0008864755112983, 2.0008637958571547, 2.0008437044468823, 2.000826089150472, 2.000613766205138, 2.0003709412296353, 2.0002120982912257, 2.000129517991211, 2.000086614534573, 2.000062641403154, 2.000048026675544, 2.000038347142502]
}