{
    "schema_name": "pyscf_apdft_output",
    "provenance": {
        "creator": "PySCF",
        "version": "1.7.6"
    },
    "molecule": {
        "geometry": [[0.0, 0.0, 0.0], [1.1, 0.0, 0.0]],
        "symbols": [ "N", "H" ]
    },
    "molecular_charge": 0,
    "molecular_multiplicity": 3,
    "name": "n.h.chrg0.mult3.sep1.10-pyscf-uccsdt.ccpv5z",
    "atomic_numbers": [ 7, 1 ],
    "n_electrons": 8,
    "model": {
        "method": "UCCSD(T)",
        "basis": "cc-pV5Z",
        "scf_conv_tol": 1e-09,
        "scf_conv_tol_grad": 1e-06,
        "cc_conv_tol": 1e-05,
        "cc_conv_tol_normt": 1e-07
    },
    "broken_symmetry": false,
    "finite_diff_delta": 0.01,
    "finite_diff_acc": 2,
    "apdft_lambdas": [-1.0, -0.75, -0.5, -0.25, -0.02, -0.01, 0.0, 0.01, 0.02, 0.25, 0.5, 0.75, 1.0, 1.25, 1.5, 1.75, 2.0],
    "electronic_energies": [-38.487379872711635, -42.35909229870895, -46.432095388889564, -50.70896757946062, -54.82550508861972, -55.00845914181473, -55.191745206641144, -55.37536337828581, -55.55931375129663, -59.882068603738155, -64.78131544380132, -69.89066605270452, -75.21108767034491, -80.74324843039516, -86.48737560267627, -92.44309178956176, -98.60927488690976],
    "apdft_energies": {
        "0": [-55.19174520664117, -55.19174520664117, -55.19174520664117, -55.19174520664117, -55.19174520664117, -55.19174520664117, -55.19174520664117, -55.19174520664117, -55.19174520664117, -55.19174520664117, -55.19174520664117, -55.19174520664117, -55.19174520664117, -55.19174520664117, -55.19174520664117, -55.19174520664117, -55.19174520664117],
        "1": [-36.84653338308722, -41.432836338975704, -46.019139294864196, -50.60544225075269, -54.824840970170094, -55.00829308840564, -55.19174520664117, -55.37519732487671, -55.55864944311225, -59.77804816252966, -64.36435111841814, -68.95065407430664, -73.53695703019513, -78.12325998608361, -82.70956294197211, -87.2958658978606, -91.88216885374908],
        "2": [-38.50706747408198, -42.36688676516026, -46.434272817612886, -50.70922563143986, -54.82550518380649, -55.00845914181473, -55.19174520664117, -55.37536337828581, -55.55931365674865, -59.88183154321683, -64.77948464116685, -69.88470450049118, -75.19749112118988, -80.71784450326292, -86.4457646467103, -92.38125155153205, -98.52430521772811],
        "3": [-38.49125624501522, -42.36021640289772, -46.43229641397954, -50.708978580985686, -54.82550505731666, -55.0084591260035, -55.19174520664117, -55.37536339409704, -55.55931378323848, -59.882078593671004, -64.78146104480018, -69.89137486275374, -75.21330235025664, -80.74872581003393, -86.49912754481062, -92.46598985731171, -98.65079505026219],
        "4": [-38.48859464074491, -42.359374254671565, -46.43213006371265, -50.708968184094005, -54.825505056890805, -55.008459125976884, -55.19174520664117, -55.375363394070426, -55.55931378281262, -59.88206819677932, -64.78129469453329, -69.89053271452758, -75.21064074598632, -80.74222775273336, -86.48565317319216, -92.44102692038582, -98.60820938193714]
    },
    "apdft_poly_coeff": [ -55.19174520664117, -18.345211823553953, -1.6605340909947586, -0.015811229066760763, 0.0026616042703153653 ],
    "hf_energies": [-38.28963920792828, -42.15740679711833, -46.227270512687326, -50.501534034192346, -54.61601402288943, -54.79888574782649, -54.982090105231514, -55.165627195584655, -55.34949711900557, -59.67059227527762, -64.56853689799202, -69.67725115354504, -74.99780869323261, -80.5308969422362, -86.27666305536836, -92.23457513714882, -98.40333551657899],
    "triples_corrections": [-0.005887642226160811, -0.005843003349444894, -0.005689959741234008, -0.005475301315263259, -0.0052544737149690345, -0.005244638281676226, -0.005234789822255052, -0.00522492884147099, -0.00521505580674108, -0.004985242689819169, -0.004729208309790492, -0.004462914781667647, -0.004182154941448568, -0.003885785329790905, -0.0035776113296939593, -0.003266518070603463, -0.002964095698362905],
    "scf_converged": [true, true, true, true, true, true, true, true, true, true, true, true, true, true, true, true, true],
    "cc_converged": [true, true, true, true, true, true, true, true, true, true, true, true, true, true, true, true, true],
    "scf_spin_squared": [2.0190810699832324, 2.0185691666002605, 2.0185393068953172, 2.018882714054871, 2.0194202852229197, 2.0194455768399986, 2.019470853501474, 2.0194960910234183, 2.0195212647730085, 2.0200205548423353, 2.020109954586964, 2.019376528533881, 2.017756759530156, 2.0155315997193224, 2.013132610196519, 2.0109092905106687, 2.009034409351588],
    "cc_spin_squared": [2.000569142664447, 2.000530517516906, 2.0004988827149845, 2.0004723585447373, 2.0004506506899578, 2.0004497273804773, 2.00044880369434, 2.0004478793562335, 2.0004469540874057, 2.000424740399443, 2.000395695212023, 2.0003582056257514, 2.0003119674792202, 2.0002604854251755, 2.000209295521456, 2.00016342983867, 2.0001256836668935]
}