{
    "schema_name": "pyscf_apdft_output",
    "provenance": {
        "creator": "PySCF",
        "version": "1.7.6"
    },
    "molecule": {
        "geometry": [[0.0, 0.0, 0.0], [1.6, 0.0, 0.0]],
        "symbols": [ "Ne", "H" ]
    },
    "molecular_charge": 2,
    "molecular_multiplicity": 2,
    "name": "ne.h.chrg2.mult2.sep1.60-pyscf-uccsdt.ccpv5z",
    "atomic_numbers": [ 10, 1 ],
    "n_electrons": 9,
    "model": {
        "method": "UCCSD(T)",
        "basis": "cc-pV5Z",
        "scf_conv_tol": 1e-09,
        "scf_conv_tol_grad": 1e-06,
        "cc_conv_tol": 1e-05,
        "cc_conv_tol_normt": 1e-07
    },
    "broken_symmetry": false,
    "finite_diff_delta": 0.01,
    "finite_diff_acc": 2,
    "apdft_lambdas": [-3.0, -2.75, -2.5, -2.25, -2.0, -1.75, -1.5, -1.25, -1.0, -0.75, -0.5, -0.25, -0.02, -0.01, 0.0, 0.01, 0.02],
    "electronic_energies": [-54.96036440836149, -59.76563268800364, -64.78663024982569, -70.1436530372097, -75.60324660673356, -81.29055512084955, -87.11895700982228, -93.36781505689446, -99.76908055276242, -106.41409158624165, -113.30173177092651, -120.42972945583222, -127.19811813294162, -127.49695564304722, -127.79617243599135, -128.09576843443523, -128.3957435618618],
    "apdft_energies": {
        "0": [-127.79617243599141, -127.79617243599141, -127.79617243599141, -127.79617243599141, -127.79617243599141, -127.79617243599141, -127.79617243599141, -127.79617243599141, -127.79617243599141, -127.79617243599141, -127.79617243599141, -127.79617243599141, -127.79617243599141, -127.79617243599141, -127.79617243599141, -127.79617243599141, -127.79617243599141],
        "1": [-37.97425372778939, -45.45941362013956, -52.944573512489725, -60.429733404839894, -67.91489329719006, -75.40005318954023, -82.8852130818904, -90.37037297424057, -97.85553286659074, -105.3406927589409, -112.82585265129107, -120.31101254364124, -127.1973596446034, -127.4967660402974, -127.79617243599141, -128.09557883168543, -128.39498522737944],
        "2": [-55.0385012109944, -59.7981215747771, -64.79474537582654, -70.02837261414271, -75.49900328972562, -81.20663740257527, -87.15127495269165, -93.33291594007477, -99.75156036472463, -106.40720822664122, -113.29985952582454, -120.42951426227461, -127.19811805560265, -127.49695564304722, -127.79617243599141, -128.09576843443523, -128.3957436383787],
        "3": [-55.38467684315428, -60.0647649581132, -64.99507849628944, -70.17441545896017, -75.60157384740262, -81.27535166289405, -87.19454690671164, -93.35795758013263, -99.76438168443426, -106.41261722089371, -113.30146219078824, -120.42971459539507, -127.1981181581732, -127.49695565586853, -127.79617243599141, -128.0957684216139, -128.39574353580812],
        "4": [-55.662106122703605, -60.26064854616692, -65.1288696226153, -70.26219581694257, -75.6563746927457, -81.30747491232488, -87.21188623668347, -93.366319525528, -99.76780673726819, -106.41370092901695, -113.30167625659037, -120.4297279745077, -127.19811815872121, -127.49695565590278, -127.79617243599141, -128.09576842164816, -128.39574353635612]
    },
    "apdft_poly_coeff": [ -127.79617243599141, -29.940639569400673, -1.8960274981338898, 0.012821319709625335, -0.0034250528339422695 ],
    "hf_energies": [-54.699426726979375, -59.49876333486459, -64.51404836338037, -69.82921491288224, -75.2828145863177, -80.97008478677063, -86.82236600742982, -93.06748981323642, -99.4727158160004, -106.12273961613464, -113.0138980565573, -120.14442687096007, -126.91469225346206, -127.21360563584814, -127.5128979501536, -127.812569131746, -128.11261911649385],
    "triples_corrections": [-0.00928383977055183, -0.009050159762858717, -0.008833139022558405, -0.011621502350431117, -0.011540690835063167, -0.011136940776208925, -0.007503740446052858, -0.0077541770369540545, -0.006761927986890413, -0.005573754290502112, -0.004735218295659948, -0.004152405209877355, -0.0037511873162228287, -0.0037357807856568345, -0.0037205167914491195, -0.003705392593653989, -0.0036904055232056926],
    "scf_converged": [true, true, true, true, true, true, true, true, true, true, true, true, true, true, true, true, true],
    "cc_converged": [true, true, true, true, true, true, true, true, true, true, true, true, true, true, true, true, true],
    "scf_spin_squared": [0.7677412066940579, 0.7637443273664997, 0.7614640875068877, 0.7677926922221623, 0.7688783757940767, 0.7774044676371861, 0.7568585292068586, 0.9187174021341056, 0.7671125316029173, 0.7564970088569574, 0.7542269795310119, 0.753351442453444, 0.7529081496603358, 0.7528928277618774, 0.7528777503836062, 0.7528629100275266, 0.7528482995011521],
    "cc_spin_squared": [0.7509500305119916, 0.7506097386045565, 0.7504358207257309, 0.7552772242732475, 0.7551965800679743, 0.7535558576062225, 0.7502580073672944, 0.7535217566015617, 0.7507555669489667, 0.750249128562483, 0.750110056148642, 0.7500632241793648, 0.7500446402666152, 0.7500440761288942, 0.7500435262130503, 0.7500429899920482, 0.7500424669622965]
}