{
    "schema_name": "pyscf_apdft_output",
    "provenance": {
        "creator": "PySCF",
        "version": "1.7.6"
    },
    "molecule": {
        "geometry": [[0.0, 0.0, 0.0], [1.9, 0.0, 0.0]],
        "symbols": [ "F", "H" ]
    },
    "molecular_charge": 0,
    "molecular_multiplicity": 1,
    "name": "f.h.chrg0.mult1.sep1.90-pyscf-ccsdt.ccpv5z",
    "atomic_numbers": [ 9, 1 ],
    "n_electrons": 10,
    "model": {
        "method": "CCSD(T)",
        "basis": "cc-pV5Z",
        "scf_conv_tol": 1e-09,
        "scf_conv_tol_grad": 1e-06,
        "cc_conv_tol": 1e-05,
        "cc_conv_tol_normt": 1e-07
    },
    "broken_symmetry": false,
    "finite_diff_delta": 0.01,
    "finite_diff_acc": 2,
    "apdft_lambdas": [-1.0, -0.75, -0.5, -0.25, -0.02, -0.01, 0.0, 0.01, 0.02, 0.25, 0.5, 0.75, 1.0],
    "electronic_energies": [-75.62400279507573, -81.41741209132773, -87.44903979445031, -93.72214438119929, -99.70949209455569, -99.97455142157885, -100.2400084731407, -100.50586300154043, -100.77211574414171, -107.00733686240825, -114.03672031525782, -121.33685177408063, -128.9004661933447],
    "apdft_energies": {
        "0": [-100.2400084730434, -100.2400084730434, -100.2400084730434, -100.2400084730434, -100.2400084730434, -100.2400084730434, -100.2400084730434, -100.2400084730434, -100.2400084730434, -100.2400084730434, -100.2400084730434, -100.2400084730434, -100.2400084730434],
        "1": [-73.67442947496433, -80.31582422448409, -86.95721897400387, -93.59861372352364, -99.70869689308182, -99.97435268306262, -100.2400084730434, -100.50566426302419, -100.77132005300498, -106.88140322256316, -113.52279797208294, -120.16419272160272, -126.80558747112248],
        "2": [-75.66181463735849, -81.43372837833081, -87.4540652646024, -93.72282529617327, -99.70949184714678, -99.97455142157885, -100.2400084730434, -100.50586300154043, -100.77211500706994, -107.00561479521281, -114.01964426268148, -121.28209687544943, -128.79297263351663],
        "3": [-75.62100939846695, -81.41651366817345, -87.44896460974097, -93.7221877143156, -99.70949152070487, -99.97455138077362, -100.2400084730434, -100.50586304234567, -100.77211533351185, -107.00625237707048, -114.02474491754292, -121.29931158560679, -128.83377787240818],
        "4": [-79.72301204713185, -82.71441294372758, -87.70533977528252, -93.73821116216193, -99.7094921770253, -99.97455142179363, -100.2400084730434, -100.5058630833657, -100.77211598983227, -107.02227582491683, -114.28112008308447, -122.59721086116092, -132.93578052107307]
    },
    "apdft_poly_coeff": [ -100.2400084730434, -26.565578998079076, -1.9873851623941619, -0.04080523889153179, -4.102002648664893 ],
    "hf_energies": [-75.24881711641673, -81.01816808908302, -87.03338576859294, -93.30108297963558, -99.29532305173095, -99.56095785923169, -99.82701269072281, -100.09348775263089, -100.36038324444857, -106.61535978904129, -113.6675587210034, -120.98138308065394, -128.55234330544005],
    "triples_corrections": [-0.022465260738108058, -0.023365892062829248, -0.022066914437543418, -0.02110690372337887, -0.020968157328991714, -0.020945290484176413, -0.020918469949311496, -0.02088708829135931, -0.02085090330506954, -0.018108959049650396, -0.012338558016322419, -0.008592234587674542, -0.006840250372413313],
    "scf_converged": [true, true, true, true, true, true, true, true, true, true, true, true, true],
    "cc_converged": [true, true, true, true, true, true, true, true, true, true, true, true, true],
    "t1_diagnostic": [0.07327189111581264, 0.05979020546523019, 0.03676666520316764, 0.024371029007851413, 0.03713317089034322, 0.03775635152573764, 0.03836451389465623, 0.03895454507375496, 0.03952531984774239, 0.04453359231837646, 0.032000203933066164, 0.017476340041854697, 0.009792743088697957]
}