{
    "schema_name": "pyscf_apdft_output",
    "provenance": {
        "creator": "PySCF",
        "version": "1.7.6"
    },
    "molecule": {
        "geometry": [[0.0, 0.0, 0.0], [1.9, 0.0, 0.0]],
        "symbols": [ "O", "H" ]
    },
    "molecular_charge": 1,
    "molecular_multiplicity": 1,
    "name": "o.h.chrg1.mult1.sep1.90-pyscf-ccsdt.ccpv5z",
    "atomic_numbers": [ 8, 1 ],
    "n_electrons": 8,
    "model": {
        "method": "CCSD(T)",
        "basis": "cc-pV5Z",
        "scf_conv_tol": 1e-09,
        "scf_conv_tol_grad": 1e-06,
        "cc_conv_tol": 1e-05,
        "cc_conv_tol_normt": 1e-07
    },
    "broken_symmetry": false,
    "finite_diff_delta": 0.01,
    "finite_diff_acc": 2,
    "apdft_lambdas": [-2.0, -1.75, -1.5, -1.25, -1.0, -0.75, -0.5, -0.25, -0.02, -0.01, 0.0, 0.01, 0.02, 0.25, 0.5, 0.75, 1.0],
    "electronic_energies": [-38.369473982901205, -42.22346614047436, -46.27947319023492, -50.5408049419844, -55.00978663429996, -59.68851938455959, -64.57985496340197, -69.68939870969689, -74.59134815302986, -74.80896924463656, -75.02696727727675, -75.24534231434005, -75.46409438249796, -80.59906628104827, -86.40240871313581, -92.43103832704477, -98.68075082928151],
    "apdft_energies": {
        "0": [-75.0269672772769, -75.0269672772769, -75.0269672772769, -75.0269672772769, -75.0269672772769, -75.0269672772769, -75.0269672772769, -75.0269672772769, -75.0269672772769, -75.0269672772769, -75.0269672772769, -75.0269672772769, -75.0269672772769, -75.0269672772769, -75.0269672772769, -75.0269672772769, -75.0269672772769],
        "1": [-31.389660306927652, -36.84432367822131, -42.29898704951496, -47.75365042080862, -53.208313792102274, -58.66297716339593, -64.11764053468958, -69.57230390598323, -74.5905942075734, -74.80878074242514, -75.0269672772769, -75.24515381212865, -75.46334034698039, -80.48163064857056, -85.9362940198642, -91.39095739115785, -96.84562076245152],
        "2": [-38.929748763251354, -42.61720390259414, -46.540286806197045, -50.698997474060064, -55.0933359061832, -59.72330210256645, -64.58889606320982, -69.6901177881133, -74.59134821641904, -74.80896924463656, -75.0269672772769, -75.24534231434005, -75.46409435582602, -80.59944453070061, -86.40754954838444, -92.45128233032838, -98.73064287653244],
        "3": [-38.86970801576646, -42.57698129246266, -46.51495711585186, -50.684339088443636, -55.08583081274759, -59.7201358912733, -64.58795792653036, -69.69000052102837, -74.59134815637829, -74.80896923713146, -75.0269672772769, -75.24534232184514, -75.46409441586677, -80.59956179778554, -86.40848768506389, -92.45444854162153, -98.73814796996805],
        "4": [-36.42189113324386, -41.14211597631599, -45.74045255536619, -50.31083187370325, -54.932842257589925, -59.67172935624295, -64.57839614183301, -69.68940290948478, -74.59134813190012, -74.80896923560158, -75.0269672772769, -75.24534232031526, -75.4640943913886, -80.59896418624196, -86.39892590036654, -92.40604200659118, -98.58515941481039]
    },
    "apdft_poly_coeff": [ -75.0269672772769, -21.81865348517462, -1.8850221140809253, -0.007505093435611342, 0.15298855515766263 ],
    "hf_energies": [-38.138865303278784, -41.97798103434314, -46.01715799805413, -50.26172337819323, -54.717219948532914, -59.38923328320822, -64.2830436963232, -69.40306428609702, -74.31563530056312, -74.53363139650664, -74.75199436804124, -74.97072413032531, -75.1898205912905, -80.32994078598436, -86.1345480603384, -92.1625497372748, -98.41105838437329],
    "triples_corrections": [-0.010579995493089002, -0.012377706255985596, -0.014166603047752756, -0.015551732433610525, -0.016426063607035222, -0.016925934905099055, -0.01685690352857719, -0.015546584301642975, -0.013573221833117356, -0.013493551666198804, -0.013415356716791293, -0.013338715439769685, -0.013263699025340959, -0.01205266687081186, -0.01166844874264546, -0.011754759558885886, -0.012016528801867177],
    "scf_converged": [true, true, true, true, true, true, true, true, true, true, true, true, true, true, true, true, true],
    "cc_converged": [true, true, true, true, true, true, true, true, true, true, true, true, true, true, true, true, true],
    "t1_diagnostic": [0.03267436326074213, 0.03817814121188835, 0.03870738422824214, 0.03261849207488842, 0.023223003972695833, 0.022362670741275632, 0.030858839058877676, 0.032611877232104604, 0.024053032972022895, 0.023564964427524412, 0.02307477004914007, 0.022583325156204453, 0.02209148074085495, 0.012115599741905219, 0.00626521441956631, 0.004050867070571814, 0.003258733957145356]
}