{
    "schema_name": "pyscf_qa_output",
    "provenance": {
        "creator": "PySCF",
        "version": "1.7.6"
    },
    "molecule": {
        "geometry": [[0.0, 0.0, 0.0], [0.7, 0.0, 0.0]],
        "symbols": [ "C", "H" ]
    },
    "molecular_charge": 1,
    "molecular_multiplicity": 3,
    "name": "c.h.chrg1.mult3.sep0.70-pyscf-uccsdt.ccpv5z",
    "atomic_numbers": [ 6, 1 ],
    "n_electrons": 6,
    "model": {
        "method": "UCCSD(T)",
        "basis": "cc-pV5Z",
        "scf_conv_tol": 1e-09,
        "scf_conv_tol_grad": 1e-06,
        "cc_conv_tol": 1e-05,
        "cc_conv_tol_normt": 1e-07
    },
    "broken_symmetry": false,
    "finite_diff_delta": 0.01,
    "finite_diff_acc": 2,
    "qa_lambdas": [-2.0, -1.75, -1.5, -1.25, -1.0, -0.75, -0.5, -0.25, -0.02, -0.01, 0.0, 0.01, 0.02, 0.25, 0.5, 0.75, 1.0],
    "electronic_energies": [-14.865269201945669, -17.131249535179265, -19.564926863257696, -22.1687900911963, -24.944527091013587, -27.893059256633066, -31.014906793547954, -34.3105238996027, -37.49640317771746, -37.638272385730815, -37.780421277227546, -37.92284988648565, -38.06555824764475, -41.42513778446481, -45.24515840321785, -49.24082578158712, -53.4122576611681],
    "qats_energies": {
        "0": [-37.78042127722765, -37.78042127722765, -37.78042127722765, -37.78042127722765, -37.78042127722765, -37.78042127722765, -37.78042127722765, -37.78042127722765, -37.78042127722765, -37.78042127722765, -37.78042127722765, -37.78042127722765, -37.78042127722765, -37.78042127722765, -37.78042127722765, -37.78042127722765, -37.78042127722765],
        "1": [-9.322671201744107, -12.87988996117955, -16.437108720614994, -19.994327480050437, -23.55154623948588, -27.108764998921323, -30.665983758356766, -34.22320251779221, -37.49584377647282, -37.638132526850235, -37.78042127722765, -37.92271002760507, -38.06499877798249, -41.337640036663096, -44.89485879609854, -48.45207755553398, -52.009296314969426],
        "2": [-14.917026424939287, -17.16306817893836, -19.583933533662282, -22.179622489111054, -24.950135045284675, -27.895471202183145, -31.015630959806465, -34.310614318154634, -37.49640321199514, -37.638272385730815, -37.78042127722765, -37.92284988648565, -38.06555821350481, -41.42505183702552, -45.24450599754824, -49.238783758795805, -53.40788512076822],
        "3": [-14.871414678263381, -17.13251187208321, -19.564691078033384, -22.168486808770258, -24.94443357695019, -27.893065895229533, -31.014918276264655, -34.31052523271191, -37.49640316638339, -37.63827238002935, -37.78042127722765, -37.922849892187116, -38.06555825911656, -41.425140922468245, -45.24521868109005, -49.24118906574942, -53.41358658910271],
        "4": [-14.862233518727045, -17.127130044923366, -19.56178610177384, -22.167085875003117, -24.943859754479163, -27.892884334213313, -31.014882412360215, -34.31052299121788, -37.49640316629158, -37.63827238002361, -37.78042127722765, -37.92284989218138, -38.06555825902474, -41.42513868097422, -45.24518281718561, -49.2410075047332, -53.41301276663169]
    },
    "qats_poly_coeffs": [ -37.78042127722765, -14.228875037741773, -1.398588805798795, -0.005701468334488404, 0.0005738224710209275 ],
    "hf_energies": [-14.75920780677492, -17.0242187762344, -19.457044558154415, -22.06032190603856, -24.8357159194339, -27.784037926203208, -30.90570996518223, -34.20113119619967, -37.386792589828715, -37.528651409861624, -37.670789836830345, -37.81320790515858, -37.955905649157636, -41.31522069146216, -45.13491524898636, -49.130229421942, -53.30129853591376],
    "triples_corrections": [-0.0014620474423453424, -0.0014591931006185123, -0.00144869206464753, -0.0014226220617791073, -0.0013858932540541957, -0.0013482709628452531, -0.0013161270712301384, -0.001291338628897917, -0.0012746410300081823, -0.0012740332200332886, -0.001273434536074854, -0.0012728448886412198, -0.0012722641879594604, -0.001261168083155211, -0.001253117608459965, -0.0012478411133263604, -0.001243914650343268],
    "scf_converged": [true, true, true, true, true, true, true, true, true, true, true, true, true, true, true, true, true],
    "cc_converged": [true, true, true, true, true, true, true, true, true, true, true, true, true, true, true, true, true],
    "scf_spin_squared": [2.0018914749752983, 2.001879656966787, 2.0019707256077792, 2.0020948005074732, 2.002190352872741, 2.002234179835088, 2.002235262230092, 2.002211323504847, 2.002179047529998, 2.0021775391235312, 2.0021760256379, 2.002174507448491, 2.002172984921895, 2.002137509723683, 2.0021003005861586, 2.0020670974167216, 2.0020395479821245],
    "cc_spin_squared": [2.0000941232067686, 2.000086954394023, 2.0000818256799464, 2.0000762953906728, 2.000069848490308, 2.0000631509846074, 2.000056921858338, 2.000051495314221, 2.000047224043804, 2.000047052650867, 2.0000468823734403, 2.0000467132017494, 2.0000465451259735, 2.0000429592120357, 2.0000395768090895, 2.000036603377438, 2.000033933856356]
}