{
    "schema_name": "pyscf_qa_output",
    "provenance": {
        "creator": "PySCF",
        "version": "1.7.6"
    },
    "molecule": {
        "geometry": [[0.0, 0.0, 0.0], [1.6, 0.0, 0.0]],
        "symbols": [ "O", "H" ]
    },
    "molecular_charge": 1,
    "molecular_multiplicity": 1,
    "name": "o.h.chrg1.mult1.sep1.60-pyscf-ccsdt.ccpv5z",
    "atomic_numbers": [ 8, 1 ],
    "n_electrons": 8,
    "model": {
        "method": "CCSD(T)",
        "basis": "cc-pV5Z",
        "scf_conv_tol": 1e-09,
        "scf_conv_tol_grad": 1e-06,
        "cc_conv_tol": 1e-05,
        "cc_conv_tol_normt": 1e-07
    },
    "broken_symmetry": false,
    "finite_diff_delta": 0.01,
    "finite_diff_acc": 2,
    "qa_lambdas": [-2.0, -1.75, -1.5, -1.25, -1.0, -0.75, -0.5, -0.25, -0.02, -0.01, 0.0, 0.01, 0.02, 0.25, 0.5, 0.75, 1.0],
    "electronic_energies": [-38.39502658475332, -42.25465404058745, -46.314273036504915, -50.57765504615791, -55.0480646933061, -59.728446098009435, -64.62188083675868, -69.73218405773306, -74.62917038025365, -74.84638994580733, -75.06397044506164, -75.28191207402394, -75.50021502050195, -80.62120582855232, -86.40514763014296, -92.41427342677167, -98.645856850678],
    "qats_energies": {
        "0": [-75.06397044506159, -75.06397044506159, -75.06397044506159, -75.06397044506159, -75.06397044506159, -75.06397044506159, -75.06397044506159, -75.06397044506159, -75.06397044506159, -75.06397044506159, -75.06397044506159, -75.06397044506159, -75.06397044506159, -75.06397044506159, -75.06397044506159, -75.06397044506159, -75.06397044506159],
        "1": [-31.511757623401166, -36.95578422610872, -42.39981082881627, -47.84383743152382, -53.287864034231376, -58.73189063693893, -64.17591723964648, -69.61994384235403, -74.62844831684498, -74.84620938095328, -75.06397044506159, -75.28173150916989, -75.49949257327819, -80.50799704776914, -85.95202365047669, -91.39605025318424, -96.8400768558918],
        "2": [-38.734351785331995, -42.48558288133701, -46.46252004490236, -50.66516327602805, -55.09351257471408, -59.74756794096045, -64.62732937476716, -69.7327968761342, -74.62917057626117, -74.84638994580733, -75.06397044506159, -75.28191207402394, -75.50021483269438, -80.6208500815493, -86.40343578559737, -92.41172755720577, -98.6457253963745],
        "3": [-38.47847505752597, -42.31416546407633, -46.354572050359195, -50.602693371778535, -55.06152798373833, -59.734074441642555, -64.62333130089519, -69.73229711690021, -74.62917032038445, -74.84638991382275, -75.06397044506159, -75.28191210600852, -75.50021508857111, -80.6213498407833, -86.40743385946934, -92.42522105652367, -98.67770998735026],
        "4": [-37.93181000356095, -41.993720445870764, -46.181603810628076, -50.51927890431561, -55.02736141786552, -59.72326392665936, -64.62119589052814, -69.73216365375227, -74.6291703149178, -74.84638991348108, -75.06397044506159, -75.28191210566686, -75.50021508310446, -80.62121637763536, -86.40529844910229, -92.41441054154046, -98.64354342147745]
    },
    "qats_poly_coeffs": [ -75.06397044506159, -21.77610641083021, -1.8056485404827072, -0.03198459097575323, 0.03416656587281371 ],
    "hf_energies": [-38.16388388969835, -42.01269219202122, -46.06130630531039, -50.31413168704008, -54.77553989786599, -59.44986808939163, -64.34128042987824, -69.45347321788927, -74.35411678908838, -74.57150399800453, -74.78925146869119, -75.00735924831908, -75.22582737987658, -80.35008847609842, -86.13591461513482, -92.14536865182819, -98.37637912713181],
    "triples_corrections": [-0.009844912683991777, -0.010749510343280434, -0.011627873511883359, -0.012412922691018052, -0.013057560185135802, -0.013520519044273756, -0.013714438190598546, -0.013517528885621181, -0.013009495144204063, -0.012983385557998623, -0.012957143028243074, -0.012930793613616438, -0.012904363347947692, -0.012329428217467922, -0.011934799465439386, -0.011835752968837166, -0.011948548771980233],
    "scf_converged": [true, true, true, true, true, true, true, true, true, true, true, true, true, true, true, true, true],
    "cc_converged": [true, true, true, true, true, true, true, true, true, true, true, true, true, true, true, true, true],
    "t1_diagnostic": [0.019614437082707378, 0.020922585416300484, 0.020544493598584894, 0.018200624075645523, 0.014988132650925324, 0.0138244088768437, 0.015738709688198654, 0.017090631873303445, 0.015551374660217082, 0.01542561214267016, 0.015295949620934621, 0.015162547581556971, 0.015025570512554756, 0.011291488813117255, 0.00745160435394442, 0.004971449760315203, 0.003693026161926225]
}