{
    "schema_name": "pyscf_apdft_output",
    "provenance": {
        "creator": "PySCF",
        "version": "1.7.6"
    },
    "molecule": {
        "geometry": [[0.0, 0.0, 0.0], [1.1, 0.0, 0.0]],
        "symbols": [ "Be", "H" ]
    },
    "molecular_charge": -1,
    "molecular_multiplicity": 3,
    "name": "be.h.chrg-1.mult3.sep1.10-pyscf-uccsdt.ccpv5z",
    "atomic_numbers": [ 4, 1 ],
    "n_electrons": 6,
    "model": {
        "method": "UCCSD(T)",
        "basis": "cc-pV5Z",
        "scf_conv_tol": 1e-09,
        "scf_conv_tol_grad": 1e-06,
        "cc_conv_tol": 1e-05,
        "cc_conv_tol_normt": 1e-07
    },
    "broken_symmetry": false,
    "finite_diff_delta": 0.01,
    "finite_diff_acc": 2,
    "apdft_lambdas": [-0.02, -0.01, 0.0, 0.01, 0.02, 0.25, 0.5, 0.75, 1.0, 1.25, 1.5, 1.75, 2.0, 2.25, 2.5, 2.75, 3.0],
    "electronic_energies": [-15.018010431346536, -15.104122068192924, -15.190500631544085, -15.277146411099837, -15.364059691510398, -17.43744716395201, -19.854132091551964, -22.440628262969263, -25.195705250099188, -28.1177872102559, -31.20491956731482, -34.45460347072843, -37.86371742016676, -41.42850969959189, -45.14463465889137, -49.00720974594207, -53.01086570127818],
    "apdft_energies": {
        "0": [-15.190500631544062, -15.190500631544062, -15.190500631544062, -15.190500631544062, -15.190500631544062, -15.190500631544062, -15.190500631544062, -15.190500631544062, -15.190500631544062, -15.190500631544062, -15.190500631544062, -15.190500631544062, -15.190500631544062, -15.190500631544062, -15.190500631544062, -15.190500631544062, -15.190500631544062],
        "1": [-15.017476288637148, -15.103988460090605, -15.190500631544062, -15.277012802997518, -15.363524974450975, -17.35330491788048, -19.516109204216896, -21.678913490553313, -23.84171777688973, -26.004522063226148, -28.167326349562565, -30.330130635898982, -32.4929349222354, -34.655739208571816, -36.81854349490823, -38.98134778124465, -41.14415206758107],
        "2": [-15.018010721046423, -15.104122068192924, -15.190500631544062, -15.277146411099837, -15.36405940686025, -17.43680998182964, -19.850129460013548, -22.43045906609578, -25.17779880007634, -28.09214866195522, -31.173508651732433, -34.42187876940797, -37.83725901498183, -41.41964938845402, -45.169049889824535, -49.085460519093374, -53.16888127626054],
        "3": [-15.018010338146398, -15.10412202033042, -15.190500631544062, -15.27714645896234, -15.364059789760274, -17.437557833438984, -19.856112272888293, -22.450651059548047, -25.225661303074304, -28.18563011312313, -31.335044599350574, -34.67839187141271, -38.220159038965576, -41.96483321166525, -45.916901499167786, -50.08085101112923, -54.46116885720567],
        "4": [-15.018010334779904, -15.104122020120014, -15.190500631544062, -15.277146458751934, -15.364059786393778, -17.43747564359956, -19.854797235457493, -22.44399368255462, -25.204620704181494, -28.134261463482467, -31.2285265674557, -34.481054066953135, -37.883509456680535, -41.42558567519744, -45.0950031049172, -48.87750957210696, -52.75688034688766]
    },
    "apdft_poly_coeff": [ -15.190500631544062, -8.651217145345669, -1.3360810231866083, -0.04786250299796771, 0.021040598892814916 ],
    "hf_energies": [-14.930493208014463, -15.016518660236628, -15.102811202375646, -15.189371191007346, -15.27619897815852, -17.347839198318788, -19.763310618134255, -22.34901497983511, -25.103376860253274, -28.02467412050017, -31.110917631004234, -34.35964318377135, -37.76781103319523, -41.3317693069792, -45.04725733908822, -48.909437836855496, -52.91294231042199],
    "triples_corrections": [-0.0013214082926656587, -0.0013281597946706205, -0.0013348502383274878, -0.0013414755735301179, -0.0013480317718568063, -0.0014722545409132518, -0.0015450203729001036, -0.0015856313090651672, -0.001620622017794782, -0.0016570435733714816, -0.0016932414135931758, -0.0017234868881402248, -0.0017405214153207384, -0.0017377777041822043, -0.0017109409546971358, -0.0016586618764196507, -0.0015825477430467777],
    "scf_converged": [true, true, true, true, true, true, true, true, true, true, true, true, true, true, true, true, true],
    "cc_converged": [true, true, true, true, true, true, true, true, true, true, true, true, true, true, true, true, true],
    "scf_spin_squared": [2.0007825515242246, 2.0007999170125865, 2.000817835925808, 2.000836306287003, 2.000855324474095, 2.001408479463432, 2.00200245073337, 2.0023662251451926, 2.002561432389742, 2.002687264849602, 2.0028126962194515, 2.0029756121204962, 2.0031740117643344, 2.0033682297684634, 2.0035114482738043, 2.003587283562439, 2.003616004165456],
    "cc_spin_squared": [2.0000869146541684, 2.0000877817075997, 2.0000886538310914, 2.000089530093212, 2.0000904095451597, 2.0001092955784783, 2.000120767469924, 2.0001232827489765, 2.0001218161577032, 2.0001190427212325, 2.000115731475404, 2.00011184919776, 2.0001070637940073, 2.0001009609821203, 2.000093204210377, 2.000083755491004, 2.0000730466238203]
}