{
    "schema_name": "pyscf_qa_output",
    "provenance": {
        "creator": "PySCF",
        "version": "1.7.6"
    },
    "molecule": {
        "geometry": [[0.0, 0.0, 0.0], [1.1, 0.0, 0.0]],
        "symbols": [ "B", "H" ]
    },
    "molecular_charge": 0,
    "molecular_multiplicity": 1,
    "name": "b.h.chrg0.mult1.sep1.10-pyscf-ccsdt.ccpv5z",
    "atomic_numbers": [ 5, 1 ],
    "n_electrons": 6,
    "model": {
        "method": "CCSD(T)",
        "basis": "cc-pV5Z",
        "scf_conv_tol": 1e-09,
        "scf_conv_tol_grad": 1e-06,
        "cc_conv_tol": 1e-05,
        "cc_conv_tol_normt": 1e-07
    },
    "broken_symmetry": false,
    "finite_diff_delta": 0.01,
    "finite_diff_acc": 2,
    "qa_lambdas": [-1.0, -0.75, -0.5, -0.25, -0.02, -0.01, 0.0, 0.01, 0.02, 0.25, 0.5, 0.75, 1.0, 1.25, 1.5, 1.75, 2.0],
    "electronic_energies": [-15.209083723156386, -17.46981130796665, -19.896894615861406, -22.49286553959754, -25.031702676691484, -25.145372622736378, -25.259316786775045, -25.37353521109797, -25.48802793714204, -28.197152239381523, -31.306902533511934, -34.588863111872364, -38.04305662868575, -41.669126315308525, -45.46623198808963, -49.43296868071293, -53.56730035687278],
    "qats_energies": {
        "0": [-25.259316786775006, -25.259316786775006, -25.259316786775006, -25.259316786775006, -25.259316786775006, -25.259316786775006, -25.259316786775006, -25.259316786775006, -25.259316786775006, -25.259316786775006, -25.259316786775006, -25.259316786775006, -25.259316786775006, -25.259316786775006, -25.259316786775006, -25.259316786775006, -25.259316786775006],
        "1": [-13.851187368695424, -16.70321972321532, -19.555252077735215, -22.40728443225511, -25.031154198413414, -25.14523549259421, -25.259316786775006, -25.373398080955802, -25.487479375136598, -28.1113491412949, -30.963381495814797, -33.81541385033469, -36.667446204854585, -39.519478559374484, -42.37151091389438, -45.223543268414275, -48.07557562293417],
        "2": [-15.222488790373053, -17.474576772908986, -19.898077433154622, -22.492990771109962, -25.031702718982086, -25.145372622736378, -25.259316786775006, -25.37353521109797, -25.48802789570527, -28.197055480149753, -31.306206851234204, -34.586770900028355, -38.03874762653221, -41.66213703074578, -45.45693911266905, -49.42315387230201, -53.56078130964468],
        "3": [-15.215511509397846, -17.47163323249757, -19.89720527303272, -22.492881751094725, -25.031702663163838, -25.145372615759097, -25.259316786775006, -25.37353521807525, -25.488027951523517, -28.19716450016499, -31.307079011356105, -34.58971444043978, -38.04572490750742, -41.675764532650476, -45.48048743596037, -49.460547737528515, -53.616599557446335],
        "4": [-15.21195388113179, -17.47050757667901, -19.896982921266094, -22.49286785410931, -25.03170266259462, -25.14537261572352, -25.259316786775006, -25.373535218039674, -25.488027950954297, -28.197150603179576, -31.306856659589478, -34.588588784621216, -38.04216727924137, -41.667078916766556, -45.46247694286346, -49.42718107554882, -53.55967750518944]
    },
    "qats_poly_coeffs": [ -25.259316786775006, -11.408129418079582, -1.3713014216776287, -0.006977280975206667, 0.003557628266056175 ],
    "hf_energies": [-15.086337789275683, -17.344292855982946, -19.76840640332606, -22.361333500302024, -24.89739081585276, -25.01094130296699, -25.124766155723677, -25.238865419527478, -25.353239138853755, -28.059674879236162, -31.166632484589783, -34.44598122373433, -37.89781364186237, -41.52185905569636, -45.317352904803, -49.28292104278402, -53.4164877364529],
    "triples_corrections": [-0.0023476079081341523, -0.0024391215265392686, -0.002534241744737492, -0.002618039617787308, -0.002680728425338721, -0.002683151847744933, -0.002685551515843124, -0.002687927611615233, -0.0026902803156882574, -0.002738304608027227, -0.0027782600098263262, -0.0028057196339267452, -0.002820013534630913, -0.002820664704451067, -0.0028082565282605723, -0.002784869744141424, -0.002753958934193952],
    "scf_converged": [true, true, true, true, true, true, true, true, true, true, true, true, true, true, true, true, true],
    "cc_converged": [true, true, true, true, true, true, true, true, true, true, true, true, true, true, true, true, true],
    "t1_diagnostic": [0.01933837416898699, 0.016235322761916908, 0.014177229393210929, 0.012672898362481168, 0.011561470303404948, 0.01151773434646596, 0.01147435694936901, 0.011431336346348507, 0.01138867084557136, 0.010501693895022422, 0.009721347509532637, 0.009083922706498227, 0.008535011200819698, 0.008032507028077054, 0.007545499241421329, 0.007045926739061675, 0.006509033693713181]
}