{
    "schema_name": "pyscf_apdft_output",
    "provenance": {
        "creator": "PySCF",
        "version": "1.7.6"
    },
    "molecule": {
        "geometry": [[0.0, 0.0, 0.0], [0.6, 0.0, 0.0]],
        "symbols": [ "B", "H" ]
    },
    "molecular_charge": 2,
    "molecular_multiplicity": 3,
    "name": "b.h.chrg2.mult3.sep0.60-pyscf-uccsdt.ccpv5z",
    "atomic_numbers": [ 5, 1 ],
    "n_electrons": 4,
    "model": {
        "method": "UCCSD(T)",
        "basis": "cc-pV5Z",
        "scf_conv_tol": 1e-09,
        "scf_conv_tol_grad": 1e-06,
        "cc_conv_tol": 1e-05,
        "cc_conv_tol_normt": 1e-07
    },
    "broken_symmetry": false,
    "finite_diff_delta": 0.01,
    "finite_diff_acc": 2,
    "apdft_lambdas": [-2.0, -1.75, -1.5, -1.25, -1.0, -0.75, -0.5, -0.25, -0.02, -0.01, 0.0, 0.01, 0.02],
    "electronic_energies": [-7.432454497263041, -8.921813993848318, -10.518585417622061, -12.262606310152806, -14.154314043338818, -16.19384467840458, -18.381249606860997, -20.716598013057304, -22.995844223317313, -23.097784180969327, -23.19996098811319, -23.302374641448488, -23.405025137276926],
    "apdft_energies": {
        "0": [-23.199960988113308, -23.199960988113308, -23.199960988113308, -23.199960988113308, -23.199960988113308, -23.199960988113308, -23.199960988113308, -23.199960988113308, -23.199960988113308, -23.199960988113308, -23.199960988113308, -23.199960988113308, -23.199960988113308],
        "1": [-2.740914940197289, -5.298295696186791, -7.855676452176294, -10.413057208165796, -12.970437964155298, -15.5278187201448, -18.085199476134303, -20.642580232123805, -22.995370527634147, -23.097665757873727, -23.199960988113308, -23.302256218352888, -23.404551448592468],
        "2": [-7.4778387641953294, -8.925002998935291, -10.520196103175191, -12.26341807691503, -14.154668920154808, -16.193948632894525, -18.38125721513418, -20.716594666873775, -22.995844220016547, -23.097784180969327, -23.199960988113308, -23.302374641448488, -23.405025140974868],
        "3": [-7.482504569122931, -8.928128723720777, -10.522164489629024, -12.264557189446183, -14.155252145770758, -16.194194681201253, -18.381330118336173, -20.716603779774022, -22.99584422468235, -23.09778418155255, -23.199960988113308, -23.302374640865263, -23.405025136309064],
        "4": [-7.456025009836939, -8.912606892215482, -10.51378619157369, -12.260516729350055, -14.153597173315385, -16.193671037572795, -18.381226682557713, -20.71659731503787, -22.995844224417556, -23.097784181536003, -23.199960988113308, -23.30237464084871, -23.405025136044266]
    },
    "apdft_poly_coeff": [ -23.199960988113308, -10.22952302395801, -1.1842309559995101, 0.0005832256159502928, 0.0016549724553745666 ],
    "hf_energies": [-7.378338208410204, -8.871914107493293, -10.470099212342019, -12.215565193283265, -14.108741420328528, -16.149755590138504, -18.33865451718803, -20.675509595702398, -22.95615977307682, -23.058161287392238, -23.16039969981397, -23.26287500772751, -23.365587208118193],
    "triples_corrections": [-0.00022211349120188244, -0.00015286052538505441, -0.00012596017215487057, -0.00010504577221920279, -8.857664737569164e-05, -7.548563605885599e-05, -6.499676263214549e-05, -5.651870109144948e-05, -5.009931297458593e-05, -4.984544653499026e-05, -4.9593504771718704e-05, -4.9343467640396653e-05, -4.909531529552659e-05],
    "scf_converged": [true, true, true, true, true, true, true, true, true, true, true, true, true],
    "cc_converged": [true, true, true, true, true, true, true, true, true, true, true, true, true],
    "scf_spin_squared": [2.0001278887930365, 2.0001580044083145, 2.000119356533885, 2.0000910579654914, 2.0000705765140676, 2.0000557207145184, 2.0000448611755095, 2.0000368357674305, 2.0000312486694067, 2.0000310369456367, 2.000030827543994, 2.0000306204342344, 2.0000304155865356],
    "cc_spin_squared": [2.000003751978787, 2.0000023969901015, 2.000001600259867, 2.0000010885165374, 2.0000007576861503, 2.0000005410320867, 2.000000396801858, 2.000000298915677, 2.00000023561182, 2.000000233296351, 2.0000002310124305, 2.0000002287595855, 2.0000002265372645]
}