{
    "schema_name": "pyscf_apdft_output",
    "provenance": {
        "creator": "PySCF",
        "version": "1.7.6"
    },
    "molecule": {
        "geometry": [[0.0, 0.0, 0.0], [1.1, 0.0, 0.0]],
        "symbols": [ "B", "H" ]
    },
    "molecular_charge": 0,
    "molecular_multiplicity": 3,
    "name": "b.h.chrg0.mult3.sep1.10-pyscf-uccsdt.ccpv5z",
    "atomic_numbers": [ 5, 1 ],
    "n_electrons": 6,
    "model": {
        "method": "UCCSD(T)",
        "basis": "cc-pV5Z",
        "scf_conv_tol": 1e-09,
        "scf_conv_tol_grad": 1e-06,
        "cc_conv_tol": 1e-05,
        "cc_conv_tol_normt": 1e-07
    },
    "broken_symmetry": false,
    "finite_diff_delta": 0.01,
    "finite_diff_acc": 2,
    "apdft_lambdas": [-1.0, -0.75, -0.5, -0.25, -0.02, -0.01, 0.0, 0.01, 0.02, 0.25, 0.5, 0.75, 1.0, 1.25, 1.5, 1.75, 2.0],
    "electronic_energies": [-15.188216421453204, -17.440857418060475, -19.86117609165119, -22.45198164307362, -24.98736554538029, -25.100911789434008, -25.21473443923461, -25.328833539725412, -25.443209135659686, -28.15026120577457, -31.259228481189826, -34.54216033418094, -37.99927741339433, -41.63032924501175, -45.43446436024475, -49.41013269271591, -53.5550073817664],
    "apdft_energies": {
        "0": [-25.214734439234597, -25.214734439234597, -25.214734439234597, -25.214734439234597, -25.214734439234597, -25.214734439234597, -25.214734439234597, -25.214734439234597, -25.214734439234597, -25.214734439234597, -25.214734439234597, -25.214734439234597, -25.214734439234597, -25.214734439234597, -25.214734439234597, -25.214734439234597, -25.214734439234597],
        "1": [-13.818646924664378, -16.66766880330693, -19.516690681949488, -22.365712560592044, -24.986812688943193, -25.100773564088897, -25.214734439234597, -25.328695314380298, -25.442656189526, -28.06375631787715, -30.912778196519707, -33.76180007516226, -36.610821953804816, -39.45984383244737, -42.30886571108992, -45.15788758973248, -48.006909468375035],
        "2": [-15.200900375794234, -17.445186369567477, -19.86225404473195, -22.45210340128766, -24.987365590323645, -25.100911789434008, -25.214734439234597, -25.328833539725412, -25.443209090906453, -28.150147158572768, -31.25834155930217, -34.539317641422805, -37.99307540493467, -41.619614849837774, -45.418935976132104, -49.39103878381766, -53.53592327289446],
        "3": [-15.193425660132993, -17.44203297389789, -19.861319705274298, -22.451986608855453, -24.98736553052592, -25.100911781959294, -25.214734439234597, -25.328833547200126, -25.443209150704178, -28.150263951004973, -31.259275898759824, -34.54247103709239, -38.00055012059591, -41.63421390386363, -45.44416314148879, -49.43109858806463, -53.59572099818439],
        "4": [-15.192633508603436, -17.44178233220299, -19.861270195803698, -22.45198351451354, -24.987365530399174, -25.10091178195137, -25.214734439234597, -25.328833547192207, -25.443209150577434, -28.150260856663063, -31.25922638928923, -34.54222039539749, -37.99975796906636, -41.632279940168424, -45.44015287437041, -49.42366907313312, -53.58304657371148]
    },
    "apdft_poly_coeff": [ -25.214734439234597, -11.396087514570219, -1.3822534511298556, -0.007474715661241285, 0.0007921515295568801 ],
    "hf_energies": [-15.094182177553838, -17.3452115836538, -19.76407670309446, -22.353601657780352, -24.887805092179754, -25.00129805780964, -25.115067219457142, -25.22911261867803, -25.343434297155383, -28.04918385658161, -31.15661739348829, -34.437970939407265, -37.89358845492855, -41.5233519314241, -45.32651364599187, -49.30157182789395, -53.44618846694166],
    "triples_corrections": [-0.0013813353724869241, -0.0014902064227768693, -0.001567969367740785, -0.0016199501722403218, -0.001661696421471744, -0.0016635476035921739, -0.001665405014247138, -0.001667268817488396, -0.0016691391482531884, -0.0017139024569778256, -0.0017640042112340448, -0.0018092453168272696, -0.001841904208149788, -0.0018552883077555145, -0.0018453213094493874, -0.0018112034651564636, -0.0017551479273572393],
    "scf_converged": [true, true, true, true, true, true, true, true, true, true, true, true, true, true, true, true, true],
    "cc_converged": [true, true, true, true, true, true, true, true, true, true, true, true, true, true, true, true, true],
    "scf_spin_squared": [2.001488292791186, 2.0017214786780957, 2.0020736708700584, 2.002376248189159, 2.002556439080411, 2.002562494402419, 2.0025684352078614, 2.0025742660130774, 2.00257999136241, 2.0026929740101194, 2.0028140422757224, 2.0029704965383894, 2.0031589397003664, 2.0033385700449946, 2.003462804371324, 2.0035172504892627, 2.0035263129638086],
    "cc_spin_squared": [2.000108873893411, 2.000116738036384, 2.0001226154226384, 2.0001239108489797, 2.000122200231566, 2.0001220904951875, 2.0001219787803386, 2.0001218651812995, 2.0001217497886996, 2.000118757924117, 2.0001150957154206, 2.000110991566231, 2.0001061057838836, 2.0001000360054926, 2.000092482716081, 2.0000834448885314, 2.0000733669879747]
}