{
    "schema_name": "pyscf_apdft_output",
    "provenance": {
        "creator": "PySCF",
        "version": "1.7.6"
    },
    "molecule": {
        "geometry": [[0.0, 0.0, 0.0], [1.0, 0.0, 0.0]],
        "symbols": [ "Ne", "H" ]
    },
    "molecular_charge": 1,
    "molecular_multiplicity": 3,
    "name": "ne.h.chrg1.mult3.sep1.00-pyscf-uccsdt.ccpv5z",
    "atomic_numbers": [ 10, 1 ],
    "n_electrons": 10,
    "model": {
        "method": "UCCSD(T)",
        "basis": "cc-pV5Z",
        "scf_conv_tol": 1e-09,
        "scf_conv_tol_grad": 1e-06,
        "cc_conv_tol": 1e-05,
        "cc_conv_tol_normt": 1e-07
    },
    "broken_symmetry": false,
    "finite_diff_delta": 0.01,
    "finite_diff_acc": 2,
    "apdft_lambdas": [-2.0, -1.75, -1.5, -1.25, -1.0, -0.75, -0.5, -0.25, -0.02, -0.01, 0.0, 0.01, 0.02],
    "electronic_energies": [-75.62806169325204, -81.3885444067972, -87.38159405349606, -93.61113343323915, -100.08027636401562, -106.7907179166476, -113.74278741435151, -120.93603060247911, -127.76619666068764, -128.06776776297664, -128.36972240236312, -128.67206052991594, -128.9747820967369],
    "apdft_energies": {
        "0": [-128.369722402363, -128.369722402363, -128.369722402363, -128.369722402363, -128.369722402363, -128.369722402363, -128.369722402363, -128.369722402363, -128.369722402363, -128.369722402363, -128.369722402363, -128.369722402363, -128.369722402363],
        "1": [-67.94044570843349, -75.49410529517468, -83.04776488191587, -90.60142446865706, -98.15508405539825, -105.70874364213944, -113.26240322888063, -120.81606281562182, -127.76542963542371, -128.06757601889336, -128.369722402363, -128.67186878583266, -128.9740151693023],
        "2": [-75.61020903968407, -81.3662678456634, -87.36200675574432, -93.59742576992682, -100.07252488821089, -106.78730411059655, -113.74176343708379, -120.93590286767261, -127.76619661175684, -128.06776776297664, -128.369722402363, -128.67206052991594, -128.97478214563543],
        "3": [-75.6754285826355, -81.40995984416406, -87.38952125042695, -93.6133485099052, -100.08067733107983, -106.79074342243189, -113.7427824924424, -120.93603024959243, -127.76619667697638, -128.0677677711291, -128.369722402363, -128.67206052176348, -128.97478208041588],
        "4": [-75.67757347430717, -81.41121714028313, -87.39019990755745, -93.61367579440099, -100.0808113868093, -106.79078583850253, -113.7427908709255, -120.93603077324764, -127.76619667699784, -128.06776777113043, -128.369722402363, -128.67206052176485, -128.97478208043734]
    },
    "apdft_poly_coeff": [ -128.369722402363, -30.21463834696476, -1.9174408328126447, 0.008152442868928725, -0.00013405572948007224 ],
    "hf_energies": [-75.3329001828214, -81.09043548560305, -87.08144765227836, -93.31003327324133, -99.77941046892532, -106.49105068127594, -113.44487322184848, -120.64010919012252, -127.47218202900932, -127.77383663843332, -128.07587481174062, -128.37829649799093, -128.68110164637991],
    "triples_corrections": [-0.007366627237854138, -0.0071207161919031765, -0.006800317713248847, -0.006395235050452498, -0.005915045001707947, -0.005404194512101589, -0.004911982568752091, -0.004465054454637414, -0.004099400529499485, -0.004084467030386628, -0.004069611335688477, -0.004054833086989465, -0.004040131920673326],
    "scf_converged": [true, true, true, true, true, true, true, true, true, true, true, true, true],
    "cc_converged": [true, true, true, true, true, true, true, true, true, true, true, true, true],
    "scf_spin_squared": [2.007088152840744, 2.006612132819358, 2.0059538574998412, 2.005265134383543, 2.004683247804759, 2.004213691070781, 2.003806101753577, 2.0034370737207783, 2.003129839283957, 2.003117205647806, 2.0031046331727365, 2.003092121896538, 2.00307967184904],
    "cc_spin_squared": [2.000154761751845, 2.00014743514895, 2.000137861087039, 2.0001246178078604, 2.0001077876422872, 2.0000899419895752, 2.000073628689292, 2.000059923289951, 2.000049668244093, 2.0000492696198204, 2.000048874708014, 2.000048483480189, 2.00004809590758]
}