{
    "schema_name": "pyscf_qa_output",
    "provenance": {
        "creator": "PySCF",
        "version": "1.7.6"
    },
    "molecule": {
        "geometry": [[0.0, 0.0, 0.0], [1.5, 0.0, 0.0]],
        "symbols": [ "C", "H" ]
    },
    "molecular_charge": 1,
    "molecular_multiplicity": 3,
    "name": "c.h.chrg1.mult3.sep1.50-pyscf-uccsdt.ccpv5z",
    "atomic_numbers": [ 6, 1 ],
    "n_electrons": 6,
    "model": {
        "method": "UCCSD(T)",
        "basis": "cc-pV5Z",
        "scf_conv_tol": 1e-09,
        "scf_conv_tol_grad": 1e-06,
        "cc_conv_tol": 1e-05,
        "cc_conv_tol_normt": 1e-07
    },
    "broken_symmetry": false,
    "finite_diff_delta": 0.01,
    "finite_diff_acc": 2,
    "qa_lambdas": [-2.0, -1.75, -1.5, -1.25, -1.0, -0.75, -0.5, -0.25, -0.02, -0.01, 0.0, 0.01, 0.02, 0.25, 0.5, 0.75, 1.0],
    "electronic_energies": [-15.200711030766445, -17.449505311136466, -19.86276089996973, -22.444652503328765, -25.198719307318456, -28.127879268437745, -31.234559612906708, -34.520912359511975, -37.70492337348499, -37.84687929330714, -37.98912998353108, -38.13167561595367, -38.27451636302186, -41.641707169025786, -45.48128601720433, -49.50985638366012, -53.72777975258737],
    "qats_energies": {
        "0": [-37.98912998353107, -37.98912998353107, -37.98912998353107, -37.98912998353107, -37.98912998353107, -37.98912998353107, -37.98912998353107, -37.98912998353107, -37.98912998353107, -37.98912998353107, -37.98912998353107, -37.98912998353107, -37.98912998353107, -37.98912998353107, -37.98912998353107, -37.98912998353107, -37.98912998353107],
        "1": [-9.50949771887825, -13.069451751959853, -16.629405785041456, -20.18935981812306, -23.74931385120466, -27.309267884286264, -30.869221917367867, -34.42917595044947, -37.704333660884544, -37.84673182220781, -37.98912998353107, -38.131528144854336, -38.2739263061776, -41.549084016612674, -45.10903804969428, -48.66899208277588, -52.22894611585748],
        "2": [-15.40834169216258, -17.585754169005668, -19.94750552001389, -22.49359574518725, -25.224024844525744, -28.138792818029373, -31.237899665698137, -34.52134538753204, -37.70492354528187, -37.84687929330714, -37.98912998353107, -38.13167561595367, -38.27451619057493, -41.64125345369524, -45.47771579802455, -49.49851701651899, -53.703657109178565],
        "3": [-15.178845815045694, -17.432009860702756, -19.850686946855205, -22.43756647831301, -25.19533785988613, -28.126690496384537, -31.234313792618185, -34.520897153397044, -37.704923315786, -37.846879264620156, -37.98912998353107, -38.13167564464065, -38.2745164200708, -41.641701687830235, -45.4813016711045, -49.51061933816382, -53.73234409381818],
        "4": [-15.222183711280334, -17.45741373981881, -19.864399328085696, -22.444179316483577, -25.198046478400798, -28.127547520211444, -31.234483081275354, -34.52090773393812, -37.70492331621937, -37.84687926464724, -37.98912998353107, -38.13167564466774, -38.274516420504185, -41.64171226837131, -45.481470959761666, -49.51147636199073, -53.73505271233284]
    },
    "qats_poly_coeffs": [ -37.98912998353107, -14.23981613232641, -1.4747109933210822, -0.02868698463961057, -0.0027086185146648254 ],
    "hf_energies": [-15.104431337370723, -17.35012798240544, -19.759868833900097, -22.337903715429427, -25.08790541656478, -28.013134554477784, -31.11642006954593, -34.40007917755095, -37.58222811687985, -37.724116747895955, -37.86630133188444, -38.008782047278366, -38.151559073332145, -41.51762890667479, -45.35674000920726, -49.3854172511553, -53.60367799514052],
    "triples_corrections": [-0.0014117633799607923, -0.001669362908219423, -0.0019401688303146882, -0.0022005713930878293, -0.0024244227327118095, -0.0025867509738130346, -0.0026788486866860615, -0.002709321518777631, -0.002692997605469769, -0.0026914014729926923, -0.002689731179792197, -0.0026879864326219334, -0.0026861668983376927, -0.002622546861568407, -0.002502364418375252, -0.002339415632468754, -0.0021667020797509072],
    "scf_converged": [true, true, true, true, true, true, true, true, true, true, true, true, true, true, true, true, true],
    "cc_converged": [true, true, true, true, true, true, true, true, true, true, true, true, true, true, true, true, true],
    "scf_spin_squared": [2.0020813234065393, 2.0021170379153688, 2.002829910282048, 2.005062364132183, 2.0102363831173795, 2.0184049022057255, 2.025382074427628, 2.026499575947595, 2.022231823265204, 2.0219679564385746, 2.0216997501969134, 2.0214274868259734, 2.021151450232533, 2.014413091976333, 2.0085660676846797, 2.00574367475741, 2.0049352298234853],
    "cc_spin_squared": [2.000145665374384, 2.000183544990626, 2.0002339914230762, 2.000288187954207, 2.0003344002026333, 2.0003635675886615, 2.000370883971025, 2.0003550559389316, 2.000321847109645, 2.0003200388615543, 2.0003182019216217, 2.000316336402343, 2.0003144424073973, 2.0002636723764162, 2.0001986722132714, 2.000138866637099, 2.000096648218621]
}