{
    "schema_name": "pyscf_qa_output",
    "provenance": {
        "creator": "PySCF",
        "version": "1.7.6"
    },
    "molecule": {
        "geometry": [[0.0, 0.0, 0.0], [1.5, 0.0, 0.0]],
        "symbols": [ "F", "H" ]
    },
    "molecular_charge": 0,
    "molecular_multiplicity": 1,
    "name": "f.h.chrg0.mult1.sep1.50-pyscf-ccsdt.ccpv5z",
    "atomic_numbers": [ 9, 1 ],
    "n_electrons": 10,
    "model": {
        "method": "CCSD(T)",
        "basis": "cc-pV5Z",
        "scf_conv_tol": 1e-09,
        "scf_conv_tol_grad": 1e-06,
        "cc_conv_tol": 1e-05,
        "cc_conv_tol_normt": 1e-07
    },
    "broken_symmetry": false,
    "finite_diff_delta": 0.01,
    "finite_diff_acc": 2,
    "qa_lambdas": [-1.0, -0.75, -0.5, -0.25, -0.02, -0.01, 0.0, 0.01, 0.02, 0.25, 0.5, 0.75, 1.0],
    "electronic_energies": [-75.6723799431517, -81.46848782762676, -87.50365465316456, -93.78108430050692, -99.77315626347108, -100.0384410042355, -100.30412453474501, -100.57020712270392, -100.8366890376575, -107.07662205404672, -114.10274480731698, -121.38549439849167, -128.92517287134206],
    "qats_energies": {
        "0": [-100.30412453468259, -100.30412453468259, -100.30412453468259, -100.30412453468259, -100.30412453468259, -100.30412453468259, -100.30412453468259, -100.30412453468259, -100.30412453468259, -100.30412453468259, -100.30412453468259, -100.30412453468259, -100.30412453468259],
        "1": [-73.71581861126131, -80.36289509211663, -87.00997157297195, -93.65704805382727, -99.77235841621416, -100.03824147544837, -100.30412453468259, -100.5700075939168, -100.83589065315101, -106.9512010155379, -113.59827749639322, -120.24535397724854, -126.89243045810386],
        "2": [-75.7111064824717, -81.48524451967248, -87.50879354077455, -93.78175354577792, -99.77315653136264, -100.0384410042355, -100.30412453468259, -100.57020712270392, -100.8366887682995, -107.07590650748855, -114.09709946419582, -121.36770340480439, -128.88771832931425],
        "3": [-75.66633568562409, -81.4663568397524, -87.5031971911686, -93.78105400207717, -99.77315617319627, -100.0384409594647, -100.30412453468259, -100.57020716747472, -100.83668912646587, -107.0766060511893, -114.10269581380177, -121.38659108472447, -128.93248912616187],
        "4": [-75.67244605709216, -81.46829019947471, -87.50357908938535, -93.78107787071572, -99.77315617417393, -100.0384409595258, -100.30412453468259, -100.57020716753583, -100.83668912744353, -107.07662991982785, -114.10307771201853, -121.3885244444468, -128.93859949762992]
    },
    "qats_poly_coeffs": [ -100.30412453468259, -26.588305923421274, -1.9952878712103939, -0.044770796847615195, -0.0061103714680636285 ],
    "hf_energies": [-75.30510871014931, -81.09115594393228, -87.11953075306143, -93.39462833162145, -99.38902897366535, -99.65450939332202, -99.9203959254907, -100.18668874213908, -100.45338801215007, -106.69999128986775, -113.7353812700936, -121.02704658717035, -128.5740307790399],
    "triples_corrections": [-0.015217553708537508, -0.015100367372785905, -0.014744878582761358, -0.014285374343352067, -0.013682028850850953, -0.013647898518338723, -0.013612910612936619, -0.013577043560969676, -0.013540276627659295, -0.01241648913537318, -0.010661069622750074, -0.008803597593980746, -0.007276314677446358],
    "scf_converged": [true, true, true, true, true, true, true, true, true, true, true, true, true],
    "cc_converged": [true, true, true, true, true, true, true, true, true, true, true, true, true],
    "t1_diagnostic": [0.03349821123533633, 0.026691223626366452, 0.019149379748812517, 0.015473698963841521, 0.01710997689250564, 0.017222511758396526, 0.01733456193386204, 0.01744572758323258, 0.017555624981858062, 0.019093336394590245, 0.01762332149217736, 0.013979302376724477, 0.010232300615590073]
}