{
    "schema_name": "pyscf_qa_output",
    "provenance": {
        "creator": "PySCF",
        "version": "1.7.6"
    },
    "molecule": {
        "geometry": [[0.0, 0.0, 0.0], [1.6, 0.0, 0.0]],
        "symbols": [ "O", "H" ]
    },
    "molecular_charge": -1,
    "molecular_multiplicity": 3,
    "name": "o.h.chrg-1.mult3.sep1.60-pyscf-uccsdt.ccpv5z",
    "atomic_numbers": [ 8, 1 ],
    "n_electrons": 10,
    "model": {
        "method": "UCCSD(T)",
        "basis": "cc-pV5Z",
        "scf_conv_tol": 1e-09,
        "scf_conv_tol_grad": 1e-06,
        "cc_conv_tol": 1e-05,
        "cc_conv_tol_normt": 1e-07
    },
    "broken_symmetry": false,
    "finite_diff_delta": 0.01,
    "finite_diff_acc": 2,
    "qa_lambdas": [-0.02, -0.01, 0.0, 0.01, 0.02, 0.25, 0.5, 0.75, 1.0, 1.25, 1.5, 1.75, 2.0],
    "electronic_energies": [-75.1605797259837, -75.3863475380196, -75.61249669970789, -75.83902736618093, -76.06593969122218, -81.39058959977565, -87.40868672420136, -93.66643694376, -100.16226315426394, -106.89413520896653, -113.85986440442227, -121.05716372292888, -128.48361690064337],
    "qats_energies": {
        "0": [-75.6124966997079, -75.6124966997079, -75.6124966997079, -75.6124966997079, -75.6124966997079, -75.6124966997079, -75.6124966997079, -75.6124966997079, -75.6124966997079, -75.6124966997079, -75.6124966997079, -75.6124966997079, -75.6124966997079],
        "1": [-75.15981687154658, -75.38615678562724, -75.6124966997079, -75.83883661378857, -76.06517652786923, -81.27099455172444, -86.92949240374097, -92.58799025575749, -98.24648810777403, -103.90498595979057, -109.56348381180709, -115.22198166382361, -120.88047951584015],
        "2": [-75.16057988111604, -75.3863475380196, -75.6124966997079, -75.83902736618093, -76.06593953743868, -81.39021479695158, -87.40637338464956, -93.66097246280182, -100.15401203140839, -106.88549209046924, -113.8554126399844, -121.06377367995384, -128.51057521037757],
        "3": [-75.16057967517214, -75.38634751227661, -75.6124966997079, -75.83902739192392, -76.06593974338257, -81.39061703112348, -87.40959125802472, -93.67183278544302, -100.17975501840974, -106.93577136195626, -113.94229522111394, -121.20174000091419, -128.71651910638835],
        "4": [-75.16057967427292, -75.38634751222042, -75.6124966997079, -75.83902739186772, -76.06593974248337, -81.39059507761965, -87.40924000196345, -93.67005455163282, -100.17413492142934, -106.92205042206271, -113.91384348015072, -121.1490296382192, -128.62659755470213]
    },
    "qats_poly_coeffs": [ -75.6124966997079, -22.633991408066123, -1.9075239236343577, -0.025742987001346283, 0.005620096980389159 ],
    "hf_energies": [-74.86062805571459, -75.08638093043405, -75.31252837451444, -75.53907024102918, -75.76600633644956, -81.09365035275846, -87.11699187313764, -93.37975597288951, -99.8799281526269, -106.61558859619734, -113.58474859531827, -120.78528902801206, -128.2149113348152],
    "triples_corrections": [-0.009586643468892172, -0.009577146476380452, -0.00956668261801122, -0.009555143584578407, -0.00954241934535452, -0.008877114513628362, -0.0077238094539176785, -0.006627497400811289, -0.005733208210642214, -0.005026098592223974, -0.004460118199501231, -0.0039958646134299405, -0.00360591309348823],
    "scf_converged": [true, true, true, true, true, true, true, true, true, true, true, true, true],
    "cc_converged": [true, true, true, true, true, true, true, true, true, true, true, true, true],
    "scf_spin_squared": [2.0278186017517976, 2.0272395674820647, 2.0266797723785897, 2.026137336287478, 2.0256108129398696, 2.016413444376218, 2.0106046503537165, 2.0073488261065773, 2.0054910228107197, 2.00437892590155, 2.003668026560888, 2.0031803052381614, 2.0028231645163928],
    "cc_spin_squared": [2.0008363766694233, 2.0008150243859073, 2.000794558919145, 2.0007749961496293, 2.0007563264851824, 2.0005045425684567, 2.0003485955828033, 2.0002241186146774, 2.000143297457406, 2.000095984449839, 2.0000683392035685, 2.0000514375287586, 2.0000404341565394]
}