{
    "schema_name": "pyscf_qa_output",
    "provenance": {
        "creator": "PySCF",
        "version": "1.7.6"
    },
    "molecule": {
        "geometry": [[0.0, 0.0, 0.0], [1.6, 0.0, 0.0]],
        "symbols": [ "B", "H" ]
    },
    "molecular_charge": 2,
    "molecular_multiplicity": 1,
    "name": "b.h.chrg2.mult1.sep1.60-pyscf-ccsdt.ccpv5z",
    "atomic_numbers": [ 5, 1 ],
    "n_electrons": 4,
    "model": {
        "method": "CCSD(T)",
        "basis": "cc-pV5Z",
        "scf_conv_tol": 1e-09,
        "scf_conv_tol_grad": 1e-06,
        "cc_conv_tol": 1e-05,
        "cc_conv_tol_normt": 1e-07
    },
    "broken_symmetry": false,
    "finite_diff_delta": 0.01,
    "finite_diff_acc": 2,
    "qa_lambdas": [-2.0, -1.75, -1.5, -1.25, -1.0, -0.75, -0.5, -0.25, -0.02, -0.01, 0.0, 0.01, 0.02],
    "electronic_energies": [-8.063492879570381, -9.566954049546979, -11.207342951406332, -12.987481785016397, -14.910747791567223, -16.980840724844505, -19.201613922933216, -21.57712416197542, -23.90279337686876, -24.00700282245618, -24.111471555957056, -24.216199718583322, -24.321187444630546],
    "qats_energies": {
        "0": [-24.11147155595702, -24.11147155595702, -24.11147155595702, -24.11147155595702, -24.11147155595702, -24.11147155595702, -24.11147155595702, -24.11147155595702, -24.11147155595702, -24.11147155595702, -24.11147155595702, -24.11147155595702, -24.11147155595702],
        "1": [-3.1917819432427557, -5.806743144832037, -8.421704346421322, -11.036665548010605, -13.651626749599888, -16.266587951189173, -18.881549152778454, -21.496510354367736, -23.902274659829878, -24.006873107893448, -24.11147155595702, -24.216070004020594, -24.320668452084163],
        "2": [-8.380364452448486, -9.779251628442676, -11.340282007849545, -13.063455590669093, -14.94877237690132, -16.996232366546227, -19.205835559603813, -21.577581956074077, -23.9027935180808, -24.00700282245618, -24.11147155595702, -24.216199718583322, -24.321187310335084],
        "3": [-8.19669278612788, -9.6562059613568, -11.26279552362054, -13.01861387525879, -14.925813418611245, -16.9865465560176, -19.202965689817553, -21.577223222350796, -23.902793334409132, -24.007002799497222, -24.11147155595702, -24.21619974154228, -24.32118749400675],
        "4": [-7.7355867882990985, -9.385914091047498, -11.116898703995027, -12.94825468369556, -14.896994293746946, -16.977428004791008, -19.201164494513534, -21.577110647644293, -23.902793329798072, -24.00700279920903, -24.11147155595702, -24.21619974125409, -24.32118748939569]
    },
    "qats_poly_coeffs": [ -24.11147155595702, -10.459844806357133, -1.2971456273014326, -0.022958958290075767, 0.02881912486429883 ],
    "hf_energies": [-7.986621483806846, -9.490924178395437, -11.131747995029066, -12.911746708381123, -14.834289616800937, -16.903366830345846, -19.12331216919732, -21.498366271673646, -23.823513488395058, -23.92768723424655, -24.032118756447545, -24.136808155370456, -24.241755526679125],
    "triples_corrections": [-0.00015921890451648342, -0.0001641915866381863, -0.00018310785827659382, -0.00021730542835168376, -0.00026665446843947483, -0.0003253381865169438, -0.000381048372341782, -0.00042341958371708787, -0.00045106668228043123, -0.00045210962316771347, -0.00045314288422524616, -0.0004541667669785025, -0.00045518154688577075],
    "scf_converged": [true, true, true, true, true, true, true, true, true, true, true, true, true],
    "cc_converged": [true, true, true, true, true, true, true, true, true, true, true, true, true],
    "t1_diagnostic": [0.007175566460815154, 0.00857877036256874, 0.010405452434607701, 0.012597751981419096, 0.014780401323164464, 0.016348421479566576, 0.016926109415711273, 0.01664519326009981, 0.01610765978249502, 0.016087672973966176, 0.016068283038684628, 0.016049509034470756, 0.0160313661013511]
}