{
    "schema_name": "pyscf_apdft_output",
    "provenance": {
        "creator": "PySCF",
        "version": "1.7.6"
    },
    "molecule": {
        "geometry": [[0.0, 0.0, 0.0], [1.8, 0.0, 0.0]],
        "symbols": [ "O", "H" ]
    },
    "molecular_charge": 2,
    "molecular_multiplicity": 2,
    "name": "o.h.chrg2.mult2.sep1.80-pyscf-uccsdt.ccpv5z",
    "atomic_numbers": [ 8, 1 ],
    "n_electrons": 7,
    "model": {
        "method": "UCCSD(T)",
        "basis": "cc-pV5Z",
        "scf_conv_tol": 1e-09,
        "scf_conv_tol_grad": 1e-06,
        "cc_conv_tol": 1e-05,
        "cc_conv_tol_normt": 1e-07
    },
    "broken_symmetry": false,
    "finite_diff_delta": 0.01,
    "finite_diff_acc": 2,
    "apdft_lambdas": [-3.0, -2.75, -2.5, -2.25, -2.0, -1.75, -1.5, -1.25, -1.0, -0.75, -0.5, -0.25, -0.02, -0.01, 0.0, 0.01, 0.02],
    "electronic_energies": [-25.203155075666054, -28.22508832802052, -31.426052012561062, -34.81105976501002, -38.38382614896461, -42.14753296663872, -46.10474981492835, -50.25825865760985, -54.61232494011196, -59.17371230386337, -63.949376475788554, -68.94023990842206, -73.71946791563164, -73.93129122610499, -74.14344858528183, -74.35593979101229, -74.56876464425986],
    "apdft_energies": {
        "0": [-74.14344858528176, -74.14344858528176, -74.14344858528176, -74.14344858528176, -74.14344858528176, -74.14344858528176, -74.14344858528176, -74.14344858528176, -74.14344858528176, -74.14344858528176, -74.14344858528176, -74.14344858528176, -74.14344858528176, -74.14344858528176, -74.14344858528176, -74.14344858528176, -74.14344858528176],
        "1": [-10.446163849186632, -15.754270910527893, -21.062377971869154, -26.370485033210414, -31.678592094551675, -36.986699155892936, -42.294806217234196, -47.60291327857546, -52.91102033991672, -58.21912740125798, -63.52723446259924, -68.8353415239405, -73.71880002037446, -73.93112430282811, -74.14344858528176, -74.35577286773541, -74.56809715018906],
        "2": [-25.469258768302097, -28.37784372450686, -31.49508277681045, -34.82097592521286, -38.355523169714104, -42.09872451031417, -46.05057994701306, -50.21108947981078, -54.580253108707325, -59.158070833702695, -63.94454265479689, -68.93966857198991, -73.71946771348198, -73.93129122610499, -74.14344858528176, -74.35593979101229, -74.56876484329658],
        "3": [-26.371928131558434, -29.073128980579888, -32.01746088054675, -35.20178956283663, -38.62298075882709, -42.277900199895726, -46.163413617420105, -50.27638674277782, -54.613685307346444, -59.172175042503575, -63.94872167962678, -68.94019095009365, -73.71946798093957, -73.93129125953719, -74.14344858528176, -74.35593975758009, -74.56876457583898],
        "4": [-27.42254212735952, -29.8149325836144, -32.52412272265761, -35.53421039744557, -38.8305094493557, -42.39954970818654, -46.22907699215767, -50.30805310790975, -54.62665585050449, -59.176279003424675, -63.94953233857416, -68.94024161627786, -73.71946798301485, -73.93129125966689, -74.14344858528176, -74.35593975770979, -74.56876457791428]
    },
    "apdft_poly_coeff": [ -74.14344858528176, -21.232428245365043, -1.6692327687906072, 0.03343219863912357, -0.012970543158038103 ],
    "hf_energies": [-25.042811713124074, -28.057320792224765, -31.25077914543184, -34.623361354051376, -38.18485624326404, -41.93817930285252, -45.88835638609489, -50.0402813440156, -54.398137402217046, -58.97366933234089, -63.749368328598564, -68.74083454176221, -73.51888154792225, -73.73063109642088, -73.9427134085486, -74.15512833969387, -74.36787574647583],
    "triples_corrections": [-0.0042214552767582455, -0.00478200110206312, -0.005449995560743831, -0.006327824418601393, -0.006973199049947227, -0.007430703205053639, -0.007604238897833349, -0.007441849924359746, -0.006926456954101428, -0.00553132102833096, -0.005365765865603379, -0.005572029264176582, -0.006115689619391714, -0.006144219465351726, -0.006173050665899877, -0.0062021725464649746, -0.006231574755995366],
    "scf_converged": [true, true, true, true, true, true, true, true, true, true, true, true, true, true, true, true, true],
    "cc_converged": [true, true, true, true, true, true, true, true, true, true, true, true, true, true, true, true, true],
    "scf_spin_squared": [0.7687846456455341, 0.7660358348012166, 0.9068566020729292, 0.789335674141963, 0.7734659688814087, 0.7694127281411545, 0.7686717406741632, 0.7723496730711319, 0.8024716844375019, 0.9933734513106045, 0.7722009516610218, 0.7574735760234317, 0.755022239393218, 0.7549636765019985, 0.7549072965828652, 0.7548529766601448, 0.7548006021895386],
    "cc_spin_squared": [0.7503097074341405, 0.7505382040544122, 0.7522782672345709, 0.750805400539887, 0.7518393741984237, 0.7530510949369047, 0.7537910635192668, 0.7532191725477995, 0.7513716308833602, 0.7532568392477064, 0.7505601954971073, 0.7501851774193729, 0.7501060210995569, 0.7501042586413942, 0.7501025754218318, 0.7501009669301251, 0.7500994289361056]
}