{
    "schema_name": "pyscf_qa_output",
    "provenance": {
        "creator": "PySCF",
        "version": "1.7.6"
    },
    "molecule": {
        "geometry": [[0.0, 0.0, 0.0], [1.8, 0.0, 0.0]],
        "symbols": [ "C", "H" ]
    },
    "molecular_charge": 1,
    "molecular_multiplicity": 3,
    "name": "c.h.chrg1.mult3.sep1.80-pyscf-uccsdt.ccpv5z",
    "atomic_numbers": [ 6, 1 ],
    "n_electrons": 6,
    "model": {
        "method": "UCCSD(T)",
        "basis": "cc-pV5Z",
        "scf_conv_tol": 1e-09,
        "scf_conv_tol_grad": 1e-06,
        "cc_conv_tol": 1e-05,
        "cc_conv_tol_normt": 1e-07
    },
    "broken_symmetry": false,
    "finite_diff_delta": 0.01,
    "finite_diff_acc": 2,
    "qa_lambdas": [-2.0, -1.75, -1.5, -1.25, -1.0, -0.75, -0.5, -0.25, -0.02, -0.01, 0.0, 0.01, 0.02, 0.25, 0.5, 0.75, 1.0],
    "electronic_energies": [-15.182552370712381, -17.425118905442513, -19.833355283292377, -22.412092587483116, -25.165098189273483, -28.094788781062704, -31.202574206572905, -34.48987912605251, -37.67507012933517, -37.81710866426942, -37.95944629083439, -38.102083287205126, -38.245020124515264, -41.61629667298325, -45.466377955161946, -49.51203323655717, -53.75056666810574],
    "qats_energies": {
        "0": [-37.95944629083451, -37.95944629083451, -37.95944629083451, -37.95944629083451, -37.95944629083451, -37.95944629083451, -37.95944629083451, -37.95944629083451, -37.95944629083451, -37.95944629083451, -37.95944629083451, -37.95944629083451, -37.95944629083451, -37.95944629083451, -37.95944629083451, -37.95944629083451, -37.95944629083451],
        "1": [-9.461983997263843, -13.024166783960176, -16.58634957065651, -20.148532357352842, -23.710715144049175, -27.272897930745508, -30.83508071744184, -34.397263504138174, -37.6744716678988, -37.81695897936665, -37.95944629083451, -38.10193360230236, -38.24442091377021, -41.52162907753084, -45.08381186422717, -48.645994650923505, -52.20817743761984],
        "2": [-15.449380107904318, -17.60826693116929, -19.954259882891776, -22.487358963071777, -25.207564171709294, -28.114875508804325, -31.20929297435687, -34.49081656836693, -37.675070407509864, -37.81710866426942, -37.95944629083451, -38.102083287205126, -38.24501965338128, -41.6151821417596, -45.4580241211422, -49.48797222898232, -53.70502646527996],
        "3": [-14.949840986132916, -17.27361474607634, -19.743516815894466, -22.365401169670555, -25.145121781487866, -28.08853262542966, -31.20148767557919, -34.48984090601972, -37.675069907970745, -37.81710860182703, -37.95944629083451, -38.102083349647515, -38.2450201529204, -41.616157804106805, -45.46582941991988, -49.51431511235698, -53.767468855501384],
        "4": [-27.81379325990386, -24.81422739483709, -23.813751715017304, -24.328284512225938, -25.94911879859855, -28.34292230662484, -31.25173748914861, -34.49298151936781, -37.675070036610265, -37.817108609867, -37.95944629083451, -38.102083357687484, -38.245020281559924, -41.61929841745489, -45.5160792334893, -49.76870479355216, -54.571465872612066]
    },
    "qats_poly_coeffs": [ -37.95944629083451, -14.248731146785332, -1.4968490276601187, -0.06244239022142512, -0.8039970171106839 ],
    "hf_energies": [-15.086370347555675, -17.324398904287943, -19.727402374070397, -22.301555790100355, -25.051549154403123, -27.979129495865912, -31.084874489987275, -34.36970458144908, -37.55209847789216, -37.69400943533847, -37.83621958086462, -37.97872943456245, -38.12153952764533, -41.4903636883583, -45.33990013195395, -49.38634490474372, -53.62557538615084],
    "triples_corrections": [-0.0015857186132802784, -0.002022825780211414, -0.002440715853157629, -0.0027102089072413996, -0.00284646744424132, -0.0028690168119551336, -0.002832630844742668, -0.0027998203920562028, -0.002796490597218499, -0.002796799045896198, -0.0027971265841677884, -0.0027974561188304596, -0.0027977888504019484, -0.002788674643147468, -0.00264771112090707, -0.002393187182351754, -0.002173797737744226],
    "scf_converged": [true, true, true, true, true, true, true, true, true, true, true, true, true, true, true, true, true],
    "cc_converged": [true, true, true, true, true, true, true, true, true, true, true, true, true, true, true, true, true],
    "scf_spin_squared": [2.001932462150056, 2.0048686448075, 2.023940552491301, 2.0673858134539502, 2.0944708466883144, 2.0937042386296287, 2.0797221051417676, 2.0629134978290518, 2.046788664710813, 2.0460387420454262, 2.0452826065048777, 2.044520073686561, 2.0437509878425493, 2.024682114230455, 2.0095012151244283, 2.0058766219402733, 2.005614604817777],
    "cc_spin_squared": [2.0002401831275094, 2.0003999045536145, 2.0006640457425284, 2.000869422104777, 2.000867744891373, 2.000737416502636, 2.0005867746854946, 2.0004763571168924, 2.000417946240103, 2.000416012510225, 2.000414099512731, 2.0004121993127884, 2.0004103076846134, 2.0003539316979304, 2.000232938167329, 2.000131862143731, 2.000086813712027]
}