{
    "schema_name": "pyscf_apdft_output",
    "provenance": {
        "creator": "PySCF",
        "version": "1.7.6"
    },
    "molecule": {
        "geometry": [[0.0, 0.0, 0.0], [1.2, 0.0, 0.0]],
        "symbols": [ "C", "H" ]
    },
    "molecular_charge": -1,
    "molecular_multiplicity": 1,
    "name": "c.h.chrg-1.mult1.sep1.20-pyscf-ccsdt.ccpv5z",
    "atomic_numbers": [ 6, 1 ],
    "n_electrons": 8,
    "model": {
        "method": "CCSD(T)",
        "basis": "cc-pV5Z",
        "scf_conv_tol": 1e-09,
        "scf_conv_tol_grad": 1e-06,
        "cc_conv_tol": 1e-05,
        "cc_conv_tol_normt": 1e-07
    },
    "broken_symmetry": false,
    "finite_diff_delta": 0.01,
    "finite_diff_acc": 2,
    "apdft_lambdas": [-0.02, -0.01, 0.0, 0.01, 0.02, 0.25, 0.5, 0.75, 1.0, 1.25, 1.5, 1.75, 2.0, 2.25, 2.5, 2.75, 3.0],
    "electronic_energies": [-38.147581901653155, -38.29733226555245, -38.44740285172068, -38.5977938535481, -38.7485054617861, -42.30375665032767, -46.36271786389156, -50.6256359635639, -55.093033131548765, -59.76493643168895, -64.64105071868045, -69.72077784089367, -75.00314736497795, -80.48668142476231, -86.16920434197606, -92.0476630697267, -98.1180497535025],
    "apdft_energies": {
        "0": [-38.44740285172066, -38.44740285172066, -38.44740285172066, -38.44740285172066, -38.44740285172066, -38.44740285172066, -38.44740285172066, -38.44740285172066, -38.44740285172066, -38.44740285172066, -38.44740285172066, -38.44740285172066, -38.44740285172066, -38.44740285172066, -38.44740285172066, -38.44740285172066, -38.44740285172066],
        "1": [-38.14694126372501, -38.29717205772283, -38.44740285172066, -38.59763364571849, -38.74786443971631, -42.203172701666276, -45.958942551611884, -49.71471240155749, -53.47048225150311, -57.22625210144872, -60.98202195139433, -64.73779180133994, -68.49356165128555, -72.24933150123115, -76.00510135117678, -79.7608712011224, -83.516641051068],
        "2": [-38.14758209504346, -38.29733226555245, -38.44740285172066, -38.5977938535481, -38.74850527103476, -42.30330259517399, -46.35946212564275, -50.615881443126945, -55.07256054762657, -59.729499439141634, -64.58669811767213, -69.64415658321806, -74.90187483577941, -80.35985287535621, -86.01809070194844, -91.87658831555609, -97.9353457161792],
        "3": [-38.14758183894903, -38.297332233540644, -38.44740285172066, -38.5977938855599, -38.74850552712919, -42.30380277961415, -46.36346360116405, -50.62938642301134, -55.10457235179699, -59.79202249416197, -64.69473795674728, -69.81571984619387, -75.15796926914273, -80.72448733223483, -86.51827514211115, -92.54233380541268, -98.79966442878037],
        "4": [-38.147581837189726, -38.29733223343069, -38.44740285172066, -38.597793885449946, -38.748505525369886, -42.30375982786089, -46.36277637311181, -50.62590733099686, -55.0935767029611, -59.765177648371235, -64.6390724845156, -69.71259268660415, -74.98203888776852, -80.44268087906195, -86.0887576094593, -91.91347718585709, -97.90901687307348]
    },
    "apdft_poly_coeff": [ -38.44740285172066, -15.023079399782446, -1.6020782961234659, -0.032011804170413896, 0.01099564883588755 ],
    "hf_energies": [-37.92549436898478, -38.07500573830759, -38.22483884149861, -38.37499384876547, -38.525470927255235, -42.07567482227052, -46.129679430862396, -50.38799115861783, -54.851174901948355, -59.51948168818011, -64.3928941133969, -69.47101854902542, -74.75291647960863, -80.23693712103072, -85.9205907008892, -91.80049273716648, -97.87239813819875],
    "triples_corrections": [-0.009409397846127411, -0.009420986255549102, -0.009432454351480643, -0.009443805322876888, -0.009455042477430974, -0.009690995263447473, -0.009938270159530091, -0.010218200389297724, -0.010534555966565063, -0.010865972419053448, -0.011183736788244246, -0.011460975463864556, -0.011679082393627471, -0.011834814237216678, -0.011942631216455602, -0.012029376965758159, -0.012120522720015252],
    "scf_converged": [true, true, true, true, true, true, true, true, true, true, true, true, true, true, true, true, true],
    "cc_converged": [true, true, true, true, true, true, true, true, true, true, true, true, true, true, true, true, true],
    "t1_diagnostic": [0.009265585167533476, 0.009230974129540461, 0.009199005187388067, 0.009169592236798868, 0.009142645411651204, 0.00897648616323361, 0.009000337441214598, 0.008721346173230077, 0.008201812462170341, 0.0076725518102575265, 0.007326392582871503, 0.007171881104921006, 0.007020324837667045, 0.006663881929217706, 0.006042937576802445, 0.00525614456174673, 0.004461318856568603]
}