{
    "schema_name": "pyscf_qa_output",
    "provenance": {
        "creator": "PySCF",
        "version": "1.7.6"
    },
    "molecule": {
        "geometry": [[0.0, 0.0, 0.0], [1.6, 0.0, 0.0]],
        "symbols": [ "Be", "H" ]
    },
    "molecular_charge": 1,
    "molecular_multiplicity": 1,
    "name": "be.h.chrg1.mult1.sep1.60-pyscf-ccsdt.ccpv5z",
    "atomic_numbers": [ 4, 1 ],
    "n_electrons": 4,
    "model": {
        "method": "CCSD(T)",
        "basis": "cc-pV5Z",
        "scf_conv_tol": 1e-09,
        "scf_conv_tol_grad": 1e-06,
        "cc_conv_tol": 1e-05,
        "cc_conv_tol_normt": 1e-07
    },
    "broken_symmetry": false,
    "finite_diff_delta": 0.01,
    "finite_diff_acc": 2,
    "qa_lambdas": [-1.0, -0.75, -0.5, -0.25, -0.02, -0.01, 0.0, 0.01, 0.02, 0.25, 0.5, 0.75, 1.0],
    "electronic_energies": [-8.059809171664927, -9.562450560252758, -11.202403001189047, -12.982365010217517, -14.746269072743617, -14.82574801534491, -14.90546097994795, -14.98540817183224, -15.065589795707252, -16.97493154620037, -19.193848916403795, -21.565040025196506, -24.090833000450406],
    "qats_energies": {
        "0": [-14.905460979947955, -14.905460979947955, -14.905460979947955, -14.905460979947955, -14.905460979947955, -14.905460979947955, -14.905460979947955, -14.905460979947955, -14.905460979947955, -14.905460979947955, -14.905460979947955, -14.905460979947955, -14.905460979947955],
        "1": [-6.922453155581438, -8.918205111673068, -10.913957067764697, -12.909709023856326, -14.745800823460625, -14.82563090170429, -14.905460979947955, -14.98529105819162, -15.065121136435286, -16.901212936039585, -18.896964892131216, -20.892716848222843, -22.88846880431447],
        "2": [-8.093589561780918, -9.576969340160275, -11.206741169314567, -12.982905049243794, -14.746269278023105, -14.82574801534491, -14.905460979947955, -14.98540817183224, -15.065589590997766, -16.974408961427052, -19.189748993681086, -21.55148107671005, -24.05960521051395],
        "3": [-8.059423813920429, -9.562555665281632, -11.202470450832006, -12.982371209433474, -14.746269004697123, -14.825747981179163, -14.905460979947955, -14.985408205997988, -15.065589864323748, -16.974942801237372, -19.194019712163644, -21.565894751588694, -24.093770958374442],
        "4": [-8.057048810023177, -9.561804199204767, -11.202322013088427, -12.9823619320745, -14.74626900431712, -14.825747981155413, -14.905460979947955, -14.985408205974238, -15.065589863943748, -16.9749335238784, -19.19387127442007, -21.56514328551183, -24.09139595447719]
    },
    "qats_poly_coeffs": [ -14.905460979947955, -7.983007824366517, -1.17113640619948, -0.03416574786048916, 0.0023750038972517964 ],
    "hf_energies": [-7.98659437506858, -9.490898198645176, -11.131901934193706, -12.912158709632266, -14.67570695952889, -14.75516024368281, -14.83484694036439, -14.914767288812033, -14.994921528371528, -16.903570530077435, -19.121946511325703, -21.493025977527363, -24.018633778439302],
    "triples_corrections": [-0.0001544303128044599, -0.0001580699166264644, -0.00017527942136382767, -0.00020661268756318323, -0.00024735873962582953, -0.00024933795484184115, -0.00025133027834810164, -0.0002533350630581446, -0.0002553516399497022, -0.00030316103326758056, -0.0003493530333864806, -0.0003789418722409043, -0.000391935764825351],
    "scf_converged": [true, true, true, true, true, true, true, true, true, true, true, true, true],
    "cc_converged": [true, true, true, true, true, true, true, true, true, true, true, true, true],
    "t1_diagnostic": [0.0073990633637151014, 0.00852627216029926, 0.010255785318794937, 0.012394157922337053, 0.014388053810493557, 0.014468046542300496, 0.014547140854416192, 0.014625297616674294, 0.014702478307524226, 0.01613325583045503, 0.016771084009900968, 0.016542687432661348, 0.015964447808087475]
}