{
    "schema_name": "pyscf_qa_output",
    "provenance": {
        "creator": "PySCF",
        "version": "1.7.6"
    },
    "molecule": {
        "geometry": [[0.0, 0.0, 0.0], [0.9, 0.0, 0.0]],
        "symbols": [ "Be", "H" ]
    },
    "molecular_charge": 1,
    "molecular_multiplicity": 1,
    "name": "be.h.chrg1.mult1.sep0.90-pyscf-ccsdt.ccpv5z",
    "atomic_numbers": [ 4, 1 ],
    "n_electrons": 4,
    "model": {
        "method": "CCSD(T)",
        "basis": "cc-pV5Z",
        "scf_conv_tol": 1e-09,
        "scf_conv_tol_grad": 1e-06,
        "cc_conv_tol": 1e-05,
        "cc_conv_tol_normt": 1e-07
    },
    "broken_symmetry": false,
    "finite_diff_delta": 0.01,
    "finite_diff_acc": 2,
    "qa_lambdas": [-1.0, -0.75, -0.5, -0.25, -0.02, -0.01, 0.0, 0.01, 0.02, 0.25, 0.5, 0.75, 1.0],
    "electronic_energies": [-7.911223906172825, -9.428735389478065, -11.08664237096961, -12.884894414810232, -14.663504891345202, -14.743542082091926, -14.823805079602083, -14.904293918517164, -14.985008633517252, -16.90386787120741, -19.125590842256173, -21.48933041741553, -23.995121208728865],
    "qats_energies": {
        "0": [-14.823805079602083, -14.823805079602083, -14.823805079602083, -14.823805079602083, -14.823805079602083, -14.823805079602083, -14.823805079602083, -14.823805079602083, -14.823805079602083, -14.823805079602083, -14.823805079602083, -14.823805079602083, -14.823805079602083],
        "1": [-6.786213258340192, -8.795611213655665, -10.805009168971138, -12.81440712428661, -14.663053243176845, -14.743429161389464, -14.823805079602083, -14.904180997814702, -14.984556916027321, -16.833203034917556, -18.84260099023303, -20.8519989455485, -22.861396900863973],
        "2": [-7.915420282955134, -9.43079016500157, -11.087310925124873, -12.884982563325044, -14.663504925986691, -14.743542082091926, -14.823805079602083, -14.904293918517164, -14.985008598837167, -16.903778473955988, -19.124902746386766, -21.48717789689441, -23.990603925478915],
        "3": [-7.909643485100246, -9.42835307840654, -11.086588825393012, -12.884892300858562, -14.663504879772308, -14.743542076315128, -14.823805079602083, -14.904293924293961, -14.98500864505155, -16.903868736422474, -19.125624846118626, -21.48961498348944, -23.996380723333804],
        "4": [-7.909804289803133, -9.428403958019562, -11.086598875686942, -12.884892929001932, -14.663504879798037, -14.743542076316736, -14.823805079602083, -14.904293924295569, -14.98500864507728, -16.903869364565843, -19.125634896412556, -21.48966586310246, -23.99654152803669]
    },
    "qats_poly_coeffs": [ -14.823805079602083, -8.037591821261891, -1.1292070246149422, -0.005776797854887641, -0.00016080470288670767 ],
    "hf_energies": [-7.829900607169637, -9.349903293251367, -11.01007761073247, -12.81036118653571, -14.590625511709163, -14.67072993525704, -14.751059778828417, -14.831615077496108, -14.912395866381411, -16.83266936422343, -19.055703598814404, -21.420515666482945, -23.927116914786815],
    "triples_corrections": [-0.0003112966821651348, -0.00025378900592243684, -0.00021769520905311348, -0.00019457807732714972, -0.00018101067934053324, -0.00018055374095581208, -0.00018010680030015452, -0.00017966974603253217, -0.00017924246930448923, -0.0001718965188632653, -0.00016859998088058708, -0.0001694515908470379, -0.00017396901520838775],
    "scf_converged": [true, true, true, true, true, true, true, true, true, true, true, true, true],
    "cc_converged": [true, true, true, true, true, true, true, true, true, true, true, true, true],
    "t1_diagnostic": [0.005057595675151631, 0.004156688530657416, 0.0038961732464391522, 0.003902900318083495, 0.004047659666510864, 0.004056636259410853, 0.004065839050525095, 0.0040752690624071075, 0.004084927408215771, 0.004373801349349745, 0.004855444865453288, 0.005553799436951402, 0.00650553268647479]
}