{
    "schema_name": "pyscf_qa_output",
    "provenance": {
        "creator": "PySCF",
        "version": "1.7.6"
    },
    "molecule": {
        "geometry": [[0.0, 0.0, 0.0], [1.7, 0.0, 0.0]],
        "symbols": [ "Be", "H" ]
    },
    "molecular_charge": -1,
    "molecular_multiplicity": 1,
    "name": "be.h.chrg-1.mult1.sep1.70-pyscf-ccsdt.ccpv5z",
    "atomic_numbers": [ 4, 1 ],
    "n_electrons": 6,
    "model": {
        "method": "CCSD(T)",
        "basis": "cc-pV5Z",
        "scf_conv_tol": 1e-09,
        "scf_conv_tol_grad": 1e-06,
        "cc_conv_tol": 1e-05,
        "cc_conv_tol_normt": 1e-07
    },
    "broken_symmetry": false,
    "finite_diff_delta": 0.01,
    "finite_diff_acc": 2,
    "qa_lambdas": [-0.02, -0.01, 0.0, 0.01, 0.02, 0.25, 0.5, 0.75, 1.0, 1.25, 1.5, 1.75, 2.0, 2.25, 2.5, 2.75, 3.0],
    "electronic_energies": [-15.063451444803402, -15.149390032156585, -15.23559416282518, -15.322064012681958, -15.408799750989074, -17.477398025561435, -19.886599702801877, -22.463148912902682, -25.206491884985464, -28.115800423409524, -31.18966649044222, -34.42585887311757, -37.8214775915878, -41.37353170371317, -45.079504982065316, -48.93690829615032, -52.94135552878645],
    "qats_energies": {
        "0": [-15.235594162825187, -15.235594162825187, -15.235594162825187, -15.235594162825187, -15.235594162825187, -15.235594162825187, -15.235594162825187, -15.235594162825187, -15.235594162825187, -15.235594162825187, -15.235594162825187, -15.235594162825187, -15.235594162825187, -15.235594162825187, -15.235594162825187, -15.235594162825187, -15.235594162825187],
        "1": [-15.062920182299814, -15.1492571725625, -15.235594162825187, -15.321931153087874, -15.40826814335056, -17.394018919392344, -19.552443675959502, -21.710868432526656, -23.869293189093813, -26.02771794566097, -28.186142702228125, -30.344567458795282, -32.50299221536244, -34.6614169719296, -36.819841728496755, -38.97826648506391, -41.13669124163107],
        "2": [-15.063451620676153, -15.149390032156585, -15.235594162825187, -15.322064012681958, -15.408799581726898, -17.477056165695217, -19.884592661171, -22.458203649252532, -25.197889129939814, -28.103649103232847, -31.17548356913163, -34.41339252763616, -37.81737597874644, -41.38743392246247, -45.12356635878425, -49.025773287711786, -53.094054709245064],
        "3": [-15.063451390586202, -15.149390003395341, -15.235594162825187, -15.322064041443202, -15.408799811816849, -17.477505560131235, -19.888187816659126, -22.470337299024962, -25.226650373844826, -28.159823407734827, -31.272552767311048, -34.567534819189596, -38.04746592998656, -41.715042466318025, -45.572960794800096, -49.62391728204888, -53.870608294680444],
        "4": [-15.063451386179148, -15.149390003119901, -15.235594162825187, -15.32206404116776, -15.408799807409796, -17.47739796604713, -19.886466311313445, -22.46162217821244, -25.199106288313903, -28.09257710516909, -31.13311083431074, -34.30920142325307, -37.606760561491754, -41.00911768050398, -44.49701995374836, -48.04863229666501, -51.63953736667555]
    },
    "qats_poly_coeffs": [ -15.235594162825187, -8.633699026268626, -1.3285959408460002, -0.02876124390501407, 0.02754408553092465 ],
    "hf_energies": [-14.95102958962148, -15.03678457102357, -15.122804934430297, -15.209090866868555, -15.295642548063828, -17.359984151379102, -19.764496187378747, -22.336099766402434, -25.073990450471594, -27.977356808223494, -31.045334331446167, -34.2768074891405, -37.67018963886333, -41.22317383474216, -44.93244023846934, -48.79333250257103, -52.79960930308918],
    "triples_corrections": [-0.002363481956908366, -0.0023741240619076674, -0.002384742614927607, -0.0023953354925447226, -0.002405900708279546, -0.002638891959182565, -0.002875103012237151, -0.0031134609793450696, -0.0033626766556510467, -0.00360571702501328, -0.003800408136925495, -0.003895343354527414, -0.003855283329170827, -0.0036808421812854378, -0.0034266695381308097, -0.0032017226102224127, -0.0030900863821745027],
    "scf_converged": [true, true, true, true, true, true, true, true, true, true, true, true, true, true, true, true, true],
    "cc_converged": [true, true, true, true, true, true, true, true, true, true, true, true, true, true, true, true, true],
    "t1_diagnostic": [0.019845809507417895, 0.01973486483750889, 0.019626421019842355, 0.019520410208672533, 0.01941676463604056, 0.017551294210527226, 0.016404152312185404, 0.01615215242193644, 0.01638474533826983, 0.016397863532479035, 0.015937871770754668, 0.015805087784269718, 0.016975964133594007, 0.018227482874154183, 0.017014650560992276, 0.012863714352102658, 0.008166329947314007]
}