{
    "schema_name": "pyscf_qa_output",
    "provenance": {
        "creator": "PySCF",
        "version": "1.7.6"
    },
    "molecule": {
        "geometry": [[0.0, 0.0, 0.0], [1.0, 0.0, 0.0]],
        "symbols": [ "O", "H" ]
    },
    "molecular_charge": 1,
    "molecular_multiplicity": 1,
    "name": "o.h.chrg1.mult1.sep1.00-pyscf-ccsdt.ccpv5z",
    "atomic_numbers": [ 8, 1 ],
    "n_electrons": 8,
    "model": {
        "method": "CCSD(T)",
        "basis": "cc-pV5Z",
        "scf_conv_tol": 1e-09,
        "scf_conv_tol_grad": 1e-06,
        "cc_conv_tol": 1e-05,
        "cc_conv_tol_normt": 1e-07
    },
    "broken_symmetry": false,
    "finite_diff_delta": 0.01,
    "finite_diff_acc": 2,
    "qa_lambdas": [-2.0, -1.75, -1.5, -1.25, -1.0, -0.75, -0.5, -0.25, -0.02, -0.01, 0.0, 0.01, 0.02, 0.25, 0.5, 0.75, 1.0],
    "electronic_energies": [-38.420708078658066, -42.29682156345738, -46.37134846043896, -50.64748592293346, -55.128006400289095, -59.81524829102333, -64.71120209641478, -69.81762619260286, -74.70280449700357, -74.91929345302496, -75.13612399353185, -75.35329620661294, -75.5708101798401, -80.66815024811679, -86.41495072096534, -92.37745938509745, -98.55618454937643],
    "qats_energies": {
        "0": [-75.13612399353192, -75.13612399353192, -75.13612399353192, -75.13612399353192, -75.13612399353192, -75.13612399353192, -75.13612399353192, -75.13612399353192, -75.13612399353192, -75.13612399353192, -75.13612399353192, -75.13612399353192, -75.13612399353192, -75.13612399353192, -75.13612399353192, -75.13612399353192, -75.13612399353192],
        "1": [-31.735848634734367, -37.16088305458406, -42.58591747443376, -48.01095189428345, -53.435986314133146, -58.86102073398284, -64.28605515383254, -69.71108957368223, -74.70212123994395, -74.91912261673794, -75.13612399353192, -75.35312537032591, -75.5701267471199, -80.56115841338162, -85.98619283323131, -91.41122725308101, -96.8362616729307],
        "2": [-38.56930011577745, -42.39274434475767, -46.42973393252049, -50.680268879065906, -55.14434918439392, -59.821974848504524, -64.71314587139773, -69.81786225307353, -74.70280458509205, -74.91929345302496, -75.13612399353192, -75.35329620661294, -75.570810092268, -80.66793109277292, -86.4132835507965, -92.37218136760269, -98.54462454319147],
        "3": [-38.4521930663864, -42.3142917706539, -46.38032939605864, -50.65167829083567, -55.129710803220036, -59.81579928144679, -64.711316073751, -69.81763352836768, -74.702804467985, -74.91929343838657, -75.13612399353192, -75.35329622125133, -75.57081020937505, -80.66815981747877, -86.41511334844324, -92.37835693466042, -98.55926292436536],
        "4": [-38.417769639314606, -42.294113389697024, -46.36943760858671, -50.6464256927107, -55.12755933902805, -59.8151185447298, -64.711181607239, -69.81762512421069, -74.70280446764077, -74.91929343836507, -75.13612399353192, -75.35329622122981, -75.57081020903082, -80.66815141332177, -86.41497888193125, -92.37767619794343, -98.55711146017337]
    },
    "qats_poly_coeffs": [ -75.13612399353192, -21.70013767939878, -1.7083628702607712, -0.014638381173881497, 0.002151464191986937 ],
    "hf_energies": [-38.19491010757644, -42.0643527788438, -46.13289530571441, -50.403666452604014, -54.87934024938426, -59.56218995815643, -64.4541996058073, -69.55716395872126, -74.43962438816874, -74.65600562253937, -74.8727293156015, -75.08979555508002, -75.30720442805297, -80.40236511818965, -86.14728483522602, -92.10834539343226, -98.28595272251768],
    "triples_corrections": [-0.008195159293461778, -0.00859525859785092, -0.008990449721903548, -0.009381725444502253, -0.009773955425043043, -0.010170573602957037, -0.010569948867696237, -0.010965850033957548, -0.011319935264265548, -0.011335007321326893, -0.011350048500218247, -0.011365058362832647, -0.011380036477845065, -0.011714893199749473, -0.012055272008434745, -0.01236980815530676, -0.012660932617084836],
    "scf_converged": [true, true, true, true, true, true, true, true, true, true, true, true, true, true, true, true, true],
    "cc_converged": [true, true, true, true, true, true, true, true, true, true, true, true, true, true, true, true, true],
    "t1_diagnostic": [0.009204880581350829, 0.007966067438469948, 0.0071302267324550575, 0.006626589900177214, 0.006279989600658771, 0.005967919122987187, 0.005655465609313401, 0.005350711663978312, 0.0050835851950514176, 0.00507218457217976, 0.005060793413428257, 0.005049410470688882, 0.005038034467461174, 0.004775119218485058, 0.004473655634508472, 0.004144765449809781, 0.00379536802675406]
}