{
    "schema_name": "pyscf_qa_output",
    "provenance": {
        "creator": "PySCF",
        "version": "1.7.6"
    },
    "molecule": {
        "geometry": [[0.0, 0.0, 0.0], [1.7, 0.0, 0.0]],
        "symbols": [ "Ne", "H" ]
    },
    "molecular_charge": 1,
    "molecular_multiplicity": 3,
    "name": "ne.h.chrg1.mult3.sep1.70-pyscf-uccsdt.ccpv5z",
    "atomic_numbers": [ 10, 1 ],
    "n_electrons": 10,
    "model": {
        "method": "UCCSD(T)",
        "basis": "cc-pV5Z",
        "scf_conv_tol": 1e-09,
        "scf_conv_tol_grad": 1e-06,
        "cc_conv_tol": 1e-05,
        "cc_conv_tol_normt": 1e-07
    },
    "broken_symmetry": false,
    "finite_diff_delta": 0.01,
    "finite_diff_acc": 2,
    "qa_lambdas": [-2.0, -1.75, -1.5, -1.25, -1.0, -0.75, -0.5, -0.25, -0.02, -0.01, 0.0, 0.01, 0.02],
    "electronic_energies": [-75.6026932122264, -81.38913653181437, -87.41563294422792, -93.68159250901793, -100.18631546185628, -106.92938164012634, -113.91045212328149, -121.1291847640614, -127.98002571795017, -128.28244079844555, -128.58523506989908, -128.88840851108407, -129.19196110078565],
    "qats_energies": {
        "0": [-128.58523506989914, -128.58523506989914, -128.58523506989914, -128.58523506989914, -128.58523506989914, -128.58523506989914, -128.58523506989914, -128.58523506989914, -128.58523506989914, -128.58523506989914, -128.58523506989914, -128.58523506989914, -128.58523506989914],
        "1": [-67.98846380604746, -75.56306021402892, -83.13765662201038, -90.71225302999184, -98.2868494379733, -105.86144584595476, -113.43604225393622, -121.01063866191768, -127.97926735726062, -128.28225121357988, -128.58523506989914, -128.8882189262184, -129.19120278253766],
        "2": [-75.57185843268317, -81.36909672504689, -87.40331609949297, -93.67451655602142, -100.18269809463223, -106.92786071532541, -113.91000441810095, -121.12912920295886, -127.98002569672329, -128.28244079844555, -128.58523506989914, -128.88840851108407, -129.19196112200032],
        "3": [-75.60015281285533, -81.38805174926378, -87.4152527911281, -93.68142436368063, -100.18623489215375, -106.9293528017798, -113.91044651779114, -121.12918446542014, -127.98002572501767, -128.28244080198235, -128.58523506989914, -128.88840850754727, -129.19196109370594],
        "4": [-75.60096946330628, -81.38853045476495, -87.41551118443485, -93.68154897465033, -100.18628593280694, -106.92936895136147, -113.91044970783197, -121.12918466479769, -127.98002572502584, -128.28244080198286, -128.58523506989914, -128.88840850754778, -129.1919610937141]
    },
    "qats_poly_coeffs": [ -128.58523506989914, -30.29838563192584, -1.8958486566589272, 0.0035367975215194743, -5.104065318543386e-05 ],
    "hf_energies": [-75.3019266701144, -81.08839559585066, -87.1180761670139, -93.38686641773074, -99.89395786889632, -106.63907322647786, -113.62197482106635, -120.84239488481155, -127.69471309514948, -127.99719139305554, -128.3000488209561, -128.60328536013984, -128.9069009918699],
    "triples_corrections": [-0.008084176097397597, -0.008003796328926368, -0.007149681146466792, -0.0063075076589243885, -0.005593784478267913, -0.004999050911637324, -0.004502944246650074, -0.0040860699526087795, -0.0037580839898972524, -0.0037448521571871876, -0.003731699384838535, -0.0037186249358326256, -0.0037056280821025243],
    "scf_converged": [true, true, true, true, true, true, true, true, true, true, true, true, true],
    "cc_converged": [true, true, true, true, true, true, true, true, true, true, true, true, true],
    "scf_spin_squared": [2.027146125638348, 2.016326073490644, 2.009809136301665, 2.006728761011314, 2.005105488767853, 2.0041499000890166, 2.003529635147431, 2.0030929197416527, 2.0027882502249916, 2.002776538503491, 2.0027649369048794, 2.0027534436046, 2.002742056818711],
    "cc_spin_squared": [2.0005227207582985, 2.0004267659547104, 2.0003052150691025, 2.000191215165051, 2.00012320332341, 2.00008499730273, 2.000062421674973, 2.0000481076622663, 2.0000390714731506, 2.000038741407854, 2.0000384157545112, 2.0000380944299936, 2.0000377773532865]
}