{
    "schema_name": "pyscf_qa_output",
    "provenance": {
        "creator": "PySCF",
        "version": "1.7.6"
    },
    "molecule": {
        "geometry": [[0.0, 0.0, 0.0], [1.4, 0.0, 0.0]],
        "symbols": [ "N", "H" ]
    },
    "molecular_charge": -1,
    "molecular_multiplicity": 2,
    "name": "n.h.chrg-1.mult2.sep1.40-pyscf-uccsdt.ccpv5z",
    "atomic_numbers": [ 7, 1 ],
    "n_electrons": 9,
    "model": {
        "method": "UCCSD(T)",
        "basis": "cc-pV5Z",
        "scf_conv_tol": 1e-09,
        "scf_conv_tol_grad": 1e-06,
        "cc_conv_tol": 1e-05,
        "cc_conv_tol_normt": 1e-07
    },
    "broken_symmetry": false,
    "finite_diff_delta": 0.01,
    "finite_diff_acc": 2,
    "qa_lambdas": [-0.02, -0.01, 0.0, 0.01, 0.02, 0.25, 0.5, 0.75, 1.0, 1.25, 1.5, 1.75, 2.0, 2.25, 2.5, 2.75, 3.0],
    "electronic_energies": [-54.78167387919507, -54.96812270454872, -55.15491990188065, -55.34206557566389, -55.52956007285427, -59.93862969358782, -64.94289521949705, -70.16972405256939, -75.62055147750787, -81.29655131884797, -87.19891864608313, -93.32854985908013, -99.68565446433965, -106.26926047841208, -113.07647384078133, -120.10294899898354, -127.34358153242935],
    "qats_energies": {
        "0": [-55.15491990188062, -55.15491990188062, -55.15491990188062, -55.15491990188062, -55.15491990188062, -55.15491990188062, -55.15491990188062, -55.15491990188062, -55.15491990188062, -55.15491990188062, -55.15491990188062, -55.15491990188062, -55.15491990188062, -55.15491990188062, -55.15491990188062, -55.15491990188062, -55.15491990188062],
        "1": [-54.78097703076545, -54.96794846632304, -55.15491990188062, -55.3418913374382, -55.52886277299579, -59.829205790820225, -64.50349167975983, -69.17777756869945, -73.85206345763906, -78.52634934657867, -83.20063523551829, -87.8749211244579, -92.5492070133975, -97.22349290233711, -101.89777879127672, -106.57206468021634, -111.24635056915595],
        "2": [-54.78167398366819, -54.96812270454872, -55.15491990188062, -55.34206557566389, -55.52955972589853, -59.93810468187382, -64.9390872439742, -70.15786758818174, -75.59444571449647, -81.24882162291837, -87.12099531344745, -93.21096678608372, -99.51873604082715, -106.04430307767777, -112.78766789663555, -119.74883049770051, -126.92779088087265],
        "3": [-54.78167368271562, -54.968122666929645, -55.15491990188062, -55.34206561328296, -55.5295600268511, -59.93869247986928, -64.94378962793789, -70.17373813405922, -75.63206478620606, -81.32229637235116, -87.24795968046732, -93.41258149852729, -99.81968861450386, -106.47280781636981, -113.37546589209788, -120.5311896296609, -127.94350581703158],
        "4": [-54.78167384437069, -54.96812267703309, -55.15491990188062, -55.342065623386404, -55.529560188506174, -59.942639136875115, -65.00693614003123, -70.49341735153179, -76.64240897969958, -83.78895700099744, -92.36282716002825, -102.88850496953484, -115.98519571040009, -132.36682443164693, -152.8420359504383, -178.31419485207704, -209.78138549000622]
    },
    "qats_poly_coeffs": [ -55.15491990188062, -18.697143555758444, -1.742382256857411, -0.03761907170958996, -1.0103441934935138 ],
    "hf_energies": [-54.507928751939474, -54.69420331344071, -54.88082931228686, -55.06780694659497, -55.255136410447655, -59.66120587621292, -64.66356580837945, -69.88910435349621, -75.33850409055967, -81.01280319108517, -86.91463151862837, -93.04752744745163, -99.41053870493926, -106.00039423980655, -112.81338288029963, -119.84509142022547, -127.09059928926617],
    "triples_corrections": [-0.01098944110328976, -0.010981010679234484, -0.010972334214957087, -0.010963411389197668, -0.010954238007666095, -0.010691523499684276, -0.010317584417538724, -0.009853518653831607, -0.009281415254393192, -0.008616586719748905, -0.007974654205758509, -0.00727984807887051, -0.006334759277718038, -0.005383422457488875, -0.004577248016054941, -0.00394062012720971, -0.003441748103736193],
    "scf_converged": [true, true, true, true, true, true, true, true, true, true, true, true, true, true, true, true, true],
    "cc_converged": [true, true, true, true, true, true, true, true, true, true, true, true, true, true, true, true, true],
    "scf_spin_squared": [0.8778750137924978, 0.8814895785499788, 0.8851391915009859, 0.888821476016072, 0.892529205881778, 0.9782508045359672, 1.052651857586417, 1.0925847968390197, 1.0884423642697971, 1.0249565396843496, 0.8912654022717641, 0.7875077212238368, 0.7628278509797934, 0.7567535457326109, 0.7546031121418153, 0.7536062501880774, 0.7530427233080559],
    "cc_spin_squared": [0.7523810112983704, 0.7524207420382609, 0.7524608840466196, 0.7525015068200531, 0.7525425166100908, 0.7535367481419253, 0.7545178778255532, 0.7550203222681984, 0.7547012841057117, 0.7535334153351401, 0.7519773812780381, 0.750872239620286, 0.7504058484480589, 0.7502033744878669, 0.750112095437387, 0.7500695225453868, 0.7500480984495499]
}