{
    "schema_name": "pyscf_qa_output",
    "provenance": {
        "creator": "PySCF",
        "version": "1.7.6"
    },
    "molecule": {
        "geometry": [[0.0, 0.0, 0.0], [0.8, 0.0, 0.0]],
        "symbols": [ "N", "H" ]
    },
    "molecular_charge": -1,
    "molecular_multiplicity": 2,
    "name": "n.h.chrg-1.mult2.sep0.80-pyscf-uccsdt.ccpv5z",
    "atomic_numbers": [ 7, 1 ],
    "n_electrons": 9,
    "model": {
        "method": "UCCSD(T)",
        "basis": "cc-pV5Z",
        "scf_conv_tol": 1e-09,
        "scf_conv_tol_grad": 1e-06,
        "cc_conv_tol": 1e-05,
        "cc_conv_tol_normt": 1e-07
    },
    "broken_symmetry": false,
    "finite_diff_delta": 0.01,
    "finite_diff_acc": 2,
    "qa_lambdas": [-0.02, -0.01, 0.0, 0.01, 0.02, 0.25, 0.5, 0.75, 1.0, 1.25, 1.5, 1.75, 2.0, 2.25, 2.5, 2.75, 3.0],
    "electronic_energies": [-54.75382127916471, -54.941022386999244, -55.12857047366008, -55.31646570072369, -55.50470822733451, -59.93047568346141, -64.95134725309592, -70.19238471048905, -75.65402972714423, -81.33618318342519, -87.23837600155959, -93.35983611951042, -99.69947982743538, -106.25587374495704, -113.0271966129245, -120.01121289254795, -127.2052601415736],
    "qats_energies": {
        "0": [-55.12857047366009, -55.12857047366009, -55.12857047366009, -55.12857047366009, -55.12857047366009, -55.12857047366009, -55.12857047366009, -55.12857047366009, -55.12857047366009, -55.12857047366009, -55.12857047366009, -55.12857047366009, -55.12857047366009, -55.12857047366009, -55.12857047366009, -55.12857047366009, -55.12857047366009],
        "1": [-54.753127159935644, -54.94084881679787, -55.12857047366009, -55.316292130522314, -55.50401378738454, -59.82161189521567, -64.51465331677124, -69.20769473832682, -73.9007361598824, -78.59377758143798, -83.28681900299355, -87.97986042454913, -92.67290184610471, -97.36594326766028, -102.05898468921586, -106.75202611077144, -111.44506753232702],
        "2": [-54.75382144074115, -54.941022386999244, -55.12857047366009, -55.31646570072369, -55.50470806819004, -59.93009327107573, -64.94857882021148, -70.18402712106734, -75.63643817364334, -81.30581197793944, -87.19214853395567, -93.29544784169201, -99.61570990114848, -106.15293471232505, -112.90712227522175, -119.87827258983856, -127.0663856561755],
        "3": [-54.75382122692721, -54.9410223602725, -55.12857047366009, -55.316465727450435, -55.50470828200398, -59.93051087642418, -64.95191966299907, -70.19530246547549, -75.66316491594414, -81.35801264649568, -87.28235128922084, -93.43868647621031, -99.82952383955481, -106.457369011345, -113.3247276236716, -120.4341053086253, -127.78800769829684],
        "4": [-54.753821225305884, -54.94102236017117, -55.12857047366009, -55.3164657273491, -55.50470828038265, -59.9304712932726, -64.95128633257394, -70.19209623019822, -75.65303162914188, -81.33327317676361, -87.23105152478443, -93.34364732928762, -99.66739125071874, -106.19766395388568, -112.92889610795858, -119.85456838646988, -126.96721146731431]
    },
    "qats_poly_coeffs": [ -55.12857047366009, -18.77216568622231, -1.7357020137609425, -0.02672674230079034, 0.010133286802253375 ],
    "hf_energies": [-54.488683042552125, -54.67580143100457, -54.86326879891428, -55.051085281255645, -55.23925101068654, -59.66372563663459, -64.68395640044216, -69.9248202332085, -75.38658140918119, -81.06910204723002, -86.97194771812833, -93.09440310807874, -99.43543665445442, -105.99365183827057, -112.76724615919787, -119.75398541375455, -126.95119430086822],
    "triples_corrections": [-0.008411604972083332, -0.008392974030171066, -0.008374078360251261, -0.008354923346052047, -0.008335514526274256, -0.007832972125749491, -0.007226365852664255, -0.006635560954300836, -0.006100457832964505, -0.005626516784686379, -0.005203850771163659, -0.004819969044288519, -0.004464658838818646, -0.004130859643524448, -0.003814241848345499, -0.0035125767932170913, -0.003225151139946286],
    "scf_converged": [true, true, true, true, true, true, true, true, true, true, true, true, true, true, true, true, true],
    "cc_converged": [true, true, true, true, true, true, true, true, true, true, true, true, true, true, true, true, true],
    "scf_spin_squared": [0.7620976301532503, 0.7619922811100208, 0.761887374503984, 0.7617829636289004, 0.7616792811243851, 0.7595203236633328, 0.757786122256769, 0.7565961935621068, 0.7557687229089236, 0.7551641654862893, 0.754694396356304, 0.7543068198745502, 0.7539707363278443, 0.7536687613626496, 0.7533916651593584, 0.7531351045967827, 0.7528974157610122],
    "cc_spin_squared": [0.7504128587633858, 0.750409666478405, 0.7504064536425763, 0.7504032216857133, 0.7503999730025392, 0.7503235478487911, 0.7502477964379537, 0.7501885161698205, 0.750145731887407, 0.7501156325174452, 0.7500941244309853, 0.7500781891174886, 0.7500659234908262, 0.7500561098883884, 0.7500480309856559, 0.7500412491511539, 0.7500354899260904]
}