{
    "schema_name": "pyscf_qa_output",
    "provenance": {
        "creator": "PySCF",
        "version": "1.7.6"
    },
    "molecule": {
        "geometry": [[0.0, 0.0, 0.0], [0.7, 0.0, 0.0]],
        "symbols": [ "Li", "H" ]
    },
    "molecular_charge": 0,
    "molecular_multiplicity": 3,
    "name": "li.h.chrg0.mult3.sep0.70-pyscf-uccsdt.ccpv5z",
    "atomic_numbers": [ 3, 1 ],
    "n_electrons": 4,
    "model": {
        "method": "UCCSD(T)",
        "basis": "cc-pV5Z",
        "scf_conv_tol": 1e-09,
        "scf_conv_tol_grad": 1e-06,
        "cc_conv_tol": 1e-05,
        "cc_conv_tol_normt": 1e-07
    },
    "broken_symmetry": false,
    "finite_diff_delta": 0.01,
    "finite_diff_acc": 2,
    "qa_lambdas": [-0.02, -0.01, 0.0, 0.01, 0.02, 0.25, 0.5, 0.75, 1.0, 1.25, 1.5, 1.75, 2.0],
    "electronic_energies": [-7.504849577131599, -7.560225132352036, -7.615835404293027, -7.671680342613129, -7.727759896158639, -9.082213570439167, -10.69425564786233, -12.45048337861229, -14.34865875249946, -16.385566125309253, -18.55689562316883, -20.857267662941933, -23.280393289440735],
    "qats_energies": {
        "0": [-7.615835404293109, -7.615835404293109, -7.615835404293109, -7.615835404293109, -7.615835404293109, -7.615835404293109, -7.615835404293109, -7.615835404293109, -7.615835404293109, -7.615835404293109, -7.615835404293109, -7.615835404293109, -7.615835404293109],
        "1": [-7.504380194032016, -7.560107799162562, -7.615835404293109, -7.6715630094236555, -7.727290614554202, -9.009025532556775, -10.402215660820442, -11.795405789084107, -13.188595917347772, -14.58178604561144, -15.974976173875106, -17.36816630213877, -18.761356430402437],
        "2": [-7.5048495267899105, -7.560225132352036, -7.615835404293109, -7.671680342613129, -7.727759947312097, -9.082358775977845, -10.695548634504721, -12.455404979873736, -14.36192781208489, -16.415117131138185, -18.61497293703362, -20.96149522977119, -23.454684009350906],
        "3": [-7.504849594453342, -7.5602251408099646, -7.615835404293109, -7.671680334155201, -7.727759879648666, -9.08222662083916, -10.694491393395246, -12.451836791129262, -14.353469883209101, -16.398597738802657, -18.58642742707783, -20.916166017202507, -23.387020578344586],
        "4": [-7.504849593912161, -7.560225140776141, -7.615835404293109, -7.671680334121376, -7.727759879107486, -9.082213408433454, -10.694279994903942, -12.450766586267033, -14.350087507348224, -16.390339985236068, -18.569304149282146, -20.884443031101092, -23.332902564570578]
    },
    "qats_poly_coeffs": [ -7.615835404293109, -5.572760513054664, -1.1733318947371174, 0.00845792887578985, 0.0033823758608756784 ],
    "hf_energies": [-7.460125278140606, -7.51558414117366, -7.57127813710105, -7.627207215531084, -7.68337132528764, -9.03988485100592, -10.65441507258808, -12.413371980149103, -14.314464025843794, -16.354387767988747, -18.528725646474577, -20.831990880318, -23.257806338249257],
    "triples_corrections": [-0.00014328897834981112, -0.0001419498567931472, -0.00014062628148022276, -0.00013931810037724713, -0.00013802516099473285, -0.00011214040303827511, -9.091520435948404e-05, -7.486886244753974e-05, -6.239093625695788e-05, -5.234955570982957e-05, -4.4015641953461686e-05, -3.695373566959484e-05, -3.091369287885662e-05],
    "scf_converged": [true, true, true, true, true, true, true, true, true, true, true, true, true],
    "cc_converged": [true, true, true, true, true, true, true, true, true, true, true, true, true],
    "scf_spin_squared": [2.0001942516055835, 2.0001914291502083, 2.000188649559491, 2.000185912371379, 2.000183217119253, 2.0001316961184656, 2.0000938890402034, 2.000068957801049, 2.0000523536722965, 2.000041028827007, 2.0000330317856534, 2.0000271548816437, 2.0000226710583937],
    "cc_spin_squared": [2.000003238264822, 2.0000031764610258, 2.0000031158903004, 2.0000030565303732, 2.0000029983592587, 2.000001941864063, 2.000001239961542, 2.0000008177193953, 2.000000558830882, 2.000000395455725, 2.0000002886027475, 2.0000002159633805, 2.0000001647718006]
}