{
    "schema_name": "pyscf_qa_output",
    "provenance": {
        "creator": "PySCF",
        "version": "1.7.6"
    },
    "molecule": {
        "geometry": [[0.0, 0.0, 0.0], [1.0, 0.0, 0.0]],
        "symbols": [ "F", "H" ]
    },
    "molecular_charge": 1,
    "molecular_multiplicity": 2,
    "name": "f.h.chrg1.mult2.sep1.00-pyscf-uccsdt.ccpv5z",
    "atomic_numbers": [ 9, 1 ],
    "n_electrons": 9,
    "model": {
        "method": "UCCSD(T)",
        "basis": "cc-pV5Z",
        "scf_conv_tol": 1e-09,
        "scf_conv_tol_grad": 1e-06,
        "cc_conv_tol": 1e-05,
        "cc_conv_tol_normt": 1e-07
    },
    "broken_symmetry": false,
    "finite_diff_delta": 0.01,
    "finite_diff_acc": 2,
    "qa_lambdas": [-2.0, -1.75, -1.5, -1.25, -1.0, -0.75, -0.5, -0.25, -0.02, -0.01, 0.0, 0.01, 0.02, 0.25, 0.5, 0.75, 1.0],
    "electronic_energies": [-55.17872744283689, -59.983232784849406, -65.00448935014033, -70.24559612669228, -75.70928228880486, -81.39792191010363, -87.31358574717581, -93.45809776189745, -99.31454822583723, -99.57361836350445, -99.83305934810001, -100.09287125774611, -100.35305416975832, -106.43982283767284, -113.27942313460159, -120.35249579733849, -127.65921280669112],
    "qats_energies": {
        "0": [-99.83305934810016, -99.83305934810016, -99.83305934810016, -99.83305934810016, -99.83305934810016, -99.83305934810016, -99.83305934810016, -99.83305934810016, -99.83305934810016, -99.83305934810016, -99.83305934810016, -99.83305934810016, -99.83305934810016, -99.83305934810016, -99.83305934810016, -99.83305934810016, -99.83305934810016],
        "1": [-47.907769923934154, -54.398431101954905, -60.88909227997566, -67.3797534579964, -73.87041463601716, -80.36107581403792, -86.85173699205866, -93.3423981700794, -99.3138064538585, -99.57343290097933, -99.83305934810016, -100.092685795221, -100.35231224234182, -106.32372052612092, -112.81438170414167, -119.30504288216241, -125.79570406018317],
        "2": [-55.326270928613155, -60.078220933662266, -65.0619990951076, -70.27760541294914, -75.72503988718691, -81.4043025178209, -87.3153933048511, -93.45831224827752, -99.31454830395897, -99.57361836350445, -99.83305934810016, -100.09287125774611, -100.35305409244229, -106.43963460431902, -113.2780380169341, -120.3482695859454, -127.65032931135292],
        "3": [-55.222645745512125, -60.00880015670201, -65.01828222098685, -70.25230629598111, -75.71208673929928, -81.3988379085558, -87.31377416136515, -93.45810985534177, -99.31454820033379, -99.5736183505513, -99.83305934810016, -100.09287127069926, -100.35305419606748, -106.43983699725477, -113.27965716042006, -120.35373419521049, -127.66328245924055],
        "4": [-55.16892871468866, -59.9773122194444, -65.00128581670286, -70.24410972755713, -75.70872942487281, -81.39777563328805, -87.31356432921349, -93.4580967408323, -99.31454819979662, -99.57361835051773, -99.83305934810016, -100.09287127066568, -100.3530541955303, -106.43982388274529, -113.2794473282684, -120.35267191994275, -127.65992514481408]
    },
    "qats_poly_coeffs": [ -99.83305934810016, -25.962644712083005, -1.8546252511697503, -0.0129531478876288, 0.0033573144264664734 ],
    "hf_energies": [-54.90828783591632, -59.70776725273518, -64.72509631407993, -69.96324578293166, -75.4248179038124, -81.11210079852984, -87.02712433323026, -93.17168936086155, -99.02876641281506, -99.28787550484046, -99.54735637227884, -99.80720908688502, -100.06743371951161, -106.15539856127201, -112.99673765727856, -120.07188426240279, -127.38089934571707],
    "triples_corrections": [-0.007924974556301319, -0.007830590013588289, -0.007622976576923248, -0.00732405651123234, -0.006964078528658044, -0.006570681436613881, -0.0061622226314934575, -0.005747876311538994, -0.005365171864283842, -0.005348543850734769, -0.005331919001163015, -0.005315297621506055, -0.005298680024595278, -0.004918345849571858, -0.0045133359713448295, -0.004124974045865507, -0.003761204789088117],
    "scf_converged": [true, true, true, true, true, true, true, true, true, true, true, true, true, true, true, true, true],
    "cc_converged": [true, true, true, true, true, true, true, true, true, true, true, true, true, true, true, true, true],
    "scf_spin_squared": [0.7581679149819731, 0.7581041389783092, 0.7579134019835392, 0.7576246599144545, 0.7572581852413229, 0.7568141763772163, 0.7562914119817155, 0.7557078226233838, 0.7551495991292381, 0.7551254242746794, 0.7551012805705506, 0.7550771706412656, 0.7550530970794336, 0.754514850933321, 0.753981123885505, 0.7535161327123854, 0.7531218671750466],
    "cc_spin_squared": [0.7502375002316102, 0.7502308331670495, 0.7502183787272372, 0.7502010761818627, 0.7501805988553041, 0.750158768638741, 0.7501370055051562, 0.7501161621199859, 0.750098367868874, 0.7500976312681227, 0.7500968980179934, 0.7500961681472051, 0.7500954416839951, 0.750079730524404, 0.750064990348088, 0.7500527413532865, 0.750042881637035]
}