{
    "schema_name": "pyscf_qa_output",
    "provenance": {
        "creator": "PySCF",
        "version": "1.7.6"
    },
    "molecule": {
        "geometry": [[0.0, 0.0, 0.0], [1.6, 0.0, 0.0]],
        "symbols": [ "B", "H" ]
    },
    "molecular_charge": -1,
    "molecular_multiplicity": 4,
    "name": "b.h.chrg-1.mult4.sep1.60-pyscf-uccsdt.ccpv5z",
    "atomic_numbers": [ 5, 1 ],
    "n_electrons": 7,
    "model": {
        "method": "UCCSD(T)",
        "basis": "cc-pV5Z",
        "scf_conv_tol": 1e-09,
        "scf_conv_tol_grad": 1e-06,
        "cc_conv_tol": 1e-05,
        "cc_conv_tol_normt": 1e-07
    },
    "broken_symmetry": false,
    "finite_diff_delta": 0.01,
    "finite_diff_acc": 2,
    "qa_lambdas": [-0.02, -0.01, 0.0, 0.01, 0.02, 0.25, 0.5, 0.75, 1.0, 1.25, 1.5, 1.75, 2.0, 2.25, 2.5, 2.75, 3.0],
    "electronic_energies": [-24.970663245761333, -25.08656486520457, -25.20276410267435, -25.319261132250503, -25.436056160367716, -28.2049449582655, -31.39525108699212, -34.77449725117739, -38.34250501190289, -42.098392191390964, -46.04101891662648, -50.16951986197201, -54.483373157823905, -58.98127842224416, -63.65950050330401, -68.51162530446852, -73.52980869236416],
    "qats_energies": {
        "0": [-25.202764102674376, -25.202764102674376, -25.202764102674376, -25.202764102674376, -25.202764102674376, -25.202764102674376, -25.202764102674376, -25.202764102674376, -25.202764102674376, -25.202764102674376, -25.202764102674376, -25.202764102674376, -25.202764102674376, -25.202764102674376, -25.202764102674376, -25.202764102674376, -25.202764102674376],
        "1": [-24.97006783562844, -25.08641596915141, -25.202764102674376, -25.31911223619734, -25.43546036972031, -28.111467440748555, -31.020170778822738, -33.92887411689692, -36.8375774549711, -39.74628079304528, -42.65498413111946, -45.56368746919364, -48.47239080726783, -51.381094145342004, -54.28979748341619, -57.19850082149037, -60.107204159564546],
        "2": [-24.97066341984108, -25.08656486520457, -25.202764102674376, -25.319261132250503, -25.43605595393295, -28.204527473973513, -31.392410911722564, -34.76641441592153, -38.3265379865704, -42.072781623669194, -46.005145327217896, -50.12362909721651, -54.42823293366504, -58.91895683656348, -63.595800805911836, -68.4587648417101, -73.50784894395828],
        "3": [-24.970663166164737, -25.086564833495025, -25.202764102674376, -25.319261163960046, -25.436056207609294, -28.20502293558044, -31.396374604577982, -34.77979187930856, -38.35824752941374, -42.13471432453508, -46.11216503431415, -50.29357242839251, -54.68190927641172, -59.28014834801334, -64.09126241283894, -69.1182242405301, -74.36400660072833],
        "4": [-24.97066318773474, -25.086564834843152, -25.202764102674376, -25.31926116530817, -25.436056229179297, -28.20554954697382, -31.40480038687208, -34.82244740217243, -38.49306004611929, -42.46384644539825, -46.794653400136006, -51.557966383900435, -56.83890954370054, -62.73524569998648, -69.35737634664954, -76.82834165102219, -85.283820453878]
    },
    "qats_poly_coeffs": [ -25.202764102674376, -11.634813352296725, -1.4889605315993037, -0.03170954284333523, -0.1348125167055514 ],
    "hf_energies": [-24.846264100436557, -24.9619811726944, -25.077996483406572, -25.19431019366903, -25.310922462203592, -28.075748294402352, -31.262201793340555, -34.63878570586428, -38.2052372941511, -41.96005293896897, -45.9016294841528, -50.02933672467998, -54.34376889837004, -58.84411056704337, -63.52557530491514, -68.38091797487273, -73.40216281578087],
    "triples_corrections": [-0.004341689465986505, -0.0043514156568410425, -0.004360867846717557, -0.004370047539461355, -0.0043789563846239835, -0.00451281660700469, -0.004523419160683957, -0.004429752575320289, -0.004258778588474555, -0.004050316966165838, -0.0038475691057030434, -0.0036588194568116243, -0.0034158311132102552, -0.0030364931454032944, -0.0026036340482124202, -0.0022249775291506807, -0.001920787650577552],
    "scf_converged": [true, true, true, true, true, true, true, true, true, true, true, true, true, true, true, true, true],
    "cc_converged": [true, true, true, true, true, true, true, true, true, true, true, true, true, true, true, true, true],
    "scf_spin_squared": [3.7537087146017902, 3.7537861377796, 3.753869576710834, 3.753959369611492, 3.7540559731418046, 3.7592212383072114, 3.773402227021014, 3.786533059033891, 3.7887287595320656, 3.782963954967254, 3.773949705644921, 3.763925370978355, 3.7561887801459632, 3.7542439085100434, 3.7549789188549916, 3.7555106980238273, 3.7555160718444554],
    "cc_spin_squared": [3.750535843971164, 3.7505376742867393, 3.7505394873164795, 3.750541280674284, 3.750543056242927, 3.7505769583342987, 3.750601237539513, 3.750615329499767, 3.7505988491610935, 3.7505525710569128, 3.7504968999878585, 3.750432908267304, 3.75033657243791, 3.7502260103929714, 3.7501510917578034, 3.7501108615146963, 3.750087033295695]
}