{
    "schema_name": "pyscf_qa_output",
    "provenance": {
        "creator": "PySCF",
        "version": "1.7.6"
    },
    "molecule": {
        "geometry": [[0.0, 0.0, 0.0], [0.8, 0.0, 0.0]],
        "symbols": [ "Li", "H" ]
    },
    "molecular_charge": 0,
    "molecular_multiplicity": 3,
    "name": "li.h.chrg0.mult3.sep0.80-pyscf-uccsdt.ccpv5z",
    "atomic_numbers": [ 3, 1 ],
    "n_electrons": 4,
    "model": {
        "method": "UCCSD(T)",
        "basis": "cc-pV5Z",
        "scf_conv_tol": 1e-09,
        "scf_conv_tol_grad": 1e-06,
        "cc_conv_tol": 1e-05,
        "cc_conv_tol_normt": 1e-07
    },
    "broken_symmetry": false,
    "finite_diff_delta": 0.01,
    "finite_diff_acc": 2,
    "qa_lambdas": [-0.02, -0.01, 0.0, 0.01, 0.02, 0.25, 0.5, 0.75, 1.0, 1.25, 1.5, 1.75, 2.0],
    "electronic_energies": [-7.602665019545123, -7.6585418836076, -7.714651566156224, -7.770994016604766, -7.827569183378844, -9.192894908614157, -10.815578408879992, -12.581110654263142, -14.48701041147259, -16.529666926530272, -18.704240013994625, -21.004736689665158, -23.424247629203766],
    "qats_energies": {
        "0": [-7.714651566156172, -7.714651566156172, -7.714651566156172, -7.714651566156172, -7.714651566156172, -7.714651566156172, -7.714651566156172, -7.714651566156172, -7.714651566156172, -7.714651566156172, -7.714651566156172, -7.714651566156172, -7.714651566156172],
        "1": [-7.602199433159005, -7.6584254996575885, -7.714651566156172, -7.770877632654755, -7.827103699153338, -9.120303228620752, -10.52595489108533, -11.931606553549912, -13.33725821601449, -14.742909878479072, -16.14856154094365, -17.55421320340823, -18.95986486587281],
        "2": [-7.6026649689590515, -7.6585418836076, -7.714651566156172, -7.770994016604766, -7.827569234953384, -9.193043197377982, -10.816914766114248, -12.586266272364977, -14.501097716130161, -16.561409097409808, -18.76720041620391, -21.118471672512474, -23.615222866335493],
        "3": [-7.602665037066126, -7.658541892120985, -7.714651566156172, -7.770994008091382, -7.82756916684631, -9.19291017574839, -10.81585059307752, -12.58267468836602, -14.492584331836337, -16.54478139371093, -18.73846774421225, -21.072845253562754, -23.54711579198489],
        "4": [-7.602665036407146, -7.658541892079798, -7.714651566156172, -7.770994008050196, -7.82756916618733, -9.192894087373544, -10.815593179079997, -12.581371530003548, -14.488465707875937, -16.534726159432612, -18.71761721041273, -21.034217065559165, -23.481217808618503]
    },
    "qats_poly_coeffs": [ -7.714651566156172, -5.622606649858319, -1.163839500115671, 0.008513384293825272, 0.004118623960399266 ],
    "hf_energies": [-7.560947851094724, -7.61691071908362, -7.673106731704676, -7.7295358414829005, -7.786197999888839, -9.153622406978915, -10.778817266984438, -12.54709709325075, -14.455926477999293, -16.501594881661177, -18.679138785192848, -20.982446438143775, -23.404517583860706],
    "triples_corrections": [-0.00011753392002736564, -0.00011643616576815996, -0.00011535234957935092, -0.00011428229534349018, -0.00011322582835245878, -9.229276512293031e-05, -7.536537586891163e-05, -6.258313051120818e-05, -5.2520348879922095e-05, -4.4249621526285566e-05, -3.722909046236074e-05, -3.1173734085859795e-05, -2.594050749300949e-05],
    "scf_converged": [true, true, true, true, true, true, true, true, true, true, true, true, true],
    "cc_converged": [true, true, true, true, true, true, true, true, true, true, true, true, true],
    "scf_spin_squared": [2.000156448844202, 2.000153735960735, 2.000151078538722, 2.0001484754534347, 2.000145925600226, 2.0000997109490184, 2.00006887589634, 2.0000500355222863, 2.0000381788036625, 2.0000303869924005, 2.0000249689652922, 2.0000209614731226, 2.0000178319222828],
    "cc_spin_squared": [2.0000025980144627, 2.0000025429490136, 2.0000024891572368, 2.0000024366108313, 2.000002385281955, 2.0000014839915203, 2.0000009229065374, 2.0000006031682656, 2.000000414480437, 2.000000297858091, 2.000000221810202, 2.000000169463794, 2.000000131736486]
}