{
    "schema_name": "pyscf_apdft_output",
    "provenance": {
        "creator": "PySCF",
        "version": "1.7.6"
    },
    "molecule": {
        "geometry": [[0.0, 0.0, 0.0], [1.7, 0.0, 0.0]],
        "symbols": [ "F", "H" ]
    },
    "molecular_charge": 0,
    "molecular_multiplicity": 1,
    "name": "f.h.chrg0.mult1.sep1.70-pyscf-ccsdt.ccpv5z",
    "atomic_numbers": [ 9, 1 ],
    "n_electrons": 10,
    "model": {
        "method": "CCSD(T)",
        "basis": "cc-pV5Z",
        "scf_conv_tol": 1e-09,
        "scf_conv_tol_grad": 1e-06,
        "cc_conv_tol": 1e-05,
        "cc_conv_tol_normt": 1e-07
    },
    "broken_symmetry": false,
    "finite_diff_delta": 0.01,
    "finite_diff_acc": 2,
    "apdft_lambdas": [-1.0, -0.75, -0.5, -0.25, -0.02, -0.01, 0.0, 0.01, 0.02, 0.25, 0.5, 0.75, 1.0],
    "electronic_energies": [-75.64407296413796, -81.4378994314295, -87.47086203467117, -93.74594450148427, -99.73579479202381, -100.00098870612399, -100.26658251511773, -100.53257669484613, -100.79897164942072, -107.03773145770849, -114.06665331527458, -121.35815692510707, -128.91030243437058],
    "apdft_energies": {
        "0": [-100.26658251516326, -100.26658251516326, -100.26658251516326, -100.26658251516326, -100.26658251516326, -100.26658251516326, -100.26658251516326, -100.26658251516326, -100.26658251516326, -100.26658251516326, -100.26658251516326, -100.26658251516326, -100.26658251516326],
        "1": [-73.68718307905641, -80.33203293808313, -86.97688279710984, -93.62173265613654, -99.73499452644113, -100.00078852080219, -100.26658251516326, -100.53237650952434, -100.7981705038854, -106.91143237418999, -113.55628223321669, -120.2011320922434, -126.84598195127012],
        "2": [-75.68903629700418, -81.45807537317874, -87.47734610159678, -93.74684848225829, -99.7357952677283, -100.00098870612399, -100.26658251516326, -100.53257669484613, -100.79897124517258, -107.03654820031171, -114.05674553770363, -121.32717452733903, -128.8478351692179],
        "3": [-75.61570691058931, -81.42713953828496, -87.46817992829492, -93.74570271059555, -99.73579468109321, -100.0009886327946, -100.26658251516326, -100.53257676817552, -100.79897183180768, -107.03769397197445, -114.0659117110055, -121.3581103622328, -128.92116455563277],
        "4": [-75.31797221443259, -81.33293441957913, -87.44957150978513, -93.74453968443869, -99.73579463345567, -100.00098862981726, -100.26658251516326, -100.53257676519817, -100.79897178417012, -107.03653094581759, -114.0473032924957, -121.26390524352696, -128.62342985947603]
    },
    "apdft_poly_coeff": [ -100.26658251516326, -26.579399436106854, -2.001853217947769, -0.07332938641487392, 0.2977346961567188 ],
    "hf_energies": [-75.27290285178458, -81.05054642842397, -87.07236183220012, -93.34380550181078, -99.33817645699726, -99.60373620467303, -99.86970900373193, -100.13609504236146, -100.40289450387114, -106.65372881622257, -113.69763203997536, -121.00080591954988, -128.5607168513676],
    "triples_corrections": [-0.01795547855349102, -0.01814644699081044, -0.017620099637667506, -0.017104639252864654, -0.016589815708570804, -0.016553326529138622, -0.016514825195199263, -0.01647423656400551, -0.01643146816648344, -0.01471404316132233, -0.011613981009995862, -0.008850741522252674, -0.007086432325211511],
    "scf_converged": [true, true, true, true, true, true, true, true, true, true, true, true, true],
    "cc_converged": [true, true, true, true, true, true, true, true, true, true, true, true, true],
    "t1_diagnostic": [0.05208085892012526, 0.041388436361422316, 0.02674924122006096, 0.01947261071043707, 0.025342092926308905, 0.025651371896806212, 0.02595417563915671, 0.026249703478572268, 0.02653707403118703, 0.029584792202137476, 0.024521525727792037, 0.01643640248736666, 0.010442813056361477]
}