{
    "schema_name": "pyscf_qa_output",
    "provenance": {
        "creator": "PySCF",
        "version": "1.7.6"
    },
    "molecule": {
        "geometry": [[0.0, 0.0, 0.0], [1.2, 0.0, 0.0]],
        "symbols": [ "B", "H" ]
    },
    "molecular_charge": 2,
    "molecular_multiplicity": 3,
    "name": "b.h.chrg2.mult3.sep1.20-pyscf-uccsdt.ccpv5z",
    "atomic_numbers": [ 5, 1 ],
    "n_electrons": 4,
    "model": {
        "method": "UCCSD(T)",
        "basis": "cc-pV5Z",
        "scf_conv_tol": 1e-09,
        "scf_conv_tol_grad": 1e-06,
        "cc_conv_tol": 1e-05,
        "cc_conv_tol_normt": 1e-07
    },
    "broken_symmetry": false,
    "finite_diff_delta": 0.01,
    "finite_diff_acc": 2,
    "qa_lambdas": [-2.0, -1.75, -1.5, -1.25, -1.0, -0.75, -0.5, -0.25, -0.02, -0.01, 0.0, 0.01, 0.02],
    "electronic_energies": [-7.893142945728557, -9.39252850983757, -11.03317568526309, -12.816988190384365, -14.745351364755324, -16.81929974996962, -19.03982670116797, -21.40806455065515, -23.7184100680403, -23.821737133959097, -23.925304704587784, -24.029112866975794, -24.1331617079134],
    "qats_energies": {
        "0": [-23.925304704587802, -23.925304704587802, -23.925304704587802, -23.925304704587802, -23.925304704587802, -23.925304704587802, -23.925304704587802, -23.925304704587802, -23.925304704587802, -23.925304704587802, -23.925304704587802, -23.925304704587802, -23.925304704587802],
        "1": [-3.1877314029181036, -5.779928065626816, -8.372124728335528, -10.96432139104424, -13.556518053752953, -16.148714716461665, -18.740911379170377, -21.33310804187909, -23.717928971571105, -23.821616838079454, -23.925304704587802, -24.02899257109615, -24.1326804376045],
        "2": [-7.999566588652129, -9.46398937970443, -11.078782020310918, -12.843944510471594, -14.75947685018646, -16.825379039455512, -19.041651078278754, -21.408292966656184, -23.71841015508968, -23.821737133959097, -23.925304704587802, -24.029112866975794, -24.133161621123072],
        "3": [-7.883673451787132, -9.386350032156198, -11.029889603195997, -12.815650287604164, -14.744990208078335, -16.819267487316147, -19.03984024801524, -21.408066612873245, -23.71841003919654, -23.821737119472456, -23.925304704587802, -24.029112881462435, -24.13316173701621],
        "4": [-7.866403947442063, -9.376226965766428, -11.024425424086814, -12.813015170364011, -14.743910864056767, -16.818925976121825, -19.03977278901389, -21.40806239668566, -23.718410039023848, -23.821737119461663, -23.925304704587802, -24.029112881451642, -24.133161736843515]
    },
    "qats_poly_coeffs": [ -23.925304704587802, -10.36878665083485, -1.2029587964335064, -0.014486642108124668, 0.0010793440215669154 ],
    "hf_energies": [-7.850044474051784, -9.350595609117645, -10.992537249433077, -12.77774213770269, -14.70754856170012, -16.78294098019843, -19.004875500309666, -21.374467752705094, -23.686015190110073, -23.78939376220468, -23.893012789458616, -23.996872360722033, -24.100972564619568],
    "triples_corrections": [-8.02051928417486e-05, -6.891147844887267e-05, -6.108554501007364e-05, -5.522529637004599e-05, -5.060942975765152e-05, -4.6917921944869065e-05, -4.3946883068555273e-05, -4.150121070736088e-05, -3.954348600015246e-05, -3.946223890206569e-05, -3.938121154528932e-05, -3.930039185345404e-05, -3.921976780104152e-05],
    "scf_converged": [true, true, true, true, true, true, true, true, true, true, true, true, true],
    "cc_converged": [true, true, true, true, true, true, true, true, true, true, true, true, true],
    "scf_spin_squared": [2.0000423086057024, 2.0000280671762383, 2.0000215557251595, 2.0000183111654524, 2.000016420617539, 2.000015089041159, 2.0000140197425855, 2.0000131236757404, 2.0000124454169725, 2.0000124193089968, 2.000012393493791, 2.0000123679725963, 2.0000123427466154],
    "cc_spin_squared": [2.0000007391064316, 2.0000004308749695, 2.000000288074942, 2.0000002144991456, 2.000000172256321, 2.0000001459139862, 2.000000128579728, 2.0000001166669463, 2.0000001086642785, 2.00000010836196, 2.0000001080628134, 2.000000107766749, 2.000000107473726]
}