{
    "schema_name": "pyscf_apdft_output",
    "provenance": {
        "creator": "PySCF",
        "version": "1.7.6"
    },
    "molecule": {
        "geometry": [[0.0, 0.0, 0.0], [1.6, 0.0, 0.0]],
        "symbols": [ "N", "H" ]
    },
    "molecular_charge": 1,
    "molecular_multiplicity": 4,
    "name": "n.h.chrg1.mult4.sep1.60-pyscf-uccsdt.ccpv5z",
    "atomic_numbers": [ 7, 1 ],
    "n_electrons": 7,
    "model": {
        "method": "UCCSD(T)",
        "basis": "cc-pV5Z",
        "scf_conv_tol": 1e-09,
        "scf_conv_tol_grad": 1e-06,
        "cc_conv_tol": 1e-05,
        "cc_conv_tol_normt": 1e-07
    },
    "broken_symmetry": false,
    "finite_diff_delta": 0.01,
    "finite_diff_acc": 2,
    "apdft_lambdas": [-2.0, -1.75, -1.5, -1.25, -1.0, -0.75, -0.5, -0.25, -0.02, -0.01, 0.0, 0.01, 0.02, 0.25, 0.5, 0.75, 1.0],
    "electronic_energies": [-25.19274217463044, -28.20663030372659, -31.40518220191877, -34.79214712443833, -38.37050675474467, -42.14274027611695, -46.1113764747846, -50.27964551329991, -54.29425492296841, -54.47276354475534, -54.651604097104986, -54.83077677360222, -55.010281761438726, -59.23093883563511, -64.01917171829425, -69.01530762301108, -74.21697951669314],
    "apdft_energies": {
        "0": [-54.651604097104986, -54.651604097104986, -54.651604097104986, -54.651604097104986, -54.651604097104986, -54.651604097104986, -54.651604097104986, -54.651604097104986, -54.651604097104986, -54.651604097104986, -54.651604097104986, -54.651604097104986, -54.651604097104986, -54.651604097104986, -54.651604097104986, -54.651604097104986, -54.651604097104986],
        "1": [-18.850281212417094, -23.32544657300308, -27.800611933589067, -32.27577729417506, -36.75094265476104, -41.22610801534702, -45.70127337593301, -50.176438736519, -54.29359086825811, -54.47259748268155, -54.651604097104986, -54.83061071152842, -55.009617325951865, -59.12676945769097, -63.60193481827696, -68.07710017886295, -72.55226553944894],
        "2": [-25.492764164079126, -28.411097582869324, -31.53700859389896, -34.870497197168035, -38.41156339267655, -42.1602071804245, -46.11642856041189, -50.28022753263872, -54.29425511655327, -54.47276354475534, -54.651604097104986, -54.83077677360222, -55.01028157424703, -59.23055825381069, -64.01709000275584, -69.01119934394042, -74.21288627736445],
        "3": [-25.23891312729543, -28.241037220336498, -31.42991518775584, -34.80852184639076, -38.379832013078584, -42.14682050465661, -46.11246213796215, -50.2797317298325, -54.29425486270224, -54.472763513023956, -54.651604097104986, -54.8307768053336, -55.010281828098066, -59.23105405661691, -64.02105642520559, -69.02458601970831, -74.2446176569624],
        "4": [-24.812702120067406, -27.991200152867137, -31.295059361250097, -34.74348720783669, -38.35319382512684, -42.1383920155, -46.11079725121516, -50.27962767441081, -54.29425485844013, -54.472763512757574, -54.651604097104986, -54.83077680506722, -55.01028182383596, -59.230950001195225, -64.01939153845859, -69.0161575305517, -74.21797946901066]
    },
    "apdft_poly_coeff": [ -54.651604097104986, -17.900661442343946, -1.660620737915508, -0.031731379597961976, 0.026638187951751508 ],
    "hf_energies": [-25.062930892889774, -28.06920130019438, -31.26102996234832, -34.643233198439745, -38.21842895663952, -41.98816919523079, -45.95436993521698, -50.120442433066195, -54.134193088571095, -54.312702441178025, -54.49154692996191, -54.67072670693892, -54.85024191133817, -59.071818724667665, -63.86171250583442, -68.85944758192392, -74.06256701423189],
    "triples_corrections": [-0.0034464583281869025, -0.003924383489687514, -0.004218308467625228, -0.004324764634685949, -0.004285277123412074, -0.0041622885810728245, -0.00402010485456937, -0.0038797012562211655, -0.0036972794633304607, -0.003686653229635634, -0.003675755659080902, -0.00366458555497138, -0.0036531425811212174, -0.003325428163956116, -0.0029187881495907416, -0.0025673555425946093, -0.002290482280928689],
    "scf_converged": [true, true, true, true, true, true, true, true, true, true, true, true, true, true, true, true, true],
    "cc_converged": [true, true, true, true, true, true, true, true, true, true, true, true, true, true, true, true, true],
    "scf_spin_squared": [3.753532911190243, 3.755313154093418, 3.770024074624648, 3.7854943995338424, 3.78850034845507, 3.7829670479363746, 3.7740109825278845, 3.7638941994983695, 3.756504491491924, 3.756295391423696, 3.7560974447866835, 3.7559106454477673, 3.7557349488557117, 3.7542282988522038, 3.754974295984938, 3.7554488065068536, 3.755384950492318],
    "cc_spin_squared": [3.7504120529878575, 3.7504654300463836, 3.750524722434799, 3.750564786395183, 3.75056597893822, 3.750532415660847, 3.750484948874728, 3.7504249435379604, 3.75033823177894, 3.7503337585618333, 3.7503292521080023, 3.750324717227751, 3.7503201588739397, 3.750220041990678, 3.7501478874137417, 3.750109742068133, 3.7500872602799267]
}