{
    "schema_name": "pyscf_apdft_output",
    "provenance": {
        "creator": "PySCF",
        "version": "1.7.6"
    },
    "molecule": {
        "geometry": [[0.0, 0.0, 0.0], [1.5, 0.0, 0.0]],
        "symbols": [ "Li", "H" ]
    },
    "molecular_charge": 0,
    "molecular_multiplicity": 1,
    "name": "li.h.chrg0.mult1.sep1.50-pyscf-ccsdt.ccpv5z",
    "atomic_numbers": [ 3, 1 ],
    "n_electrons": 4,
    "model": {
        "method": "CCSD(T)",
        "basis": "cc-pV5Z",
        "scf_conv_tol": 1e-09,
        "scf_conv_tol_grad": 1e-06,
        "cc_conv_tol": 1e-05,
        "cc_conv_tol_normt": 1e-07
    },
    "broken_symmetry": false,
    "finite_diff_delta": 0.01,
    "finite_diff_acc": 2,
    "apdft_lambdas": [-0.02, -0.01, 0.0, 0.01, 0.02, 0.25, 0.5, 0.75, 1.0, 1.25, 1.5, 1.75, 2.0],
    "electronic_energies": [-7.938087465913683, -7.995237267934733, -8.052603235845805, -8.110185406453128, -8.167983816584758, -9.557111660529053, -11.197244872931991, -12.973176898969372, -14.884413697258124, -16.929455876288813, -19.105573619771338, -21.408858156683518, -23.834478028927496],
    "apdft_energies": {
        "0": [-8.052603235845766, -8.052603235845766, -8.052603235845766, -8.052603235845766, -8.052603235845766, -8.052603235845766, -8.052603235845766, -8.052603235845766, -8.052603235845766, -8.052603235845766, -8.052603235845766, -8.052603235845766, -8.052603235845766],
        "1": [-7.9376550973273705, -7.995129166586568, -8.052603235845766, -8.110077305104962, -8.16755137436416, -9.489454967325702, -10.926306698805641, -12.36315843028558, -13.800010161765517, -15.236861893245454, -16.673713624725394, -18.11056535620533, -19.547417087685268],
        "2": [-7.938087502720032, -7.995237267934733, -8.052603235845766, -8.110185406453128, -8.167983779756822, -9.557018309929086, -11.196560069219172, -12.971228513716024, -14.881023643419642, -16.925945458330027, -19.105993958447172, -21.42116914377109, -23.87147101430177],
        "3": [-7.938087453630508, -7.995237261798543, -8.052603235845766, -8.110185412589319, -8.167983828846346, -9.55711418790594, -11.197327093034005, -12.973817219091085, -14.887159833938306, -16.937930205436793, -19.126703601447666, -21.454055289832056, -23.920560538451088],
        "4": [-7.938087453644898, -7.995237261799442, -8.052603235845766, -8.110185412590218, -8.167983828860736, -9.557114539216357, -11.19733271400066, -12.973845675234777, -14.88724976940479, -16.938149774446757, -19.127158899746732, -21.45489878614074, -23.92199950591479]
    },
    "apdft_poly_coeff": [ -8.052603235845766, -5.747406925919751, -1.081013481654125, -0.0061361905186648365, -8.993546648146851e-05 ],
    "hf_energies": [-7.871074553222149, -7.928333246359762, -7.985807282918043, -8.043496703715864, -8.101401549475835, -9.49275978879649, -11.134859715336194, -12.912273531454929, -14.824488181752816, -16.870056380183435, -19.04641442137354, -21.349774922064135, -23.77508599370418],
    "triples_corrections": [-0.00014769522743683354, -0.000147195568487401, -0.00014671669960917088, -0.00014625829644091622, -0.0001458200456915707, -0.00014072163354520584, -0.00014438048636040288, -0.00015623756174248083, -0.0001749487079022922, -0.00019698082150766018, -0.00021522501108455448, -0.00022186099247996843, -0.00021414906384900918],
    "scf_converged": [true, true, true, true, true, true, true, true, true, true, true, true, true],
    "cc_converged": [true, true, true, true, true, true, true, true, true, true, true, true, true],
    "t1_diagnostic": [0.006207537142851922, 0.006218513147450503, 0.006231064424297486, 0.0062451330495929954, 0.006260664082446844, 0.006931491319636922, 0.008152062969617254, 0.009788121741043642, 0.011733006242305333, 0.013684189534299711, 0.015207255455621791, 0.016044189864844086, 0.016337847155355873]
}