{
    "schema_name": "pyscf_apdft_output",
    "provenance": {
        "creator": "PySCF",
        "version": "1.7.6"
    },
    "molecule": {
        "geometry": [[0.0, 0.0, 0.0], [1.0, 0.0, 0.0]],
        "symbols": [ "C", "H" ]
    },
    "molecular_charge": -1,
    "molecular_multiplicity": 1,
    "name": "c.h.chrg-1.mult1.sep1.00-pyscf-ccsdt.ccpv5z",
    "atomic_numbers": [ 6, 1 ],
    "n_electrons": 8,
    "model": {
        "method": "CCSD(T)",
        "basis": "cc-pV5Z",
        "scf_conv_tol": 1e-09,
        "scf_conv_tol_grad": 1e-06,
        "cc_conv_tol": 1e-05,
        "cc_conv_tol_normt": 1e-07
    },
    "broken_symmetry": false,
    "finite_diff_delta": 0.01,
    "finite_diff_acc": 2,
    "apdft_lambdas": [-0.02, -0.01, 0.0, 0.01, 0.02, 0.25, 0.5, 0.75, 1.0, 1.25, 1.5, 1.75, 2.0, 2.25, 2.5, 2.75, 3.0],
    "electronic_energies": [-38.13907469359369, -38.28906532462772, -38.43937625636555, -38.590007674858946, -38.74095976339536, -42.30173976487699, -46.366589741526816, -50.63500219730567, -55.10712406869411, -59.782557934156664, -64.66056323379149, -69.74007394000287, -75.01964198992883, -80.49737279537561, -86.17086811702568, -92.03718073947198, -98.09278422390052],
    "apdft_energies": {
        "0": [-38.4393762563655, -38.4393762563655, -38.4393762563655, -38.4393762563655, -38.4393762563655, -38.4393762563655, -38.4393762563655, -38.4393762563655, -38.4393762563655, -38.4393762563655, -38.4393762563655, -38.4393762563655, -38.4393762563655, -38.4393762563655, -38.4393762563655, -38.4393762563655, -38.4393762563655],
        "1": [-38.138433906134274, -38.28890508124989, -38.4393762563655, -38.58984743148111, -38.74031860659672, -42.201155634255805, -45.96293501214611, -49.72471439003642, -53.486493767926724, -57.24827314581703, -61.01005252370734, -64.77183190159764, -68.53361127948796, -72.29539065737825, -76.05717003526857, -79.81894941315886, -83.58072879104918],
        "2": [-38.13907487964561, -38.28906532462772, -38.4393762563655, -38.590007674858946, -38.74095958010806, -42.30130774540236, -46.36354345673234, -50.626083390355426, -55.08892754627163, -59.75207592448094, -64.61552852498338, -69.67928534777892, -74.94334639286757, -80.40771166024933, -86.07238114992421, -91.9373548618922, -98.0026327961533],
        "3": [-38.13907463341947, -38.289065293849454, -38.4393762563655, -38.59000770563721, -38.740959826334205, -42.30178865584346, -46.36739074026113, -50.63906797226511, -55.119705814501984, -59.81218972961835, -64.71940518026082, -69.84423762907596, -75.1895725387104, -80.7582953718107, -86.55329159102348, -92.57744665899536, -98.83364603837288],
        "4": [-38.13907463157639, -38.28906529373426, -38.4393762563655, -38.59000770552202, -38.740959824491135, -42.30174365896686, -46.36667079023561, -50.6354232252609, -55.108186614093626, -59.784066681746395, -64.66108922819353, -69.73620012837105, -75.00526533217675, -80.46307086447005, -86.10332282507218, -91.91864738876603, -97.90059080529625]
    },
    "apdft_poly_coeff": [ -38.4393762563655, -15.047117511561225, -1.6024337783449027, -0.030778268230354414, 0.01151920040835345 ],
    "hf_energies": [-37.91892151366087, -38.06870297350458, -38.21880640626666, -38.36923197619873, -38.51997984428194, -42.07645615076479, -46.13724844450016, -50.40198654934906, -54.87072691972498, -59.54310762997358, -64.41847733163311, -69.49586660776747, -74.77390043099835, -80.25071121504763, -85.92387330855044, -91.79036444921609, -97.84655686638226],
    "triples_corrections": [-0.008851014413071602, -0.008860032009041495, -0.008868936123024154, -0.008877729933759118, -0.008886416738636844, -0.00906561723131799, -0.009256400830419134, -0.009488925361241012, -0.009774297998279488, -0.010101792012838725, -0.010455509272544718, -0.010820375274515803, -0.011183509276721237, -0.011535351195448854, -0.011869955460957551, -0.012185487153056333, -0.012483388039094243],
    "scf_converged": [true, true, true, true, true, true, true, true, true, true, true, true, true, true, true, true, true],
    "cc_converged": [true, true, true, true, true, true, true, true, true, true, true, true, true, true, true, true, true],
    "t1_diagnostic": [0.009218620639917673, 0.009132156005281626, 0.009048090411584653, 0.008966413211375304, 0.008887109676254612, 0.007636649449642287, 0.0070316473955717405, 0.00663970774588175, 0.006268933993031487, 0.005901738432661517, 0.005558436253982771, 0.005257568943193415, 0.004999268410931691, 0.004761617821869269, 0.004513196357578531, 0.00423266450991871, 0.0039201023797435985]
}