{
    "schema_name": "pyscf_qa_output",
    "provenance": {
        "creator": "PySCF",
        "version": "1.7.6"
    },
    "molecule": {
        "geometry": [[0.0, 0.0, 0.0], [1.2, 0.0, 0.0]],
        "symbols": [ "O", "H" ]
    },
    "molecular_charge": 0,
    "molecular_multiplicity": 4,
    "name": "o.h.chrg0.mult4.sep1.20-pyscf-uccsdt.ccpv5z",
    "atomic_numbers": [ 8, 1 ],
    "n_electrons": 9,
    "model": {
        "method": "UCCSD(T)",
        "basis": "cc-pV5Z",
        "scf_conv_tol": 1e-09,
        "scf_conv_tol_grad": 1e-06,
        "cc_conv_tol": 1e-05,
        "cc_conv_tol_normt": 1e-07
    },
    "broken_symmetry": false,
    "finite_diff_delta": 0.01,
    "finite_diff_acc": 2,
    "qa_lambdas": [-1.0, -0.75, -0.5, -0.25, -0.02, -0.01, 0.0, 0.01, 0.02, 0.25, 0.5, 0.75, 1.0, 1.25, 1.5, 1.75, 2.0],
    "electronic_energies": [-55.10784820990498, -59.86890917610051, -64.84808355407306, -70.04905003192044, -75.03182224165901, -75.25277918684515, -75.47409580507693, -75.69577208814688, -75.9178080248842, -81.12383547735851, -86.99772063493127, -93.09464516442193, -99.41324474750836, -105.95197316582745, -112.70909699008604, -119.68267519631713, -126.87054118843754],
    "qats_energies": {
        "0": [-75.47409580507691, -75.47409580507691, -75.47409580507691, -75.47409580507691, -75.47409580507691, -75.47409580507691, -75.47409580507691, -75.47409580507691, -75.47409580507691, -75.47409580507691, -75.47409580507691, -75.47409580507691, -75.47409580507691, -75.47409580507691, -75.47409580507691, -75.47409580507691, -75.47409580507691],
        "1": [-53.32445073999013, -58.86186200626182, -64.39927327253352, -69.93668453880522, -75.03110290377518, -75.25259935442605, -75.47409580507691, -75.69559225572777, -75.91708870637865, -81.0115070713486, -86.54891833762031, -92.08632960389201, -97.6237408701637, -103.16115213643539, -108.6985634027071, -114.2359746689788, -119.77338593525049],
        "2": [-55.12277493099036, -59.873419363699455, -64.84885432028358, -70.04907980074273, -75.03182223345158, -75.25277918684515, -75.47409580507691, -75.69577208814688, -75.91780803605505, -81.12390233328613, -86.99849938537037, -93.09788696132964, -99.42206506116393, -105.97103368487326, -112.74479283245762, -119.743342503917, -126.96668269925142],
        "3": [-55.12438978857135, -59.874100631741435, -64.8490561774812, -70.04910503289244, -75.03182224637044, -75.25277918846001, -75.47409580507691, -75.69577208653203, -75.91780802313619, -81.12387710113643, -86.99829752817274, -93.09720569328766, -99.42045020358294, -105.9678796661604, -112.73934268812178, -119.7346878765689, -126.9537638386035],
        "4": [-55.112042095333095, -59.870193744427766, -64.8482844466538, -70.04905679971573, -75.0318222443948, -75.25277918833653, -75.47409580507691, -75.69577208640855, -75.91780802116055, -81.12382886795972, -86.99752579734535, -93.09329880597399, -99.40810251034469, -105.93773393071545, -112.67683249110314, -119.61888001928358, -126.7562007467915]
    },
    "qats_poly_coeffs": [ -75.47409580507691, -22.149645065086787, -1.7983241910002334, 0.001614857580989337, 0.012347693238249727 ],
    "hf_energies": [-54.88061561656457, -59.638864382106114, -64.61635809580237, -69.81716379115075, -74.80099618578286, -75.02201815058963, -75.2434010107222, -75.46514471790172, -75.68724922154362, -80.8950899891641, -86.77121730753798, -92.87046187782342, -99.1913861848506, -105.73243070101672, -112.49187222804706, -119.46778739362692, -126.6580283536037],
    "triples_corrections": [-0.0063738427054366616, -0.006155569550915782, -0.00582874023547969, -0.0053909447306049055, -0.004934683741751894, -0.004914609439032923, -0.004894550935721737, -0.004874511888728342, -0.004854495848292226, -0.0044070515985388786, -0.003965512069048404, -0.0035788932855767832, -0.003243849579248952, -0.0029536439176801516, -0.0027013331612862706, -0.0024807215930937893, -0.0022865641664523953],
    "scf_converged": [true, true, true, true, true, true, true, true, true, true, true, true, true, true, true, true, true],
    "cc_converged": [true, true, true, true, true, true, true, true, true, true, true, true, true, true, true, true, true],
    "scf_spin_squared": [3.7740115143111383, 3.7706113373054904, 3.7656841609020355, 3.7616792303718607, 3.7594947260356775, 3.759423213768915, 3.7593531368027, 3.759284439864341, 3.7592170693294467, 3.7579355789322872, 3.7568782151109854, 3.7560161268613093, 3.755305747556295, 3.754721949519885, 3.754240944952774, 3.753841334981881, 3.753505516287651],
    "cc_spin_squared": [3.750529116781185, 3.750494159370506, 3.75042139433281, 3.7503254417495793, 3.7502460163165896, 3.750243028200555, 3.7502400816760817, 3.7502371766344957, 3.750234312916545, 3.7501789957868255, 3.7501368093317753, 3.7501067425542294, 3.7500847445698042, 3.750068404030603, 3.750056113951433, 3.7500467417036676, 3.7500394806993347]
}