{
    "schema_name": "pyscf_qa_output",
    "provenance": {
        "creator": "PySCF",
        "version": "1.7.6"
    },
    "molecule": {
        "geometry": [[0.0, 0.0, 0.0], [1.7, 0.0, 0.0]],
        "symbols": [ "N", "H" ]
    },
    "molecular_charge": 1,
    "molecular_multiplicity": 2,
    "name": "n.h.chrg1.mult2.sep1.70-pyscf-uccsdt.ccpv5z",
    "atomic_numbers": [ 7, 1 ],
    "n_electrons": 7,
    "model": {
        "method": "UCCSD(T)",
        "basis": "cc-pV5Z",
        "scf_conv_tol": 1e-09,
        "scf_conv_tol_grad": 1e-06,
        "cc_conv_tol": 1e-05,
        "cc_conv_tol_normt": 1e-07
    },
    "broken_symmetry": false,
    "finite_diff_delta": 0.01,
    "finite_diff_acc": 2,
    "qa_lambdas": [-2.0, -1.75, -1.5, -1.25, -1.0, -0.75, -0.5, -0.25, -0.02, -0.01, 0.0, 0.01, 0.02, 0.25, 0.5, 0.75, 1.0],
    "electronic_energies": [-25.226436512753036, -28.242660788782086, -31.439966163626583, -34.82231202384909, -38.393541195312324, -42.156322302315466, -46.11318309066764, -50.26671451412749, -54.26441116041161, -54.44216609680726, -54.62025223506074, -54.798753440041295, -54.97754564091009, -59.1794091394495, -63.94857160217182, -68.92938131744248, -74.11973708203651],
    "qats_energies": {
        "0": [-54.62030068216365, -54.62030068216365, -54.62030068216365, -54.62030068216365, -54.62030068216365, -54.62030068216365, -54.62030068216365, -54.62030068216365, -54.62030068216365, -54.62030068216365, -54.62030068216365, -54.62030068216365, -54.62030068216365, -54.62030068216365, -54.62030068216365, -54.62030068216365, -54.62030068216365],
        "1": [-18.9615663587604, -23.418908149185807, -27.876249939611213, -32.333591730036616, -36.790933520462026, -41.248275310887436, -45.70561710131284, -50.16295889173824, -54.26371333892962, -54.44200701054663, -54.62030068216365, -54.79859435378067, -54.976888025397685, -59.07764247258906, -63.534984263014465, -67.99232605343987, -72.44966784386529],
        "2": [-25.32501678384464, -28.290924880890927, -31.455690803721097, -34.81931455233515, -38.381796126733086, -42.143135526914904, -46.103332752880604, -50.26238780463019, -54.26434968397213, -54.44216609680726, -54.62030068216365, -54.798753440041295, -54.97752437044019, -59.177071385481, -63.93269991458223, -68.88718626946735, -74.04053045013634],
        "3": [-52.128996510571476, -46.247497236881756, -42.763619750933984, -41.36325491530557, -41.73229359257394, -43.55662664531651, -46.52214493611071, -50.31473932753395, -54.26437648795186, -54.44216944730473, -54.62030068216365, -54.79875008954383, -54.977497566460464, -59.12471986257724, -63.51388773135212, -67.47369515106573, -70.69003298429548],
        "4": [-5568.589622172112, -3279.8954372303783, -1788.2062395891558, -883.1083455008678, -386.5110826964203, -152.64679038520543, -68.0708192551011, -51.66153147247085, -54.26443165255811, -54.44217289509262, -54.62030068216365, -54.79875353733172, -54.97755273106672, -60.471512007514136, -85.06256205034252, -176.56385889095463, -415.4688220881418]
    },
    "qats_poly_coeffs": [ -54.62030068216365, -17.829367161701626, -1.5908626062710596, 3.3504974658408546, -344.77878910384635 ],
    "hf_energies": [-25.067093694205568, -28.07658753281471, -31.266797196378118, -34.63900223384382, -38.201924557874484, -41.9564145950783, -45.90719430349674, -50.05846852966109, -54.056800723451175, -54.234613840937406, -54.41254662759095, -54.59167472040469, -54.77103864434813, -58.983654786860754, -63.75439498963804, -68.7366587555373, -73.92672273367565],
    "triples_corrections": [-0.0044905633745212364, -0.004948226763028412, -0.0054088990615808775, -0.006114363927612797, -0.00645898843369868, -0.0067199457986300195, -0.006819857882158831, -0.006708826710332621, -0.006670602117180564, -0.006602242853272306, -0.006543753083965457, -0.0063657299244905385, -0.0062285272660669065, -0.00531510881954555, -0.005104927855505674, -0.0051867888760668375, -0.005632156215652863],
    "scf_converged": [true, true, true, false, true, true, true, true, false, false, false, false, false, true, true, true, true],
    "cc_converged": [true, true, true, true, true, true, true, true, true, true, true, true, true, true, true, true, true],
    "scf_spin_squared": [0.7663820869684974, 0.7652837268578203, 0.7991821837862179, 0.8580853855077306, 0.7992882408686972, 0.7817006605104235, 0.7797250785230179, 0.7900403070365027, 0.9661655801351938, 0.9452655429049948, 0.93920599373907, 0.8545716636083522, 0.8042505363616854, 0.9029434156686902, 0.7712396262137537, 0.7579791106376357, 0.7551613912571358],
    "cc_spin_squared": [0.7503146411292863, 0.7504327332082608, 0.7509560291063078, 0.7502642080433308, 0.7506412464176564, 0.7511434149565279, 0.751416416684592, 0.7511792657248186, 0.7501410705056675, 0.7501745181085, 0.750210971496986, 0.7504325636164648, 0.7506813160958756, 0.7518600790663548, 0.7504743994870346, 0.750186462324866, 0.7501065555990547]
}