{
    "schema_name": "pyscf_qa_output",
    "provenance": {
        "creator": "PySCF",
        "version": "1.7.6"
    },
    "molecule": {
        "geometry": [[0.0, 0.0, 0.0], [1.9, 0.0, 0.0]],
        "symbols": [ "Ne", "H" ]
    },
    "molecular_charge": 2,
    "molecular_multiplicity": 2,
    "name": "ne.h.chrg2.mult2.sep1.90-pyscf-uccsdt.ccpv5z",
    "atomic_numbers": [ 10, 1 ],
    "n_electrons": 9,
    "model": {
        "method": "UCCSD(T)",
        "basis": "cc-pV5Z",
        "scf_conv_tol": 1e-09,
        "scf_conv_tol_grad": 1e-06,
        "cc_conv_tol": 1e-05,
        "cc_conv_tol_normt": 1e-07
    },
    "broken_symmetry": false,
    "finite_diff_delta": 0.01,
    "finite_diff_acc": 2,
    "qa_lambdas": [-3.0, -2.75, -2.5, -2.25, -2.0, -1.75, -1.5, -1.25, -1.0, -0.75, -0.5, -0.25, -0.02, -0.01, 0.0, 0.01, 0.02],
    "electronic_energies": [-55.06560960212106, -59.757098773054715, -64.77669994055763, -70.01355355913027, -75.47142171254076, -81.25072777595078, -87.16656800764137, -93.3266755808736, -99.74073956068526, -106.40410982927203, -113.31028419324106, -120.4555755966074, -127.23880992057953, -127.53827363419062, -127.83811520113227, -128.1383345642753, -128.43893166713104],
    "qats_energies": {
        "0": [-127.83811520113241, -127.83811520113241, -127.83811520113241, -127.83811520113241, -127.83811520113241, -127.83811520113241, -127.83811520113241, -127.83811520113241, -127.83811520113241, -127.83811520113241, -127.83811520113241, -127.83811520113241, -127.83811520113241, -127.83811520113241, -127.83811520113241, -127.83811520113241, -127.83811520113241],
        "1": [-37.828975688428216, -45.32973731448689, -52.83049894054558, -60.33126056660427, -67.83202219266295, -75.33278381872162, -82.83354544478031, -90.334307070839, -97.83506869689768, -105.33583032295635, -112.83659194901504, -120.33735357507373, -127.23805427104772, -127.53808473609007, -127.83811520113241, -128.13814566617475, -128.43817613121712],
        "2": [-54.82980473760898, -59.61515616831241, -64.63663022469889, -69.89422690676844, -75.38794621452107, -81.11778814795676, -87.0837527070755, -93.28583989187732, -99.72404970236221, -106.39838213853017, -113.30883720038118, -120.45541488791525, -127.2388098634499, -127.5382736341906, -127.83811520113241, -128.1383345642753, -128.4389317236193],
        "3": [-55.08544498258169, -59.8120642505223, -64.78457018128032, -70.00207513511631, -75.46369147229075, -81.16853155306418, -87.1157077376971, -93.30433238645, -99.73351785958342, -106.40237651735785, -113.31002072003383, -120.45556282787184, -127.23880993919516, -127.53827364365877, -127.83811520113241, -128.13833455480716, -128.43893164787403],
        "4": [-55.30189583981945, -59.96489300249074, -64.88895427524143, -70.07056153916419, -75.50644719717724, -81.19359417402424, -87.12923591627445, -93.31085639232256, -99.73619009238882, -106.40322202851894, -113.31018773458416, -120.45557326628123, -127.23880993962271, -127.53827364368549, -127.83811520113241, -128.13833455483388, -128.4389316483016]
    },
    "qats_poly_coeffs": [ -127.83811520113241, -30.00304650423473, -1.8889810054645295, 0.009468157221211488, -0.0026722328054044433 ],
    "hf_energies": [-54.81264947815225, -59.49573451780774, -64.51005583242524, -69.74189317985768, -75.19411076629783, -80.90804694647673, -86.84034837581362, -93.01844548868601, -99.44677970301134, -106.11502232460924, -113.02394881276769, -120.17119609864316, -126.95597831541875, -127.2555069399484, -127.55541330021562, -127.85569734690229, -128.1563590310901],
    "triples_corrections": [-0.010016428989615734, -0.01002529241412155, -0.00990919530188557, -0.009758213597535415, -0.009374686845471825, -0.015607373208365156, -0.013690272451447414, -0.009664278114559966, -0.0065865130921023, -0.0052565602565162245, -0.0045221860763914, -0.0040300420302742685, -0.003679080916376073, -0.003665299255433009, -0.003651621481171038, -0.003638045744450511, -0.0036245702520883373],
    "scf_converged": [true, true, true, true, true, true, true, false, true, true, true, true, true, true, true, true, true],
    "cc_converged": [true, true, true, true, true, true, true, true, true, true, true, true, true, true, true, true, true],
    "scf_spin_squared": [1.397127720391333, 0.7527845145110259, 0.7522020997487484, 0.7520232998905776, 0.7522659234656914, 0.761218722411785, 0.7709925187720765, 0.7594250336278145, 0.76489683132242, 0.7552461610041767, 0.753720690394815, 0.7531200445161033, 0.7527847787639459, 0.7527725793890427, 0.7527605299989553, 0.7527486263940295, 0.7527368645503354],
    "cc_spin_squared": [0.8047595136375516, 0.7503508757744277, 0.7501912891845008, 0.7501318204396161, 0.7501228591164568, 0.819090864147832, 0.7710543461544024, 0.7549392717345467, 0.751142201604055, 0.7502255069948762, 0.7500886649990492, 0.7500535588844133, 0.7500401083266135, 0.7500396883664937, 0.7500392776952953, 0.7500388759583199, 0.7500384828187092]
}