{
    "schema_name": "pyscf_qa_output",
    "provenance": {
        "creator": "PySCF",
        "version": "1.7.6"
    },
    "molecule": {
        "geometry": [[0.0, 0.0, 0.0], [1.3, 0.0, 0.0]],
        "symbols": [ "C", "H" ]
    },
    "molecular_charge": 0,
    "molecular_multiplicity": 2,
    "name": "c.h.chrg0.mult2.sep1.30-pyscf-uccsdt.ccpv5z",
    "atomic_numbers": [ 6, 1 ],
    "n_electrons": 7,
    "model": {
        "method": "UCCSD(T)",
        "basis": "cc-pV5Z",
        "scf_conv_tol": 1e-09,
        "scf_conv_tol_grad": 1e-06,
        "cc_conv_tol": 1e-05,
        "cc_conv_tol_normt": 1e-07
    },
    "broken_symmetry": false,
    "finite_diff_delta": 0.01,
    "finite_diff_acc": 2,
    "qa_lambdas": [-1.0, -0.75, -0.5, -0.25, -0.02, -0.01, 0.0, 0.01, 0.02, 0.25, 0.5, 0.75, 1.0, 1.25, 1.5, 1.75, 2.0],
    "electronic_energies": [-25.2604651559955, -28.27711853808167, -31.47779736559253, -34.86512347086, -38.148011701473564, -38.29438733789819, -38.44106722909686, -38.58805146866944, -38.73534014978234, -42.20721420863354, -46.16495591297899, -50.31555094987948, -54.660106002284905, -59.19949979877356, -63.93420468486177, -68.86396517689371, -73.98742240014039],
    "qats_energies": {
        "0": [-38.44106722909681, -38.44106722909681, -38.44106722909681, -38.44106722909681, -38.44106722909681, -38.44106722909681, -38.44106722909681, -38.44106722909681, -38.44106722909681, -38.44106722909681, -38.44106722909681, -38.44106722909681, -38.44106722909681, -38.44106722909681, -38.44106722909681, -38.44106722909681, -38.44106722909681],
        "1": [-23.75786069053442, -27.42866232517502, -31.099463959815616, -34.77026559445621, -38.14740309832556, -38.294235163711186, -38.44106722909681, -38.58789929448243, -38.73473135986806, -42.111868863737406, -45.782670498378, -49.4534721330186, -53.1242737676592, -56.795075402299794, -60.46587703694039, -64.136678671581, -67.80748030622158],
        "2": [-25.279602560613007, -28.284642127094223, -31.479899427335262, -34.865374461336124, -38.14801179507359, -38.29438733789819, -38.44106722909681, -38.58805146866944, -38.73534005661609, -42.20697773061732, -46.16310596589765, -50.309451934937805, -54.64601563773778, -59.172797074297584, -63.88979624461721, -68.79701314869666, -73.89444778653592],
        "3": [-25.26403870403911, -28.27807612510211, -31.477953945263526, -34.86513127607716, -38.14801167056274, -38.29438732233434, -38.44106722909681, -38.5880514842333, -38.73534018112694, -42.207220915876285, -46.16505144796939, -50.31601793692992, -54.66157949431168, -59.20319523166849, -63.94232426055412, -68.88042569252241, -74.01895863912713],
        "4": [-25.26223132016691, -28.2775042575488, -31.47784098377151, -34.865124215983904, -38.14801167027356, -38.29438732231626, -38.44106722909681, -38.58805148421522, -38.73534018083776, -42.20721385578303, -46.164938486477375, -50.315446069376605, -54.65977211043949, -59.19878267338676, -63.933174379701136, -68.86347440862733, -73.990040497172]
    },
    "qats_poly_coeffs": [ -38.44106722909681, -14.683206538562388, -1.5217418700785856, -0.015563856573900615, 0.001807383872195108 ],
    "hf_energies": [-25.104850888828313, -28.116851784123728, -31.31335221552514, -34.6967270172557, -37.97606569415487, -38.12228929937023, -38.26881743198457, -38.41565019886623, -38.562787706943865, -42.03130562258685, -45.9858615108995, -50.13408612269777, -54.47735262984741, -59.01660229136694, -63.752086811113855, -68.68309932940161, -73.80779891028541],
    "triples_corrections": [-0.004448300706909531, -0.004597730717301391, -0.004656295824173792, -0.004661525394771602, -0.0046451906473058665, -0.004644191773593975, -0.004643170349077816, -0.004642126269317784, -0.004641059393627285, -0.004609478550439187, -0.004554762655920616, -0.004471196345865129, -0.004357624674524187, -0.004224619263582432, -0.004097448614124412, -0.004015462290313032, -0.004023162419042389],
    "scf_converged": [true, true, true, true, true, true, true, true, true, true, true, true, true, true, true, true, true],
    "cc_converged": [true, true, true, true, true, true, true, true, true, true, true, true, true, true, true, true, true],
    "scf_spin_squared": [0.7637231808253127, 0.7629259431613327, 0.7621965688608534, 0.7616947034514547, 0.761733224265893, 0.7617498851392392, 0.7617679108242128, 0.7617873086096147, 0.7618080844595343, 0.7626550022601313, 0.7640614315746337, 0.7648875420683572, 0.7640496887680497, 0.761774427417766, 0.7592008163263282, 0.7571008216508819, 0.7556105914880709],
    "cc_spin_squared": [0.7503124228325431, 0.7503003449499828, 0.750285077871254, 0.7502712016884621, 0.7502636526138995, 0.7502634677913178, 0.750263294895799, 0.7502631338278083, 0.7502629844718456, 0.750262266940565, 0.7502632416604482, 0.7502563580495263, 0.7502338094501031, 0.7501977893861802, 0.7501580253986417, 0.7501235326473512, 0.750098016484011]
}