{
    "schema_name": "pyscf_apdft_output",
    "provenance": {
        "creator": "PySCF",
        "version": "1.7.6"
    },
    "molecule": {
        "geometry": [[0.0, 0.0, 0.0], [1.4, 0.0, 0.0]],
        "symbols": [ "O", "H" ]
    },
    "molecular_charge": 2,
    "molecular_multiplicity": 4,
    "name": "o.h.chrg2.mult4.sep1.40-pyscf-uccsdt.ccpv5z",
    "atomic_numbers": [ 8, 1 ],
    "n_electrons": 7,
    "model": {
        "method": "UCCSD(T)",
        "basis": "cc-pV5Z",
        "scf_conv_tol": 1e-09,
        "scf_conv_tol_grad": 1e-06,
        "cc_conv_tol": 1e-05,
        "cc_conv_tol_normt": 1e-07
    },
    "broken_symmetry": false,
    "finite_diff_delta": 0.01,
    "finite_diff_acc": 2,
    "apdft_lambdas": [-3.0, -2.75, -2.5, -2.25, -2.0, -1.75, -1.5, -1.25, -1.0, -0.75, -0.5, -0.25, -0.02, -0.01, 0.0, 0.01, 0.02],
    "electronic_energies": [-25.19907963502631, -28.223538764014986, -31.429516527507108, -34.82114231857546, -38.402030552019944, -42.175320941490895, -46.143866137572914, -50.3104885365129, -54.678118010748896, -59.24959106805104, -64.02712188539057, -69.01184033900694, -73.78081479003563, -73.99213341973196, -74.20378258959927, -74.41576223855722, -74.62807230467277],
    "apdft_energies": {
        "0": [-74.20378258959933, -74.20378258959933, -74.20378258959933, -74.20378258959933, -74.20378258959933, -74.20378258959933, -74.20378258959933, -74.20378258959933, -74.20378258959933, -74.20378258959933, -74.20378258959933, -74.20378258959933, -74.20378258959933, -74.20378258959933, -74.20378258959933, -74.20378258959933, -74.20378258959933],
        "1": [-10.659459765809672, -15.954820001125476, -21.25018023644128, -26.545540471757086, -31.84090070707289, -37.136260942388695, -42.4316211777045, -47.726981413020305, -53.02234164833611, -58.317701883651914, -63.61306211896772, -68.90842235428352, -73.78015377077406, -73.99196818018669, -74.20378258959933, -74.41559699901197, -74.62741140842459],
        "2": [-25.53101883929348, -28.4510606114834, -31.57765181524948, -34.91079245059173, -38.45048251751014, -42.19672201600471, -46.14951094607545, -50.308849307722355, -54.67473710094542, -59.24717432574465, -64.02616098212005, -69.0116970700716, -73.78081472895511, -73.99213341973196, -74.20378258959933, -74.41576223855722, -74.62807236660564],
        "3": [-25.80779897410484, -28.664251791711358, -31.73782550437643, -35.02755906996527, -38.53249144634314, -42.25166159137525, -46.18410846292687, -50.328871018863225, -54.68498821704955, -59.25149901535108, -64.02744237163306, -69.01185724376073, -73.78081481096403, -73.99213342998307, -74.20378258959933, -74.41576222830611, -74.62807228459671],
        "4": [-25.520139477881727, -28.46114498788215, -31.59910082448488, -34.936541807488425, -38.475669817459554, -42.21835379573329, -46.16612974441293, -50.320200726370004, -54.68143686524432, -59.250375345443956, -64.02722041214524, -69.01184337129274, -73.78081481039582, -73.99213342994756, -74.20378258959933, -74.4157622282706, -74.62807228402849]
    },
    "apdft_poly_coeff": [ -74.20378258959933, -21.18144094126322, -1.652395452609312, 0.010251116104124472, 0.0035513518052236273 ],
    "hf_energies": [-25.070442937813215, -28.088344134292235, -31.287660551182785, -34.67302923864825, -38.24858904895584, -42.017764365742366, -45.983381678329735, -50.14815205482554, -54.5149430008412, -59.08644179979455, -63.86453422835343, -68.8500183192985, -73.61973226745856, -73.83108324615081, -74.04276478651921, -74.25477682918326, -74.46711931402591],
    "triples_corrections": [-0.0027281840850484425, -0.0030997656620734755, -0.003437008940525065, -0.003694169342915184, -0.0038425291742130246, -0.0038806843682951987, -0.0038254758596139417, -0.003693582153788806, -0.003489856244050594, -0.003220829959935806, -0.002917066184114309, -0.0026217698267574, -0.0023814685693698645, -0.002371825807603086, -0.0023622501443160563, -0.002352741352215862, -0.00234329917707089],
    "scf_converged": [true, true, true, true, true, true, true, true, true, true, true, true, true, true, true, true, true],
    "cc_converged": [true, true, true, true, true, true, true, true, true, true, true, true, true, true, true, true, true],
    "scf_spin_squared": [3.7568567437497427, 3.754904988774089, 3.753370913377145, 3.753461896198103, 3.7554068989481477, 3.757152497380827, 3.756941247861259, 3.755350807995162, 3.754046862199097, 3.7538853806628882, 3.754411504664257, 3.7548880890150356, 3.7550293057766906, 3.755029152177837, 3.7550285392426312, 3.7550274763070877, 3.7550259728125357],
    "cc_spin_squared": [3.7503093109793904, 3.7503055022848946, 3.750310448026823, 3.7503229009754415, 3.7503389364585136, 3.750348858756259, 3.750340719966265, 3.7503087715805017, 3.750256801288601, 3.7501982112748253, 3.7501482941151716, 3.750112944783754, 3.750090834178403, 3.7500900380276443, 3.7500892532866255, 3.750088479707882, 3.7500877170495435]
}