{
    "schema_name": "pyscf_qa_output",
    "provenance": {
        "creator": "PySCF",
        "version": "1.7.6"
    },
    "molecule": {
        "geometry": [[0.0, 0.0, 0.0], [1.3, 0.0, 0.0]],
        "symbols": [ "B", "H" ]
    },
    "molecular_charge": 2,
    "molecular_multiplicity": 3,
    "name": "b.h.chrg2.mult3.sep1.30-pyscf-uccsdt.ccpv5z",
    "atomic_numbers": [ 5, 1 ],
    "n_electrons": 4,
    "model": {
        "method": "UCCSD(T)",
        "basis": "cc-pV5Z",
        "scf_conv_tol": 1e-09,
        "scf_conv_tol_grad": 1e-06,
        "cc_conv_tol": 1e-05,
        "cc_conv_tol_normt": 1e-07
    },
    "broken_symmetry": false,
    "finite_diff_delta": 0.01,
    "finite_diff_acc": 2,
    "qa_lambdas": [-2.0, -1.75, -1.5, -1.25, -1.0, -0.75, -0.5, -0.25, -0.02, -0.01, 0.0, 0.01, 0.02],
    "electronic_energies": [-7.910598062002099, -9.411006955528142, -11.05246738005932, -12.83692700470783, -14.76581189251658, -16.840225655944554, -19.061292284966274, -21.430366480238376, -23.742026973382142, -23.84542817356127, -23.94907152940141, -24.052957157161877, -24.15708517288733],
    "qats_energies": {
        "0": [-23.949071529401447, -23.949071529401447, -23.949071529401447, -23.949071529401447, -23.949071529401447, -23.949071529401447, -23.949071529401447, -23.949071529401447, -23.949071529401447, -23.949071529401447, -23.949071529401447, -23.949071529401447, -23.949071529401447],
        "1": [-3.196173169340735, -5.790285464348326, -8.384397759355913, -10.978510054363502, -13.572622349371091, -16.16673464437868, -18.76084693938627, -21.35495923439386, -23.74154254580084, -23.845307037601145, -23.949071529401447, -24.05283602120175, -24.156600513002054],
        "2": [-8.041611574410748, -9.500074243230053, -11.109956862207795, -12.871259431343976, -14.783981950638594, -16.84812442009165, -19.063686839703145, -21.430669209473077, -23.742027089641347, -23.84542817356127, -23.949071529401447, -24.052957157161877, -24.15708505684256],
        "3": [-7.886742257632569, -9.396323900154044, -11.044621369192, -12.83344953955243, -14.764623286041322, -16.839957483464676, -19.061267006628487, -21.430366730338744, -23.74202693477203, -23.845428154202605, -23.949071529401447, -24.052957176520543, -24.157085211711877],
        "4": [-7.872446611484232, -9.387944054841022, -11.040098137402879, -12.831268197061533, -14.76372980815705, -16.839674781477857, -19.06121116426072, -21.430363240190758, -23.742026934629074, -23.84542815419367, -23.949071529401447, -24.052957176511608, -24.157085211568923]
    },
    "qats_poly_coeffs": [ -23.949071529401447, -10.376449180030356, -1.2113596012675032, -0.01935866459727246, 0.0008934778842710026 ],
    "hf_energies": [-7.868118532022395, -9.369676706501824, -11.012436947088474, -12.798304979540326, -14.728649058131753, -16.80451304758813, -19.026975873890084, -21.397370654839957, -23.710182001539824, -23.813632116294603, -23.91732431112807, -24.021258704839695, -24.125435416070896],
    "triples_corrections": [-7.22801164547852e-05, -6.311613763712447e-05, -5.681464803344551e-05, -5.21023075616167e-05, -4.839395756809476e-05, -4.545544546144746e-05, -4.313413588068634e-05, -4.1255217088019535e-05, -3.973758043134699e-05, -3.96733285506679e-05, -3.960909686972827e-05, -3.9544870552007204e-05, -3.948063479561399e-05],
    "scf_converged": [true, true, true, true, true, true, true, true, true, true, true, true, true],
    "cc_converged": [true, true, true, true, true, true, true, true, true, true, true, true, true],
    "scf_spin_squared": [2.000031057575985, 2.000021883821282, 2.0000179833495384, 2.0000161743816705, 2.000015096685483, 2.000014218372011, 2.000013387641167, 2.0000126091629458, 2.0000119930244438, 2.000011969366038, 2.000011946007314, 2.0000119229525355, 2.0000119002058905],
    "cc_spin_squared": [2.000000535517647, 2.0000003260962953, 2.000000230955723, 2.000000181751961, 2.000000152778872, 2.0000001342193325, 2.0000001218538066, 2.000000113384988, 2.0000001077478324, 2.0000001075353335, 2.0000001073250377, 2.000000107116889, 2.0000001069108286]
}