{
    "schema_name": "pyscf_apdft_output",
    "provenance": {
        "creator": "PySCF",
        "version": "1.7.6"
    },
    "molecule": {
        "geometry": [[0.0, 0.0, 0.0], [1.7, 0.0, 0.0]],
        "symbols": [ "Be", "H" ]
    },
    "molecular_charge": 0,
    "molecular_multiplicity": 2,
    "name": "be.h.chrg0.mult2.sep1.70-pyscf-uccsdt.ccpv5z",
    "atomic_numbers": [ 4, 1 ],
    "n_electrons": 5,
    "model": {
        "method": "UCCSD(T)",
        "basis": "cc-pV5Z",
        "scf_conv_tol": 1e-09,
        "scf_conv_tol_grad": 1e-06,
        "cc_conv_tol": 1e-05,
        "cc_conv_tol_normt": 1e-07
    },
    "broken_symmetry": false,
    "finite_diff_delta": 0.01,
    "finite_diff_acc": 2,
    "apdft_lambdas": [-1.0, -0.75, -0.5, -0.25, -0.02, -0.01, 0.0, 0.01, 0.02, 0.25, 0.5, 0.75, 1.0, 1.25, 1.5, 1.75, 2.0],
    "electronic_energies": [-8.060482624444296, -9.62162613433701, -11.330953183660128, -13.19196927820268, -15.040099819454682, -15.123435496811888, -15.207020802478482, -15.290855872457039, -15.374940843054041, -17.378178775374483, -19.70742762241624, -22.196030693419402, -24.844034920440755, -27.650633574239617, -30.6150764100697, -33.737114073355016, -37.01585454046528],
    "apdft_energies": {
        "0": [-15.207020802478509, -15.207020802478509, -15.207020802478509, -15.207020802478509, -15.207020802478509, -15.207020802478509, -15.207020802478509, -15.207020802478509, -15.207020802478509, -15.207020802478509, -15.207020802478509, -15.207020802478509, -15.207020802478509, -15.207020802478509, -15.207020802478509, -15.207020802478509, -15.207020802478509],
        "1": [-6.836002020220986, -8.928756715785367, -11.021511411349747, -13.114266106914128, -15.039600426833358, -15.123310614655933, -15.207020802478509, -15.290730990301084, -15.374441178123659, -17.29977549804289, -19.39253019360727, -21.485284889171652, -23.578039584736032, -25.670794280300413, -27.763548975864794, -29.856303671429174, -31.949058366993555],
        "2": [-8.084823579770626, -9.63121884303204, -11.333716801237157, -13.19231745438598, -15.040099955457178, -15.123435496811888, -15.207020802478509, -15.290855872457039, -15.374940706747479, -17.37782684551474, -19.70473558349468, -22.18774701641832, -24.826861144285672, -27.622077967096722, -30.573397484851483, -33.68081969754994, -36.944344605192114],
        "3": [-8.062131158199172, -9.621645477681582, -11.330880248540726, -13.191962885298926, -15.040099773917806, -15.123435474119466, -15.207020802478509, -15.29085589514946, -15.37494088828685, -17.378181414601794, -19.70757213619111, -22.19732038176878, -24.849553565857125, -27.66639910297847, -30.64998440765514, -33.80243689440945, -37.12588397776374],
        "4": [-8.063398078101493, -9.622046339056926, -11.330959431034621, -13.191967834204796, -15.040099774120513, -15.123435474132135, -15.207020802478509, -15.29085589516213, -15.374940888489558, -17.378186363507663, -19.707651318685006, -22.197721243144123, -24.850820485759446, -27.669492169146245, -30.656398189660635, -33.81431921739958, -37.146154696200874]
    },
    "apdft_poly_coeff": [ -15.207020802478509, -8.371018782257522, -1.24882155954964, -0.02269242157145375, -0.0012669199023207511 ],
    "hf_energies": [-7.985031164142365, -9.547112853187723, -11.256780693786764, -13.117437665957947, -14.96448889512152, -15.047761299904163, -15.131282090114004, -15.215051426178404, -15.299069470384573, -17.300521558336676, -19.627722626911332, -22.1145722647465, -24.76102536803849, -27.566141358985398, -30.529275804018265, -33.650462486897894, -36.92879572907266],
    "triples_corrections": [-0.0004423581931536473, -0.0005376487013486117, -0.0006579836040348494, -0.0008024602290178568, -0.0009552266524412592, -0.0009620178309857477, -0.0009687973809318209, -0.0009755617039676537, -0.0009823069764846707, -0.0011235564003491893, -0.0012246141276025674, -0.001280911276821966, -0.0013189848415255387, -0.001357173846659148, -0.0014005676258838635, -0.0014260044752336875, -0.00140163163572045],
    "scf_converged": [true, true, true, true, true, true, true, true, true, true, true, true, true, true, true, true, true],
    "cc_converged": [true, true, true, true, true, true, true, true, true, true, true, true, true, true, true, true, true],
    "scf_spin_squared": [0.7503665884560524, 0.7510971962158994, 0.752642538254376, 0.7563437410287648, 0.7647654448739898, 0.7653206854979138, 0.7658959474582061, 0.7664917382981615, 0.7671085972168707, 0.7877902646005581, 0.8199569849601342, 0.84307477684998, 0.8460704223180247, 0.8320857987534986, 0.8077546373681093, 0.7819891953525306, 0.7648661001153805],
    "cc_spin_squared": [0.7500147939217674, 0.7500281529490509, 0.7500489903071079, 0.7500791138478616, 0.7501200080824751, 0.7501221536569882, 0.7501243308215564, 0.7501265393364438, 0.7501287789482753, 0.7501869358645377, 0.7502465804627133, 0.7502719606853472, 0.7502571077367676, 0.7502180755483426, 0.7501695074585958, 0.75011739663202, 0.7500714366232177]
}