{
    "schema_name": "pyscf_apdft_output",
    "provenance": {
        "creator": "PySCF",
        "version": "1.7.6"
    },
    "molecule": {
        "geometry": [[0.0, 0.0, 0.0], [1.7, 0.0, 0.0]],
        "symbols": [ "O", "H" ]
    },
    "molecular_charge": 1,
    "molecular_multiplicity": 1,
    "name": "o.h.chrg1.mult1.sep1.70-pyscf-ccsdt.ccpv5z",
    "atomic_numbers": [ 8, 1 ],
    "n_electrons": 8,
    "model": {
        "method": "CCSD(T)",
        "basis": "cc-pV5Z",
        "scf_conv_tol": 1e-09,
        "scf_conv_tol_grad": 1e-06,
        "cc_conv_tol": 1e-05,
        "cc_conv_tol_normt": 1e-07
    },
    "broken_symmetry": false,
    "finite_diff_delta": 0.01,
    "finite_diff_acc": 2,
    "apdft_lambdas": [-2.0, -1.75, -1.5, -1.25, -1.0, -0.75, -0.5, -0.25, -0.02, -0.01, 0.0, 0.01, 0.02, 0.25, 0.5, 0.75, 1.0],
    "electronic_energies": [-38.385843651893694, -42.243398378963676, -46.301483054673255, -50.56381836649238, -55.03348511795147, -59.71323319350328, -64.60615224144165, -69.71662213759143, -74.61543914867154, -74.83279008085094, -75.05050656192365, -75.26858878819607, -75.48703694180153, -80.61254515991752, -86.40313910816434, -92.41938712698905, -98.65781676590024],
    "apdft_energies": {
        "0": [-75.05050656192381, -75.05050656192381, -75.05050656192381, -75.05050656192381, -75.05050656192381, -75.05050656192381, -75.05050656192381, -75.05050656192381, -75.05050656192381, -75.05050656192381, -75.05050656192381, -75.05050656192381, -75.05050656192381, -75.05050656192381, -75.05050656192381, -75.05050656192381, -75.05050656192381],
        "1": [-31.470635827410973, -36.91811966922508, -42.36560351103918, -47.81308735285329, -53.26057119466739, -58.7080550364815, -64.1555388782956, -69.6030227201097, -74.61470785457868, -74.83260720825125, -75.05050656192381, -75.26840591559638, -75.48630526926894, -80.49799040373792, -85.94547424555202, -91.39295808736613, -96.84044192918023],
        "2": [-38.78553981518721, -42.51859303486626, -46.480237004163314, -50.67047172307838, -55.08929719161145, -59.73671340976253, -64.61272037753162, -69.71731809491871, -74.61543934497746, -74.83279008085094, -75.05050656192381, -75.26858878819607, -75.48703675966772, -80.61228577854692, -86.40265574478804, -92.42161646064716, -98.66916792612429],
        "3": [-38.53324665756252, -42.34957632966066, -46.3738008282904, -50.60887671389267, -55.05776054690837, -59.72340888777842, -64.60877829694373, -69.71682533484523, -74.6154390926843, -74.8327900493143, -75.05050656192381, -75.26858881973271, -75.48703701196088, -80.6127785386204, -86.40659782537593, -92.43492098263127, -98.70070457082737],
        "4": [-37.58843987660294, -41.79574794072415, -46.07485805775241, -50.464710640137845, -54.99871012309839, -59.70472496461979, -64.60508764545561, -69.71659466912722, -74.61543908323624, -74.8327900487238, -75.05050656192381, -75.26858881914221, -75.4870370025128, -80.6125478729024, -86.4029071738878, -92.41623705947265, -98.6416541470174]
    },
    "apdft_poly_coeff": [ -75.05050656192381, -21.78993536725642, -1.8287259969440584, -0.031536644703085884, 0.05905042380997353 ],
    "hf_energies": [-38.154565002450106, -42.00009324975384, -46.04552875057142, -50.29555842481972, -54.75492516448349, -59.42838058975384, -64.32047436093112, -69.43516612885536, -74.33973588552637, -74.5573262514198, -74.77527935188056, -74.99359519963687, -75.21227380227975, -80.3419453906529, -86.1344393155994, -92.15073005279226, -98.38834188883699],
    "triples_corrections": [-0.010118061337124843, -0.011242900699569985, -0.012337335345272274, -0.013279215287525755, -0.014002403100381415, -0.01447840926744022, -0.014588911239811993, -0.014122788455658031, -0.013248516397378538, -0.01320720590355294, -0.013165993118580419, -0.013124921651415006, -0.01308403426157917, -0.012273498529138935, -0.01182699843049316, -0.011773090514696325, -0.01194050134895198],
    "scf_converged": [true, true, true, true, true, true, true, true, true, true, true, true, true, true, true, true, true],
    "cc_converged": [true, true, true, true, true, true, true, true, true, true, true, true, true, true, true, true, true],
    "t1_diagnostic": [0.023830351649513495, 0.026088600089836298, 0.025756995620697175, 0.022320993023386082, 0.017467225104899828, 0.01619971773917608, 0.019735141073112934, 0.021455398771879748, 0.01842741529545616, 0.01821427570328616, 0.017996609076130418, 0.017774734097116805, 0.017548971739594788, 0.011987734386463592, 0.007220602158275847, 0.004651761063044146, 0.0035091201479995815]
}