{
    "schema_name": "pyscf_apdft_output",
    "provenance": {
        "creator": "PySCF",
        "version": "1.7.6"
    },
    "molecule": {
        "geometry": [[0.0, 0.0, 0.0], [1.0, 0.0, 0.0]],
        "symbols": [ "Be", "H" ]
    },
    "molecular_charge": -1,
    "molecular_multiplicity": 3,
    "name": "be.h.chrg-1.mult3.sep1.00-pyscf-uccsdt.ccpv5z",
    "atomic_numbers": [ 4, 1 ],
    "n_electrons": 6,
    "model": {
        "method": "UCCSD(T)",
        "basis": "cc-pV5Z",
        "scf_conv_tol": 1e-09,
        "scf_conv_tol_grad": 1e-06,
        "cc_conv_tol": 1e-05,
        "cc_conv_tol_normt": 1e-07
    },
    "broken_symmetry": false,
    "finite_diff_delta": 0.01,
    "finite_diff_acc": 2,
    "apdft_lambdas": [-0.02, -0.01, 0.0, 0.01, 0.02, 0.25, 0.5, 0.75, 1.0, 1.25, 1.5, 1.75, 2.0, 2.25, 2.5, 2.75, 3.0],
    "electronic_energies": [-14.986817369494407, -15.073044145948801, -15.159538431803107, -15.246300515519067, -15.333330680915534, -17.40956857341162, -19.829699822462086, -22.419906530220842, -25.17877436124542, -28.104536265451753, -31.195061097485265, -34.44769390206654, -37.859182848375646, -41.42567330458793, -45.14274406666588, -49.00546842919286, -53.008484314482246],
    "apdft_energies": {
        "0": [-15.159538431803039, -15.159538431803039, -15.159538431803039, -15.159538431803039, -15.159538431803039, -15.159538431803039, -15.159538431803039, -15.159538431803039, -15.159538431803039, -15.159538431803039, -15.159538431803039, -15.159538431803039, -15.159538431803039, -15.159538431803039, -15.159538431803039, -15.159538431803039, -15.159538431803039],
        "1": [-14.986282062232773, -15.072910247017905, -15.159538431803039, -15.246166616588173, -15.332794801373305, -17.325243051431368, -19.490947671059693, -21.656652290688022, -23.82235691031635, -25.98806152994468, -28.15376614957301, -30.319470769201335, -32.48517538882966, -34.65088000845799, -36.81658462808632, -38.98228924771465, -41.147993867342976],
        "2": [-14.986817657956353, -15.073044145948801, -15.159538431803039, -15.246300515519067, -15.333330397096885, -17.408929883240738, -19.82569499829718, -22.409833776972363, -25.161346219266285, -28.08023232517895, -31.16649209471036, -34.420125527860506, -37.841132624629395, -41.42951338501703, -45.1852678090234, -49.10839589664852, -53.19889764789238],
        "3": [-14.986817276435957, -15.073044098258752, -15.159538431803039, -15.246300563209116, -15.333330778617281, -17.409675040264787, -19.83165625448956, -22.429953016621646, -25.209036268805335, -28.173376953184903, -31.327446011904645, -34.67571438710884, -38.22265302094178, -41.97273285554774, -45.930424833071015, -50.10019989565589, -54.486528985446654],
        "4": [-14.986817273340431, -15.073044098065282, -15.159538431803039, -15.246300563015646, -15.333330775521755, -17.409599465908983, -19.83044706479674, -22.42383149380175, -25.18968923372023, -28.12614298080916, -31.2295016467863, -34.49426035883018, -37.91310045958011, -41.47688950713614, -45.17468127505913, -48.99371575237069, -52.9194191435532]
    },
    "apdft_poly_coeff": [ -15.159538431803039, -8.662818478513312, -1.3389893089499338, -0.04769004953904716, 0.01934703508510438 ],
    "hf_energies": [-14.898091322960266, -14.984238009452438, -15.07065234891468, -15.157334696578811, -15.244285403950698, -17.318916474906285, -19.738040695125058, -22.32776157821009, -25.08631673093742, -28.011771784343185, -31.1019228483831, -34.35409258780735, -37.765044018713844, -41.330965264029395, -45.047492550276516, -48.90975597243032, -52.91243685037208],
    "triples_corrections": [-0.0013022114438802775, -0.0013081077364360458, -0.001313943891860784, -0.001319716009953933, -0.0013254201994397138, -0.0014303867752395248, -0.0014811954044415894, -0.0014971594032745362, -0.001505988266272021, -0.0015168164865800734, -0.0015306741472373806, -0.0015449451561205926, -0.001555174474089619, -0.0015563085565733698, -0.0015437224071513946, -0.0015140188073638568, -0.0014656037361566636],
    "scf_converged": [true, true, true, true, true, true, true, true, true, true, true, true, true, true, true, true, true],
    "cc_converged": [true, true, true, true, true, true, true, true, true, true, true, true, true, true, true, true, true],
    "scf_spin_squared": [2.000733688443711, 2.000749673060238, 2.000766208016179, 2.0007832935916676, 2.0008009284740367, 2.001327770154362, 2.0019126037209456, 2.0022746654570707, 2.0024600156155032, 2.002553002641683, 2.0026082699745786, 2.0026612674004998, 2.002732628490874, 2.0028269408113566, 2.0029343517208056, 2.003038341267136, 2.0031253468148558],
    "cc_spin_squared": [2.0000782654814175, 2.000078997235611, 2.0000797340022993, 2.000080474919577, 2.0000812191081834, 2.0000971467117123, 2.0001058780564307, 2.000105963147006, 2.0001023543225083, 2.000097844030956, 2.0000933393254816, 2.0000889471345493, 2.0000844898972177, 2.0000797137632533, 2.000074380585989, 2.0000683379915225, 2.0000615821246797]
}