{
    "schema_name": "pyscf_apdft_output",
    "provenance": {
        "creator": "PySCF",
        "version": "1.7.6"
    },
    "molecule": {
        "geometry": [[0.0, 0.0, 0.0], [1.9, 0.0, 0.0]],
        "symbols": [ "N", "H" ]
    },
    "molecular_charge": 1,
    "molecular_multiplicity": 4,
    "name": "n.h.chrg1.mult4.sep1.90-pyscf-uccsdt.ccpv5z",
    "atomic_numbers": [ 7, 1 ],
    "n_electrons": 7,
    "model": {
        "method": "UCCSD(T)",
        "basis": "cc-pV5Z",
        "scf_conv_tol": 1e-09,
        "scf_conv_tol_grad": 1e-06,
        "cc_conv_tol": 1e-05,
        "cc_conv_tol_normt": 1e-07
    },
    "broken_symmetry": false,
    "finite_diff_delta": 0.01,
    "finite_diff_acc": 2,
    "apdft_lambdas": [-2.0, -1.75, -1.5, -1.25, -1.0, -0.75, -0.5, -0.25, -0.02, -0.01, 0.0, 0.01, 0.02, 0.25, 0.5, 0.75, 1.0],
    "electronic_energies": [-25.16187982148924, -28.174413108988908, -31.373875412088072, -34.762575940096326, -38.34204924871921, -42.11386288681486, -46.080531758134185, -50.247275135218835, -54.26525690465803, -54.44408359057759, -54.62325758305304, -54.80277887751344, -54.98264763533005, -59.21533385506971, -64.0213492150196, -69.03598141601573, -74.25516328812317],
    "apdft_energies": {
        "0": [-54.62325758305303, -54.62325758305303, -54.62325758305303, -54.62325758305303, -54.62325758305303, -54.62325758305303, -54.62325758305303, -54.62325758305303, -54.62325758305303, -54.62325758305303, -54.62325758305303, -54.62325758305303, -54.62325758305303, -54.62325758305303, -54.62325758305303, -54.62325758305303, -54.62325758305303],
        "1": [-18.753728889468192, -23.237419976166297, -27.721111062864402, -32.20480214956251, -36.68849323626061, -41.172184322958714, -45.65587540965682, -50.13956649635493, -54.264562296117184, -54.44390993958511, -54.62325758305303, -54.80260522652095, -54.98195286998888, -59.106948669751134, -63.59063975644924, -68.07433084314735, -72.55802192984545],
        "2": [-25.69976858879747, -28.555481620965274, -31.62825839373712, -34.918098907113006, -38.42500316109293, -42.1489711556769, -46.0900028908649, -50.24809836665695, -54.26525690008712, -54.44408359057759, -54.62325758305303, -54.80277887751344, -54.982647473958814, -59.21548054005316, -64.02476723765733, -69.05111767586553, -74.29453185467777],
        "3": [-25.595235038389138, -28.48545230887532, -31.584158302158606, -34.89257802078285, -38.411936467291895, -42.14345864422958, -46.088369554139774, -50.2478941995663, -54.26525679555357, -54.444083577510895, -54.62325758305303, -54.802778890580136, -54.98264757849236, -59.2156847071438, -64.02640057438245, -69.05663018731283, -74.30759854847881],
        "4": [-36.658044847355896, -34.97026831261779, -35.08450046827699, -36.580628833918645, -39.10336208035231, -42.36223002961198, -46.131583654956046, -50.25059508086732, -54.26525690618166, -54.44408358442515, -54.62325758305303, -54.80277889749439, -54.98264768912046, -59.21838558844482, -64.06961467519872, -69.27540157269524, -74.99902416153924]
    },
    "apdft_poly_coeff": [ -54.62325758305303, -17.93476434679242, -1.736509924832319, -0.013066693801041156, -0.691425613060422 ],
    "hf_energies": [-25.030340803338483, -28.03651011208634, -31.23322689824793, -34.620459103945535, -38.198600702960206, -41.96844201427691, -45.93154962167174, -50.09215956944883, -54.104862222682925, -54.28359433901618, -54.462688647988415, -54.642145017996036, -54.821963165739156, -59.05589074076371, -63.8640753491474, -68.88028918691798, -74.10081988037442],
    "triples_corrections": [-0.004017615107164888, -0.004264946677329399, -0.004262054306875771, -0.004050700703384193, -0.003807759100436, -0.003631426388945334, -0.0035676726972727365, -0.0036303798212676134, -0.0037198234134354787, -0.003717718414683592, -0.003714501271165566, -0.0037101305485524134, -0.003704561714158014, -0.003321465377398866, -0.0028376586679084398, -0.0024977782483338834, -0.0022474324174570725],
    "scf_converged": [true, true, true, true, true, true, true, true, true, true, true, true, true, true, true, true, true],
    "cc_converged": [true, true, true, true, true, true, true, true, true, true, true, true, true, true, true, true, true],
    "scf_spin_squared": [3.775839534606907, 3.8304354286464792, 3.8268555385491894, 3.805170870574977, 3.7876552360058895, 3.7772799692243675, 3.7717493399141766, 3.7676483092046764, 3.758820457871493, 3.758377281449561, 3.7579530090255426, 3.757550742915188, 3.7571731133546566, 3.754941211990649, 3.7559560273469534, 3.7559529186922953, 3.755554968274454],
    "cc_spin_squared": [3.7509161468279077, 3.751055720075085, 3.7508821058552426, 3.750649211247575, 3.7504764486853817, 3.750376999784357, 3.7503388314712667, 3.750359539233936, 3.750359672751369, 3.750355591604699, 3.750351012702403, 3.750346146517784, 3.7503409186618275, 3.750202353391014, 3.750134163601254, 3.750104586129964, 3.7500850682777873]
}