{
    "schema_name": "pyscf_apdft_output",
    "provenance": {
        "creator": "PySCF",
        "version": "1.7.6"
    },
    "molecule": {
        "geometry": [[0.0, 0.0, 0.0], [0.7, 0.0, 0.0]],
        "symbols": [ "Be", "H" ]
    },
    "molecular_charge": -1,
    "molecular_multiplicity": 1,
    "name": "be.h.chrg-1.mult1.sep0.70-pyscf-ccsdt.ccpv5z",
    "atomic_numbers": [ 4, 1 ],
    "n_electrons": 6,
    "model": {
        "method": "CCSD(T)",
        "basis": "cc-pV5Z",
        "scf_conv_tol": 1e-09,
        "scf_conv_tol_grad": 1e-06,
        "cc_conv_tol": 1e-05,
        "cc_conv_tol_normt": 1e-07
    },
    "broken_symmetry": false,
    "finite_diff_delta": 0.01,
    "finite_diff_acc": 2,
    "apdft_lambdas": [-0.02, -0.01, 0.0, 0.01, 0.02, 0.25, 0.5, 0.75, 1.0, 1.25, 1.5, 1.75, 2.0, 2.25, 2.5, 2.75, 3.0],
    "electronic_energies": [-14.73095479618284, -14.817467810932342, -14.904251556306491, -14.991306217796128, -15.078631978745285, -17.16232028859937, -19.591646329578445, -22.192259962641447, -24.962702047639308, -27.9008476333867, -31.00411361628032, -34.269399323037504, -37.69304711496546, -41.270867607025245, -44.998212364315684, -48.87007334728677, -52.88119896342962],
    "apdft_energies": {
        "0": [-14.904251556306427, -14.904251556306427, -14.904251556306427, -14.904251556306427, -14.904251556306427, -14.904251556306427, -14.904251556306427, -14.904251556306427, -14.904251556306427, -14.904251556306427, -14.904251556306427, -14.904251556306427, -14.904251556306427, -14.904251556306427, -14.904251556306427, -14.904251556306427, -14.904251556306427],
        "1": [-14.730413149442642, -14.817332352874534, -14.904251556306427, -14.99117075973832, -15.078089963170212, -17.077231642103744, -19.25021172790106, -21.423191813698374, -23.59617189949569, -25.769151985293007, -27.94213207109032, -30.115112156887637, -32.288092242684954, -34.461072328482274, -36.63405241427959, -38.8070325000769, -40.98001258587422],
        "2": [-14.730954981673873, -14.817467810932342, -14.904251556306427, -14.991306217796128, -15.078631795401444, -17.161892928233684, -19.588856872420813, -22.185143388867825, -24.950752477574714, -27.885684138541478, -30.989938371768126, -34.26351517725465, -37.70641455500105, -41.318636505007326, -45.10018102727348, -49.05104812179952, -53.17123778858542],
        "3": [-14.730954735783957, -14.817467780196102, -14.904251556306427, -14.991306248532368, -15.07863204129136, -17.162373181977863, -19.592698902374256, -22.19811023996069, -24.981488717202247, -27.945715856564007, -31.093673180511054, -34.42824221150846, -37.952304472021325, -41.668741484514705, -45.580434771453696, -49.690265855303394, -54.001116258528846],
        "4": [-14.73095473435249, -14.817467780106636, -14.904251556306427, -14.9913062484429, -15.078632039859896, -17.162338234094154, -19.59213973623494, -22.195279461380398, -24.972542058973175, -27.92387342924693, -31.048380723226366, -34.34433234272719, -37.809157940356144, -41.43944841951099, -45.23095593438052, -49.178593889944544, -53.27643694197389]
    },
    "apdft_poly_coeff": [ -14.904251556306427, -8.691920343189263, -1.3545805780790232, -0.030736239627534204, 0.008946658229073515 ],
    "hf_energies": [-14.604636963509751, -14.691018865105887, -14.777671777183322, -14.864595914424086, -14.951791487224869, -17.03261626201847, -19.459193851890177, -22.057534214330612, -24.826193379491745, -27.762962432156783, -30.865158799732146, -34.12959617834038, -37.55254477188615, -41.129756885698995, -44.856542618955494, -48.727873857607605, -52.73849897363174],
    "triples_corrections": [-0.002475626133190021, -0.0024775000299782426, -0.0024793946255605615, -0.0024813090827408278, -0.0024832426054114255, -0.002531323097285022, -0.002582594763053474, -0.0026189434255985454, -0.002636044389541267, -0.0026368136089718083, -0.00262471713017625, -0.002602202865554449, -0.002570875383216034, -0.0025317037939688895, -0.0024851429563313553, -0.0024310605726298143, -0.0023691073159888176],
    "scf_converged": [true, true, true, true, true, true, true, true, true, true, true, true, true, true, true, true, true],
    "cc_converged": [true, true, true, true, true, true, true, true, true, true, true, true, true, true, true, true, true],
    "t1_diagnostic": [0.02075278692580478, 0.020596337498094308, 0.02044168444283739, 0.0202888844528768, 0.020137990701690648, 0.01723174964864085, 0.014916098357357355, 0.012859615817106746, 0.011120603593983702, 0.009776929603554299, 0.008747032971230534, 0.007938487323339294, 0.007287830590442827, 0.006752928719151554, 0.006304381045913373, 0.005920010603195112, 0.005583452981902053]
}