{
    "schema_name": "pyscf_apdft_output",
    "provenance": {
        "creator": "PySCF",
        "version": "1.7.6"
    },
    "molecule": {
        "geometry": [[0.0, 0.0, 0.0], [1.4, 0.0, 0.0]],
        "symbols": [ "B", "H" ]
    },
    "molecular_charge": 2,
    "molecular_multiplicity": 3,
    "name": "b.h.chrg2.mult3.sep1.40-pyscf-uccsdt.ccpv5z",
    "atomic_numbers": [ 5, 1 ],
    "n_electrons": 4,
    "model": {
        "method": "UCCSD(T)",
        "basis": "cc-pV5Z",
        "scf_conv_tol": 1e-09,
        "scf_conv_tol_grad": 1e-06,
        "cc_conv_tol": 1e-05,
        "cc_conv_tol_normt": 1e-07
    },
    "broken_symmetry": false,
    "finite_diff_delta": 0.01,
    "finite_diff_acc": 2,
    "apdft_lambdas": [-2.0, -1.75, -1.5, -1.25, -1.0, -0.75, -0.5, -0.25, -0.02, -0.01, 0.0, 0.01, 0.02],
    "electronic_energies": [-7.923030699446099, -9.424078507168238, -11.066009608686022, -12.85078920438889, -14.779861678527775, -16.854385871130628, -19.075620785716943, -21.445179869615963, -23.757916320321787, -23.86138439196817, -23.965096588450393, -24.069053061730717, -24.173253963480153],
    "apdft_energies": {
        "0": [-23.96509658845039, -23.96509658845039, -23.96509658845039, -23.96509658845039, -23.96509658845039, -23.96509658845039, -23.96509658845039, -23.96509658845039, -23.96509658845039, -23.96509658845039, -23.96509658845039, -23.96509658845039, -23.96509658845039],
        "1": [-3.198229612195629, -5.794087984227474, -8.389946356259319, -10.985804728291164, -13.58166310032301, -16.177521472354854, -18.7733798443867, -21.369238216418545, -23.757427918687842, -23.861262253569116, -23.96509658845039, -24.068930923331664, -24.172765258212937],
        "2": [-8.083765574327, -9.534576455234305, -11.138060334958215, -12.894217213498731, -14.803047090855852, -16.86454996702958, -19.07872584201991, -21.445574715826847, -23.757916472284055, -23.86138439196817, -23.96509658845039, -24.069053061730717, -24.17325381180915],
        "3": [-7.881343393383943, -9.398969408235345, -11.052663477372864, -12.84479773572943, -14.77774431823797, -16.85387535983141, -19.075562995442674, -21.445179360004694, -23.757916269861873, -23.861384366665398, -23.96509658845039, -24.06905308703349, -24.173254014231333],
        "4": [-7.861925681501091, -9.387587102026671, -11.04651959197243, -12.84183482803246, -14.776530711245291, -16.853491366993882, -19.07548714500563, -21.44517461935238, -23.757916269667696, -23.86138436665326, -23.96509658845039, -24.069053087021352, -24.173254014037155]
    },
    "apdft_poly_coeff": [ -23.96509658845039, -10.38343348812738, -1.2213839905328427, -0.0253027726178819, 0.0012136069926782511 ],
    "hf_energies": [-7.8810374480156025, -9.383219355525314, -11.026450420503993, -12.812645853241639, -14.743183760932283, -16.819154676059274, -19.041764540035466, -21.41259957285754, -23.726425560827042, -23.829939545933534, -23.933697560454956, -24.037699760101468, -24.14194630038326],
    "triples_corrections": [-6.600030689966357e-05, -5.851453847383907e-05, -5.34242240848151e-05, -4.96322907407331e-05, -4.666245063131683e-05, -4.435625144234372e-05, -4.2609985557994534e-05, -4.126349413937683e-05, -4.017306333571857e-05, -4.0125239878602644e-05, -4.007721578255424e-05, -4.002897094444203e-05, -3.9980485298126954e-05],
    "scf_converged": [true, true, true, true, true, true, true, true, true, true, true, true, true],
    "cc_converged": [true, true, true, true, true, true, true, true, true, true, true, true, true],
    "scf_spin_squared": [2.0000238480985963, 2.0000181090670033, 2.000015952712862, 2.000015089694638, 2.0000145220502388, 2.0000138913871064, 2.0000131480946894, 2.0000123718067018, 2.0000117398436914, 2.0000117159143818, 2.0000116923510367, 2.000011669161336, 2.0000116463528177],
    "cc_spin_squared": [2.000000397954826, 2.0000002572739213, 2.0000001942583925, 2.0000001611375366, 2.000000140803471, 2.0000001273269192, 2.000000118320795, 2.0000001123459246, 2.000000108564077, 2.0000001084246914, 2.0000001082869066, 2.000000108150663, 2.00000010801591]
}