{
    "schema_name": "pyscf_apdft_output",
    "provenance": {
        "creator": "PySCF",
        "version": "1.7.6"
    },
    "molecule": {
        "geometry": [[0.0, 0.0, 0.0], [1.4, 0.0, 0.0]],
        "symbols": [ "C", "H" ]
    },
    "molecular_charge": 0,
    "molecular_multiplicity": 4,
    "name": "c.h.chrg0.mult4.sep1.40-pyscf-uccsdt.ccpv5z",
    "atomic_numbers": [ 6, 1 ],
    "n_electrons": 7,
    "model": {
        "method": "UCCSD(T)",
        "basis": "cc-pV5Z",
        "scf_conv_tol": 1e-09,
        "scf_conv_tol_grad": 1e-06,
        "cc_conv_tol": 1e-05,
        "cc_conv_tol_normt": 1e-07
    },
    "broken_symmetry": false,
    "finite_diff_delta": 0.01,
    "finite_diff_acc": 2,
    "apdft_lambdas": [-1.0, -0.75, -0.5, -0.25, -0.02, -0.01, 0.0, 0.01, 0.02, 0.25, 0.5, 0.75, 1.0, 1.25, 1.5, 1.75, 2.0],
    "electronic_energies": [-25.223591015114305, -28.233760292810672, -31.430352133372462, -34.81633568726268, -38.10068318628926, -38.24718394821506, -38.39399420800407, -38.54111407010039, -38.68854363832827, -42.16513391552255, -46.131311582159924, -50.294006333626754, -54.6546148733231, -59.2141189794605, -63.972475424638056, -68.92812412516656, -74.07798715039416],
    "apdft_energies": {
        "0": [-38.393994208004024, -38.393994208004024, -38.393994208004024, -38.393994208004024, -38.393994208004024, -38.393994208004024, -38.393994208004024, -38.393994208004024, -38.393994208004024, -38.393994208004024, -38.393994208004024, -38.393994208004024, -38.393994208004024, -38.393994208004024, -38.393994208004024, -38.393994208004024, -38.393994208004024],
        "1": [-23.697488113737442, -27.371614637304088, -31.045741160870733, -34.719867684437375, -38.10006408611869, -38.247029147061355, -38.393994208004024, -38.54095926894669, -38.687924329889356, -42.06812073157067, -45.742247255137315, -49.41637377870396, -53.090500302270605, -56.764626825837254, -60.438753349403896, -64.11287987297054, -67.78700639653718],
        "2": [-25.245499650755555, -28.242371126876776, -31.43274404512526, -34.81661840550101, -38.1006832907335, -38.24718394821506, -38.393994208004024, -38.54111407010039, -38.68854353450416, -42.1648714526343, -46.12925013939184, -50.28713026827665, -54.63851183928872, -59.18339485242805, -63.92177930769465, -68.8536652050885, -73.97905254460963],
        "3": [-25.22814395520816, -28.23504919281772, -31.430574583181837, -34.81634722275808, -38.100683151887935, -38.247183930859364, -38.393994208004024, -38.54111408745609, -38.68854367334973, -42.16514263537723, -46.13141960133527, -50.294452202335705, -54.65586753483611, -59.217292695294056, -63.980354780167104, -68.94668088591283, -74.11789810898878],
        "4": [-25.225559977731727, -28.234231606194317, -31.43041308458956, -34.81633712909606, -38.1006831514745, -38.24718393083352, -38.393994208004024, -38.541114087430245, -38.68854367293629, -42.16513254171521, -46.13125810274299, -50.29363461571231, -54.65328355735968, -59.21098415653323, -63.96727339419266, -68.92244600340925, -74.07655446936585]
    },
    "apdft_poly_coeff": [ -38.393994208004024, -14.696506094266581, -1.5480115370181124, -0.01735569554739413, 0.0025839774764335743 ],
    "hf_energies": [-25.09673915008518, -28.102115859005735, -31.294173518532663, -34.67589117664276, -37.956768202111896, -38.1031322841512, -38.249807209619824, -38.39679309879254, -38.54409007069372, -42.0180363018828, -45.982275090321416, -50.144041278845975, -54.50475882365335, -59.065304479814486, -63.82532082706472, -68.78290771539417, -73.93480072201413],
    "triples_corrections": [-0.0034533747022626863, -0.003713313589333202, -0.0038836024622575754, -0.003972329766931647, -0.003987778199295911, -0.003987068493626004, -0.00398624656619846, -0.003985312837981136, -0.003984267742632896, -0.003930660503948795, -0.0038135617198455716, -0.0036401071044667517, -0.0034066177303380503, -0.0031144384861177205, -0.0027909422186777866, -0.0024775760622650815, -0.002201014286939443],
    "scf_converged": [true, true, true, true, true, true, true, true, true, true, true, true, true, true, true, true, true],
    "cc_converged": [true, true, true, true, true, true, true, true, true, true, true, true, true, true, true, true, true],
    "scf_spin_squared": [3.7538867794702635, 3.7534469453564703, 3.753347468835302, 3.7542301424200195, 3.756018462285181, 3.7561020370450597, 3.7561849498801476, 3.7562670513391003, 3.756348192558549, 3.757649417875263, 3.757217382224355, 3.755488212049025, 3.7540938902202945, 3.7538769151923606, 3.7543818839162686, 3.754866639748813, 3.7550320353460647],
    "cc_spin_squared": [3.7503424328049393, 3.750356717396204, 3.7503661379447593, 3.7503717843323767, 3.7503754480618703, 3.75037554786136, 3.7503756390545755, 3.750375721065986, 3.750375793304382, 3.750373275966401, 3.7503556295031104, 3.7503175562009847, 3.7502618722252468, 3.7502009543715653, 3.750149612878236, 3.7501135908263263, 3.750089720790895]
}