{
    "schema_name": "pyscf_apdft_output",
    "provenance": {
        "creator": "PySCF",
        "version": "1.7.6"
    },
    "molecule": {
        "geometry": [[0.0, 0.0, 0.0], [1.6, 0.0, 0.0]],
        "symbols": [ "Be", "H" ]
    },
    "molecular_charge": -1,
    "molecular_multiplicity": 1,
    "name": "be.h.chrg-1.mult1.sep1.60-pyscf-ccsdt.ccpv5z",
    "atomic_numbers": [ 4, 1 ],
    "n_electrons": 6,
    "model": {
        "method": "CCSD(T)",
        "basis": "cc-pV5Z",
        "scf_conv_tol": 1e-09,
        "scf_conv_tol_grad": 1e-06,
        "cc_conv_tol": 1e-05,
        "cc_conv_tol_normt": 1e-07
    },
    "broken_symmetry": false,
    "finite_diff_delta": 0.01,
    "finite_diff_acc": 2,
    "apdft_lambdas": [-0.02, -0.01, 0.0, 0.01, 0.02, 0.25, 0.5, 0.75, 1.0, 1.25, 1.5, 1.75, 2.0, 2.25, 2.5, 2.75, 3.0],
    "electronic_energies": [-15.067643299805589, -15.153638771019466, -15.239899792057837, -15.326426554916864, -15.413219245203477, -17.483174952674847, -19.89405648262135, -22.472475449000534, -25.217684507323277, -28.128638757839614, -31.203812390522426, -34.440994231838, -37.83732808813927, -41.389640517930665, -45.094808827863694, -48.949612805582056, -52.94970847385469],
    "apdft_energies": {
        "0": [-15.239899792057821, -15.239899792057821, -15.239899792057821, -15.239899792057821, -15.239899792057821, -15.239899792057821, -15.239899792057821, -15.239899792057821, -15.239899792057821, -15.239899792057821, -15.239899792057821, -15.239899792057821, -15.239899792057821, -15.239899792057821, -15.239899792057821, -15.239899792057821, -15.239899792057821],
        "1": [-15.067112008160423, -15.153505900109122, -15.239899792057821, -15.32629368400652, -15.41268757595522, -17.3997470907753, -19.559594389492773, -21.719441688210253, -23.879288986927726, -26.039136285645206, -28.19898358436268, -30.35883088308016, -32.51867818179763, -34.67852548051511, -36.838372779232586, -38.998220077950066, -41.15806737666754],
        "2": [-15.067643491801798, -15.153638771019466, -15.239899792057821, -15.326426554916864, -15.413219059596594, -17.482791409740074, -19.891771665351875, -22.46684055889323, -25.207998090364136, -28.115244259764594, -31.1885790670946, -34.42800251235416, -37.83351459554327, -41.405115316661934, -45.142804675710146, -49.04658267268791, -53.116449307595225],
        "3": [-15.067643240066403, -15.153638739552541, -15.239899792057821, -15.32642658638379, -15.41321931133199, -17.48328308043266, -19.89570503089256, -22.48011566759304, -25.239465014689603, -28.176703096337768, -31.294779936693054, -34.59664555991096, -38.085249990147005, -41.763543251556705, -45.63447536829556, -49.70099636451909, -53.96605626438282],
        "4": [-15.067643235806853, -15.15363873928632, -15.239899792057821, -15.326426586117567, -15.413219307072438, -17.48317908751884, -19.894041144271483, -22.471692241573837, -25.21284282875238, -28.11170752520197, -31.16000512038586, -34.34695857383567, -37.659295015151436, -41.081245744001535, -44.59454623012278, -48.17843611332032, -51.80965920346774]
    },
    "apdft_poly_coeff": [ -15.239899792057821, -8.639389194869906, -1.3287091034364096, -0.03146692432546653, 0.026622185937223247 ],
    "hf_energies": [-14.95527682778213, -15.041093678330556, -15.127175986252198, -15.213523957205368, -15.300137789708018, -17.365983079604817, -19.772436217698704, -22.346368939725828, -25.086843260419165, -27.99278623204218, -31.06299594753637, -34.29598412580498, -37.689811971501385, -41.24190893740777, -44.948856515561644, -48.806147028844386, -52.807984407564625],
    "triples_corrections": [-0.002324378732017262, -0.002334123003241414, -0.0023438467878733704, -0.002353547558393657, -0.002363222892164172, -0.002574986032058633, -0.002779926854743914, -0.002972086580854438, -0.0031611106228278817, -0.003339621709568905, -0.0034835162367203897, -0.003560370989861476, -0.0035451074002888568, -0.0034351519133105387, -0.0032603840676957937, -0.003081845251904842, -0.0029579429495866913],
    "scf_converged": [true, true, true, true, true, true, true, true, true, true, true, true, true, true, true, true, true],
    "cc_converged": [true, true, true, true, true, true, true, true, true, true, true, true, true, true, true, true, true],
    "t1_diagnostic": [0.019928787808469323, 0.01980514009142083, 0.01968415977403217, 0.019565776120727026, 0.019449917375813416, 0.01732160555445973, 0.01577323288289237, 0.01495967514836652, 0.014701233606576115, 0.014529031500777157, 0.014182982672406051, 0.013963917913772949, 0.014395581302440136, 0.015033842240109124, 0.01444106893321043, 0.011920766879452987, 0.008494652333306462]
}