{
    "schema_name": "pyscf_apdft_output",
    "provenance": {
        "creator": "PySCF",
        "version": "1.7.6"
    },
    "molecule": {
        "geometry": [[0.0, 0.0, 0.0], [1.9, 0.0, 0.0]],
        "symbols": [ "F", "H" ]
    },
    "molecular_charge": 2,
    "molecular_multiplicity": 3,
    "name": "f.h.chrg2.mult3.sep1.90-pyscf-uccsdt.ccpv5z",
    "atomic_numbers": [ 9, 1 ],
    "n_electrons": 8,
    "model": {
        "method": "UCCSD(T)",
        "basis": "cc-pV5Z",
        "scf_conv_tol": 1e-09,
        "scf_conv_tol_grad": 1e-06,
        "cc_conv_tol": 1e-05,
        "cc_conv_tol_normt": 1e-07
    },
    "broken_symmetry": false,
    "finite_diff_delta": 0.01,
    "finite_diff_acc": 2,
    "apdft_lambdas": [-3.0, -2.75, -2.5, -2.25, -2.0, -1.75, -1.5, -1.25, -1.0, -0.75, -0.5, -0.25, -0.02, -0.01, 0.0, 0.01, 0.02],
    "electronic_energies": [-38.27078859702883, -42.14716489235051, -46.22211933638155, -50.4979334607178, -54.97746487764081, -59.664504135894504, -64.67753456067905, -69.78984945722925, -75.05986006717104, -80.69997028083785, -86.50711122813863, -92.54251694379593, -98.29294058947217, -98.547225852755, -98.80186563260253, -99.05685981986757, -99.31220830756556],
    "apdft_energies": {
        "0": [-98.80186563260257, -98.80186563260257, -98.80186563260257, -98.80186563260257, -98.80186563260257, -98.80186563260257, -98.80186563260257, -98.80186563260257, -98.80186563260257, -98.80186563260257, -98.80186563260257, -98.80186563260257, -98.80186563260257, -98.80186563260257, -98.80186563260257, -98.80186563260257, -98.80186563260257],
        "1": [-22.356770565718065, -28.727195154625107, -35.09761974353215, -41.46804433243919, -47.838468921346234, -54.208893510253276, -60.57931809916032, -66.94974268806736, -73.3201672769744, -79.69059186588144, -86.06101645478849, -92.43144104369553, -98.29223166549001, -98.54704864904629, -98.80186563260257, -99.05668261615885, -99.31149959971513],
        "2": [-38.305104350197084, -42.128225626305394, -46.172851538309246, -50.43898208620864, -54.926617270003575, -59.63575708969405, -64.56640154528007, -69.71855063676163, -75.09220436413874, -80.68736272741138, -86.50402572657957, -92.5421933616433, -98.29294048032487, -98.547225852755, -98.80186563260257, -99.05685981986757, -99.31220841455],
        "3": [-38.7914007613367, -42.50279768835795, -46.45427307253357, -50.64413838465816, -55.07070509552643, -59.732284675932995, -64.62718859667253, -69.75372832853968, -75.1102153423291, -80.69496110883544, -86.50627709885336, -92.54247478317752, -98.2929406244127, -98.54722587076598, -98.80186563260257, -99.05685980185659, -99.31220827046218],
        "4": [-39.52134326777558, -43.018185817060285, -46.806290099172685, -50.87509675583609, -55.21489126963781, -59.81680396402905, -64.67281000332495, -69.77572939270462, -75.11922697821106, -80.69781244675121, -86.50684032609598, -92.54250998488018, -98.29294062585456, -98.5472258708561, -98.80186563260257, -99.0568598019467, -99.31220827190404]
    },
    "apdft_poly_coeff": [ -98.80186563260257, -25.48169835562817, -1.7720370871643354, 0.018010978190356276, -0.00901163588196141 ],
    "hf_energies": [-38.07929845526273, -41.951902614619335, -46.02281579262218, -50.29468053951185, -54.77011239219685, -59.45195824979284, -64.4016770981403, -69.52555217848722, -74.83336041591103, -80.47295556754227, -86.28355521316627, -92.3211915937762, -98.07301226872656, -98.32735174555498, -98.58204539759473, -98.83709313437234, -99.09249486688105],
    "triples_corrections": [-0.007979709546600336, -0.0071935300742175376, -0.00690540770293899, -0.006774812099924021, -0.006640745090296283, -0.006379115147451242, -0.012011838494114281, -0.01101442372248207, -0.004821652970179924, -0.004862820019393377, -0.003925363013767669, -0.0033577309977038464, -0.003018012971190666, -0.0030054750972296554, -0.0029930797206814174, -0.002980822880153227, -0.002968700766696409],
    "scf_converged": [true, true, true, true, true, true, true, true, true, true, true, true, true, true, true, true, true],
    "cc_converged": [true, true, true, true, true, true, true, true, true, true, true, true, true, true, true, true, true],
    "scf_spin_squared": [2.0358530515705966, 2.02169838061454, 2.0150357797733376, 2.0118029806948323, 2.010243625519524, 2.009801901387334, 2.041215419034758, 2.0897705268412903, 2.0066904552164404, 2.0723372564843103, 2.015895117858569, 2.008725538025012, 2.006605899237704, 2.0065453889755607, 2.0064865487900767, 2.006429304111399, 2.0063735845326898],
    "cc_spin_squared": [2.0023544627727574, 2.00106403095303, 2.000590640738812, 2.000390086557652, 2.0003039950521364, 2.0002855294873347, 2.1029374009455113, 2.0433627238347896, 2.0002227256939094, 2.0039177376416575, 2.0007247921535187, 2.000228268901595, 2.0001189938930217, 2.0001164462757135, 2.00011400389539, 2.0001116610309184, 2.000109412317009]
}