{
    "schema_name": "pyscf_qa_output",
    "provenance": {
        "creator": "PySCF",
        "version": "1.7.6"
    },
    "molecule": {
        "geometry": [[0.0, 0.0, 0.0], [1.0, 0.0, 0.0]],
        "symbols": [ "F", "H" ]
    },
    "molecular_charge": 2,
    "molecular_multiplicity": 1,
    "name": "f.h.chrg2.mult1.sep1.00-pyscf-ccsdt.ccpv5z",
    "atomic_numbers": [ 9, 1 ],
    "n_electrons": 8,
    "model": {
        "method": "CCSD(T)",
        "basis": "cc-pV5Z",
        "scf_conv_tol": 1e-09,
        "scf_conv_tol_grad": 1e-06,
        "cc_conv_tol": 1e-05,
        "cc_conv_tol_normt": 1e-07
    },
    "broken_symmetry": false,
    "finite_diff_delta": 0.01,
    "finite_diff_acc": 2,
    "qa_lambdas": [-3.0, -2.75, -2.5, -2.25, -2.0, -1.75, -1.5, -1.25, -1.0, -0.75, -0.5, -0.25, -0.02, -0.01, 0.0, 0.01, 0.02],
    "electronic_energies": [-38.40053178638705, -42.28471625873206, -46.36536564491015, -50.64579290009444, -55.129045221823205, -59.81784143572894, -64.71458115259287, -69.82140626119173, -75.14027438108513, -80.67300271638408, -86.42126029382247, -92.38651189373513, -98.06721163176347, -98.31839863673886, -98.56993603620633, -98.82182387002682, -99.07406217698426],
    "qats_energies": {
        "0": [-98.56993603620631, -98.56993603620631, -98.56993603620631, -98.56993603620631, -98.56993603620631, -98.56993603620631, -98.56993603620631, -98.56993603620631, -98.56993603620631, -98.56993603620631, -98.56993603620631, -98.56993603620631, -98.56993603620631, -98.56993603620631, -98.56993603620631, -98.56993603620631, -98.56993603620631],
        "1": [-23.056151043012903, -29.348966459112347, -35.641781875211805, -41.934597291311256, -48.22741270741071, -54.52022812351016, -60.81304353960961, -67.10585895570907, -73.39867437180851, -79.69148978790795, -85.98430520400741, -92.27712062010687, -98.06651080291836, -98.31822341956234, -98.56993603620631, -98.82164865285029, -99.07336126949427],
        "2": [-38.82569693036481, -42.59976543390111, -46.592855408095076, -50.804966852946706, -55.236099768456, -59.88625415462296, -64.75543001144759, -69.84362733892988, -75.15084613706983, -80.67708640586746, -86.42234814532274, -92.3866313554357, -98.06721167162446, -98.31839863673886, -98.56993603620631, -98.82182387002682, -99.07406213820038],
        "3": [-38.64874596448482, -42.46346813321462, -46.49045322876637, -50.73031566421608, -55.1836698526397, -59.851130207113215, -64.73331114071259, -69.83082706651379, -75.14429239759279, -80.67432154702558, -86.42152892788812, -92.38652895325637, -98.06721161919455, -98.31839863018513, -98.56993603620631, -98.82182387658055, -99.07406219063029],
        "4": [-38.28523993920436, -42.20680861758328, -46.3151513261427, -50.615300085904686, -55.11186619332505, -59.80904022029327, -64.71059201413256, -69.81987069759981, -75.13980466888563, -80.67290160161433, -86.42124844484391, -92.38651142306611, -98.0672116184765, -98.31839863014025, -98.56993603620631, -98.82182387653567, -99.07406218991225]
    },
    "qats_poly_coeffs": [ -98.56993603620631, -25.171261664397804, -1.7521717652613233, -0.006553739477036893, 0.004487728707166146 ],
    "hf_energies": [-38.1748549584989, -42.05174781640339, -46.125664627398436, -50.39995823012964, -54.877662313270996, -59.56146594463471, -64.4537534822978, -69.55667226469268, -74.87218857403947, -80.40210587726875, -86.14804057450817, -92.11136777054396, -97.79055564671262, -98.04168118030921, -98.29315740962696, -98.54498436843514, -98.79716208949303],
    "triples_corrections": [-0.007979761218448757, -0.00837571365327391, -0.008788826234171815, -0.009214793630240047, -0.009649211792183636, -0.01008701229129905, -0.010521658285430814, -0.010945192365640788, -0.011349624873403949, -0.011728805377820728, -0.012079829660012502, -0.012403554599845143, -0.01268077721162787, -0.012692454981673347, -0.012704104899559289, -0.01271572738623333, -0.012727322863104839],
    "scf_converged": [true, true, true, true, true, true, true, true, true, true, true, true, true, true, true, true, true],
    "cc_converged": [true, true, true, true, true, true, true, true, true, true, true, true, true, true, true, true, true],
    "t1_diagnostic": [0.009393339254464431, 0.008335306193850752, 0.007474243383487912, 0.006841020919713889, 0.006381716911787486, 0.006014324456317701, 0.005686260832396897, 0.0053803954159501715, 0.005090258886415347, 0.004801591793725462, 0.004495241311171379, 0.004161494054960118, 0.0038373316623827505, 0.0038231216264933295, 0.0038089157029939126, 0.003794715613301927, 0.0037805230825761794]
}